Workbook

Sheet 933 builds
B1: MAX GFLOPS: | D1: =MAX(I:I) -> 8.5334 | L1: Odroid10 throttling time [1/100s] | O1: Odroid11 throttling time [1/100s] | R1: Odroid12 throttling time [1/100s] | U1: Odroid13 throttling time [1/100s]
B2: RUN | D2: N | E2: NB | F2: P | G2: Q | H2: Time | I2: GFLOPS | J2: Date | K2: Time | L2: 1700MHz | M2: 1800MHz | N2: 1900MHz | O2: 1700MHz | P2: 1800MHz | Q2: 1900MHz | R2: 1700MHz | S2: 1800MHz | T2: 1900MHz | U2: 1700MHz | V2: 1800MHz | W2: 1900MHz
A3: small-atlasarch-tune-flags | B3: 0 | C3: WR00L2L2 | D3: 25984 | E3: 128 | F3: 2 | G3: 8 | H3: 1372.97 | I3: 8.5193 | J3: 45318 | K3: 0.26398148 | L3: 0 | M3: 0 | N3: 0 | O3: 0 | P3: 0 | Q3: 0 | R3: 0 | S3: 0 | T3: 0 | U3: 0 | V3: 0 | W3: 0 | X3: =AVERAGE(I3:I7) -> 8.51756
A4: small-atlasarch-tune-flags | B4: 1 | C4: WR00L2L2 | D4: 25984 | E4: 128 | F4: 2 | G4: 8 | H4: 1373.17 | I4: 8.5181 | J4: 45318 | K4: 0.28020833 | L4: 0 | M4: 0 | N4: 0 | O4: 0 | P4: 0 | Q4: 0 | R4: 0 | S4: 0 | T4: 0 | U4: 0 | V4: 0 | W4: 0 | X4: =X3 -> 8.51756
A5: small-atlasarch-tune-flags | B5: 2 | C5: WR00L2L2 | D5: 25984 | E5: 128 | F5: 2 | G5: 8 | H5: 1373.85 | I5: 8.5139 | J5: 45318 | K5: 0.29645833 | L5: 0 | M5: 0 | N5: 0 | O5: 0 | P5: 0 | Q5: 0 | R5: 0 | S5: 0 | T5: 0 | U5: 0 | V5: 0 | W5: 0 | X5: =X4 -> 8.51756
A6: small-atlasarch-tune-flags | B6: 3 | C6: WR00L2L2 | D6: 25984 | E6: 128 | F6: 2 | G6: 8 | H6: 1373.24 | I6: 8.5176 | J6: 45318 | K6: 0.31269676 | L6: 0 | M6: 0 | N6: 0 | O6: 0 | P6: 0 | Q6: 0 | R6: 0 | S6: 0 | T6: 0 | U6: 0 | V6: 0 | W6: 0 | X6: =X5 -> 8.51756
A7: small-atlasarch-tune-flags | B7: 4 | C7: WR00L2L2 | D7: 25984 | E7: 128 | F7: 2 | G7: 8 | H7: 1373.03 | I7: 8.5189 | J7: 45318 | K7: 0.32892361 | L7: 0 | M7: 0 | N7: 0 | O7: 0 | P7: 0 | Q7: 0 | R7: 0 | S7: 0 | T7: 0 | U7: 0 | V7: 0 | W7: 0 | X7: =X6 -> 8.51756
A8: small-arch-tune-flags | B8: 0 | C8: WR00L2L2 | D8: 25984 | E8: 128 | F8: 2 | G8: 8 | H8: 1394.44 | I8: 8.3881 | J8: 45318 | K8: 0.3453125 | L8: 0 | M8: 0 | N8: 0 | O8: 0 | P8: 0 | Q8: 0 | R8: 0 | S8: 0 | T8: 0 | U8: 0 | V8: 0 | W8: 0 | X8: =AVERAGE(I8:I12) -> 8.38768
A9: small-arch-tune-flags | B9: 1 | C9: WR00L2L2 | D9: 25984 | E9: 128 | F9: 2 | G9: 8 | H9: 1394.48 | I9: 8.3879 | J9: 45318 | K9: 0.36170139 | L9: 0 | M9: 0 | N9: 0 | O9: 0 | P9: 0 | Q9: 0 | R9: 0 | S9: 0 | T9: 0 | U9: 0 | V9: 0 | W9: 0 | X9: =X8 -> 8.38768
A10: small-arch-tune-flags | B10: 2 | C10: WR00L2L2 | D10: 25984 | E10: 128 | F10: 2 | G10: 8 | H10: 1394.53 | I10: 8.3876 | J10: 45318 | K10: 0.37809028 | L10: 0 | M10: 0 | N10: 0 | O10: 0 | P10: 0 | Q10: 0 | R10: 0 | S10: 0 | T10: 0 | U10: 0 | V10: 0 | W10: 0 | X10: =X9 -> 8.38768
A11: small-arch-tune-flags | B11: 3 | C11: WR00L2L2 | D11: 25984 | E11: 128 | F11: 2 | G11: 8 | H11: 1395 | I11: 8.3848 | J11: 45318 | K11: 0.39447917 | L11: 0 | M11: 0 | N11: 0 | O11: 0 | P11: 0 | Q11: 0 | R11: 0 | S11: 0 | T11: 0 | U11: 0 | V11: 0 | W11: 0 | X11: =X10 -> 8.38768
A12: small-arch-tune-flags | B12: 4 | C12: WR00L2L2 | D12: 25984 | E12: 128 | F12: 2 | G12: 8 | H12: 1394.13 | I12: 8.39 | J12: 45318 | K12: 0.41085648 | L12: 0 | M12: 0 | N12: 0 | O12: 0 | P12: 0 | Q12: 0 | R12: 0 | S12: 0 | T12: 0 | U12: 0 | V12: 0 | W12: 0 | X12: =X11 -> 8.38768
A13: small-cpu-flags | B13: 0 | C13: WR00L2L2 | D13: 25984 | E13: 128 | F13: 2 | G13: 8 | H13: 1395.27 | I13: 8.3831 | J13: 45318 | K13: 0.42751157 | L13: 0 | M13: 0 | N13: 0 | O13: 0 | P13: 0 | Q13: 0 | R13: 0 | S13: 0 | T13: 0 | U13: 0 | V13: 0 | W13: 0 | X13: =AVERAGE(I13:I17) -> 8.38574
A14: small-cpu-flags | B14: 1 | C14: WR00L2L2 | D14: 25984 | E14: 128 | F14: 2 | G14: 8 | H14: 1395.18 | I14: 8.3836 | J14: 45318 | K14: 0.44391204 | L14: 0 | M14: 0 | N14: 0 | O14: 0 | P14: 0 | Q14: 0 | R14: 0 | S14: 0 | T14: 0 | U14: 0 | V14: 0 | W14: 0 | X14: =X13 -> 8.38574
A15: small-cpu-flags | B15: 2 | C15: WR00L2L2 | D15: 25984 | E15: 128 | F15: 2 | G15: 8 | H15: 1394.42 | I15: 8.3882 | J15: 45318 | K15: 0.46030093 | L15: 0 | M15: 0 | N15: 0 | O15: 0 | P15: 0 | Q15: 0 | R15: 0 | S15: 0 | T15: 0 | U15: 0 | V15: 0 | W15: 0 | X15: =X14 -> 8.38574
A16: small-cpu-flags | B16: 3 | C16: WR00L2L2 | D16: 25984 | E16: 128 | F16: 2 | G16: 8 | H16: 1394.84 | I16: 8.3857 | J16: 45318 | K16: 0.47670139 | L16: 0 | M16: 0 | N16: 0 | O16: 0 | P16: 0 | Q16: 0 | R16: 0 | S16: 0 | T16: 0 | U16: 0 | V16: 0 | W16: 0 | X16: =X15 -> 8.38574
A17: small-cpu-flags | B17: 4 | C17: WR00L2L2 | D17: 25984 | E17: 128 | F17: 2 | G17: 8 | H17: 1394.44 | I17: 8.3881 | J17: 45318 | K17: 0.49309028 | L17: 0 | M17: 0 | N17: 0 | O17: 0 | P17: 0 | Q17: 0 | R17: 0 | S17: 0 | T17: 0 | U17: 0 | V17: 0 | W17: 0 | X17: =X16 -> 8.38574
A18: small | B18: 0 | C18: WR00L2L2 | D18: 25984 | E18: 128 | F18: 2 | G18: 8 | H18: 1372.21 | I18: 8.524 | J18: 45319 | K18: 0.11185185 | L18: 0 | M18: 0 | N18: 0 | O18: 0 | P18: 0 | Q18: 0 | R18: 0 | S18: 0 | T18: 0 | U18: 0 | V18: 0 | W18: 0 | X18: =AVERAGE(I18:I22) -> 8.52848
A19: small | B19: 1 | C19: WR00L2L2 | D19: 25984 | E19: 128 | F19: 2 | G19: 8 | H19: 1371.46 | I19: 8.5287 | J19: 45319 | K19: 0.12804398 | L19: 0 | M19: 0 | N19: 0 | O19: 0 | P19: 0 | Q19: 0 | R19: 0 | S19: 0 | T19: 0 | U19: 0 | V19: 0 | W19: 0 | X19: =X18 -> 8.52848
A20: small | B20: 2 | C20: WR00L2L2 | D20: 25984 | E20: 128 | F20: 2 | G20: 8 | H20: 1371.85 | I20: 8.5263 | J20: 45319 | K20: 0.14423611 | L20: 0 | M20: 0 | N20: 0 | O20: 0 | P20: 0 | Q20: 0 | R20: 0 | S20: 0 | T20: 0 | U20: 0 | V20: 0 | W20: 0 | X20: =X19 -> 8.52848
A21: small | B21: 3 | C21: WR00L2L2 | D21: 25984 | E21: 128 | F21: 2 | G21: 8 | H21: 1370.71 | I21: 8.5334 | J21: 45319 | K21: 0.16042824 | L21: 0 | M21: 0 | N21: 0 | O21: 0 | P21: 0 | Q21: 0 | R21: 0 | S21: 0 | T21: 0 | U21: 0 | V21: 0 | W21: 0 | X21: =X20 -> 8.52848
A22: small | B22: 4 | C22: WR00L2L2 | D22: 25984 | E22: 128 | F22: 2 | G22: 8 | H22: 1371.24 | I22: 8.53 | J22: 45319 | K22: 0.1766088 | L22: 0 | M22: 0 | N22: 0 | O22: 0 | P22: 0 | Q22: 0 | R22: 0 | S22: 0 | T22: 0 | U22: 0 | V22: 0 | W22: 0 | X22: =X21 -> 8.52848
A23: small-atlasarch-tune | B23: 0 | C23: WR00L2L2 | D23: 25984 | E23: 128 | F23: 2 | G23: 8 | H23: 1606.63 | I23: 7.2803 | J23: 45319 | K23: 0.19552083 | L23: 0 | M23: 0 | N23: 0 | O23: 0 | P23: 0 | Q23: 0 | R23: 0 | S23: 0 | T23: 0 | U23: 0 | V23: 0 | W23: 0 | X23: =AVERAGE(I23:I27) -> 7.2748
A24: small-atlasarch-tune | B24: 1 | C24: WR00L2L2 | D24: 25984 | E24: 128 | F24: 2 | G24: 8 | H24: 1607.74 | I24: 7.2752 | J24: 45319 | K24: 0.21443287 | L24: 0 | M24: 0 | N24: 0 | O24: 0 | P24: 0 | Q24: 0 | R24: 0 | S24: 0 | T24: 0 | U24: 0 | V24: 0 | W24: 0 | X24: =X23 -> 7.2748
A25: small-atlasarch-tune | B25: 2 | C25: WR00L2L2 | D25: 25984 | E25: 128 | F25: 2 | G25: 8 | H25: 1607.85 | I25: 7.2748 | J25: 45319 | K25: 0.23335648 | L25: 0 | M25: 0 | N25: 0 | O25: 0 | P25: 0 | Q25: 0 | R25: 0 | S25: 0 | T25: 0 | U25: 0 | V25: 0 | W25: 0 | X25: =X24 -> 7.2748
A26: small-atlasarch-tune | B26: 3 | C26: WR00L2L2 | D26: 25984 | E26: 128 | F26: 2 | G26: 8 | H26: 1608.49 | I26: 7.2719 | J26: 45319 | K26: 0.25229167 | L26: 0 | M26: 0 | N26: 0 | O26: 0 | P26: 0 | Q26: 0 | R26: 0 | S26: 0 | T26: 0 | U26: 0 | V26: 0 | W26: 0 | X26: =X25 -> 7.2748
A27: small-atlasarch-tune | B27: 4 | C27: WR00L2L2 | D27: 25984 | E27: 128 | F27: 2 | G27: 8 | H27: 1608.51 | I27: 7.2718 | J27: 45319 | K27: 0.27121528 | L27: 0 | M27: 0 | N27: 0 | O27: 0 | P27: 0 | Q27: 0 | R27: 0 | S27: 0 | T27: 0 | U27: 0 | V27: 0 | W27: 0 | X27: =X26 -> 7.2748
A28: small-arch-tune | B28: 0 | C28: WR00L2L2 | D28: 25984 | E28: 128 | F28: 2 | G28: 8 | H28: 2050.62 | I28: 5.704 | J28: 45319 | K28: 0.29630787 | L28: 0 | M28: 0 | N28: 0 | O28: 0 | P28: 0 | Q28: 0 | R28: 0 | S28: 0 | T28: 0 | U28: 0 | V28: 0 | W28: 0 | X28: =AVERAGE(I28:I32) -> 5.70352
A29: small-arch-tune | B29: 1 | C29: WR00L2L2 | D29: 25984 | E29: 128 | F29: 2 | G29: 8 | H29: 2050.74 | I29: 5.7037 | J29: 45319 | K29: 0.32138889 | L29: 0 | M29: 0 | N29: 0 | O29: 0 | P29: 0 | Q29: 0 | R29: 0 | S29: 0 | T29: 0 | U29: 0 | V29: 0 | W29: 0 | X29: =X28 -> 5.70352
A30: small-arch-tune | B30: 2 | C30: WR00L2L2 | D30: 25984 | E30: 128 | F30: 2 | G30: 8 | H30: 2050.72 | I30: 5.7037 | J30: 45319 | K30: 0.34648148 | L30: 0 | M30: 0 | N30: 0 | O30: 0 | P30: 0 | Q30: 0 | R30: 0 | S30: 0 | T30: 0 | U30: 0 | V30: 0 | W30: 0 | X30: =X29 -> 5.70352
A31: small-arch-tune | B31: 3 | C31: WR00L2L2 | D31: 25984 | E31: 128 | F31: 2 | G31: 8 | H31: 2050.72 | I31: 5.7037 | J31: 45319 | K31: 0.3715625 | L31: 0 | M31: 0 | N31: 0 | O31: 0 | P31: 0 | Q31: 0 | R31: 0 | S31: 0 | T31: 0 | U31: 0 | V31: 0 | W31: 0 | X31: =X30 -> 5.70352
A32: small-arch-tune | B32: 4 | C32: WR00L2L2 | D32: 25984 | E32: 128 | F32: 2 | G32: 8 | H32: 2051.16 | I32: 5.7025 | J32: 45319 | K32: 0.39665509 | L32: 0 | M32: 0 | N32: 0 | O32: 0 | P32: 0 | Q32: 0 | R32: 0 | S32: 0 | T32: 0 | U32: 0 | V32: 0 | W32: 0 | X32: =X31 -> 5.70352
A33: small-atlasarch-tune2 | B33: 0 | C33: WR00L2L2 | D33: 25984 | E33: 128 | F33: 2 | G33: 8 | H33: 1607.2 | I33: 7.2777 | J33: 45319 | K33: 0.41556713 | L33: 0 | M33: 0 | N33: 0 | O33: 0 | P33: 0 | Q33: 0 | R33: 0 | S33: 0 | T33: 0 | U33: 0 | V33: 0 | W33: 0 | X33: =AVERAGE(I33:I37) -> 7.2753
A34: small-atlasarch-tune2 | B34: 1 | C34: WR00L2L2 | D34: 25984 | E34: 128 | F34: 2 | G34: 8 | H34: 1607.85 | I34: 7.2748 | J34: 45319 | K34: 0.43449074 | L34: 0 | M34: 0 | N34: 0 | O34: 0 | P34: 0 | Q34: 0 | R34: 0 | S34: 0 | T34: 0 | U34: 0 | V34: 0 | W34: 0 | X34: =X33 -> 7.2753
A35: small-atlasarch-tune2 | B35: 2 | C35: WR00L2L2 | D35: 25984 | E35: 128 | F35: 2 | G35: 8 | H35: 1608.07 | I35: 7.2737 | J35: 45319 | K35: 0.45341435 | L35: 0 | M35: 0 | N35: 0 | O35: 0 | P35: 0 | Q35: 0 | R35: 0 | S35: 0 | T35: 0 | U35: 0 | V35: 0 | W35: 0 | X35: =X34 -> 7.2753
A36: small-atlasarch-tune2 | B36: 3 | C36: WR00L2L2 | D36: 25984 | E36: 128 | F36: 2 | G36: 8 | H36: 1607.65 | I36: 7.2757 | J36: 45319 | K36: 0.47232639 | L36: 0 | M36: 0 | N36: 0 | O36: 0 | P36: 0 | Q36: 0 | R36: 0 | S36: 0 | T36: 0 | U36: 0 | V36: 0 | W36: 0 | X36: =X35 -> 7.2753
A37: small-atlasarch-tune2 | B37: 4 | C37: WR00L2L2 | D37: 25984 | E37: 128 | F37: 2 | G37: 8 | H37: 1607.88 | I37: 7.2746 | J37: 45319 | K37: 0.49125 | L37: 0 | M37: 0 | N37: 0 | O37: 0 | P37: 0 | Q37: 0 | R37: 0 | S37: 0 | T37: 0 | U37: 0 | V37: 0 | W37: 0 | X37: =X36 -> 7.2753
A38: small-cpu | B38: 0 | C38: WR00L2L2 | D38: 25984 | E38: 128 | F38: 2 | G38: 8 | H38: 1609.33 | I38: 7.2681 | J38: 45319 | K38: 0.51122685 | L38: 0 | M38: 0 | N38: 0 | O38: 0 | P38: 0 | Q38: 0 | R38: 0 | S38: 0 | T38: 0 | U38: 0 | V38: 0 | W38: 0 | X38: =AVERAGE(I38:I42) -> 7.26552
A39: small-cpu | B39: 1 | C39: WR00L2L2 | D39: 25984 | E39: 128 | F39: 2 | G39: 8 | H39: 1610.6 | I39: 7.2623 | J39: 45319 | K39: 0.53122685 | L39: 0 | M39: 0 | N39: 0 | O39: 0 | P39: 0 | Q39: 0 | R39: 0 | S39: 0 | T39: 0 | U39: 0 | V39: 0 | W39: 0 | X39: =X38 -> 7.26552
A40: small-cpu | B40: 2 | C40: WR00L2L2 | D40: 25984 | E40: 128 | F40: 2 | G40: 8 | H40: 1609.79 | I40: 7.266 | J40: 45319 | K40: 0.5512037 | L40: 0 | M40: 0 | N40: 0 | O40: 0 | P40: 0 | Q40: 0 | R40: 0 | S40: 0 | T40: 0 | U40: 0 | V40: 0 | W40: 0 | X40: =X39 -> 7.26552
A41: small-cpu | B41: 3 | C41: WR00L2L2 | D41: 25984 | E41: 128 | F41: 2 | G41: 8 | H41: 1609.62 | I41: 7.2668 | J41: 45319 | K41: 0.57119213 | L41: 0 | M41: 0 | N41: 0 | O41: 0 | P41: 0 | Q41: 0 | R41: 0 | S41: 0 | T41: 0 | U41: 0 | V41: 0 | W41: 0 | X41: =X40 -> 7.26552
A42: small-cpu | B42: 4 | C42: WR00L2L2 | D42: 25984 | E42: 128 | F42: 2 | G42: 8 | H42: 1610.13 | I42: 7.2644 | J42: 45319 | K42: 0.59118056 | L42: 0 | M42: 0 | N42: 0 | O42: 0 | P42: 0 | Q42: 0 | R42: 0 | S42: 0 | T42: 0 | U42: 0 | V42: 0 | W42: 0 | X42: =X41 -> 7.26552
A43: small-flags | B43: 0 | C43: WR00L2L2 | D43: 25984 | E43: 128 | F43: 2 | G43: 8 | H43: 1445.13 | I43: 8.0939 | J43: 45319 | K43: 0.60826389 | L43: 0 | M43: 0 | N43: 0 | O43: 0 | P43: 0 | Q43: 0 | R43: 0 | S43: 0 | T43: 0 | U43: 0 | V43: 0 | W43: 0 | X43: =AVERAGE(I43:I47) -> 8.09026
A44: small-flags | B44: 1 | C44: WR00L2L2 | D44: 25984 | E44: 128 | F44: 2 | G44: 8 | H44: 1445.45 | I44: 8.0921 | J44: 45319 | K44: 0.62534722 | L44: 0 | M44: 0 | N44: 0 | O44: 0 | P44: 0 | Q44: 0 | R44: 0 | S44: 0 | T44: 0 | U44: 0 | V44: 0 | W44: 0 | X44: =X43 -> 8.09026
A45: small-flags | B45: 2 | C45: WR00L2L2 | D45: 25984 | E45: 128 | F45: 2 | G45: 8 | H45: 1446.35 | I45: 8.0871 | J45: 45319 | K45: 0.64244213 | L45: 0 | M45: 0 | N45: 0 | O45: 0 | P45: 0 | Q45: 0 | R45: 0 | S45: 0 | T45: 0 | U45: 0 | V45: 0 | W45: 0 | X45: =X44 -> 8.09026
A46: small-flags | B46: 3 | C46: WR00L2L2 | D46: 25984 | E46: 128 | F46: 2 | G46: 8 | H46: 1445.93 | I46: 8.0894 | J46: 45319 | K46: 0.65953704 | L46: 0 | M46: 0 | N46: 0 | O46: 0 | P46: 0 | Q46: 0 | R46: 0 | S46: 0 | T46: 0 | U46: 0 | V46: 0 | W46: 0 | X46: =X45 -> 8.09026
A47: small-flags | B47: 4 | C47: WR00L2L2 | D47: 25984 | E47: 128 | F47: 2 | G47: 8 | H47: 1446.04 | I47: 8.0888 | J47: 45319 | K47: 0.67663194 | L47: 0 | M47: 0 | N47: 0 | O47: 0 | P47: 0 | Q47: 0 | R47: 0 | S47: 0 | T47: 0 | U47: 0 | V47: 0 | W47: 0 | X47: =X46 -> 8.09026
A48: small-atlasarch-tune2-flags | B48: 0 | C48: WR00L2L2 | D48: 25984 | E48: 128 | F48: 2 | G48: 8 | H48: 1446.24 | I48: 8.0877 | J48: 45319 | K48: 0.85688657 | L48: 0 | M48: 0 | N48: 0 | O48: 0 | P48: 0 | Q48: 0 | R48: 0 | S48: 0 | T48: 0 | U48: 0 | V48: 0 | W48: 0 | X48: =AVERAGE(I48:I52) -> 8.08884
A49: small-atlasarch-tune2-flags | B49: 1 | C49: WR00L2L2 | D49: 25984 | E49: 128 | F49: 2 | G49: 8 | H49: 1446.06 | I49: 8.0887 | J49: 45319 | K49: 0.87398148 | L49: 0 | M49: 0 | N49: 0 | O49: 0 | P49: 0 | Q49: 0 | R49: 0 | S49: 0 | T49: 0 | U49: 0 | V49: 0 | W49: 0 | X49: =X48 -> 8.08884
A50: small-atlasarch-tune2-flags | B50: 2 | C50: WR00L2L2 | D50: 25984 | E50: 128 | F50: 2 | G50: 8 | H50: 1445.75 | I50: 8.0904 | J50: 45319 | K50: 0.89106481 | L50: 0 | M50: 0 | N50: 0 | O50: 0 | P50: 0 | Q50: 0 | R50: 0 | S50: 0 | T50: 0 | U50: 0 | V50: 0 | W50: 0 | X50: =X49 -> 8.08884
A51: small-atlasarch-tune2-flags | B51: 3 | C51: WR00L2L2 | D51: 25984 | E51: 128 | F51: 2 | G51: 8 | H51: 1445.73 | I51: 8.0905 | J51: 45319 | K51: 0.90815972 | L51: 0 | M51: 0 | N51: 0 | O51: 0 | P51: 0 | Q51: 0 | R51: 0 | S51: 0 | T51: 0 | U51: 0 | V51: 0 | W51: 0 | X51: =X50 -> 8.08884
A52: small-atlasarch-tune2-flags | B52: 4 | C52: WR00L2L2 | D52: 25984 | E52: 128 | F52: 2 | G52: 8 | H52: 1446.37 | I52: 8.0869 | J52: 45319 | K52: 0.92525463 | L52: 0 | M52: 0 | N52: 0 | O52: 0 | P52: 0 | Q52: 0 | R52: 0 | S52: 0 | T52: 0 | U52: 0 | V52: 0 | W52: 0 | X52: =X51 -> 8.08884
A56: small | B56: 8.52848
A57: small-arch-tune | B57: 5.70352
A58: small-arch-tune-flags | B58: 8.38768
A59: small-atlasarch-tune | B59: 7.2748
A60: small-atlasarch-tune2 | B60: 7.2753
A61: small-atlasarch-tune2-flags | B61: 8.08884
A62: small-atlasarch-tune-flags | B62: 8.51756
A63: small-cpu | B63: 7.26552
A64: small-cpu-flags | B64: 8.38574
A65: small-flags | B65: 8.09026

Sheet 933 params, RAW
A1: Max avg. GFLOPS (and params): | E1: =MAX(W$1:W$500) -> 9.02122 | F1: =INDEX(C$1:C$500,MATCH(MAX($W$1:$W$500),$W$1:$W$500,0)) -> 28992 | G1: =INDEX(D$1:D$500,MATCH(MAX($W$1:$W$500),$W$1:$W$500,0)) -> 96 | H1: =INDEX(E$1:E$500,MATCH(MAX($W$1:$W$500),$W$1:$W$500,0)) -> 2 | I1: =INDEX(F$1:F$500,MATCH(MAX($W$1:$W$500),$W$1:$W$500,0)) -> 8 | L1: ATLAS - small | Y1: Max avg. GFLOPS (and params): | AC1: =MAX(AU:AU) -> 10.039 | AD1: =INDEX(AA:AA,MATCH(MAX($AU:$AU),$AU:$AU,0)) -> 29056 | AE1: =INDEX(AB:AB,MATCH(MAX($AU:$AU),$AU:$AU,0)) -> 64 | AF1: =INDEX(AC:AC,MATCH(MAX($AU:$AU),$AU:$AU,0)) -> 2 | AG1: =INDEX(AD:AD,MATCH(MAX($AU:$AU),$AU:$AU,0)) -> 8 | AJ1: OpenBLAS
A2: MAX GFLOPS: | C2: =MAX(H$1:H$500) -> 9.0246 | K2: Odroid10 throttling time [1/100s] | N2: Odroid11 throttling time [1/100s] | Q2: Odroid12 throttling time [1/100s] | T2: Odroid13 throttling time [1/100s] | Y2: MAX GFLOPS: | AA2: =MAX(AF:AF) -> 10.045 | AI2: Odroid10 throttling time [1/100s] | AL2: Odroid11 throttling time [1/100s] | AO2: Odroid12 throttling time [1/100s] | AR2: Odroid13 throttling time [1/100s]
A3: RUN | C3: N | D3: NB | E3: P | F3: Q | G3: Time | H3: GFLOPS | I3: Date | J3: Time | K3: 1700MHz | L3: 1800MHz | M3: 1900MHz | N3: 1700MHz | O3: 1800MHz | P3: 1900MHz | Q3: 1700MHz | R3: 1800MHz | S3: 1900MHz | T3: 1700MHz | U3: 1800MHz | V3: 1900MHz | Y3: RUN | AA3: N | AB3: NB | AC3: P | AD3: Q | AE3: Time | AF3: GFLOPS | AG3: Date | AH3: Time | AI3: 1700MHz | AJ3: 1800MHz | AK3: 1900MHz | AL3: 1700MHz | AM3: 1800MHz | AN3: 1900MHz | AO3: 1700MHz | AP3: 1800MHz | AQ3: 1900MHz | AR3: 1700MHz | AS3: 1800MHz | AT3: 1900MHz
A4: 0 | B4: WR00L2L2 | C4: 25984 | D4: 32 | E4: 1 | F4: 16 | G4: 1363.97 | H4: 8.5755 | I4: 45482 | J4: 0.049525463 | K4: 0 | L4: 0 | M4: 0 | N4: 0 | O4: 0 | P4: 0 | Q4: 0 | R4: 0 | S4: 0 | T4: 0 | U4: 0 | V4: 0 | W4: =AVERAGE(H4:H8) -> 8.57764 | Y4: 0 | Z4: WR00L2L2 | AA4: 25984 | AB4: 32 | AC4: 1 | AD4: 16 | AE4: 1229.39 | AF4: 9.5142 | AG4: 45477 | AH4: 0.62855324 | AI4: 0 | AJ4: 0 | AK4: 0 | AL4: 0 | AM4: 0 | AN4: 0 | AO4: 0 | AP4: 0 | AQ4: 0 | AR4: 0 | AS4: 0 | AT4: 0 | AU4: =AVERAGE(AF4:AF8) -> 9.51508
A5: 1 | B5: WR00L2L2 | C5: 25984 | D5: 32 | E5: 1 | F5: 16 | G5: 1363.56 | H5: 8.5781 | I5: 45482 | J5: 0.5587037 | K5: 0 | L5: 0 | M5: 0 | N5: 0 | O5: 0 | P5: 0 | Q5: 0 | R5: 0 | S5: 0 | T5: 0 | U5: 0 | V5: 0 | W5: =W4 -> 8.57764 | Y5: 1 | Z5: WR00L2L2 | AA5: 25984 | AB5: 32 | AC5: 1 | AD5: 16 | AE5: 1228.94 | AF5: 9.5178 | AG5: 45478 | AH5: 0.13922454 | AI5: 0 | AJ5: 0 | AK5: 0 | AL5: 0 | AM5: 0 | AN5: 0 | AO5: 0 | AP5: 0 | AQ5: 0 | AR5: 0 | AS5: 0 | AT5: 0 | AU5: =AU4 -> 9.51508
A6: 2 | B6: WR00L2L2 | C6: 25984 | D6: 32 | E6: 1 | F6: 16 | G6: 1364.14 | H6: 8.5744 | I6: 45483 | J6: 0.11537037 | K6: 0 | L6: 0 | M6: 0 | N6: 0 | O6: 0 | P6: 0 | Q6: 0 | R6: 0 | S6: 0 | T6: 0 | U6: 0 | V6: 0 | W6: =W5 -> 8.57764 | Y6: 2 | Z6: WR00L2L2 | AA6: 25984 | AB6: 32 | AC6: 1 | AD6: 16 | AE6: 1229.43 | AF6: 9.5139 | AG6: 45478 | AH6: 0.6499537 | AI6: 0 | AJ6: 0 | AK6: 0 | AL6: 0 | AM6: 0 | AN6: 0 | AO6: 0 | AP6: 0 | AQ6: 0 | AR6: 0 | AS6: 0 | AT6: 0 | AU6: =AU5 -> 9.51508
A7: 3 | B7: WR00L2L2 | C7: 25984 | D7: 32 | E7: 1 | F7: 16 | G7: 1362.85 | H7: 8.5826 | I7: 45477 | J7: 0.53040509 | K7: 0 | L7: 0 | M7: 0 | N7: 0 | O7: 0 | P7: 0 | Q7: 0 | R7: 0 | S7: 0 | T7: 0 | U7: 0 | V7: 0 | W7: =W6 -> 8.57764 | Y7: 3 | Z7: WR00L2L2 | AA7: 25984 | AB7: 32 | AC7: 1 | AD7: 16 | AE7: 1229.6 | AF7: 9.5127 | AG7: 45479 | AH7: 0.16050926 | AI7: 0 | AJ7: 0 | AK7: 0 | AL7: 0 | AM7: 0 | AN7: 0 | AO7: 0 | AP7: 0 | AQ7: 0 | AR7: 0 | AS7: 0 | AT7: 0 | AU7: =AU6 -> 9.51508
A8: 4 | B8: WR00L2L2 | C8: 25984 | D8: 32 | E8: 1 | F8: 16 | G8: 1363.64 | H8: 8.5776 | I8: 45478 | J8: 0.055231481 | K8: 0 | L8: 0 | M8: 0 | N8: 0 | O8: 0 | P8: 0 | Q8: 0 | R8: 0 | S8: 0 | T8: 0 | U8: 0 | V8: 0 | W8: =W7 -> 8.57764 | Y8: 4 | Z8: WR00L2L2 | AA8: 25984 | AB8: 32 | AC8: 1 | AD8: 16 | AE8: 1229.06 | AF8: 9.5168 | AG8: 45479 | AH8: 0.67127315 | AI8: 0 | AJ8: 0 | AK8: 0 | AL8: 0 | AM8: 0 | AN8: 0 | AO8: 0 | AP8: 0 | AQ8: 0 | AR8: 0 | AS8: 0 | AT8: 0 | AU8: =AU7 -> 9.51508
A9: 0 | B9: WR00L2L2 | C9: 27520 | D9: 32 | E9: 1 | F9: 16 | G9: 1618.88 | H9: 8.5837 | I9: 45481 | J9: 0.87810185 | K9: 0 | L9: 0 | M9: 0 | N9: 0 | O9: 0 | P9: 0 | Q9: 0 | R9: 0 | S9: 0 | T9: 0 | U9: 0 | V9: 0 | W9: =AVERAGE(H9:H13) -> 8.58208 | Y9: 0 | Z9: WR00L2L2 | AA9: 27520 | AB9: 32 | AC9: 1 | AD9: 16 | AE9: 1455.12 | AF9: 9.5497 | AG9: 45477 | AH9: 0.46255787 | AI9: 0 | AJ9: 0 | AK9: 0 | AL9: 0 | AM9: 0 | AN9: 0 | AO9: 0 | AP9: 0 | AQ9: 0 | AR9: 0 | AS9: 0 | AT9: 0 | AU9: =AVERAGE(AF9:AF13) -> 9.54286
A10: 1 | B10: WR00L2L2 | C10: 27520 | D10: 32 | E10: 1 | F10: 16 | G10: 1619.72 | H10: 8.5793 | I10: 45482 | J10: 0.40324074 | K10: 0 | L10: 0 | M10: 0 | N10: 0 | O10: 0 | P10: 0 | Q10: 0 | R10: 0 | S10: 0 | T10: 0 | U10: 0 | V10: 0 | W10: =W9 -> 8.58208 | Y10: 1 | Z10: WR00L2L2 | AA10: 27520 | AB10: 32 | AC10: 1 | AD10: 16 | AE10: 1457.1 | AF10: 9.5368 | AG10: 45477 | AH10: 0.97311343 | AI10: 0 | AJ10: 0 | AK10: 0 | AL10: 0 | AM10: 0 | AN10: 0 | AO10: 0 | AP10: 0 | AQ10: 0 | AR10: 0 | AS10: 0 | AT10: 0 | AU10: =AU9 -> 9.54286
A11: 2 | B11: WR00L2L2 | C11: 27520 | D11: 32 | E11: 1 | F11: 16 | G11: 1619.71 | H11: 8.5793 | I11: 45482 | J11: 0.94396991 | K11: 0 | L11: 0 | M11: 0 | N11: 0 | O11: 0 | P11: 0 | Q11: 0 | R11: 0 | S11: 0 | T11: 0 | U11: 0 | V11: 0 | W11: =W10 -> 8.58208 | Y11: 2 | Z11: WR00L2L2 | AA11: 27520 | AB11: 32 | AC11: 1 | AD11: 16 | AE11: 1455.66 | AF11: 9.5462 | AG11: 45478 | AH11: 0.48377315 | AI11: 0 | AJ11: 0 | AK11: 0 | AL11: 0 | AM11: 0 | AN11: 0 | AO11: 0 | AP11: 0 | AQ11: 0 | AR11: 0 | AS11: 0 | AT11: 0 | AU11: =AU10 -> 9.54286
A12: 3 | B12: WR00L2L2 | C12: 27520 | D12: 32 | E12: 1 | F12: 16 | G12: 1619.43 | H12: 8.5808 | I12: 45483 | J12: 0.46905093 | K12: 0 | L12: 0 | M12: 0 | N12: 0 | O12: 0 | P12: 0 | Q12: 0 | R12: 0 | S12: 0 | T12: 0 | U12: 0 | V12: 0 | W12: =W11 -> 8.58208 | Y12: 3 | Z12: WR00L2L2 | AA12: 27520 | AB12: 32 | AC12: 1 | AD12: 16 | AE12: 1456.75 | AF12: 9.539 | AG12: 45478 | AH12: 0.99439815 | AI12: 0 | AJ12: 0 | AK12: 0 | AL12: 0 | AM12: 0 | AN12: 0 | AO12: 0 | AP12: 0 | AQ12: 0 | AR12: 0 | AS12: 0 | AT12: 0 | AU12: =AU11 -> 9.54286
A13: 4 | B13: WR00L2L2 | C13: 27520 | D13: 32 | E13: 1 | F13: 16 | G13: 1618.21 | H13: 8.5873 | I13: 45477 | J13: 0.88393519 | K13: 0 | L13: 0 | M13: 0 | N13: 0 | O13: 0 | P13: 0 | Q13: 0 | R13: 0 | S13: 0 | T13: 0 | U13: 0 | V13: 0 | W13: =W12 -> 8.58208 | Y13: 4 | Z13: WR00L2L2 | AA13: 27520 | AB13: 32 | AC13: 1 | AD13: 16 | AE13: 1456.21 | AF13: 9.5426 | AG13: 45479 | AH13: 0.50518519 | AI13: 0 | AJ13: 0 | AK13: 0 | AL13: 0 | AM13: 0 | AN13: 0 | AO13: 0 | AP13: 0 | AQ13: 0 | AR13: 0 | AS13: 0 | AT13: 0 | AU13: =AU12 -> 9.54286
A14: 0 | B14: WR00L2L2 | C14: 29056 | D14: 32 | E14: 1 | F14: 16 | G14: 1893.24 | H14: 8.6386 | I14: 45482 | J14: 0.20321759 | K14: 0 | L14: 0 | M14: 0 | N14: 0 | O14: 0 | P14: 0 | Q14: 0 | R14: 0 | S14: 0 | T14: 0 | U14: 0 | V14: 0 | W14: =AVERAGE(H14:H18) -> 8.64986 | Y14: 0 | Z14: WR00L2L2 | AA14: 29056 | AB14: 32 | AC14: 1 | AD14: 16 | AE14: 1706.21 | AF14: 9.5856 | AG14: 45477 | AH14: 0.77922454 | AI14: 0 | AJ14: 0 | AK14: 0 | AL14: 0 | AM14: 0 | AN14: 0 | AO14: 0 | AP14: 0 | AQ14: 0 | AR14: 0 | AS14: 0 | AT14: 0 | AU14: =AVERAGE(AF14:AF18) -> 9.58884
A15: 1 | B15: WR00L2L2 | C15: 29056 | D15: 32 | E15: 1 | F15: 16 | G15: 1890.13 | H15: 8.6528 | I15: 45482 | J15: 0.74396991 | K15: 0 | L15: 0 | M15: 0 | N15: 0 | O15: 0 | P15: 0 | Q15: 0 | R15: 0 | S15: 0 | T15: 0 | U15: 0 | V15: 0 | W15: =W14 -> 8.64986 | Y15: 1 | Z15: WR00L2L2 | AA15: 29056 | AB15: 32 | AC15: 1 | AD15: 16 | AE15: 1705.62 | AF15: 9.5889 | AG15: 45478 | AH15: 0.28994213 | AI15: 0 | AJ15: 0 | AK15: 0 | AL15: 0 | AM15: 0 | AN15: 0 | AO15: 0 | AP15: 0 | AQ15: 0 | AR15: 0 | AS15: 0 | AT15: 0 | AU15: =AU14 -> 9.58884
A16: 2 | B16: WR00L2L2 | C16: 29056 | D16: 32 | E16: 1 | F16: 16 | G16: 1892.69 | H16: 8.6411 | I16: 45483 | J16: 0.2691088 | K16: 0 | L16: 0 | M16: 0 | N16: 0 | O16: 0 | P16: 0 | Q16: 0 | R16: 0 | S16: 0 | T16: 0 | U16: 0 | V16: 0 | W16: =W15 -> 8.64986 | Y16: 2 | Z16: WR00L2L2 | AA16: 29056 | AB16: 32 | AC16: 1 | AD16: 16 | AE16: 1705.29 | AF16: 9.5907 | AG16: 45478 | AH16: 0.8006713 | AI16: 0 | AJ16: 0 | AK16: 0 | AL16: 0 | AM16: 0 | AN16: 0 | AO16: 0 | AP16: 0 | AQ16: 0 | AR16: 0 | AS16: 0 | AT16: 0 | AU16: =AU15 -> 9.58884
A17: 3 | B17: WR00L2L2 | C17: 29056 | D17: 32 | E17: 1 | F17: 16 | G17: 1889.85 | H17: 8.6541 | I17: 45477 | J17: 0.68400463 | K17: 0 | L17: 0 | M17: 0 | N17: 0 | O17: 0 | P17: 0 | Q17: 0 | R17: 0 | S17: 0 | T17: 0 | U17: 0 | V17: 0 | W17: =W16 -> 8.64986 | Y17: 3 | Z17: WR00L2L2 | AA17: 29056 | AB17: 32 | AC17: 1 | AD17: 16 | AE17: 1704.89 | AF17: 9.593 | AG17: 45479 | AH17: 0.31133102 | AI17: 0 | AJ17: 0 | AK17: 0 | AL17: 0 | AM17: 0 | AN17: 0 | AO17: 0 | AP17: 0 | AQ17: 0 | AR17: 0 | AS17: 0 | AT17: 0 | AU17: =AU16 -> 9.58884
A18: 4 | B18: WR00L2L2 | C18: 29056 | D18: 32 | E18: 1 | F18: 16 | G18: 1887.97 | H18: 8.6627 | I18: 45477 | J18: 0.57290509 | K18: 0 | L18: 0 | M18: 0 | N18: 0 | O18: 0 | P18: 0 | Q18: 0 | R18: 0 | S18: 0 | T18: 0 | U18: 0 | V18: 0 | W18: =W17 -> 8.64986 | Y18: 4 | Z18: WR00L2L2 | AA18: 29056 | AB18: 32 | AC18: 1 | AD18: 16 | AE18: 1706.14 | AF18: 9.586 | AG18: 45479 | AH18: 0.82206019 | AI18: 0 | AJ18: 0 | AK18: 0 | AL18: 0 | AM18: 0 | AN18: 0 | AO18: 0 | AP18: 0 | AQ18: 0 | AR18: 0 | AS18: 0 | AT18: 0 | AU18: =AU17 -> 9.58884
A19: 0 | B19: WR00L2L2 | C19: 25984 | D19: 32 | E19: 2 | F19: 8 | G19: 1341.13 | H19: 8.7215 | I19: 45482 | J19: 0.065358796 | K19: 0 | L19: 0 | M19: 0 | N19: 0 | O19: 0 | P19: 0 | Q19: 0 | R19: 0 | S19: 0 | T19: 0 | U19: 0 | V19: 0 | W19: =AVERAGE(H19:H23) -> 8.72676 | Y19: 0 | Z19: WR00L2L2 | AA19: 25984 | AB19: 32 | AC19: 2 | AD19: 8 | AE19: 1221.44 | AF19: 9.5762 | AG19: 45477 | AH19: 0.64405093 | AI19: 0 | AJ19: 0 | AK19: 0 | AL19: 0 | AM19: 0 | AN19: 0 | AO19: 0 | AP19: 0 | AQ19: 0 | AR19: 0 | AS19: 0 | AT19: 0 | AU19: =AVERAGE(AF19:AF23) -> 9.57026
A20: 1 | B20: WR00L2L2 | C20: 25984 | D20: 32 | E20: 2 | F20: 8 | G20: 1340.29 | H20: 8.727 | I20: 45482 | J20: 0.57453704 | K20: 0 | L20: 0 | M20: 0 | N20: 0 | O20: 0 | P20: 0 | Q20: 0 | R20: 0 | S20: 0 | T20: 0 | U20: 0 | V20: 0 | W20: =W19 -> 8.72676 | Y20: 1 | Z20: WR00L2L2 | AA20: 25984 | AB20: 32 | AC20: 2 | AD20: 8 | AE20: 1222.38 | AF20: 9.5688 | AG20: 45478 | AH20: 0.1547338 | AI20: 0 | AJ20: 0 | AK20: 0 | AL20: 0 | AM20: 0 | AN20: 0 | AO20: 0 | AP20: 0 | AQ20: 0 | AR20: 0 | AS20: 0 | AT20: 0 | AU20: =AU19 -> 9.57026
A21: 2 | B21: WR00L2L2 | C21: 25984 | D21: 32 | E21: 2 | F21: 8 | G21: 1341.31 | H21: 8.7203 | I21: 45483 | J21: 0.13121528 | K21: 0 | L21: 0 | M21: 0 | N21: 0 | O21: 0 | P21: 0 | Q21: 0 | R21: 0 | S21: 0 | T21: 0 | U21: 0 | V21: 0 | W21: =W20 -> 8.72676 | Y21: 2 | Z21: WR00L2L2 | AA21: 25984 | AB21: 32 | AC21: 2 | AD21: 8 | AE21: 1221.92 | AF21: 9.5724 | AG21: 45478 | AH21: 0.66546296 | AI21: 0 | AJ21: 0 | AK21: 0 | AL21: 0 | AM21: 0 | AN21: 0 | AO21: 0 | AP21: 0 | AQ21: 0 | AR21: 0 | AS21: 0 | AT21: 0 | AU21: =AU20 -> 9.57026
A22: 3 | B22: WR00L2L2 | C22: 25984 | D22: 32 | E22: 2 | F22: 8 | G22: 1339.78 | H22: 8.7303 | I22: 45477 | J22: 0.54622685 | K22: 0 | L22: 0 | M22: 0 | N22: 0 | O22: 0 | P22: 0 | Q22: 0 | R22: 0 | S22: 0 | T22: 0 | U22: 0 | V22: 0 | W22: =W21 -> 8.72676 | Y22: 3 | Z22: WR00L2L2 | AA22: 25984 | AB22: 32 | AC22: 2 | AD22: 8 | AE22: 1222.69 | AF22: 9.5664 | AG22: 45479 | AH22: 0.17601852 | AI22: 0 | AJ22: 0 | AK22: 0 | AL22: 0 | AM22: 0 | AN22: 0 | AO22: 0 | AP22: 0 | AQ22: 0 | AR22: 0 | AS22: 0 | AT22: 0 | AU22: =AU21 -> 9.57026
A23: 4 | B23: WR00L2L2 | C23: 25984 | D23: 32 | E23: 2 | F23: 8 | G23: 1339.11 | H23: 8.7347 | I23: 45477 | J23: 0.43521991 | K23: 0 | L23: 0 | M23: 0 | N23: 0 | O23: 0 | P23: 0 | Q23: 0 | R23: 0 | S23: 0 | T23: 0 | U23: 0 | V23: 0 | W23: =W22 -> 8.72676 | Y23: 4 | Z23: WR00L2L2 | AA23: 25984 | AB23: 32 | AC23: 2 | AD23: 8 | AE23: 1222.55 | AF23: 9.5675 | AG23: 45479 | AH23: 0.68678241 | AI23: 0 | AJ23: 0 | AK23: 0 | AL23: 0 | AM23: 0 | AN23: 0 | AO23: 0 | AP23: 0 | AQ23: 0 | AR23: 0 | AS23: 0 | AT23: 0 | AU23: =AU22 -> 9.57026
A24: 0 | B24: WR00L2L2 | C24: 27520 | D24: 32 | E24: 2 | F24: 8 | G24: 1588.02 | H24: 8.7505 | I24: 45481 | J24: 0.8968287 | K24: 0 | L24: 0 | M24: 0 | N24: 0 | O24: 0 | P24: 0 | Q24: 0 | R24: 0 | S24: 0 | T24: 0 | U24: 0 | V24: 0 | W24: =AVERAGE(H24:H28) -> 8.7489 | Y24: 0 | Z24: WR00L2L2 | AA24: 27520 | AB24: 32 | AC24: 2 | AD24: 8 | AE24: 1443.25 | AF24: 9.6282 | AG24: 45477 | AH24: 0.48078704 | AI24: 0 | AJ24: 0 | AK24: 0 | AL24: 0 | AM24: 0 | AN24: 0 | AO24: 0 | AP24: 0 | AQ24: 0 | AR24: 0 | AS24: 0 | AT24: 0 | AU24: =AVERAGE(AF24:AF28) -> 9.61962
A25: 1 | B25: WR00L2L2 | C25: 27520 | D25: 32 | E25: 2 | F25: 8 | G25: 1589.06 | H25: 8.7448 | I25: 45482 | J25: 0.68856481 | K25: 0 | L25: 0 | M25: 0 | N25: 0 | O25: 0 | P25: 0 | Q25: 0 | R25: 0 | S25: 0 | T25: 0 | U25: 0 | V25: 0 | W25: =W24 -> 8.7489 | Y25: 1 | Z25: WR00L2L2 | AA25: 27520 | AB25: 32 | AC25: 2 | AD25: 8 | AE25: 1444.98 | AF25: 9.6167 | AG25: 45477 | AH25: 0.99135417 | AI25: 0 | AJ25: 0 | AK25: 0 | AL25: 0 | AM25: 0 | AN25: 0 | AO25: 0 | AP25: 0 | AQ25: 0 | AR25: 0 | AS25: 0 | AT25: 0 | AU25: =AU24 -> 9.61962
A26: 2 | B26: WR00L2L2 | C26: 27520 | D26: 32 | E26: 2 | F26: 8 | G26: 1588.56 | H26: 8.7476 | I26: 45482 | J26: 0.96270833 | K26: 0 | L26: 0 | M26: 0 | N26: 0 | O26: 0 | P26: 0 | Q26: 0 | R26: 0 | S26: 0 | T26: 0 | U26: 0 | V26: 0 | W26: =W25 -> 8.7489 | Y26: 2 | Z26: WR00L2L2 | AA26: 27520 | AB26: 32 | AC26: 2 | AD26: 8 | AE26: 1445.18 | AF26: 9.6154 | AG26: 45478 | AH26: 0.50202546 | AI26: 0 | AJ26: 0 | AK26: 0 | AL26: 0 | AM26: 0 | AN26: 0 | AO26: 0 | AP26: 0 | AQ26: 0 | AR26: 0 | AS26: 0 | AT26: 0 | AU26: =AU25 -> 9.61962
A27: 3 | B27: WR00L2L2 | C27: 27520 | D27: 32 | E27: 2 | F27: 8 | G27: 1588.82 | H27: 8.7461 | I27: 45483 | J27: 0.48778935 | K27: 0 | L27: 0 | M27: 0 | N27: 0 | O27: 0 | P27: 0 | Q27: 0 | R27: 0 | S27: 0 | T27: 0 | U27: 0 | V27: 0 | W27: =W26 -> 8.7489 | Y27: 3 | Z27: WR00L2L2 | AA27: 27520 | AB27: 32 | AC27: 2 | AD27: 8 | AE27: 1444.42 | AF27: 9.6205 | AG27: 45479 | AH27: 0.012638889 | AI27: 0 | AJ27: 0 | AK27: 0 | AL27: 0 | AM27: 0 | AN27: 0 | AO27: 0 | AP27: 0 | AQ27: 0 | AR27: 0 | AS27: 0 | AT27: 0 | AU27: =AU26 -> 9.61962
A28: 4 | B28: WR00L2L2 | C28: 27520 | D28: 32 | E28: 2 | F28: 8 | G28: 1587.11 | H28: 8.7555 | I28: 45477 | J28: 0.90266204 | K28: 0 | L28: 0 | M28: 0 | N28: 0 | O28: 0 | P28: 0 | Q28: 0 | R28: 0 | S28: 0 | T28: 0 | U28: 0 | V28: 0 | W28: =W27 -> 8.7489 | Y28: 4 | Z28: WR00L2L2 | AA28: 27520 | AB28: 32 | AC28: 2 | AD28: 8 | AE28: 1444.9 | AF28: 9.6173 | AG28: 45479 | AH28: 0.52342593 | AI28: 0 | AJ28: 0 | AK28: 0 | AL28: 0 | AM28: 0 | AN28: 0 | AO28: 0 | AP28: 0 | AQ28: 0 | AR28: 0 | AS28: 0 | AT28: 0 | AU28: =AU27 -> 9.61962
A29: 0 | B29: WR00L2L2 | C29: 29056 | D29: 32 | E29: 2 | F29: 8 | G29: 1861.95 | H29: 8.7838 | I29: 45482 | J29: 0.22516204 | K29: 0 | L29: 0 | M29: 0 | N29: 0 | O29: 0 | P29: 0 | Q29: 0 | R29: 0 | S29: 0 | T29: 0 | U29: 0 | V29: 0 | W29: =AVERAGE(H29:H33) -> 8.78732 | Y29: 0 | Z29: WR00L2L2 | AA29: 29056 | AB29: 32 | AC29: 2 | AD29: 8 | AE29: 1692.5 | AF29: 9.6632 | AG29: 45477 | AH29: 0.80050926 | AI29: 0 | AJ29: 0 | AK29: 0 | AL29: 0 | AM29: 0 | AN29: 0 | AO29: 0 | AP29: 0 | AQ29: 0 | AR29: 0 | AS29: 0 | AT29: 0 | AU29: =AVERAGE(AF29:AF33) -> 9.65866
A30: 1 | B30: WR00L2L2 | C30: 29056 | D30: 32 | E30: 2 | F30: 8 | G30: 1861.49 | H30: 8.7859 | I30: 45482 | J30: 0.76590278 | K30: 0 | L30: 0 | M30: 0 | N30: 0 | O30: 0 | P30: 0 | Q30: 0 | R30: 0 | S30: 0 | T30: 0 | U30: 0 | V30: 0 | W30: =W29 -> 8.78732 | Y30: 1 | Z30: WR00L2L2 | AA30: 29056 | AB30: 32 | AC30: 2 | AD30: 8 | AE30: 1693.46 | AF30: 9.6577 | AG30: 45478 | AH30: 0.31123843 | AI30: 0 | AJ30: 0 | AK30: 0 | AL30: 0 | AM30: 0 | AN30: 0 | AO30: 0 | AP30: 0 | AQ30: 0 | AR30: 0 | AS30: 0 | AT30: 0 | AU30: =AU29 -> 9.65866
A31: 2 | B31: WR00L2L2 | C31: 29056 | D31: 32 | E31: 2 | F31: 8 | G31: 1863.24 | H31: 8.7777 | I31: 45483 | J31: 0.29106481 | K31: 0 | L31: 0 | M31: 0 | N31: 0 | O31: 0 | P31: 0 | Q31: 0 | R31: 0 | S31: 0 | T31: 0 | U31: 0 | V31: 0 | W31: =W30 -> 8.78732 | Y31: 2 | Z31: WR00L2L2 | AA31: 29056 | AB31: 32 | AC31: 2 | AD31: 8 | AE31: 1692.53 | AF31: 9.663 | AG31: 45478 | AH31: 0.82195602 | AI31: 0 | AJ31: 0 | AK31: 0 | AL31: 0 | AM31: 0 | AN31: 0 | AO31: 0 | AP31: 0 | AQ31: 0 | AR31: 0 | AS31: 0 | AT31: 0 | AU31: =AU30 -> 9.65866
A32: 3 | B32: WR00L2L2 | C32: 29056 | D32: 32 | E32: 2 | F32: 8 | G32: 1860.64 | H32: 8.79 | I32: 45477 | J32: 0.70592593 | K32: 0 | L32: 0 | M32: 0 | N32: 0 | O32: 0 | P32: 0 | Q32: 0 | R32: 0 | S32: 0 | T32: 0 | U32: 0 | V32: 0 | W32: =W31 -> 8.78732 | Y32: 3 | Z32: WR00L2L2 | AA32: 29056 | AB32: 32 | AC32: 2 | AD32: 8 | AE32: 1694.07 | AF32: 9.6542 | AG32: 45479 | AH32: 0.33262731 | AI32: 0 | AJ32: 0 | AK32: 0 | AL32: 0 | AM32: 0 | AN32: 0 | AO32: 0 | AP32: 0 | AQ32: 0 | AR32: 0 | AS32: 0 | AT32: 0 | AU32: =AU31 -> 9.65866
A33: 4 | B33: WR00L2L2 | C33: 29056 | D33: 32 | E33: 2 | F33: 8 | G33: 1858.68 | H33: 8.7992 | I33: 45477 | J33: 0.59480324 | K33: 0 | L33: 0 | M33: 0 | N33: 0 | O33: 0 | P33: 0 | Q33: 0 | R33: 0 | S33: 0 | T33: 0 | U33: 0 | V33: 0 | W33: =W32 -> 8.78732 | Y33: 4 | Z33: WR00L2L2 | AA33: 29056 | AB33: 32 | AC33: 2 | AD33: 8 | AE33: 1693.89 | AF33: 9.6552 | AG33: 45479 | AH33: 0.84335648 | AI33: 0 | AJ33: 0 | AK33: 0 | AL33: 0 | AM33: 0 | AN33: 0 | AO33: 0 | AP33: 0 | AQ33: 0 | AR33: 0 | AS33: 0 | AT33: 0 | AU33: =AU32 -> 9.65866
A34: 0 | B34: WR00L2L2 | C34: 25984 | D34: 32 | E34: 4 | F34: 4 | G34: 1355.23 | H34: 8.6308 | I34: 45482 | J34: 0.081365741 | K34: 0 | L34: 0 | M34: 0 | N34: 0 | O34: 0 | P34: 0 | Q34: 0 | R34: 0 | S34: 0 | T34: 0 | U34: 0 | V34: 0 | W34: =AVERAGE(H34:H38) -> 8.6367 | Y34: 0 | Z34: WR00L2L2 | AA34: 25984 | AB34: 32 | AC34: 4 | AD34: 4 | AE34: 1240.42 | AF34: 9.4297 | AG34: 45477 | AH34: 0.65975694 | AI34: 0 | AJ34: 0 | AK34: 0 | AL34: 0 | AM34: 0 | AN34: 0 | AO34: 0 | AP34: 0 | AQ34: 0 | AR34: 0 | AS34: 0 | AT34: 0 | AU34: =AVERAGE(AF34:AF38) -> 9.43108
A35: 1 | B35: WR00L2L2 | C35: 25984 | D35: 32 | E35: 4 | F35: 4 | G35: 1353.64 | H35: 8.641 | I35: 45482 | J35: 0.59052083 | K35: 0 | L35: 0 | M35: 0 | N35: 0 | O35: 0 | P35: 0 | Q35: 0 | R35: 0 | S35: 0 | T35: 0 | U35: 0 | V35: 0 | W35: =W34 -> 8.6367 | Y35: 1 | Z35: WR00L2L2 | AA35: 25984 | AB35: 32 | AC35: 4 | AD35: 4 | AE35: 1239.3 | AF35: 9.4382 | AG35: 45478 | AH35: 0.17043981 | AI35: 0 | AJ35: 0 | AK35: 0 | AL35: 0 | AM35: 0 | AN35: 0 | AO35: 0 | AP35: 0 | AQ35: 0 | AR35: 0 | AS35: 0 | AT35: 0 | AU35: =AU34 -> 9.43108
A36: 2 | B36: WR00L2L2 | C36: 25984 | D36: 32 | E36: 4 | F36: 4 | G36: 1355.9 | H36: 8.6265 | I36: 45483 | J36: 0.14722222 | K36: 0 | L36: 0 | M36: 0 | N36: 0 | O36: 0 | P36: 0 | Q36: 0 | R36: 0 | S36: 0 | T36: 0 | U36: 0 | V36: 0 | W36: =W35 -> 8.6367 | Y36: 2 | Z36: WR00L2L2 | AA36: 25984 | AB36: 32 | AC36: 4 | AD36: 4 | AE36: 1239.19 | AF36: 9.439 | AG36: 45478 | AH36: 0.68115741 | AI36: 0 | AJ36: 0 | AK36: 0 | AL36: 0 | AM36: 0 | AN36: 0 | AO36: 0 | AP36: 0 | AQ36: 0 | AR36: 0 | AS36: 0 | AT36: 0 | AU36: =AU35 -> 9.43108
A37: 3 | B37: WR00L2L2 | C37: 25984 | D37: 32 | E37: 4 | F37: 4 | G37: 1354.4 | H37: 8.6361 | I37: 45477 | J37: 0.56222222 | K37: 0 | L37: 0 | M37: 0 | N37: 0 | O37: 0 | P37: 0 | Q37: 0 | R37: 0 | S37: 0 | T37: 0 | U37: 0 | V37: 0 | W37: =W36 -> 8.6367 | Y37: 3 | Z37: WR00L2L2 | AA37: 25984 | AB37: 32 | AC37: 4 | AD37: 4 | AE37: 1241.24 | AF37: 9.4234 | AG37: 45479 | AH37: 0.19174769 | AI37: 0 | AJ37: 0 | AK37: 0 | AL37: 0 | AM37: 0 | AN37: 0 | AO37: 0 | AP37: 0 | AQ37: 0 | AR37: 0 | AS37: 0 | AT37: 0 | AU37: =AU36 -> 9.43108
A38: 4 | B38: WR00L2L2 | C38: 25984 | D38: 32 | E38: 4 | F38: 4 | G38: 1352.37 | H38: 8.6491 | I38: 45477 | J38: 0.45119213 | K38: 0 | L38: 0 | M38: 0 | N38: 0 | O38: 0 | P38: 0 | Q38: 0 | R38: 0 | S38: 0 | T38: 0 | U38: 0 | V38: 0 | W38: =W37 -> 8.6367 | Y38: 4 | Z38: WR00L2L2 | AA38: 25984 | AB38: 32 | AC38: 4 | AD38: 4 | AE38: 1241.02 | AF38: 9.4251 | AG38: 45479 | AH38: 0.7025 | AI38: 0 | AJ38: 0 | AK38: 0 | AL38: 0 | AM38: 0 | AN38: 0 | AO38: 0 | AP38: 0 | AQ38: 0 | AR38: 0 | AS38: 0 | AT38: 0 | AU38: =AU37 -> 9.43108
A39: 0 | B39: WR00L2L2 | C39: 27520 | D39: 32 | E39: 4 | F39: 4 | G39: 1600.51 | H39: 8.6822 | I39: 45481 | J39: 0.91570602 | K39: 0 | L39: 0 | M39: 0 | N39: 0 | O39: 0 | P39: 0 | Q39: 0 | R39: 0 | S39: 0 | T39: 0 | U39: 0 | V39: 0 | W39: =AVERAGE(H39:H43) -> 8.68562 | Y39: 0 | Z39: WR00L2L2 | AA39: 27520 | AB39: 32 | AC39: 4 | AD39: 4 | AE39: 1464.26 | AF39: 9.4901 | AG39: 45477 | AH39: 0.49923611 | AI39: 0 | AJ39: 0 | AK39: 0 | AL39: 0 | AM39: 0 | AN39: 0 | AO39: 0 | AP39: 0 | AQ39: 0 | AR39: 0 | AS39: 0 | AT39: 0 | AU39: =AVERAGE(AF39:AF43) -> 9.48626
A40: 1 | B40: WR00L2L2 | C40: 27520 | D40: 32 | E40: 4 | F40: 4 | G40: 1600.02 | H40: 8.6849 | I40: 45482 | J40: 0.42488426 | K40: 0 | L40: 0 | M40: 0 | N40: 0 | O40: 0 | P40: 0 | Q40: 0 | R40: 0 | S40: 0 | T40: 0 | U40: 0 | V40: 0 | W40: =W39 -> 8.68562 | Y40: 1 | Z40: WR00L2L2 | AA40: 27520 | AB40: 32 | AC40: 4 | AD40: 4 | AE40: 1464.5 | AF40: 9.4886 | AG40: 45478 | AH40: 0.0098263889 | AI40: 0 | AJ40: 0 | AK40: 0 | AL40: 0 | AM40: 0 | AN40: 0 | AO40: 0 | AP40: 0 | AQ40: 0 | AR40: 0 | AS40: 0 | AT40: 0 | AU40: =AU39 -> 9.48626
A41: 2 | B41: WR00L2L2 | C41: 27520 | D41: 32 | E41: 4 | F41: 4 | G41: 1599.02 | H41: 8.6903 | I41: 45482 | J41: 0.98157407 | K41: 0 | L41: 0 | M41: 0 | N41: 0 | O41: 0 | P41: 0 | Q41: 0 | R41: 0 | S41: 0 | T41: 0 | U41: 0 | V41: 0 | W41: =W40 -> 8.68562 | Y41: 2 | Z41: WR00L2L2 | AA41: 27520 | AB41: 32 | AC41: 4 | AD41: 4 | AE41: 1464.94 | AF41: 9.4857 | AG41: 45478 | AH41: 0.52049769 | AI41: 0 | AJ41: 0 | AK41: 0 | AL41: 0 | AM41: 0 | AN41: 0 | AO41: 0 | AP41: 0 | AQ41: 0 | AR41: 0 | AS41: 0 | AT41: 0 | AU41: =AU40 -> 9.48626
A42: 3 | B42: WR00L2L2 | C42: 27520 | D42: 32 | E42: 4 | F42: 4 | G42: 1600.33 | H42: 8.6832 | I42: 45483 | J42: 0.50665509 | K42: 0 | L42: 0 | M42: 0 | N42: 0 | O42: 0 | P42: 0 | Q42: 0 | R42: 0 | S42: 0 | T42: 0 | U42: 0 | V42: 0 | W42: =W41 -> 8.68562 | Y42: 3 | Z42: WR00L2L2 | AA42: 27520 | AB42: 32 | AC42: 4 | AD42: 4 | AE42: 1464.6 | AF42: 9.4879 | AG42: 45479 | AH42: 0.031099537 | AI42: 0 | AJ42: 0 | AK42: 0 | AL42: 0 | AM42: 0 | AN42: 0 | AO42: 0 | AP42: 0 | AQ42: 0 | AR42: 0 | AS42: 0 | AT42: 0 | AU42: =AU41 -> 9.48626
A43: 4 | B43: WR00L2L2 | C43: 27520 | D43: 32 | E43: 4 | F43: 4 | G43: 1599.53 | H43: 8.6875 | I43: 45477 | J43: 0.9215162 | K43: 0 | L43: 0 | M43: 0 | N43: 0 | O43: 0 | P43: 0 | Q43: 0 | R43: 0 | S43: 0 | T43: 0 | U43: 0 | V43: 0 | W43: =W42 -> 8.68562 | Y43: 4 | Z43: WR00L2L2 | AA43: 27520 | AB43: 32 | AC43: 4 | AD43: 4 | AE43: 1465.98 | AF43: 9.479 | AG43: 45479 | AH43: 0.54190972 | AI43: 0 | AJ43: 0 | AK43: 0 | AL43: 0 | AM43: 0 | AN43: 0 | AO43: 0 | AP43: 0 | AQ43: 0 | AR43: 0 | AS43: 0 | AT43: 0 | AU43: =AU42 -> 9.48626
A44: 0 | B44: WR00L2L2 | C44: 29056 | D44: 32 | E44: 4 | F44: 4 | G44: 1875.37 | H44: 8.7209 | I44: 45482 | J44: 0.24725694 | K44: 0 | L44: 0 | M44: 0 | N44: 0 | O44: 0 | P44: 0 | Q44: 0 | R44: 0 | S44: 0 | T44: 0 | U44: 0 | V44: 0 | W44: =AVERAGE(H44:H48) -> 8.72512 | Y44: 0 | Z44: WR00L2L2 | AA44: 29056 | AB44: 32 | AC44: 4 | AD44: 4 | AE44: 1714.78 | AF44: 9.5377 | AG44: 45477 | AH44: 0.82203704 | AI44: 0 | AJ44: 0 | AK44: 0 | AL44: 0 | AM44: 0 | AN44: 0 | AO44: 0 | AP44: 0 | AQ44: 0 | AR44: 0 | AS44: 0 | AT44: 0 | AU44: =AVERAGE(AF44:AF48) -> 9.53514
A45: 1 | B45: WR00L2L2 | C45: 29056 | D45: 32 | E45: 4 | F45: 4 | G45: 1875.55 | H45: 8.7201 | I45: 45482 | J45: 0.78799769 | K45: 0 | L45: 0 | M45: 0 | N45: 0 | O45: 0 | P45: 0 | Q45: 0 | R45: 0 | S45: 0 | T45: 0 | U45: 0 | V45: 0 | W45: =W44 -> 8.72512 | Y45: 1 | Z45: WR00L2L2 | AA45: 29056 | AB45: 32 | AC45: 4 | AD45: 4 | AE45: 1715.2 | AF45: 9.5353 | AG45: 45478 | AH45: 0.3327662 | AI45: 0 | AJ45: 0 | AK45: 0 | AL45: 0 | AM45: 0 | AN45: 0 | AO45: 0 | AP45: 0 | AQ45: 0 | AR45: 0 | AS45: 0 | AT45: 0 | AU45: =AU44 -> 9.53514
A46: 2 | B46: WR00L2L2 | C46: 29056 | D46: 32 | E46: 4 | F46: 4 | G46: 1872.92 | H46: 8.7323 | I46: 45483 | J46: 0.313125 | K46: 0 | L46: 0 | M46: 0 | N46: 0 | O46: 0 | P46: 0 | Q46: 0 | R46: 0 | S46: 0 | T46: 0 | U46: 0 | V46: 0 | W46: =W45 -> 8.72512 | Y46: 2 | Z46: WR00L2L2 | AA46: 29056 | AB46: 32 | AC46: 4 | AD46: 4 | AE46: 1714.64 | AF46: 9.5384 | AG46: 45478 | AH46: 0.8434838 | AI46: 0 | AJ46: 0 | AK46: 0 | AL46: 0 | AM46: 0 | AN46: 0 | AO46: 0 | AP46: 0 | AQ46: 0 | AR46: 0 | AS46: 0 | AT46: 0 | AU46: =AU45 -> 9.53514
A47: 3 | B47: WR00L2L2 | C47: 29056 | D47: 32 | E47: 4 | F47: 4 | G47: 1875.82 | H47: 8.7188 | I47: 45477 | J47: 0.72802083 | K47: 0 | L47: 0 | M47: 0 | N47: 0 | O47: 0 | P47: 0 | Q47: 0 | R47: 0 | S47: 0 | T47: 0 | U47: 0 | V47: 0 | W47: =W46 -> 8.72512 | Y47: 3 | Z47: WR00L2L2 | AA47: 29056 | AB47: 32 | AC47: 4 | AD47: 4 | AE47: 1715.17 | AF47: 9.5355 | AG47: 45479 | AH47: 0.35415509 | AI47: 0 | AJ47: 0 | AK47: 0 | AL47: 0 | AM47: 0 | AN47: 0 | AO47: 0 | AP47: 0 | AQ47: 0 | AR47: 0 | AS47: 0 | AT47: 0 | AU47: =AU46 -> 9.53514
A48: 4 | B48: WR00L2L2 | C48: 29056 | D48: 32 | E48: 4 | F48: 4 | G48: 1872.67 | H48: 8.7335 | I48: 45477 | J48: 0.61686343 | K48: 0 | L48: 0 | M48: 0 | N48: 0 | O48: 0 | P48: 0 | Q48: 0 | R48: 0 | S48: 0 | T48: 0 | U48: 0 | V48: 0 | W48: =W47 -> 8.72512 | Y48: 4 | Z48: WR00L2L2 | AA48: 29056 | AB48: 32 | AC48: 4 | AD48: 4 | AE48: 1716.38 | AF48: 9.5288 | AG48: 45479 | AH48: 0.86490741 | AI48: 0 | AJ48: 0 | AK48: 0 | AL48: 0 | AM48: 0 | AN48: 0 | AO48: 0 | AP48: 0 | AQ48: 0 | AR48: 0 | AS48: 0 | AT48: 0 | AU48: =AU47 -> 9.53514
A49: 0 | B49: WR00L2L2 | C49: 25984 | D49: 64 | E49: 1 | F49: 16 | G49: 1399.54 | H49: 8.3576 | I49: 45482 | J49: 0.097893519 | K49: 0 | L49: 0 | M49: 0 | N49: 0 | O49: 0 | P49: 0 | Q49: 0 | R49: 0 | S49: 0 | T49: 0 | U49: 0 | V49: 0 | W49: =AVERAGE(H49:H53) -> 8.35836 | Y49: 0 | Z49: WR00L2L2 | AA49: 25984 | AB49: 64 | AC49: 1 | AD49: 16 | AE49: 1205.11 | AF49: 9.7059 | AG49: 45477 | AH49: 0.65186343 | AI49: 0 | AJ49: 0 | AK49: 0 | AL49: 0 | AM49: 0 | AN49: 0 | AO49: 0 | AP49: 0 | AQ49: 0 | AR49: 0 | AS49: 0 | AT49: 0 | AU49: =AVERAGE(AF49:AF53) -> 9.7087
A50: 1 | B50: WR00L2L2 | C50: 25984 | D50: 64 | E50: 1 | F50: 16 | G50: 1399.75 | H50: 8.3563 | I50: 45482 | J50: 0.60704861 | K50: 0 | L50: 0 | M50: 0 | N50: 0 | O50: 0 | P50: 0 | Q50: 0 | R50: 0 | S50: 0 | T50: 0 | U50: 0 | V50: 0 | W50: =W49 -> 8.35836 | Y50: 1 | Z50: WR00L2L2 | AA50: 25984 | AB50: 64 | AC50: 1 | AD50: 16 | AE50: 1203.72 | AF50: 9.7172 | AG50: 45477 | AH50: 0.81287037 | AI50: 0 | AJ50: 0 | AK50: 0 | AL50: 0 | AM50: 0 | AN50: 0 | AO50: 0 | AP50: 0 | AQ50: 0 | AR50: 0 | AS50: 0 | AT50: 0 | AU50: =AU49 -> 9.7087
A51: 2 | B51: WR00L2L2 | C51: 25984 | D51: 64 | E51: 1 | F51: 16 | G51: 1400.21 | H51: 8.3536 | I51: 45483 | J51: 0.16375 | K51: 0 | L51: 0 | M51: 0 | N51: 0 | O51: 0 | P51: 0 | Q51: 0 | R51: 0 | S51: 0 | T51: 0 | U51: 0 | V51: 0 | W51: =W50 -> 8.35836 | Y51: 2 | Z51: WR00L2L2 | AA51: 25984 | AB51: 64 | AC51: 1 | AD51: 16 | AE51: 1204.81 | AF51: 9.7084 | AG51: 45477 | AH51: 0.97393519 | AI51: 0 | AJ51: 0 | AK51: 0 | AL51: 0 | AM51: 0 | AN51: 0 | AO51: 0 | AP51: 0 | AQ51: 0 | AR51: 0 | AS51: 0 | AT51: 0 | AU51: =AU50 -> 9.7087
A52: 3 | B52: WR00L2L2 | C52: 25984 | D52: 64 | E52: 1 | F52: 16 | G52: 1399.36 | H52: 8.3586 | I52: 45477 | J52: 0.57873843 | K52: 0 | L52: 0 | M52: 0 | N52: 0 | O52: 0 | P52: 0 | Q52: 0 | R52: 0 | S52: 0 | T52: 0 | U52: 0 | V52: 0 | W52: =W51 -> 8.35836 | Y52: 3 | Z52: WR00L2L2 | AA52: 25984 | AB52: 64 | AC52: 1 | AD52: 16 | AE52: 1206.13 | AF52: 9.6978 | AG52: 45478 | AH52: 0.135 | AI52: 0 | AJ52: 0 | AK52: 0 | AL52: 0 | AM52: 0 | AN52: 0 | AO52: 0 | AP52: 0 | AQ52: 0 | AR52: 0 | AS52: 0 | AT52: 0 | AU52: =AU51 -> 9.7087
A53: 4 | B53: WR00L2L2 | C53: 25984 | D53: 64 | E53: 1 | F53: 16 | G53: 1398.17 | H53: 8.3657 | I53: 45477 | J53: 0.46769676 | K53: 0 | L53: 0 | M53: 0 | N53: 0 | O53: 0 | P53: 0 | Q53: 0 | R53: 0 | S53: 0 | T53: 0 | U53: 0 | V53: 0 | W53: =W52 -> 8.35836 | Y53: 4 | Z53: WR00L2L2 | AA53: 25984 | AB53: 64 | AC53: 1 | AD53: 16 | AE53: 1204.09 | AF53: 9.7142 | AG53: 45478 | AH53: 0.29606481 | AI53: 0 | AJ53: 0 | AK53: 0 | AL53: 0 | AM53: 0 | AN53: 0 | AO53: 0 | AP53: 0 | AQ53: 0 | AR53: 0 | AS53: 0 | AT53: 0 | AU53: =AU52 -> 9.7087
A54: 0 | B54: WR00L2L2 | C54: 27520 | D54: 64 | E54: 1 | F54: 16 | G54: 1659.43 | H54: 8.3739 | I54: 45481 | J54: 0.9352662 | K54: 0 | L54: 0 | M54: 0 | N54: 0 | O54: 0 | P54: 0 | Q54: 0 | R54: 0 | S54: 0 | T54: 0 | U54: 0 | V54: 0 | W54: =AVERAGE(H54:H58) -> 8.3761 | Y54: 0 | Z54: WR00L2L2 | AA54: 27520 | AB54: 64 | AC54: 1 | AD54: 16 | AE54: 1424.83 | AF54: 9.7527 | AG54: 45477 | AH54: 0.60116898 | AI54: 0 | AJ54: 0 | AK54: 0 | AL54: 0 | AM54: 0 | AN54: 0 | AO54: 0 | AP54: 0 | AQ54: 0 | AR54: 0 | AS54: 0 | AT54: 0 | AU54: =AVERAGE(AF54:AF58) -> 9.74818
A55: 1 | B55: WR00L2L2 | C55: 27520 | D55: 64 | E55: 1 | F55: 16 | G55: 1659.41 | H55: 8.3741 | I55: 45482 | J55: 0.44444444 | K55: 0 | L55: 0 | M55: 0 | N55: 0 | O55: 0 | P55: 0 | Q55: 0 | R55: 0 | S55: 0 | T55: 0 | U55: 0 | V55: 0 | W55: =W54 -> 8.3761 | Y55: 1 | Z55: WR00L2L2 | AA55: 27520 | AB55: 64 | AC55: 1 | AD55: 16 | AE55: 1423.48 | AF55: 9.762 | AG55: 45477 | AH55: 0.7621875 | AI55: 0 | AJ55: 0 | AK55: 0 | AL55: 0 | AM55: 0 | AN55: 0 | AO55: 0 | AP55: 0 | AQ55: 0 | AR55: 0 | AS55: 0 | AT55: 0 | AU55: =AU54 -> 9.74818
A56: 2 | B56: WR00L2L2 | C56: 27520 | D56: 64 | E56: 1 | F56: 16 | G56: 1659.91 | H56: 8.3715 | I56: 45483 | J56: 0.0011342593 | K56: 0 | L56: 0 | M56: 0 | N56: 0 | O56: 0 | P56: 0 | Q56: 0 | R56: 0 | S56: 0 | T56: 0 | U56: 0 | V56: 0 | W56: =W55 -> 8.3761 | Y56: 2 | Z56: WR00L2L2 | AA56: 27520 | AB56: 64 | AC56: 1 | AD56: 16 | AE56: 1426.62 | AF56: 9.7405 | AG56: 45477 | AH56: 0.92321759 | AI56: 0 | AJ56: 0 | AK56: 0 | AL56: 0 | AM56: 0 | AN56: 0 | AO56: 0 | AP56: 0 | AQ56: 0 | AR56: 0 | AS56: 0 | AT56: 0 | AU56: =AU55 -> 9.74818
A57: 3 | B57: WR00L2L2 | C57: 27520 | D57: 64 | E57: 1 | F57: 16 | G57: 1658.06 | H57: 8.3809 | I57: 45483 | J57: 0.5262037 | K57: 0 | L57: 0 | M57: 0 | N57: 0 | O57: 0 | P57: 0 | Q57: 0 | R57: 0 | S57: 0 | T57: 0 | U57: 0 | V57: 0 | W57: =W56 -> 8.3761 | Y57: 3 | Z57: WR00L2L2 | AA57: 27520 | AB57: 64 | AC57: 1 | AD57: 16 | AE57: 1425.99 | AF57: 9.7448 | AG57: 45478 | AH57: 0.084293981 | AI57: 0 | AJ57: 0 | AK57: 0 | AL57: 0 | AM57: 0 | AN57: 0 | AO57: 0 | AP57: 0 | AQ57: 0 | AR57: 0 | AS57: 0 | AT57: 0 | AU57: =AU56 -> 9.74818
A58: 4 | B58: WR00L2L2 | C58: 27520 | D58: 64 | E58: 1 | F58: 16 | G58: 1658.2 | H58: 8.3801 | I58: 45477 | J58: 0.94106481 | K58: 0 | L58: 0 | M58: 0 | N58: 0 | O58: 0 | P58: 0 | Q58: 0 | R58: 0 | S58: 0 | T58: 0 | U58: 0 | V58: 0 | W58: =W57 -> 8.3761 | Y58: 4 | Z58: WR00L2L2 | AA58: 27520 | AB58: 64 | AC58: 1 | AD58: 16 | AE58: 1426.56 | AF58: 9.7409 | AG58: 45478 | AH58: 0.2453588 | AI58: 0 | AJ58: 0 | AK58: 0 | AL58: 0 | AM58: 0 | AN58: 0 | AO58: 0 | AP58: 0 | AQ58: 0 | AR58: 0 | AS58: 0 | AT58: 0 | AU58: =AU57 -> 9.74818
A59: 0 | B59: WR00L2L2 | C59: 29056 | D59: 64 | E59: 1 | F59: 16 | G59: 1936.96 | H59: 8.4436 | I59: 45482 | J59: 0.27006944 | K59: 0 | L59: 0 | M59: 0 | N59: 0 | O59: 0 | P59: 0 | Q59: 0 | R59: 0 | S59: 0 | T59: 0 | U59: 0 | V59: 0 | W59: =AVERAGE(H59:H63) -> 8.45058 | Y59: 0 | Z59: WR00L2L2 | AA59: 29056 | AB59: 64 | AC59: 1 | AD59: 16 | AE59: 1668.47 | AF59: 9.8024 | AG59: 45477 | AH59: 0.70297454 | AI59: 0 | AJ59: 0 | AK59: 0 | AL59: 0 | AM59: 0 | AN59: 0 | AO59: 0 | AP59: 0 | AQ59: 0 | AR59: 0 | AS59: 0 | AT59: 0 | AU59: =AVERAGE(AF59:AF63) -> 9.81322
A60: 1 | B60: WR00L2L2 | C60: 29056 | D60: 64 | E60: 1 | F60: 16 | G60: 1936.43 | H60: 8.4459 | I60: 45482 | J60: 0.81079861 | K60: 0 | L60: 0 | M60: 0 | N60: 0 | O60: 0 | P60: 0 | Q60: 0 | R60: 0 | S60: 0 | T60: 0 | U60: 0 | V60: 0 | W60: =W59 -> 8.45058 | Y60: 1 | Z60: WR00L2L2 | AA60: 29056 | AB60: 64 | AC60: 1 | AD60: 16 | AE60: 1666.32 | AF60: 9.815 | AG60: 45477 | AH60: 0.86394676 | AI60: 0 | AJ60: 0 | AK60: 0 | AL60: 0 | AM60: 0 | AN60: 0 | AO60: 0 | AP60: 0 | AQ60: 0 | AR60: 0 | AS60: 0 | AT60: 0 | AU60: =AU59 -> 9.81322
A61: 2 | B61: WR00L2L2 | C61: 29056 | D61: 64 | E61: 1 | F61: 16 | G61: 1934.99 | H61: 8.4522 | I61: 45483 | J61: 0.33591435 | K61: 0 | L61: 0 | M61: 0 | N61: 0 | O61: 0 | P61: 0 | Q61: 0 | R61: 0 | S61: 0 | T61: 0 | U61: 0 | V61: 0 | W61: =W60 -> 8.45058 | Y61: 2 | Z61: WR00L2L2 | AA61: 29056 | AB61: 64 | AC61: 1 | AD61: 16 | AE61: 1666.59 | AF61: 9.8134 | AG61: 45478 | AH61: 0.025023148 | AI61: 0 | AJ61: 0 | AK61: 0 | AL61: 0 | AM61: 0 | AN61: 0 | AO61: 0 | AP61: 0 | AQ61: 0 | AR61: 0 | AS61: 0 | AT61: 0 | AU61: =AU60 -> 9.81322
A62: 3 | B62: WR00L2L2 | C62: 29056 | D62: 64 | E62: 1 | F62: 16 | G62: 1934.89 | H62: 8.4527 | I62: 45477 | J62: 0.75081019 | K62: 0 | L62: 0 | M62: 0 | N62: 0 | O62: 0 | P62: 0 | Q62: 0 | R62: 0 | S62: 0 | T62: 0 | U62: 0 | V62: 0 | W62: =W61 -> 8.45058 | Y62: 3 | Z62: WR00L2L2 | AA62: 29056 | AB62: 64 | AC62: 1 | AD62: 16 | AE62: 1666.37 | AF62: 9.8147 | AG62: 45478 | AH62: 0.18611111 | AI62: 0 | AJ62: 0 | AK62: 0 | AL62: 0 | AM62: 0 | AN62: 0 | AO62: 0 | AP62: 0 | AQ62: 0 | AR62: 0 | AS62: 0 | AT62: 0 | AU62: =AU61 -> 9.81322
A63: 4 | B63: WR00L2L2 | C63: 29056 | D63: 64 | E63: 1 | F63: 16 | G63: 1933.55 | H63: 8.4585 | I63: 45477 | J63: 0.63962963 | K63: 0 | L63: 0 | M63: 0 | N63: 0 | O63: 0 | P63: 0 | Q63: 0 | R63: 0 | S63: 0 | T63: 0 | U63: 0 | V63: 0 | W63: =W62 -> 8.45058 | Y63: 4 | Z63: WR00L2L2 | AA63: 29056 | AB63: 64 | AC63: 1 | AD63: 16 | AE63: 1665.38 | AF63: 9.8206 | AG63: 45478 | AH63: 0.3471412 | AI63: 0 | AJ63: 0 | AK63: 0 | AL63: 0 | AM63: 0 | AN63: 0 | AO63: 0 | AP63: 0 | AQ63: 0 | AR63: 0 | AS63: 0 | AT63: 0 | AU63: =AU62 -> 9.81322
A64: 0 | B64: WR00L2L2 | C64: 25984 | D64: 64 | E64: 2 | F64: 8 | G64: 1357.57 | H64: 8.616 | I64: 45482 | J64: 0.11392361 | K64: 0 | L64: 0 | M64: 0 | N64: 0 | O64: 0 | P64: 0 | Q64: 0 | R64: 0 | S64: 0 | T64: 0 | U64: 0 | V64: 0 | W64: =AVERAGE(H64:H68) -> 8.61652 | Y64: 0 | Z64: WR00L2L2 | AA64: 25984 | AB64: 64 | AC64: 2 | AD64: 8 | AE64: 1177.5 | AF64: 9.9335 | AG64: 45477 | AH64: 0.66684028 | AI64: 0 | AJ64: 0 | AK64: 0 | AL64: 0 | AM64: 0 | AN64: 0 | AO64: 0 | AP64: 0 | AQ64: 0 | AR64: 0 | AS64: 0 | AT64: 0 | AU64: =AVERAGE(AF64:AF68) -> 9.93448
A65: 1 | B65: WR00L2L2 | C65: 25984 | D65: 64 | E65: 2 | F65: 8 | G65: 1358.58 | H65: 8.6096 | I65: 45482 | J65: 0.62309028 | K65: 0 | L65: 0 | M65: 0 | N65: 0 | O65: 0 | P65: 0 | Q65: 0 | R65: 0 | S65: 0 | T65: 0 | U65: 0 | V65: 0 | W65: =W64 -> 8.61652 | Y65: 1 | Z65: WR00L2L2 | AA65: 25984 | AB65: 64 | AC65: 2 | AD65: 8 | AE65: 1176.81 | AF65: 9.9394 | AG65: 45477 | AH65: 0.82783565 | AI65: 0 | AJ65: 0 | AK65: 0 | AL65: 0 | AM65: 0 | AN65: 0 | AO65: 0 | AP65: 0 | AQ65: 0 | AR65: 0 | AS65: 0 | AT65: 0 | AU65: =AU64 -> 9.93448
A66: 2 | B66: WR00L2L2 | C66: 25984 | D66: 64 | E66: 2 | F66: 8 | G66: 1358.31 | H66: 8.6112 | I66: 45483 | J66: 0.17979167 | K66: 0 | L66: 0 | M66: 0 | N66: 0 | O66: 0 | P66: 0 | Q66: 0 | R66: 0 | S66: 0 | T66: 0 | U66: 0 | V66: 0 | W66: =W65 -> 8.61652 | Y66: 2 | Z66: WR00L2L2 | AA66: 25984 | AB66: 64 | AC66: 2 | AD66: 8 | AE66: 1177.11 | AF66: 9.9368 | AG66: 45477 | AH66: 0.98890046 | AI66: 0 | AJ66: 0 | AK66: 0 | AL66: 0 | AM66: 0 | AN66: 0 | AO66: 0 | AP66: 0 | AQ66: 0 | AR66: 0 | AS66: 0 | AT66: 0 | AU66: =AU65 -> 9.93448
A67: 3 | B67: WR00L2L2 | C67: 25984 | D67: 64 | E67: 2 | F67: 8 | G67: 1356.63 | H67: 8.6219 | I67: 45477 | J67: 0.59475694 | K67: 0 | L67: 0 | M67: 0 | N67: 0 | O67: 0 | P67: 0 | Q67: 0 | R67: 0 | S67: 0 | T67: 0 | U67: 0 | V67: 0 | W67: =W66 -> 8.61652 | Y67: 3 | Z67: WR00L2L2 | AA67: 25984 | AB67: 64 | AC67: 2 | AD67: 8 | AE67: 1178.35 | AF67: 9.9263 | AG67: 45478 | AH67: 0.14998843 | AI67: 0 | AJ67: 0 | AK67: 0 | AL67: 0 | AM67: 0 | AN67: 0 | AO67: 0 | AP67: 0 | AQ67: 0 | AR67: 0 | AS67: 0 | AT67: 0 | AU67: =AU66 -> 9.93448
A68: 4 | B68: WR00L2L2 | C68: 25984 | D68: 64 | E68: 2 | F68: 8 | G68: 1356.31 | H68: 8.6239 | I68: 45477 | J68: 0.48371528 | K68: 0 | L68: 0 | M68: 0 | N68: 0 | O68: 0 | P68: 0 | Q68: 0 | R68: 0 | S68: 0 | T68: 0 | U68: 0 | V68: 0 | W68: =W67 -> 8.61652 | Y68: 4 | Z68: WR00L2L2 | AA68: 25984 | AB68: 64 | AC68: 2 | AD68: 8 | AE68: 1177.16 | AF68: 9.9364 | AG68: 45478 | AH68: 0.31103009 | AI68: 0 | AJ68: 0 | AK68: 0 | AL68: 0 | AM68: 0 | AN68: 0 | AO68: 0 | AP68: 0 | AQ68: 0 | AR68: 0 | AS68: 0 | AT68: 0 | AU68: =AU67 -> 9.93448
A69: 0 | B69: WR00L2L2 | C69: 27520 | D69: 64 | E69: 2 | F69: 8 | G69: 1608.14 | H69: 8.641 | I69: 45481 | J69: 0.95422454 | K69: 0 | L69: 0 | M69: 0 | N69: 0 | O69: 0 | P69: 0 | Q69: 0 | R69: 0 | S69: 0 | T69: 0 | U69: 0 | V69: 0 | W69: =AVERAGE(H69:H73) -> 8.642 | Y69: 0 | Z69: WR00L2L2 | AA69: 27520 | AB69: 64 | AC69: 2 | AD69: 8 | AE69: 1390.2 | AF69: 9.9957 | AG69: 45477 | AH69: 0.61876157 | AI69: 0 | AJ69: 0 | AK69: 0 | AL69: 0 | AM69: 0 | AN69: 0 | AO69: 0 | AP69: 0 | AQ69: 0 | AR69: 0 | AS69: 0 | AT69: 0 | AU69: =AVERAGE(AF69:AF73) -> 9.99158
A70: 1 | B70: WR00L2L2 | C70: 27520 | D70: 64 | E70: 2 | F70: 8 | G70: 1608.29 | H70: 8.6402 | I70: 45482 | J70: 0.46341435 | K70: 0 | L70: 0 | M70: 0 | N70: 0 | O70: 0 | P70: 0 | Q70: 0 | R70: 0 | S70: 0 | T70: 0 | U70: 0 | V70: 0 | W70: =W69 -> 8.642 | Y70: 1 | Z70: WR00L2L2 | AA70: 27520 | AB70: 64 | AC70: 2 | AD70: 8 | AE70: 1390.01 | AF70: 9.9971 | AG70: 45477 | AH70: 0.77978009 | AI70: 0 | AJ70: 0 | AK70: 0 | AL70: 0 | AM70: 0 | AN70: 0 | AO70: 0 | AP70: 0 | AQ70: 0 | AR70: 0 | AS70: 0 | AT70: 0 | AU70: =AU69 -> 9.99158
A71: 2 | B71: WR00L2L2 | C71: 27520 | D71: 64 | E71: 2 | F71: 8 | G71: 1608.56 | H71: 8.6388 | I71: 45483 | J71: 0.020104167 | K71: 0 | L71: 0 | M71: 0 | N71: 0 | O71: 0 | P71: 0 | Q71: 0 | R71: 0 | S71: 0 | T71: 0 | U71: 0 | V71: 0 | W71: =W70 -> 8.642 | Y71: 2 | Z71: WR00L2L2 | AA71: 27520 | AB71: 64 | AC71: 2 | AD71: 8 | AE71: 1391.5 | AF71: 9.9863 | AG71: 45477 | AH71: 0.94082176 | AI71: 0 | AJ71: 0 | AK71: 0 | AL71: 0 | AM71: 0 | AN71: 0 | AO71: 0 | AP71: 0 | AQ71: 0 | AR71: 0 | AS71: 0 | AT71: 0 | AU71: =AU70 -> 9.99158
A72: 3 | B72: WR00L2L2 | C72: 27520 | D72: 64 | E72: 2 | F72: 8 | G72: 1606.93 | H72: 8.6475 | I72: 45477 | J72: 0.43515046 | K72: 0 | L72: 0 | M72: 0 | N72: 0 | O72: 0 | P72: 0 | Q72: 0 | R72: 0 | S72: 0 | T72: 0 | U72: 0 | V72: 0 | W72: =W71 -> 8.642 | Y72: 3 | Z72: WR00L2L2 | AA72: 27520 | AB72: 64 | AC72: 2 | AD72: 8 | AE72: 1391.11 | AF72: 9.9891 | AG72: 45478 | AH72: 0.10189815 | AI72: 0 | AJ72: 0 | AK72: 0 | AL72: 0 | AM72: 0 | AN72: 0 | AO72: 0 | AP72: 0 | AQ72: 0 | AR72: 0 | AS72: 0 | AT72: 0 | AU72: =AU71 -> 9.99158
A73: 4 | B73: WR00L2L2 | C73: 27520 | D73: 64 | E73: 2 | F73: 8 | G73: 1607.86 | H73: 8.6425 | I73: 45477 | J73: 0.96002315 | K73: 0 | L73: 0 | M73: 0 | N73: 0 | O73: 0 | P73: 0 | Q73: 0 | R73: 0 | S73: 0 | T73: 0 | U73: 0 | V73: 0 | W73: =W72 -> 8.642 | Y73: 4 | Z73: WR00L2L2 | AA73: 27520 | AB73: 64 | AC73: 2 | AD73: 8 | AE73: 1391.04 | AF73: 9.9897 | AG73: 45478 | AH73: 0.26296296 | AI73: 0 | AJ73: 0 | AK73: 0 | AL73: 0 | AM73: 0 | AN73: 0 | AO73: 0 | AP73: 0 | AQ73: 0 | AR73: 0 | AS73: 0 | AT73: 0 | AU73: =AU72 -> 9.99158
A74: 0 | B74: WR00L2L2 | C74: 29056 | D74: 64 | E74: 2 | F74: 8 | G74: 1883.56 | H74: 8.683 | I74: 45482 | J74: 0.29225694 | K74: 0 | L74: 0 | M74: 0 | N74: 0 | O74: 0 | P74: 0 | Q74: 0 | R74: 0 | S74: 0 | T74: 0 | U74: 0 | V74: 0 | W74: =AVERAGE(H74:H78) -> 8.68862 | Y74: 0 | Z74: WR00L2L2 | AA74: 29056 | AB74: 64 | AC74: 2 | AD74: 8 | AE74: 1629.77 | AF74: 10.035 | AG74: 45477 | AH74: 0.72350694 | AI74: 0 | AJ74: 0 | AK74: 0 | AL74: 0 | AM74: 0 | AN74: 0 | AO74: 0 | AP74: 0 | AQ74: 0 | AR74: 0 | AS74: 0 | AT74: 0 | AU74: =AVERAGE(AF74:AF78) -> 10.0362
A75: 1 | B75: WR00L2L2 | C75: 29056 | D75: 64 | E75: 2 | F75: 8 | G75: 1883.02 | H75: 8.6855 | I75: 45482 | J75: 0.83297454 | K75: 0 | L75: 0 | M75: 0 | N75: 0 | O75: 0 | P75: 0 | Q75: 0 | R75: 0 | S75: 0 | T75: 0 | U75: 0 | V75: 0 | W75: =W74 -> 8.68862 | Y75: 1 | Z75: WR00L2L2 | AA75: 29056 | AB75: 64 | AC75: 2 | AD75: 8 | AE75: 1629.14 | AF75: 10.039 | AG75: 45477 | AH75: 0.88446759 | AI75: 0 | AJ75: 0 | AK75: 0 | AL75: 0 | AM75: 0 | AN75: 0 | AO75: 0 | AP75: 0 | AQ75: 0 | AR75: 0 | AS75: 0 | AT75: 0 | AU75: =AU74 -> 10.0362
A76: 2 | B76: WR00L2L2 | C76: 29056 | D76: 64 | E76: 2 | F76: 8 | G76: 1881.63 | H76: 8.6919 | I76: 45483 | J76: 0.3580787 | K76: 0 | L76: 0 | M76: 0 | N76: 0 | O76: 0 | P76: 0 | Q76: 0 | R76: 0 | S76: 0 | T76: 0 | U76: 0 | V76: 0 | W76: =W75 -> 8.68862 | Y76: 2 | Z76: WR00L2L2 | AA76: 29056 | AB76: 64 | AC76: 2 | AD76: 8 | AE76: 1629.77 | AF76: 10.035 | AG76: 45478 | AH76: 0.04556713 | AI76: 0 | AJ76: 0 | AK76: 0 | AL76: 0 | AM76: 0 | AN76: 0 | AO76: 0 | AP76: 0 | AQ76: 0 | AR76: 0 | AS76: 0 | AT76: 0 | AU76: =AU75 -> 10.0362
A77: 3 | B77: WR00L2L2 | C77: 29056 | D77: 64 | E77: 2 | F77: 8 | G77: 1882.22 | H77: 8.6892 | I77: 45477 | J77: 0.77297454 | K77: 0 | L77: 0 | M77: 0 | N77: 0 | O77: 0 | P77: 0 | Q77: 0 | R77: 0 | S77: 0 | T77: 0 | U77: 0 | V77: 0 | W77: =W76 -> 8.68862 | Y77: 3 | Z77: WR00L2L2 | AA77: 29056 | AB77: 64 | AC77: 2 | AD77: 8 | AE77: 1629.22 | AF77: 10.039 | AG77: 45478 | AH77: 0.20664352 | AI77: 0 | AJ77: 0 | AK77: 0 | AL77: 0 | AM77: 0 | AN77: 0 | AO77: 0 | AP77: 0 | AQ77: 0 | AR77: 0 | AS77: 0 | AT77: 0 | AU77: =AU76 -> 10.0362
A78: 4 | B78: WR00L2L2 | C78: 29056 | D78: 64 | E78: 2 | F78: 8 | G78: 1881.29 | H78: 8.6935 | I78: 45477 | J78: 0.66179398 | K78: 0 | L78: 0 | M78: 0 | N78: 0 | O78: 0 | P78: 0 | Q78: 0 | R78: 0 | S78: 0 | T78: 0 | U78: 0 | V78: 0 | W78: =W77 -> 8.68862 | Y78: 4 | Z78: WR00L2L2 | AA78: 29056 | AB78: 64 | AC78: 2 | AD78: 8 | AE78: 1630.07 | AF78: 10.033 | AG78: 45478 | AH78: 0.36768519 | AI78: 0 | AJ78: 0 | AK78: 0 | AL78: 0 | AM78: 0 | AN78: 0 | AO78: 0 | AP78: 0 | AQ78: 0 | AR78: 0 | AS78: 0 | AT78: 0 | AU78: =AU77 -> 10.0362
A79: 0 | B79: WR00L2L2 | C79: 25984 | D79: 64 | E79: 4 | F79: 4 | G79: 1323.99 | H79: 8.8345 | I79: 45482 | J79: 0.12956019 | K79: 0 | L79: 0 | M79: 0 | N79: 0 | O79: 0 | P79: 0 | Q79: 0 | R79: 0 | S79: 0 | T79: 0 | U79: 0 | V79: 0 | W79: =AVERAGE(H79:H83) -> 8.83902 | Y79: 0 | Z79: WR00L2L2 | AA79: 25984 | AB79: 64 | AC79: 4 | AD79: 4 | AE79: 1190.75 | AF79: 9.823 | AG79: 45477 | AH79: 0.68196759 | AI79: 0 | AJ79: 0 | AK79: 0 | AL79: 0 | AM79: 0 | AN79: 0 | AO79: 0 | AP79: 0 | AQ79: 0 | AR79: 0 | AS79: 0 | AT79: 0 | AU79: =AVERAGE(AF79:AF83) -> 9.81918
A80: 1 | B80: WR00L2L2 | C80: 25984 | D80: 64 | E80: 4 | F80: 4 | G80: 1322.63 | H80: 8.8435 | I80: 45482 | J80: 0.63871528 | K80: 0 | L80: 0 | M80: 0 | N80: 0 | O80: 0 | P80: 0 | Q80: 0 | R80: 0 | S80: 0 | T80: 0 | U80: 0 | V80: 0 | W80: =W79 -> 8.83902 | Y80: 1 | Z80: WR00L2L2 | AA80: 25984 | AB80: 64 | AC80: 4 | AD80: 4 | AE80: 1191.22 | AF80: 9.8191 | AG80: 45477 | AH80: 0.84296296 | AI80: 0 | AJ80: 0 | AK80: 0 | AL80: 0 | AM80: 0 | AN80: 0 | AO80: 0 | AP80: 0 | AQ80: 0 | AR80: 0 | AS80: 0 | AT80: 0 | AU80: =AU79 -> 9.81918
A81: 2 | B81: WR00L2L2 | C81: 25984 | D81: 64 | E81: 4 | F81: 4 | G81: 1323.72 | H81: 8.8362 | I81: 45483 | J81: 0.19542824 | K81: 0 | L81: 0 | M81: 0 | N81: 0 | O81: 0 | P81: 0 | Q81: 0 | R81: 0 | S81: 0 | T81: 0 | U81: 0 | V81: 0 | W81: =W80 -> 8.83902 | Y81: 2 | Z81: WR00L2L2 | AA81: 25984 | AB81: 64 | AC81: 4 | AD81: 4 | AE81: 1191.11 | AF81: 9.82 | AG81: 45478 | AH81: 0.0040393519 | AI81: 0 | AJ81: 0 | AK81: 0 | AL81: 0 | AM81: 0 | AN81: 0 | AO81: 0 | AP81: 0 | AQ81: 0 | AR81: 0 | AS81: 0 | AT81: 0 | AU81: =AU80 -> 9.81918
A82: 3 | B82: WR00L2L2 | C82: 25984 | D82: 64 | E82: 4 | F82: 4 | G82: 1323.36 | H82: 8.8387 | I82: 45477 | J82: 0.61039352 | K82: 0 | L82: 0 | M82: 0 | N82: 0 | O82: 0 | P82: 0 | Q82: 0 | R82: 0 | S82: 0 | T82: 0 | U82: 0 | V82: 0 | W82: =W81 -> 8.83902 | Y82: 3 | Z82: WR00L2L2 | AA82: 25984 | AB82: 64 | AC82: 4 | AD82: 4 | AE82: 1191.6 | AF82: 9.8159 | AG82: 45478 | AH82: 0.16512731 | AI82: 0 | AJ82: 0 | AK82: 0 | AL82: 0 | AM82: 0 | AN82: 0 | AO82: 0 | AP82: 0 | AQ82: 0 | AR82: 0 | AS82: 0 | AT82: 0 | AU82: =AU81 -> 9.81918
A83: 4 | B83: WR00L2L2 | C83: 25984 | D83: 64 | E83: 4 | F83: 4 | G83: 1322.84 | H83: 8.8422 | I83: 45477 | J83: 0.49934028 | K83: 0 | L83: 0 | M83: 0 | N83: 0 | O83: 0 | P83: 0 | Q83: 0 | R83: 0 | S83: 0 | T83: 0 | U83: 0 | V83: 0 | W83: =W82 -> 8.83902 | Y83: 4 | Z83: WR00L2L2 | AA83: 25984 | AB83: 64 | AC83: 4 | AD83: 4 | AE83: 1191.37 | AF83: 9.8179 | AG83: 45478 | AH83: 0.32616898 | AI83: 0 | AJ83: 0 | AK83: 0 | AL83: 0 | AM83: 0 | AN83: 0 | AO83: 0 | AP83: 0 | AQ83: 0 | AR83: 0 | AS83: 0 | AT83: 0 | AU83: =AU82 -> 9.81918
A84: 0 | B84: WR00L2L2 | C84: 27520 | D84: 64 | E84: 4 | F84: 4 | G84: 1579.01 | H84: 8.8005 | I84: 45481 | J84: 0.97284722 | K84: 0 | L84: 0 | M84: 0 | N84: 0 | O84: 0 | P84: 0 | Q84: 0 | R84: 0 | S84: 0 | T84: 0 | U84: 0 | V84: 0 | W84: =AVERAGE(H84:H88) -> 8.79942 | Y84: 0 | Z84: WR00L2L2 | AA84: 27520 | AB84: 64 | AC84: 4 | AD84: 4 | AE84: 1406.58 | AF84: 9.8792 | AG84: 45477 | AH84: 0.63653935 | AI84: 0 | AJ84: 0 | AK84: 0 | AL84: 0 | AM84: 0 | AN84: 0 | AO84: 0 | AP84: 0 | AQ84: 0 | AR84: 0 | AS84: 0 | AT84: 0 | AU84: =AVERAGE(AF84:AF88) -> 9.87928
A85: 1 | B85: WR00L2L2 | C85: 27520 | D85: 64 | E85: 4 | F85: 4 | G85: 1579.22 | H85: 8.7993 | I85: 45482 | J85: 0.48203704 | K85: 0 | L85: 0 | M85: 0 | N85: 0 | O85: 0 | P85: 0 | Q85: 0 | R85: 0 | S85: 0 | T85: 0 | U85: 0 | V85: 0 | W85: =W84 -> 8.79942 | Y85: 1 | Z85: WR00L2L2 | AA85: 27520 | AB85: 64 | AC85: 4 | AD85: 4 | AE85: 1406.43 | AF85: 9.8803 | AG85: 45477 | AH85: 0.79755787 | AI85: 0 | AJ85: 0 | AK85: 0 | AL85: 0 | AM85: 0 | AN85: 0 | AO85: 0 | AP85: 0 | AQ85: 0 | AR85: 0 | AS85: 0 | AT85: 0 | AU85: =AU84 -> 9.87928
A86: 2 | B86: WR00L2L2 | C86: 27520 | D86: 64 | E86: 4 | F86: 4 | G86: 1580.11 | H86: 8.7943 | I86: 45483 | J86: 0.038738426 | K86: 0 | L86: 0 | M86: 0 | N86: 0 | O86: 0 | P86: 0 | Q86: 0 | R86: 0 | S86: 0 | T86: 0 | U86: 0 | V86: 0 | W86: =W85 -> 8.79942 | Y86: 2 | Z86: WR00L2L2 | AA86: 27520 | AB86: 64 | AC86: 4 | AD86: 4 | AE86: 1407.51 | AF86: 9.8727 | AG86: 45477 | AH86: 0.95862269 | AI86: 0 | AJ86: 0 | AK86: 0 | AL86: 0 | AM86: 0 | AN86: 0 | AO86: 0 | AP86: 0 | AQ86: 0 | AR86: 0 | AS86: 0 | AT86: 0 | AU86: =AU85 -> 9.87928
A87: 3 | B87: WR00L2L2 | C87: 27520 | D87: 64 | E87: 4 | F87: 4 | G87: 1578.84 | H87: 8.8014 | I87: 45477 | J87: 0.45377315 | K87: 0 | L87: 0 | M87: 0 | N87: 0 | O87: 0 | P87: 0 | Q87: 0 | R87: 0 | S87: 0 | T87: 0 | U87: 0 | V87: 0 | W87: =W86 -> 8.79942 | Y87: 3 | Z87: WR00L2L2 | AA87: 27520 | AB87: 64 | AC87: 4 | AD87: 4 | AE87: 1405.49 | AF87: 9.8869 | AG87: 45478 | AH87: 0.11967593 | AI87: 0 | AJ87: 0 | AK87: 0 | AL87: 0 | AM87: 0 | AN87: 0 | AO87: 0 | AP87: 0 | AQ87: 0 | AR87: 0 | AS87: 0 | AT87: 0 | AU87: =AU86 -> 9.87928
A88: 4 | B88: WR00L2L2 | C88: 27520 | D88: 64 | E88: 4 | F88: 4 | G88: 1578.8 | H88: 8.8016 | I88: 45477 | J88: 0.97864583 | K88: 0 | L88: 0 | M88: 0 | N88: 0 | O88: 0 | P88: 0 | Q88: 0 | R88: 0 | S88: 0 | T88: 0 | U88: 0 | V88: 0 | W88: =W87 -> 8.79942 | Y88: 4 | Z88: WR00L2L2 | AA88: 27520 | AB88: 64 | AC88: 4 | AD88: 4 | AE88: 1406.86 | AF88: 9.8773 | AG88: 45478 | AH88: 0.28075231 | AI88: 0 | AJ88: 0 | AK88: 0 | AL88: 0 | AM88: 0 | AN88: 0 | AO88: 0 | AP88: 0 | AQ88: 0 | AR88: 0 | AS88: 0 | AT88: 0 | AU88: =AU87 -> 9.87928
A89: 0 | B89: WR00L2L2 | C89: 29056 | D89: 64 | E89: 4 | F89: 4 | G89: 1832.8 | H89: 8.9235 | I89: 45482 | J89: 0.31385417 | K89: 0 | L89: 0 | M89: 0 | N89: 0 | O89: 0 | P89: 0 | Q89: 0 | R89: 0 | S89: 0 | T89: 0 | U89: 0 | V89: 0 | W89: =AVERAGE(H89:H93) -> 8.92582 | Y89: 0 | Z89: WR00L2L2 | AA89: 29056 | AB89: 64 | AC89: 4 | AD89: 4 | AE89: 1645.13 | AF89: 9.9414 | AG89: 45477 | AH89: 0.74421296 | AI89: 0 | AJ89: 0 | AK89: 0 | AL89: 0 | AM89: 0 | AN89: 0 | AO89: 0 | AP89: 0 | AQ89: 0 | AR89: 0 | AS89: 0 | AT89: 0 | AU89: =AVERAGE(AF89:AF93) -> 9.93932
A90: 1 | B90: WR00L2L2 | C90: 29056 | D90: 64 | E90: 4 | F90: 4 | G90: 1833.1 | H90: 8.922 | I90: 45482 | J90: 0.85457176 | K90: 0 | L90: 0 | M90: 0 | N90: 0 | O90: 0 | P90: 0 | Q90: 0 | R90: 0 | S90: 0 | T90: 0 | U90: 0 | V90: 0 | W90: =W89 -> 8.92582 | Y90: 1 | Z90: WR00L2L2 | AA90: 29056 | AB90: 64 | AC90: 4 | AD90: 4 | AE90: 1647.26 | AF90: 9.9286 | AG90: 45477 | AH90: 0.90520833 | AI90: 0 | AJ90: 0 | AK90: 0 | AL90: 0 | AM90: 0 | AN90: 0 | AO90: 0 | AP90: 0 | AQ90: 0 | AR90: 0 | AS90: 0 | AT90: 0 | AU90: =AU89 -> 9.93932
A91: 2 | B91: WR00L2L2 | C91: 29056 | D91: 64 | E91: 4 | F91: 4 | G91: 1833 | H91: 8.9225 | I91: 45483 | J91: 0.37966435 | K91: 0 | L91: 0 | M91: 0 | N91: 0 | O91: 0 | P91: 0 | Q91: 0 | R91: 0 | S91: 0 | T91: 0 | U91: 0 | V91: 0 | W91: =W90 -> 8.92582 | Y91: 2 | Z91: WR00L2L2 | AA91: 29056 | AB91: 64 | AC91: 4 | AD91: 4 | AE91: 1645.89 | AF91: 9.9369 | AG91: 45478 | AH91: 0.066284722 | AI91: 0 | AJ91: 0 | AK91: 0 | AL91: 0 | AM91: 0 | AN91: 0 | AO91: 0 | AP91: 0 | AQ91: 0 | AR91: 0 | AS91: 0 | AT91: 0 | AU91: =AU90 -> 9.93932
A92: 3 | B92: WR00L2L2 | C92: 29056 | D92: 64 | E92: 4 | F92: 4 | G92: 1831.19 | H92: 8.9313 | I92: 45477 | J92: 0.79454861 | K92: 0 | L92: 0 | M92: 0 | N92: 0 | O92: 0 | P92: 0 | Q92: 0 | R92: 0 | S92: 0 | T92: 0 | U92: 0 | V92: 0 | W92: =W91 -> 8.92582 | Y92: 3 | Z92: WR00L2L2 | AA92: 29056 | AB92: 64 | AC92: 4 | AD92: 4 | AE92: 1644.57 | AF92: 9.9448 | AG92: 45478 | AH92: 0.22734954 | AI92: 0 | AJ92: 0 | AK92: 0 | AL92: 0 | AM92: 0 | AN92: 0 | AO92: 0 | AP92: 0 | AQ92: 0 | AR92: 0 | AS92: 0 | AT92: 0 | AU92: =AU91 -> 9.93932
A93: 4 | B93: WR00L2L2 | C93: 29056 | D93: 64 | E93: 4 | F93: 4 | G93: 1831.5 | H93: 8.9298 | I93: 45477 | J93: 0.68336806 | K93: 0 | L93: 0 | M93: 0 | N93: 0 | O93: 0 | P93: 0 | Q93: 0 | R93: 0 | S93: 0 | T93: 0 | U93: 0 | V93: 0 | W93: =W92 -> 8.92582 | Y93: 4 | Z93: WR00L2L2 | AA93: 29056 | AB93: 64 | AC93: 4 | AD93: 4 | AE93: 1644.55 | AF93: 9.9449 | AG93: 45478 | AH93: 0.3883912 | AI93: 0 | AJ93: 0 | AK93: 0 | AL93: 0 | AM93: 0 | AN93: 0 | AO93: 0 | AP93: 0 | AQ93: 0 | AR93: 0 | AS93: 0 | AT93: 0 | AU93: =AU92 -> 9.93932
A94: 0 | B94: WR00L2L2 | C94: 25920 | D94: 96 | E94: 1 | F94: 16 | G94: 1372.88 | H94: 8.4571 | I94: 45320 | J94: 0.62883102 | K94: 0 | L94: 0 | M94: 0 | N94: 0 | O94: 0 | P94: 0 | Q94: 0 | R94: 0 | S94: 0 | T94: 0 | U94: 0 | V94: 0 | W94: =AVERAGE(H364:H368) -> 8.93544 | Y94: 0 | Z94: WR00L2L2 | AA94: 25920 | AB94: 96 | AC94: 1 | AD94: 16 | AE94: 1219.67 | AF94: 9.5194 | AG94: 45320 | AH94: 0.022916667 | AI94: 0 | AJ94: 0 | AK94: 0 | AL94: 0 | AM94: 0 | AN94: 0 | AO94: 0 | AP94: 0 | AQ94: 0 | AR94: 0 | AS94: 0 | AT94: 0 | AU94: =AVERAGE(AF94:AF98) -> 9.50758
A95: 1 | B95: WR00L2L2 | C95: 25920 | D95: 96 | E95: 1 | F95: 16 | G95: 1373.73 | H95: 8.4518 | I95: 45321 | J95: 0.49868056 | K95: 0 | L95: 0 | M95: 0 | N95: 0 | O95: 0 | P95: 0 | Q95: 0 | R95: 0 | S95: 0 | T95: 0 | U95: 0 | V95: 0 | W95: =W94 -> 8.93544 | Y95: 1 | Z95: WR00L2L2 | AA95: 25920 | AB95: 96 | AC95: 1 | AD95: 16 | AE95: 1221.78 | AF95: 9.5029 | AG95: 45320 | AH95: 0.95018519 | AI95: 0 | AJ95: 0 | AK95: 0 | AL95: 0 | AM95: 0 | AN95: 0 | AO95: 0 | AP95: 0 | AQ95: 0 | AR95: 0 | AS95: 0 | AT95: 0 | AU95: =AU94 -> 9.50758
A96: 2 | B96: WR00L2L2 | C96: 25920 | D96: 96 | E96: 1 | F96: 16 | G96: 1373.11 | H96: 8.4556 | I96: 45322 | J96: 0.36855324 | K96: 0 | L96: 0 | M96: 0 | N96: 0 | O96: 0 | P96: 0 | Q96: 0 | R96: 0 | S96: 0 | T96: 0 | U96: 0 | V96: 0 | W96: =W95 -> 8.93544 | Y96: 2 | Z96: WR00L2L2 | AA96: 25920 | AB96: 96 | AC96: 1 | AD96: 16 | AE96: 1220.55 | AF96: 9.5125 | AG96: 45321 | AH96: 0.78375 | AI96: 0 | AJ96: 0 | AK96: 0 | AL96: 0 | AM96: 0 | AN96: 0 | AO96: 0 | AP96: 0 | AQ96: 0 | AR96: 0 | AS96: 0 | AT96: 0 | AU96: =AU95 -> 9.50758
A97: 3 | B97: WR00L2L2 | C97: 25920 | D97: 96 | E97: 1 | F97: 16 | G97: 1373.28 | H97: 8.4546 | I97: 45323 | J97: 0.22538194 | K97: 0 | L97: 0 | M97: 0 | N97: 0 | O97: 0 | P97: 0 | Q97: 0 | R97: 0 | S97: 0 | T97: 0 | U97: 0 | V97: 0 | W97: =W96 -> 8.93544 | Y97: 3 | Z97: WR00L2L2 | AA97: 25920 | AB97: 96 | AC97: 1 | AD97: 16 | AE97: 1220.62 | AF97: 9.512 | AG97: 45322 | AH97: 0.61767361 | AI97: 0 | AJ97: 0 | AK97: 0 | AL97: 0 | AM97: 0 | AN97: 0 | AO97: 0 | AP97: 0 | AQ97: 0 | AR97: 0 | AS97: 0 | AT97: 0 | AU97: =AU96 -> 9.50758
A98: 4 | B98: WR00L2L2 | C98: 25920 | D98: 96 | E98: 1 | F98: 16 | G98: 1373.52 | H98: 8.4531 | I98: 45318 | J98: 0.32869213 | K98: 0 | L98: 0 | M98: 0 | N98: 0 | O98: 0 | P98: 0 | Q98: 0 | R98: 0 | S98: 0 | T98: 0 | U98: 0 | V98: 0 | W98: =W97 -> 8.93544 | Y98: 4 | Z98: WR00L2L2 | AA98: 25920 | AB98: 96 | AC98: 1 | AD98: 16 | AE98: 1223.3 | AF98: 9.4911 | AG98: 45323 | AH98: 0.45180556 | AI98: 0 | AJ98: 0 | AK98: 0 | AL98: 0 | AM98: 0 | AN98: 0 | AO98: 0 | AP98: 0 | AQ98: 0 | AR98: 0 | AS98: 0 | AT98: 0 | AU98: =AU97 -> 9.50758
A99: 0 | B99: WR00L2L2 | C99: 27456 | D99: 96 | E99: 1 | F99: 16 | G99: 1620.76 | H99: 8.5141 | I99: 45320 | J99: 0.37019676 | K99: 0 | L99: 0 | M99: 0 | N99: 0 | O99: 0 | P99: 0 | Q99: 0 | R99: 0 | S99: 0 | T99: 0 | U99: 0 | V99: 0 | W99: =AVERAGE(H369:H373) -> 8.9263 | Y99: 0 | Z99: WR00L2L2 | AA99: 27456 | AB99: 96 | AC99: 1 | AD99: 16 | AE99: 1440.17 | AF99: 9.5817 | AG99: 45319 | AH99: 0.77451389 | AI99: 0 | AJ99: 0 | AK99: 0 | AL99: 0 | AM99: 0 | AN99: 0 | AO99: 0 | AP99: 0 | AQ99: 0 | AR99: 0 | AS99: 0 | AT99: 0 | AU99: =AVERAGE(AF99:AF103) -> 9.5727
A100: 1 | B100: WR00L2L2 | C100: 27456 | D100: 96 | E100: 1 | F100: 16 | G100: 1620.22 | H100: 8.5169 | I100: 45321 | J100: 0.24003472 | K100: 0 | L100: 0 | M100: 0 | N100: 0 | O100: 0 | P100: 0 | Q100: 0 | R100: 0 | S100: 0 | T100: 0 | U100: 0 | V100: 0 | W100: =W99 -> 8.9263 | Y100: 1 | Z100: WR00L2L2 | AA100: 27456 | AB100: 96 | AC100: 1 | AD100: 16 | AE100: 1441.83 | AF100: 9.5707 | AG100: 45320 | AH100: 0.70157407 | AI100: 0 | AJ100: 0 | AK100: 0 | AL100: 0 | AM100: 0 | AN100: 0 | AO100: 0 | AP100: 0 | AQ100: 0 | AR100: 0 | AS100: 0 | AT100: 0 | AU100: =AU99 -> 9.5727
...

Sheet 933 params
B1: ATLAS - small | I1: OpenBLAS
B2: =INDEX(B4:B500,MATCH(MAX(F4:F500),F4:F500,0)) -> 28992 | C2: =INDEX(C4:C500,MATCH(MAX(F4:F500),F4:F500,0)) -> 96 | D2: =INDEX(D4:D500,MATCH(MAX(F4:F500),F4:F500,0)) -> 2 | E2: =INDEX(E4:E500,MATCH(MAX(F4:F500),F4:F500,0)) -> 8 | F2: =MAX(F4:F500) -> 9.02122 | I2: =INDEX(I4:I500,MATCH(MAX(M4:M500),M4:M500,0)) -> 29056 | J2: =INDEX(J4:J500,MATCH(MAX(M4:M500),M4:M500,0)) -> 64 | K2: =INDEX(K4:K500,MATCH(MAX(M4:M500),M4:M500,0)) -> 2 | L2: =INDEX(L4:L500,MATCH(MAX(M4:M500),M4:M500,0)) -> 8 | M2: =MAX(M4:M500) -> 10.039
A3: N (round) | B3: N | C3: NB | D3: P | E3: Q | F3: Average GFLOP/s | H3: N (round) | I3: N | J3: NB | K3: P | L3: Q | M3: Average GFLOP/s
A4: =CHOOSE(IF(ABS(B4-25984) <= ABS(B4-27520),IF(ABS(B4-25984) <= ABS(B4-29056),1,3),IF(ABS(B4-27520) <= ABS(B4-29056),2,3)),25984,27520,29056) -> 25984 | B4: {=_xlfn.CHOOSECOLS(_xlfn._xlws.FILTER('933 params, RAW'!A4:W410,'933 params, RAW'!A4:A410=0),3,4,5,6,23)} -> 25984 | C4: 32 | D4: 1 | E4: 16 | F4: 8.57764 | H4: =CHOOSE(IF(ABS(I4-25984) <= ABS(I4-27520),IF(ABS(I4-25984) <= ABS(I4-29056),1,3),IF(ABS(I4-27520) <= ABS(I4-29056),2,3)),25984,27520,29056) -> 25984 | I4: {=_xlfn.CHOOSECOLS(_xlfn._xlws.FILTER('933 params, RAW'!Y4:AU500,'933 params, RAW'!Y4:Y500=0),3,4,5,6,23)} -> 25984 | J4: 32 | K4: 1 | L4: 16 | M4: 9.51508
A5: =CHOOSE(IF(ABS(B5-25984) <= ABS(B5-27520),IF(ABS(B5-25984) <= ABS(B5-29056),1,3),IF(ABS(B5-27520) <= ABS(B5-29056),2,3)),25984,27520,29056) -> 27520 | B5: 27520 | C5: 32 | D5: 1 | E5: 16 | F5: 8.58208 | H5: =CHOOSE(IF(ABS(I5-25984) <= ABS(I5-27520),IF(ABS(I5-25984) <= ABS(I5-29056),1,3),IF(ABS(I5-27520) <= ABS(I5-29056),2,3)),25984,27520,29056) -> 27520 | I5: 27520 | J5: 32 | K5: 1 | L5: 16 | M5: 9.54286
A6: =CHOOSE(IF(ABS(B6-25984) <= ABS(B6-27520),IF(ABS(B6-25984) <= ABS(B6-29056),1,3),IF(ABS(B6-27520) <= ABS(B6-29056),2,3)),25984,27520,29056) -> 29056 | B6: 29056 | C6: 32 | D6: 1 | E6: 16 | F6: 8.64986 | H6: =CHOOSE(IF(ABS(I6-25984) <= ABS(I6-27520),IF(ABS(I6-25984) <= ABS(I6-29056),1,3),IF(ABS(I6-27520) <= ABS(I6-29056),2,3)),25984,27520,29056) -> 29056 | I6: 29056 | J6: 32 | K6: 1 | L6: 16 | M6: 9.58884
A7: =CHOOSE(IF(ABS(B7-25984) <= ABS(B7-27520),IF(ABS(B7-25984) <= ABS(B7-29056),1,3),IF(ABS(B7-27520) <= ABS(B7-29056),2,3)),25984,27520,29056) -> 25984 | B7: 25984 | C7: 32 | D7: 2 | E7: 8 | F7: 8.72676 | H7: =CHOOSE(IF(ABS(I7-25984) <= ABS(I7-27520),IF(ABS(I7-25984) <= ABS(I7-29056),1,3),IF(ABS(I7-27520) <= ABS(I7-29056),2,3)),25984,27520,29056) -> 25984 | I7: 25984 | J7: 32 | K7: 2 | L7: 8 | M7: 9.57026
A8: =CHOOSE(IF(ABS(B8-25984) <= ABS(B8-27520),IF(ABS(B8-25984) <= ABS(B8-29056),1,3),IF(ABS(B8-27520) <= ABS(B8-29056),2,3)),25984,27520,29056) -> 27520 | B8: 27520 | C8: 32 | D8: 2 | E8: 8 | F8: 8.7489 | H8: =CHOOSE(IF(ABS(I8-25984) <= ABS(I8-27520),IF(ABS(I8-25984) <= ABS(I8-29056),1,3),IF(ABS(I8-27520) <= ABS(I8-29056),2,3)),25984,27520,29056) -> 27520 | I8: 27520 | J8: 32 | K8: 2 | L8: 8 | M8: 9.61962
A9: =CHOOSE(IF(ABS(B9-25984) <= ABS(B9-27520),IF(ABS(B9-25984) <= ABS(B9-29056),1,3),IF(ABS(B9-27520) <= ABS(B9-29056),2,3)),25984,27520,29056) -> 29056 | B9: 29056 | C9: 32 | D9: 2 | E9: 8 | F9: 8.78732 | H9: =CHOOSE(IF(ABS(I9-25984) <= ABS(I9-27520),IF(ABS(I9-25984) <= ABS(I9-29056),1,3),IF(ABS(I9-27520) <= ABS(I9-29056),2,3)),25984,27520,29056) -> 29056 | I9: 29056 | J9: 32 | K9: 2 | L9: 8 | M9: 9.65866
A10: =CHOOSE(IF(ABS(B10-25984) <= ABS(B10-27520),IF(ABS(B10-25984) <= ABS(B10-29056),1,3),IF(ABS(B10-27520) <= ABS(B10-29056),2,3)),25984,27520,29056) -> 25984 | B10: 25984 | C10: 32 | D10: 4 | E10: 4 | F10: 8.6367 | H10: =CHOOSE(IF(ABS(I10-25984) <= ABS(I10-27520),IF(ABS(I10-25984) <= ABS(I10-29056),1,3),IF(ABS(I10-27520) <= ABS(I10-29056),2,3)),25984,27520,29056) -> 25984 | I10: 25984 | J10: 32 | K10: 4 | L10: 4 | M10: 9.43108
A11: =CHOOSE(IF(ABS(B11-25984) <= ABS(B11-27520),IF(ABS(B11-25984) <= ABS(B11-29056),1,3),IF(ABS(B11-27520) <= ABS(B11-29056),2,3)),25984,27520,29056) -> 27520 | B11: 27520 | C11: 32 | D11: 4 | E11: 4 | F11: 8.68562 | H11: =CHOOSE(IF(ABS(I11-25984) <= ABS(I11-27520),IF(ABS(I11-25984) <= ABS(I11-29056),1,3),IF(ABS(I11-27520) <= ABS(I11-29056),2,3)),25984,27520,29056) -> 27520 | I11: 27520 | J11: 32 | K11: 4 | L11: 4 | M11: 9.48626
A12: =CHOOSE(IF(ABS(B12-25984) <= ABS(B12-27520),IF(ABS(B12-25984) <= ABS(B12-29056),1,3),IF(ABS(B12-27520) <= ABS(B12-29056),2,3)),25984,27520,29056) -> 29056 | B12: 29056 | C12: 32 | D12: 4 | E12: 4 | F12: 8.72512 | H12: =CHOOSE(IF(ABS(I12-25984) <= ABS(I12-27520),IF(ABS(I12-25984) <= ABS(I12-29056),1,3),IF(ABS(I12-27520) <= ABS(I12-29056),2,3)),25984,27520,29056) -> 29056 | I12: 29056 | J12: 32 | K12: 4 | L12: 4 | M12: 9.53514
A13: =CHOOSE(IF(ABS(B13-25984) <= ABS(B13-27520),IF(ABS(B13-25984) <= ABS(B13-29056),1,3),IF(ABS(B13-27520) <= ABS(B13-29056),2,3)),25984,27520,29056) -> 25984 | B13: 25984 | C13: 64 | D13: 1 | E13: 16 | F13: 8.35836 | H13: =CHOOSE(IF(ABS(I13-25984) <= ABS(I13-27520),IF(ABS(I13-25984) <= ABS(I13-29056),1,3),IF(ABS(I13-27520) <= ABS(I13-29056),2,3)),25984,27520,29056) -> 25984 | I13: 25984 | J13: 64 | K13: 1 | L13: 16 | M13: 9.7087
A14: =CHOOSE(IF(ABS(B14-25984) <= ABS(B14-27520),IF(ABS(B14-25984) <= ABS(B14-29056),1,3),IF(ABS(B14-27520) <= ABS(B14-29056),2,3)),25984,27520,29056) -> 27520 | B14: 27520 | C14: 64 | D14: 1 | E14: 16 | F14: 8.3761 | H14: =CHOOSE(IF(ABS(I14-25984) <= ABS(I14-27520),IF(ABS(I14-25984) <= ABS(I14-29056),1,3),IF(ABS(I14-27520) <= ABS(I14-29056),2,3)),25984,27520,29056) -> 27520 | I14: 27520 | J14: 64 | K14: 1 | L14: 16 | M14: 9.74818
A15: =CHOOSE(IF(ABS(B15-25984) <= ABS(B15-27520),IF(ABS(B15-25984) <= ABS(B15-29056),1,3),IF(ABS(B15-27520) <= ABS(B15-29056),2,3)),25984,27520,29056) -> 29056 | B15: 29056 | C15: 64 | D15: 1 | E15: 16 | F15: 8.45058 | H15: =CHOOSE(IF(ABS(I15-25984) <= ABS(I15-27520),IF(ABS(I15-25984) <= ABS(I15-29056),1,3),IF(ABS(I15-27520) <= ABS(I15-29056),2,3)),25984,27520,29056) -> 29056 | I15: 29056 | J15: 64 | K15: 1 | L15: 16 | M15: 9.81322
A16: =CHOOSE(IF(ABS(B16-25984) <= ABS(B16-27520),IF(ABS(B16-25984) <= ABS(B16-29056),1,3),IF(ABS(B16-27520) <= ABS(B16-29056),2,3)),25984,27520,29056) -> 25984 | B16: 25984 | C16: 64 | D16: 2 | E16: 8 | F16: 8.61652 | H16: =CHOOSE(IF(ABS(I16-25984) <= ABS(I16-27520),IF(ABS(I16-25984) <= ABS(I16-29056),1,3),IF(ABS(I16-27520) <= ABS(I16-29056),2,3)),25984,27520,29056) -> 25984 | I16: 25984 | J16: 64 | K16: 2 | L16: 8 | M16: 9.93448
... A86: =CHOOSE(IF(ABS(B86-25984) <= ABS(B86-27520),IF(ABS(B86-25984) <= ABS(B86-29056),1,3),IF(ABS(B86-27520) <= ABS(B86-29056),2,3)),25984,27520,29056) -> 25984 | B86: 0 | C86: 0 | D86: 0 | E86: 0 | F86: 0 | H86: =CHOOSE(IF(ABS(I86-25984) <= ABS(I86-27520),IF(ABS(I86-25984) <= ABS(I86-29056),1,3),IF(ABS(I86-27520) <= ABS(I86-29056),2,3)),25984,27520,29056) -> 25984 | I86: 0 | J86: 0 | K86: 0 | L86: 0 | M86: 0
H87: =CHOOSE(IF(ABS(I87-25984) <= ABS(I87-27520),IF(ABS(I87-25984) <= ABS(I87-29056),1,3),IF(ABS(I87-27520) <= ABS(I87-29056),2,3)),25984,27520,29056) -> 25984 | I87: 0 | J87: 0 | K87: 0 | L87: 0 | M87: 0
H88: =CHOOSE(IF(ABS(I88-25984) <= ABS(I88-27520),IF(ABS(I88-25984) <= ABS(I88-29056),1,3),IF(ABS(I88-27520) <= ABS(I88-29056),2,3)),25984,27520,29056) -> 25984 | I88: 0 | J88: 0 | K88: 0 | L88: 0 | M88: 0
H89: =CHOOSE(IF(ABS(I89-25984) <= ABS(I89-27520),IF(ABS(I89-25984) <= ABS(I89-29056),1,3),IF(ABS(I89-27520) <= ABS(I89-29056),2,3)),25984,27520,29056) -> 25984 | I89: 0 | J89: 0 | K89: 0 | L89: 0 | M89: 0
H90: =CHOOSE(IF(ABS(I90-25984) <= ABS(I90-27520),IF(ABS(I90-25984) <= ABS(I90-29056),1,3),IF(ABS(I90-27520) <= ABS(I90-29056),2,3)),25984,27520,29056) -> 25984 | I90: 0 | J90: 0 | K90: 0 | L90: 0 | M90: 0
H91: =CHOOSE(IF(ABS(I91-25984) <= ABS(I91-27520),IF(ABS(I91-25984) <= ABS(I91-29056),1,3),IF(ABS(I91-27520) <= ABS(I91-29056),2,3)),25984,27520,29056) -> 25984 | I91: 0 | J91: 0 | K91: 0 | L91: 0 | M91: 0
H92: =CHOOSE(IF(ABS(I92-25984) <= ABS(I92-27520),IF(ABS(I92-25984) <= ABS(I92-29056),1,3),IF(ABS(I92-27520) <= ABS(I92-29056),2,3)),25984,27520,29056) -> 25984 | I92: 0 | J92: 0 | K92: 0 | L92: 0 | M92: 0
H93: =CHOOSE(IF(ABS(I93-25984) <= ABS(I93-27520),IF(ABS(I93-25984) <= ABS(I93-29056),1,3),IF(ABS(I93-27520) <= ABS(I93-29056),2,3)),25984,27520,29056) -> 25984 | I93: 0 | J93: 0 | K93: 0 | L93: 0 | M93: 0
H94: =CHOOSE(IF(ABS(I94-25984) <= ABS(I94-27520),IF(ABS(I94-25984) <= ABS(I94-29056),1,3),IF(ABS(I94-27520) <= ABS(I94-29056),2,3)),25984,27520,29056) -> 25984 | I94: 0 | J94: 0 | K94: 0 | L94: 0 | M94: 0
H95: =CHOOSE(IF(ABS(I95-25984) <= ABS(I95-27520),IF(ABS(I95-25984) <= ABS(I95-29056),1,3),IF(ABS(I95-27520) <= ABS(I95-29056),2,3)),25984,27520,29056) -> 25984 | I95: 0 | J95: 0 | K95: 0 | L95: 0 | M95: 0
H96: =CHOOSE(IF(ABS(I96-25984) <= ABS(I96-27520),IF(ABS(I96-25984) <= ABS(I96-29056),1,3),IF(ABS(I96-27520) <= ABS(I96-29056),2,3)),25984,27520,29056) -> 25984 | I96: 0 | J96: 0 | K96: 0 | L96: 0 | M96: 0
H97: =CHOOSE(IF(ABS(I97-25984) <= ABS(I97-27520),IF(ABS(I97-25984) <= ABS(I97-29056),1,3),IF(ABS(I97-27520) <= ABS(I97-29056),2,3)),25984,27520,29056) -> 25984 | I97: 0 | J97: 0 | K97: 0 | L97: 0 | M97: 0
H98: =CHOOSE(IF(ABS(I98-25984) <= ABS(I98-27520),IF(ABS(I98-25984) <= ABS(I98-29056),1,3),IF(ABS(I98-27520) <= ABS(I98-29056),2,3)),25984,27520,29056) -> 25984 | I98: 0 | J98: 0 | K98: 0 | L98: 0 | M98: 0
... H176: =CHOOSE(IF(ABS(I176-25984) <= ABS(I176-27520),IF(ABS(I176-25984) <= ABS(I176-29056),1,3),IF(ABS(I176-27520) <= ABS(I176-29056),2,3)),25984,27520,29056) -> 25984 | I176: 0 | J176: 0 | K176: 0 | L176: 0 | M176: 0

Sheet 825 params, RAW
A1: Max avg. GFLOPS (and params): | E1: =MAX(W:W) -> 9.94182 | F1: =INDEX(C:C,MATCH(MAX($W:$W),$W:$W,0)) -> 29056 | G1: =INDEX(D:D,MATCH(MAX($W:$W),$W:$W,0)) -> 64 | H1: =INDEX(E:E,MATCH(MAX($W:$W),$W:$W,0)) -> 2 | I1: =INDEX(F:F,MATCH(MAX($W:$W),$W:$W,0)) -> 8 | L1: OpenBLAS | Y1: Max avg. GFLOPS (and params): | AC1: =MAX(AU$1:AU$430) -> 8.82502 | AD1: =INDEX(AA$1:AA$430,MATCH(MAX($AU$1:$AU$430),$AU$1:$AU$430,0)) -> 28992 | AE1: =INDEX(AB$1:AB$430,MATCH(MAX($AU$1:$AU$430),$AU$1:$AU$430,0)) -> 96 | AF1: =INDEX(AC$1:AC$430,MATCH(MAX($AU$1:$AU$430),$AU$1:$AU$430,0)) -> 4 | AG1: =INDEX(AD$1:AD$430,MATCH(MAX($AU$1:$AU$430),$AU$1:$AU$430,0)) -> 4 | AJ1: ATLAS
A2: MAX GFLOPS: | C2: =MAX(H:H) -> 9.9545 | K2: Odroid10 throttling time [1/100s] | N2: Odroid11 throttling time [1/100s] | Q2: Odroid12 throttling time [1/100s] | T2: Odroid13 throttling time [1/100s] | Y2: MAX GFLOPS: | AA2: =MAX(AF$1:AF$430) -> 8.8947 | AI2: Odroid10 throttling time [1/100s] | AL2: Odroid11 throttling time [1/100s] | AO2: Odroid12 throttling time [1/100s] | AR2: Odroid13 throttling time [1/100s]
A3: RUN | C3: N | D3: NB | E3: P | F3: Q | G3: Time | H3: GFLOPS | I3: Date | J3: Time | K3: 1700MHz | L3: 1800MHz | M3: 1900MHz | N3: 1700MHz | O3: 1800MHz | P3: 1900MHz | Q3: 1700MHz | R3: 1800MHz | S3: 1900MHz | T3: 1700MHz | U3: 1800MHz | V3: 1900MHz | Y3: RUN | AA3: N | AB3: NB | AC3: P | AD3: Q | AE3: Time | AF3: GFLOPS | AG3: Date | AH3: Time | AI3: 1700MHz | AJ3: 1800MHz | AK3: 1900MHz | AL3: 1700MHz | AM3: 1800MHz | AN3: 1900MHz | AO3: 1700MHz | AP3: 1800MHz | AQ3: 1900MHz | AR3: 1700MHz | AS3: 1800MHz | AT3: 1900MHz
A4: 0 | B4: WR00L2L2 | C4: 25984 | D4: 32 | E4: 1 | F4: 16 | G4: 1243.19 | H4: 9.4086 | I4: 45477 | J4: 0.60111111 | K4: 0 | L4: 0 | M4: 0 | N4: 0 | O4: 0 | P4: 0 | Q4: 0 | R4: 0 | S4: 0 | T4: 0 | U4: 0 | V4: 0 | W4: =AVERAGE(H4:H8) -> 9.40384 | Y4: 0 | Z4: WR00L2L2 | AA4: 25984 | AB4: 32 | AC4: 1 | AD4: 16 | AE4: 1383.64 | AF4: 8.4536 | AG4: 45477 | AH4: 0.61025463 | AI4: 0 | AJ4: 0 | AK4: 0 | AL4: 0 | AM4: 0 | AN4: 0 | AO4: 0 | AP4: 0 | AQ4: 0 | AR4: 0 | AS4: 0 | AT4: 0 | AU4: =AVERAGE(AF4:AF8) -> 8.44925
A5: 1 | B5: WR00L2L2 | C5: 25984 | D5: 32 | E5: 1 | F5: 16 | G5: 1244.56 | H5: 9.3983 | I5: 45478 | J5: 0.10706019 | K5: 0 | L5: 0 | M5: 0 | N5: 0 | O5: 0 | P5: 0 | Q5: 0 | R5: 0 | S5: 0 | T5: 0 | U5: 0 | V5: 0 | W5: =W4 -> 9.40384 | Y5: 1 | Z5: WR00L2L2 | AA5: 25984 | AB5: 32 | AC5: 1 | AD5: 16 | AE5: 1384.5 | AF5: 8.4483 | AG5: 45478 | AH5: 0.14212963 | AI5: 0 | AJ5: 0 | AK5: 0 | AL5: 0 | AM5: 0 | AN5: 0 | AO5: 0 | AP5: 0 | AQ5: 0 | AR5: 0 | AS5: 0 | AT5: 0 | AU5: =AU4 -> 8.44925
A6: 2 | B6: WR00L2L2 | C6: 25984 | D6: 32 | E6: 1 | F6: 16 | G6: 1244.12 | H6: 9.4016 | I6: 45478 | J6: 0.61311343 | K6: 0 | L6: 0 | M6: 0 | N6: 0 | O6: 0 | P6: 0 | Q6: 0 | R6: 0 | S6: 0 | T6: 0 | U6: 0 | V6: 0 | W6: =W5 -> 9.40384 | Y6: 2 | Z6: WR00L2L2 | AA6: 25984 | AB6: 32 | AC6: 1 | AD6: 16 | AE6: 1385.1 | AF6: 8.4447 | AG6: 45478 | AH6: 0.6741088 | AI6: 0 | AJ6: 0 | AK6: 0 | AL6: 0 | AM6: 0 | AN6: 0 | AO6: 0 | AP6: 0 | AQ6: 0 | AR6: 0 | AS6: 0 | AT6: 0 | AU6: =AU5 -> 8.44925
A7: 3 | B7: WR00L2L2 | C7: 25984 | D7: 32 | E7: 1 | F7: 16 | G7: 1243.53 | H7: 9.4061 | I7: 45479 | J7: 0.11931713 | K7: 0 | L7: 0 | M7: 0 | N7: 0 | O7: 0 | P7: 0 | Q7: 0 | R7: 0 | S7: 0 | T7: 0 | U7: 0 | V7: 0 | W7: =W6 -> 9.40384 | Y7: 3 | Z7: WR00L2L2 | AA7: 25984 | AB7: 32 | AC7: 1 | AD7: 16 | AE7: 1384.17 | AF7: 8.4504 | AG7: 45479 | AH7: 0.20608796 | AI7: 0 | AJ7: 0 | AK7: 0 | AL7: 0 | AM7: 0 | AN7: 0 | AO7: 0 | AP7: 0 | AQ7: 0 | AR7: 0 | AS7: 0 | AT7: 0 | AU7: =AU6 -> 8.44925
A8: 4 | B8: WR00L2L2 | C8: 25984 | D8: 32 | E8: 1 | F8: 16 | G8: 1243.72 | H8: 9.4046 | I8: 45479 | J8: 0.62555556 | K8: 0 | L8: 0 | M8: 0 | N8: 0 | O8: 0 | P8: 0 | Q8: 0 | R8: 0 | S8: 0 | T8: 0 | U8: 0 | V8: 0 | W8: =W7 -> 9.40384 | Y8: 4 | Z8: WR00L2L2 | AA8: 25984 | AB8: 32 | AC8: 1 | AD8: 16 | AU8: =AU7 -> 8.44925
A9: 0 | B9: WR00L2L2 | C9: 27520 | D9: 32 | E9: 1 | F9: 16 | G9: 1471.78 | H9: 9.4416 | I9: 45477 | J9: 0.43626157 | K9: 0 | L9: 0 | M9: 0 | N9: 0 | O9: 0 | P9: 0 | Q9: 0 | R9: 0 | S9: 0 | T9: 0 | U9: 0 | V9: 0 | W9: =AVERAGE(H9:H13) -> 9.43808 | Y9: 0 | Z9: WR00L2L2 | AA9: 27520 | AB9: 32 | AC9: 1 | AD9: 16 | AE9: 1643.84 | AF9: 8.4534 | AG9: 45477 | AH9: 0.43667824 | AI9: 0 | AJ9: 0 | AK9: 0 | AL9: 0 | AM9: 0 | AN9: 0 | AO9: 0 | AP9: 0 | AQ9: 0 | AR9: 0 | AS9: 0 | AT9: 0 | AU9: =AVERAGE(AF9:AF13) -> 8.45375
A10: 1 | B10: WR00L2L2 | C10: 27520 | D10: 32 | E10: 1 | F10: 16 | G10: 1472.39 | H10: 9.4377 | I10: 45477 | J10: 0.94208333 | K10: 0 | L10: 0 | M10: 0 | N10: 0 | O10: 0 | P10: 0 | Q10: 0 | R10: 0 | S10: 0 | T10: 0 | U10: 0 | V10: 0 | W10: =W9 -> 9.43808 | Y10: 1 | Z10: WR00L2L2 | AA10: 27520 | AB10: 32 | AC10: 1 | AD10: 16 | AE10: 1643.57 | AF10: 8.4548 | AG10: 45477 | AH10: 0.96849537 | AI10: 0 | AJ10: 0 | AK10: 0 | AL10: 0 | AM10: 0 | AN10: 0 | AO10: 0 | AP10: 0 | AQ10: 0 | AR10: 0 | AS10: 0 | AT10: 0 | AU10: =AU9 -> 8.45375
A11: 2 | B11: WR00L2L2 | C11: 27520 | D11: 32 | E11: 1 | F11: 16 | G11: 1472.85 | H11: 9.4348 | I11: 45478 | J11: 0.4481713 | K11: 0 | L11: 0 | M11: 0 | N11: 0 | O11: 0 | P11: 0 | Q11: 0 | R11: 0 | S11: 0 | T11: 0 | U11: 0 | V11: 0 | W11: =W10 -> 9.43808 | Y11: 2 | Z11: WR00L2L2 | AA11: 27520 | AB11: 32 | AC11: 1 | AD11: 16 | AE11: 1644.29 | AF11: 8.4511 | AG11: 45478 | AH11: 0.50048611 | AI11: 0 | AJ11: 0 | AK11: 0 | AL11: 0 | AM11: 0 | AN11: 0 | AO11: 0 | AP11: 0 | AQ11: 0 | AR11: 0 | AS11: 0 | AT11: 0 | AU11: =AU10 -> 8.45375
A12: 3 | B12: WR00L2L2 | C12: 27520 | D12: 32 | E12: 1 | F12: 16 | G12: 1472.28 | H12: 9.4384 | I12: 45478 | J12: 0.95429398 | K12: 0 | L12: 0 | M12: 0 | N12: 0 | O12: 0 | P12: 0 | Q12: 0 | R12: 0 | S12: 0 | T12: 0 | U12: 0 | V12: 0 | W12: =W11 -> 9.43808 | Y12: 3 | Z12: WR00L2L2 | AA12: 27520 | AB12: 32 | AC12: 1 | AD12: 16 | AE12: 1643.39 | AF12: 8.4557 | AG12: 45479 | AH12: 0.032418981 | AI12: 0 | AJ12: 0 | AK12: 0 | AL12: 0 | AM12: 0 | AN12: 0 | AO12: 0 | AP12: 0 | AQ12: 0 | AR12: 0 | AS12: 0 | AT12: 0 | AU12: =AU11 -> 8.45375
A13: 4 | B13: WR00L2L2 | C13: 27520 | D13: 32 | E13: 1 | F13: 16 | G13: 1472.35 | H13: 9.4379 | I13: 45479 | J13: 0.46049769 | K13: 0 | L13: 0 | M13: 0 | N13: 0 | O13: 0 | P13: 0 | Q13: 0 | R13: 0 | S13: 0 | T13: 0 | U13: 0 | V13: 0 | W13: =W12 -> 9.43808 | Y13: 4 | Z13: WR00L2L2 | AA13: 27520 | AB13: 32 | AC13: 1 | AD13: 16 | AU13: =AU12 -> 8.45375
A14: 0 | B14: WR00L2L2 | C14: 29056 | D14: 32 | E14: 1 | F14: 16 | G14: 1723.38 | H14: 9.4901 | I14: 45477 | J14: 0.74974537 | K14: 0 | L14: 0 | M14: 0 | N14: 0 | O14: 0 | P14: 0 | Q14: 0 | R14: 0 | S14: 0 | T14: 0 | U14: 0 | V14: 0 | W14: =AVERAGE(H14:H18) -> 9.48428 | Y14: 0 | Z14: WR00L2L2 | AA14: 29056 | AB14: 32 | AC14: 1 | AD14: 16 | AE14: 1917.48 | AF14: 8.5294 | AG14: 45477 | AH14: 0.76590278 | AI14: 0 | AJ14: 0 | AK14: 0 | AL14: 0 | AM14: 0 | AN14: 0 | AO14: 0 | AP14: 0 | AQ14: 0 | AR14: 0 | AS14: 0 | AT14: 0 | AU14: =AVERAGE(AF14:AF18) -> 8.524275
A15: 1 | B15: WR00L2L2 | C15: 29056 | D15: 32 | E15: 1 | F15: 16 | G15: 1722.79 | H15: 9.4933 | I15: 45478 | J15: 0.25581019 | K15: 0 | L15: 0 | M15: 0 | N15: 0 | O15: 0 | P15: 0 | Q15: 0 | R15: 0 | S15: 0 | T15: 0 | U15: 0 | V15: 0 | W15: =W14 -> 9.48428 | Y15: 1 | Z15: WR00L2L2 | AA15: 29056 | AB15: 32 | AC15: 1 | AD15: 16 | AE15: 1919.37 | AF15: 8.521 | AG15: 45478 | AH15: 0.29783565 | AI15: 0 | AJ15: 0 | AK15: 0 | AL15: 0 | AM15: 0 | AN15: 0 | AO15: 0 | AP15: 0 | AQ15: 0 | AR15: 0 | AS15: 0 | AT15: 0 | AU15: =AU14 -> 8.524275
A16: 2 | B16: WR00L2L2 | C16: 29056 | D16: 32 | E16: 1 | F16: 16 | G16: 1724.86 | H16: 9.4819 | I16: 45478 | J16: 0.76190972 | K16: 0 | L16: 0 | M16: 0 | N16: 0 | O16: 0 | P16: 0 | Q16: 0 | R16: 0 | S16: 0 | T16: 0 | U16: 0 | V16: 0 | W16: =W15 -> 9.48428 | Y16: 2 | Z16: WR00L2L2 | AA16: 29056 | AB16: 32 | AC16: 1 | AD16: 16 | AE16: 1918.54 | AF16: 8.5247 | AG16: 45478 | AH16: 0.82981481 | AI16: 0 | AJ16: 0 | AK16: 0 | AL16: 0 | AM16: 0 | AN16: 0 | AO16: 0 | AP16: 0 | AQ16: 0 | AR16: 0 | AS16: 0 | AT16: 0 | AU16: =AU15 -> 8.524275
A17: 3 | B17: WR00L2L2 | C17: 29056 | D17: 32 | E17: 1 | F17: 16 | G17: 1726.08 | H17: 9.4752 | I17: 45479 | J17: 0.2681713 | K17: 0 | L17: 0 | M17: 0 | N17: 0 | O17: 0 | P17: 0 | Q17: 0 | R17: 0 | S17: 0 | T17: 0 | U17: 0 | V17: 0 | W17: =W16 -> 9.48428 | Y17: 3 | Z17: WR00L2L2 | AA17: 29056 | AB17: 32 | AC17: 1 | AD17: 16 | AE17: 1919.16 | AF17: 8.522 | AG17: 45479 | AH17: 0.36184028 | AI17: 0 | AJ17: 0 | AK17: 0 | AL17: 0 | AM17: 0 | AN17: 0 | AO17: 0 | AP17: 0 | AQ17: 0 | AR17: 0 | AS17: 0 | AT17: 0 | AU17: =AU16 -> 8.524275
A18: 4 | B18: WR00L2L2 | C18: 29056 | D18: 32 | E18: 1 | F18: 16 | G18: 1725.04 | H18: 9.4809 | I18: 45479 | J18: 0.77430556 | K18: 0 | L18: 0 | M18: 0 | N18: 0 | O18: 0 | P18: 0 | Q18: 0 | R18: 0 | S18: 0 | T18: 0 | U18: 0 | V18: 0 | W18: =W17 -> 9.48428 | Y18: 4 | Z18: WR00L2L2 | AA18: 29056 | AB18: 32 | AC18: 1 | AD18: 16 | AU18: =AU17 -> 8.524275
A19: 0 | B19: WR00L2L2 | C19: 25984 | D19: 32 | E19: 2 | F19: 8 | G19: 1235.69 | H19: 9.4657 | I19: 45477 | J19: 0.61678241 | K19: 0 | L19: 0 | M19: 0 | N19: 0 | O19: 0 | P19: 0 | Q19: 0 | R19: 0 | S19: 0 | T19: 0 | U19: 0 | V19: 0 | W19: =AVERAGE(H19:H23) -> 9.46458 | Y19: 0 | Z19: WR00L2L2 | AA19: 25984 | AB19: 32 | AC19: 2 | AD19: 8 | AE19: 1360.44 | AF19: 8.5977 | AG19: 45477 | AH19: 0.62633102 | AI19: 0 | AJ19: 0 | AK19: 0 | AL19: 0 | AM19: 0 | AN19: 0 | AO19: 0 | AP19: 0 | AQ19: 0 | AR19: 0 | AS19: 0 | AT19: 0 | AU19: =AVERAGE(AF19:AF23) -> 8.600175
A20: 1 | B20: WR00L2L2 | C20: 25984 | D20: 32 | E20: 2 | F20: 8 | G20: 1235.57 | H20: 9.4667 | I20: 45478 | J20: 0.12273148 | K20: 0 | L20: 0 | M20: 0 | N20: 0 | O20: 0 | P20: 0 | Q20: 0 | R20: 0 | S20: 0 | T20: 0 | U20: 0 | V20: 0 | W20: =W19 -> 9.46458 | Y20: 1 | Z20: WR00L2L2 | AA20: 25984 | AB20: 32 | AC20: 2 | AD20: 8 | AE20: 1360.02 | AF20: 8.6004 | AG20: 45478 | AH20: 0.15820602 | AI20: 0 | AJ20: 0 | AK20: 0 | AL20: 0 | AM20: 0 | AN20: 0 | AO20: 0 | AP20: 0 | AQ20: 0 | AR20: 0 | AS20: 0 | AT20: 0 | AU20: =AU19 -> 8.600175
A21: 2 | B21: WR00L2L2 | C21: 25984 | D21: 32 | E21: 2 | F21: 8 | G21: 1236.36 | H21: 9.4606 | I21: 45478 | J21: 0.6287963 | K21: 0 | L21: 0 | M21: 0 | N21: 0 | O21: 0 | P21: 0 | Q21: 0 | R21: 0 | S21: 0 | T21: 0 | U21: 0 | V21: 0 | W21: =W20 -> 9.46458 | Y21: 2 | Z21: WR00L2L2 | AA21: 25984 | AB21: 32 | AC21: 2 | AD21: 8 | AE21: 1359.84 | AF21: 8.6016 | AG21: 45478 | AH21: 0.69017361 | AI21: 0 | AJ21: 0 | AK21: 0 | AL21: 0 | AM21: 0 | AN21: 0 | AO21: 0 | AP21: 0 | AQ21: 0 | AR21: 0 | AS21: 0 | AT21: 0 | AU21: =AU20 -> 8.600175
A22: 3 | B22: WR00L2L2 | C22: 25984 | D22: 32 | E22: 2 | F22: 8 | G22: 1235.41 | H22: 9.4679 | I22: 45479 | J22: 0.13498843 | K22: 0 | L22: 0 | M22: 0 | N22: 0 | O22: 0 | P22: 0 | Q22: 0 | R22: 0 | S22: 0 | T22: 0 | U22: 0 | V22: 0 | W22: =W21 -> 9.46458 | Y22: 3 | Z22: WR00L2L2 | AA22: 25984 | AB22: 32 | AC22: 2 | AD22: 8 | AE22: 1359.93 | AF22: 8.601 | AG22: 45479 | AH22: 0.22215278 | AI22: 0 | AJ22: 0 | AK22: 0 | AL22: 0 | AM22: 0 | AN22: 0 | AO22: 0 | AP22: 0 | AQ22: 0 | AR22: 0 | AS22: 0 | AT22: 0 | AU22: =AU21 -> 8.600175
A23: 4 | B23: WR00L2L2 | C23: 25984 | D23: 32 | E23: 2 | F23: 8 | G23: 1236.18 | H23: 9.462 | I23: 45479 | J23: 0.64122685 | K23: 0 | L23: 0 | M23: 0 | N23: 0 | O23: 0 | P23: 0 | Q23: 0 | R23: 0 | S23: 0 | T23: 0 | U23: 0 | V23: 0 | W23: =W22 -> 9.46458 | Y23: 4 | Z23: WR00L2L2 | AA23: 25984 | AB23: 32 | AC23: 2 | AD23: 8 | AU23: =AU22 -> 8.600175
A24: 0 | B24: WR00L2L2 | C24: 27520 | D24: 32 | E24: 2 | F24: 8 | G24: 1460.5 | H24: 9.5145 | I24: 45477 | J24: 0.45469907 | K24: 0 | L24: 0 | M24: 0 | N24: 0 | O24: 0 | P24: 0 | Q24: 0 | R24: 0 | S24: 0 | T24: 0 | U24: 0 | V24: 0 | W24: =AVERAGE(H24:H28) -> 9.51158 | Y24: 0 | Z24: WR00L2L2 | AA24: 27520 | AB24: 32 | AC24: 2 | AD24: 8 | AE24: 1610.33 | AF24: 8.6293 | AG24: 45477 | AH24: 0.4556713 | AI24: 0 | AJ24: 0 | AK24: 0 | AL24: 0 | AM24: 0 | AN24: 0 | AO24: 0 | AP24: 0 | AQ24: 0 | AR24: 0 | AS24: 0 | AT24: 0 | AU24: =AVERAGE(AF24:AF28) -> 8.627
A25: 1 | B25: WR00L2L2 | C25: 27520 | D25: 32 | E25: 2 | F25: 8 | G25: 1460.79 | H25: 9.5127 | I25: 45477 | J25: 0.96050926 | K25: 0 | L25: 0 | M25: 0 | N25: 0 | O25: 0 | P25: 0 | Q25: 0 | R25: 0 | S25: 0 | T25: 0 | U25: 0 | V25: 0 | W25: =W24 -> 9.51158 | Y25: 1 | Z25: WR00L2L2 | AA25: 27520 | AB25: 32 | AC25: 2 | AD25: 8 | AE25: 1610.47 | AF25: 8.6285 | AG25: 45477 | AH25: 0.9875 | AI25: 0 | AJ25: 0 | AK25: 0 | AL25: 0 | AM25: 0 | AN25: 0 | AO25: 0 | AP25: 0 | AQ25: 0 | AR25: 0 | AS25: 0 | AT25: 0 | AU25: =AU24 -> 8.627
A26: 2 | B26: WR00L2L2 | C26: 27520 | D26: 32 | E26: 2 | F26: 8 | G26: 1461.11 | H26: 9.5106 | I26: 45478 | J26: 0.46662037 | K26: 0 | L26: 0 | M26: 0 | N26: 0 | O26: 0 | P26: 0 | Q26: 0 | R26: 0 | S26: 0 | T26: 0 | U26: 0 | V26: 0 | W26: =W25 -> 9.51158 | Y26: 2 | Z26: WR00L2L2 | AA26: 27520 | AB26: 32 | AC26: 2 | AD26: 8 | AE26: 1610.94 | AF26: 8.626 | AG26: 45478 | AH26: 0.51949074 | AI26: 0 | AJ26: 0 | AK26: 0 | AL26: 0 | AM26: 0 | AN26: 0 | AO26: 0 | AP26: 0 | AQ26: 0 | AR26: 0 | AS26: 0 | AT26: 0 | AU26: =AU25 -> 8.627
A27: 3 | B27: WR00L2L2 | C27: 27520 | D27: 32 | E27: 2 | F27: 8 | G27: 1460.79 | H27: 9.5126 | I27: 45478 | J27: 0.97273148 | K27: 0 | L27: 0 | M27: 0 | N27: 0 | O27: 0 | P27: 0 | Q27: 0 | R27: 0 | S27: 0 | T27: 0 | U27: 0 | V27: 0 | W27: =W26 -> 9.51158 | Y27: 3 | Z27: WR00L2L2 | AA27: 27520 | AB27: 32 | AC27: 2 | AD27: 8 | AE27: 1611.27 | AF27: 8.6242 | AG27: 45479 | AH27: 0.051423611 | AI27: 0 | AJ27: 0 | AK27: 0 | AL27: 0 | AM27: 0 | AN27: 0 | AO27: 0 | AP27: 0 | AQ27: 0 | AR27: 0 | AS27: 0 | AT27: 0 | AU27: =AU26 -> 8.627
A28: 4 | B28: WR00L2L2 | C28: 27520 | D28: 32 | E28: 2 | F28: 8 | G28: 1461.58 | H28: 9.5075 | I28: 45479 | J28: 0.47894676 | K28: 0 | L28: 0 | M28: 0 | N28: 0 | O28: 0 | P28: 0 | Q28: 0 | R28: 0 | S28: 0 | T28: 0 | U28: 0 | V28: 0 | W28: =W27 -> 9.51158 | Y28: 4 | Z28: WR00L2L2 | AA28: 27520 | AB28: 32 | AC28: 2 | AD28: 8 | AU28: =AU27 -> 8.627
A29: 0 | B29: WR00L2L2 | C29: 29056 | D29: 32 | E29: 2 | F29: 8 | G29: 1711.06 | H29: 9.5584 | I29: 45477 | J29: 0.77123843 | K29: 0 | L29: 0 | M29: 0 | N29: 0 | O29: 0 | P29: 0 | Q29: 0 | R29: 0 | S29: 0 | T29: 0 | U29: 0 | V29: 0 | W29: =AVERAGE(H29:H33) -> 9.5522 | Y29: 0 | Z29: WR00L2L2 | AA29: 29056 | AB29: 32 | AC29: 2 | AD29: 8 | AE29: 1887.61 | AF29: 8.6644 | AG29: 45477 | AH29: 0.78813657 | AI29: 0 | AJ29: 0 | AK29: 0 | AL29: 0 | AM29: 0 | AN29: 0 | AO29: 0 | AP29: 0 | AQ29: 0 | AR29: 0 | AS29: 0 | AT29: 0 | AU29: =AVERAGE(AF29:AF33) -> 8.664675
A30: 1 | B30: WR00L2L2 | C30: 29056 | D30: 32 | E30: 2 | F30: 8 | G30: 1712.29 | H30: 9.5515 | I30: 45478 | J30: 0.27732639 | K30: 0 | L30: 0 | M30: 0 | N30: 0 | O30: 0 | P30: 0 | Q30: 0 | R30: 0 | S30: 0 | T30: 0 | U30: 0 | V30: 0 | W30: =W29 -> 9.5522 | Y30: 1 | Z30: WR00L2L2 | AA30: 29056 | AB30: 32 | AC30: 2 | AD30: 8 | AE30: 1887.85 | AF30: 8.6633 | AG30: 45478 | AH30: 0.32008102 | AI30: 0 | AJ30: 0 | AK30: 0 | AL30: 0 | AM30: 0 | AN30: 0 | AO30: 0 | AP30: 0 | AQ30: 0 | AR30: 0 | AS30: 0 | AT30: 0 | AU30: =AU29 -> 8.664675
A31: 2 | B31: WR00L2L2 | C31: 29056 | D31: 32 | E31: 2 | F31: 8 | G31: 1712.69 | H31: 9.5493 | I31: 45478 | J31: 0.78342593 | K31: 0 | L31: 0 | M31: 0 | N31: 0 | O31: 0 | P31: 0 | Q31: 0 | R31: 0 | S31: 0 | T31: 0 | U31: 0 | V31: 0 | W31: =W30 -> 9.5522 | Y31: 2 | Z31: WR00L2L2 | AA31: 29056 | AB31: 32 | AC31: 2 | AD31: 8 | AE31: 1887.2 | AF31: 8.6663 | AG31: 45478 | AH31: 0.85204861 | AI31: 0 | AJ31: 0 | AK31: 0 | AL31: 0 | AM31: 0 | AN31: 0 | AO31: 0 | AP31: 0 | AQ31: 0 | AR31: 0 | AS31: 0 | AT31: 0 | AU31: =AU30 -> 8.664675
A32: 3 | B32: WR00L2L2 | C32: 29056 | D32: 32 | E32: 2 | F32: 8 | G32: 1713.42 | H32: 9.5452 | I32: 45479 | J32: 0.28969907 | K32: 0 | L32: 0 | M32: 0 | N32: 0 | O32: 0 | P32: 0 | Q32: 0 | R32: 0 | S32: 0 | T32: 0 | U32: 0 | V32: 0 | W32: =W31 -> 9.5522 | Y32: 3 | Z32: WR00L2L2 | AA32: 29056 | AB32: 32 | AC32: 2 | AD32: 8 | AE32: 1887.54 | AF32: 8.6647 | AG32: 45479 | AH32: 0.38407407 | AI32: 0 | AJ32: 0 | AK32: 0 | AL32: 0 | AM32: 0 | AN32: 0 | AO32: 0 | AP32: 0 | AQ32: 0 | AR32: 0 | AS32: 0 | AT32: 0 | AU32: =AU31 -> 8.664675
A33: 4 | B33: WR00L2L2 | C33: 29056 | D33: 32 | E33: 2 | F33: 8 | G33: 1711.39 | H33: 9.5566 | I33: 45479 | J33: 0.79581019 | K33: 0 | L33: 0 | M33: 0 | N33: 0 | O33: 0 | P33: 0 | Q33: 0 | R33: 0 | S33: 0 | T33: 0 | U33: 0 | V33: 0 | W33: =W32 -> 9.5522 | Y33: 4 | Z33: WR00L2L2 | AA33: 29056 | AB33: 32 | AC33: 2 | AD33: 8 | AU33: =AU32 -> 8.664675
A34: 0 | B34: WR00L2L2 | C34: 25984 | D34: 32 | E34: 4 | F34: 4 | G34: 1251.59 | H34: 9.3455 | I34: 45477 | J34: 0.63262731 | K34: 0 | L34: 0 | M34: 0 | N34: 0 | O34: 0 | P34: 0 | Q34: 0 | R34: 0 | S34: 0 | T34: 0 | U34: 0 | V34: 0 | W34: =AVERAGE(H34:H38) -> 9.33394 | Y34: 0 | Z34: WR00L2L2 | AA34: 25984 | AB34: 32 | AC34: 4 | AD34: 4 | AE34: 1371.96 | AF34: 8.5256 | AG34: 45477 | AH34: 0.64252315 | AI34: 0 | AJ34: 0 | AK34: 0 | AL34: 0 | AM34: 0 | AN34: 0 | AO34: 0 | AP34: 0 | AQ34: 0 | AR34: 0 | AS34: 0 | AT34: 0 | AU34: =AVERAGE(AF34:AF38) -> 8.5202
A35: 1 | B35: WR00L2L2 | C35: 25984 | D35: 32 | E35: 4 | F35: 4 | G35: 1252.52 | H35: 9.3385 | I35: 45478 | J35: 0.13858796 | K35: 0 | L35: 0 | M35: 0 | N35: 0 | O35: 0 | P35: 0 | Q35: 0 | R35: 0 | S35: 0 | T35: 0 | U35: 0 | V35: 0 | W35: =W34 -> 9.33394 | Y35: 1 | Z35: WR00L2L2 | AA35: 25984 | AB35: 32 | AC35: 4 | AD35: 4 | AE35: 1372.46 | AF35: 8.5225 | AG35: 45478 | AH35: 0.17440972 | AI35: 0 | AJ35: 0 | AK35: 0 | AL35: 0 | AM35: 0 | AN35: 0 | AO35: 0 | AP35: 0 | AQ35: 0 | AR35: 0 | AS35: 0 | AT35: 0 | AU35: =AU34 -> 8.5202
A36: 2 | B36: WR00L2L2 | C36: 25984 | D36: 32 | E36: 4 | F36: 4 | G36: 1254.54 | H36: 9.3235 | I36: 45478 | J36: 0.64466435 | K36: 0 | L36: 0 | M36: 0 | N36: 0 | O36: 0 | P36: 0 | Q36: 0 | R36: 0 | S36: 0 | T36: 0 | U36: 0 | V36: 0 | W36: =W35 -> 9.33394 | Y36: 2 | Z36: WR00L2L2 | AA36: 25984 | AB36: 32 | AC36: 4 | AD36: 4 | AE36: 1373.02 | AF36: 8.519 | AG36: 45478 | AH36: 0.70637731 | AI36: 0 | AJ36: 0 | AK36: 0 | AL36: 0 | AM36: 0 | AN36: 0 | AO36: 0 | AP36: 0 | AQ36: 0 | AR36: 0 | AS36: 0 | AT36: 0 | AU36: =AU35 -> 8.5202
A37: 3 | B37: WR00L2L2 | C37: 25984 | D37: 32 | E37: 4 | F37: 4 | G37: 1254.43 | H37: 9.3243 | I37: 45479 | J37: 0.15086806 | K37: 0 | L37: 0 | M37: 0 | N37: 0 | O37: 0 | P37: 0 | Q37: 0 | R37: 0 | S37: 0 | T37: 0 | U37: 0 | V37: 0 | W37: =W36 -> 9.33394 | Y37: 3 | Z37: WR00L2L2 | AA37: 25984 | AB37: 32 | AC37: 4 | AD37: 4 | AE37: 1373.87 | AF37: 8.5137 | AG37: 45479 | AH37: 0.23837963 | AI37: 0 | AJ37: 0 | AK37: 0 | AL37: 0 | AM37: 0 | AN37: 0 | AO37: 0 | AP37: 0 | AQ37: 0 | AR37: 0 | AS37: 0 | AT37: 0 | AU37: =AU36 -> 8.5202
A38: 4 | B38: WR00L2L2 | C38: 25984 | D38: 32 | E38: 4 | F38: 4 | G38: 1252.61 | H38: 9.3379 | I38: 45479 | J38: 0.65708333 | K38: 0 | L38: 0 | M38: 0 | N38: 0 | O38: 0 | P38: 0 | Q38: 0 | R38: 0 | S38: 0 | T38: 0 | U38: 0 | V38: 0 | W38: =W37 -> 9.33394 | Y38: 4 | Z38: WR00L2L2 | AA38: 25984 | AB38: 32 | AC38: 4 | AD38: 4 | AU38: =AU37 -> 8.5202
A39: 0 | B39: WR00L2L2 | C39: 27520 | D39: 32 | E39: 4 | F39: 4 | G39: 1480.1 | H39: 9.3886 | I39: 45477 | J39: 0.47334491 | K39: 0 | L39: 0 | M39: 0 | N39: 0 | O39: 0 | P39: 0 | Q39: 0 | R39: 0 | S39: 0 | T39: 0 | U39: 0 | V39: 0 | W39: =AVERAGE(H39:H43) -> 9.37892 | Y39: 0 | Z39: WR00L2L2 | AA39: 27520 | AB39: 32 | AC39: 4 | AD39: 4 | AE39: 1620.51 | AF39: 8.5751 | AG39: 45477 | AH39: 0.47478009 | AI39: 0 | AJ39: 0 | AK39: 0 | AL39: 0 | AM39: 0 | AN39: 0 | AO39: 0 | AP39: 0 | AQ39: 0 | AR39: 0 | AS39: 0 | AT39: 0 | AU39: =AVERAGE(AF39:AF43) -> 8.57015
A40: 1 | B40: WR00L2L2 | C40: 27520 | D40: 32 | E40: 4 | F40: 4 | G40: 1482.2 | H40: 9.3753 | I40: 45477 | J40: 0.97917824 | K40: 0 | L40: 0 | M40: 0 | N40: 0 | O40: 0 | P40: 0 | Q40: 0 | R40: 0 | S40: 0 | T40: 0 | U40: 0 | V40: 0 | W40: =W39 -> 9.37892 | Y40: 1 | Z40: WR00L2L2 | AA40: 27520 | AB40: 32 | AC40: 4 | AD40: 4 | AE40: 1622.19 | AF40: 8.5662 | AG40: 45478 | AH40: 0.0066203704 | AI40: 0 | AJ40: 0 | AK40: 0 | AL40: 0 | AM40: 0 | AN40: 0 | AO40: 0 | AP40: 0 | AQ40: 0 | AR40: 0 | AS40: 0 | AT40: 0 | AU40: =AU39 -> 8.57015
A41: 2 | B41: WR00L2L2 | C41: 27520 | D41: 32 | E41: 4 | F41: 4 | G41: 1481.16 | H41: 9.3818 | I41: 45478 | J41: 0.48527778 | K41: 0 | L41: 0 | M41: 0 | N41: 0 | O41: 0 | P41: 0 | Q41: 0 | R41: 0 | S41: 0 | T41: 0 | U41: 0 | V41: 0 | W41: =W40 -> 9.37892 | Y41: 2 | Z41: WR00L2L2 | AA41: 27520 | AB41: 32 | AC41: 4 | AD41: 4 | AE41: 1621.4 | AF41: 8.5703 | AG41: 45478 | AH41: 0.53859954 | AI41: 0 | AJ41: 0 | AK41: 0 | AL41: 0 | AM41: 0 | AN41: 0 | AO41: 0 | AP41: 0 | AQ41: 0 | AR41: 0 | AS41: 0 | AT41: 0 | AU41: =AU40 -> 8.57015
A42: 3 | B42: WR00L2L2 | C42: 27520 | D42: 32 | E42: 4 | F42: 4 | G42: 1483.03 | H42: 9.37 | I42: 45478 | J42: 0.99141204 | K42: 0 | L42: 0 | M42: 0 | N42: 0 | O42: 0 | P42: 0 | Q42: 0 | R42: 0 | S42: 0 | T42: 0 | U42: 0 | V42: 0 | W42: =W41 -> 9.37892 | Y42: 3 | Z42: WR00L2L2 | AA42: 27520 | AB42: 32 | AC42: 4 | AD42: 4 | AE42: 1621.65 | AF42: 8.569 | AG42: 45479 | AH42: 0.070543981 | AI42: 0 | AJ42: 0 | AK42: 0 | AL42: 0 | AM42: 0 | AN42: 0 | AO42: 0 | AP42: 0 | AQ42: 0 | AR42: 0 | AS42: 0 | AT42: 0 | AU42: =AU41 -> 8.57015
A43: 4 | B43: WR00L2L2 | C43: 27520 | D43: 32 | E43: 4 | F43: 4 | G43: 1481.62 | H43: 9.3789 | I43: 45479 | J43: 0.49760417 | K43: 0 | L43: 0 | M43: 0 | N43: 0 | O43: 0 | P43: 0 | Q43: 0 | R43: 0 | S43: 0 | T43: 0 | U43: 0 | V43: 0 | W43: =W42 -> 9.37892 | Y43: 4 | Z43: WR00L2L2 | AA43: 27520 | AB43: 32 | AC43: 4 | AD43: 4 | AU43: =AU42 -> 8.57015
A44: 0 | B44: WR00L2L2 | C44: 29056 | D44: 32 | E44: 4 | F44: 4 | G44: 1733.26 | H44: 9.436 | I44: 45477 | J44: 0.79298611 | K44: 0 | L44: 0 | M44: 0 | N44: 0 | O44: 0 | P44: 0 | Q44: 0 | R44: 0 | S44: 0 | T44: 0 | U44: 0 | V44: 0 | W44: =AVERAGE(H44:H48) -> 9.43292 | Y44: 0 | Z44: WR00L2L2 | AA44: 29056 | AB44: 32 | AC44: 4 | AD44: 4 | AE44: 1900.72 | AF44: 8.6046 | AG44: 45477 | AH44: 0.81052083 | AI44: 0 | AJ44: 0 | AK44: 0 | AL44: 0 | AM44: 0 | AN44: 0 | AO44: 0 | AP44: 0 | AQ44: 0 | AR44: 0 | AS44: 0 | AT44: 0 | AU44: =AVERAGE(AF44:AF48) -> 8.5994
A45: 1 | B45: WR00L2L2 | C45: 29056 | D45: 32 | E45: 4 | F45: 4 | G45: 1734.32 | H45: 9.4302 | I45: 45478 | J45: 0.29908565 | K45: 0 | L45: 0 | M45: 0 | N45: 0 | O45: 0 | P45: 0 | Q45: 0 | R45: 0 | S45: 0 | T45: 0 | U45: 0 | V45: 0 | W45: =W44 -> 9.43292 | Y45: 1 | Z45: WR00L2L2 | AA45: 29056 | AB45: 32 | AC45: 4 | AD45: 4 | AE45: 1903.17 | AF45: 8.5935 | AG45: 45478 | AH45: 0.34248843 | AI45: 0 | AJ45: 0 | AK45: 0 | AL45: 0 | AM45: 0 | AN45: 0 | AO45: 0 | AP45: 0 | AQ45: 0 | AR45: 0 | AS45: 0 | AT45: 0 | AU45: =AU44 -> 8.5994
A46: 2 | B46: WR00L2L2 | C46: 29056 | D46: 32 | E46: 4 | F46: 4 | G46: 1734.75 | H46: 9.4279 | I46: 45478 | J46: 0.80518519 | K46: 0 | L46: 0 | M46: 0 | N46: 0 | O46: 0 | P46: 0 | Q46: 0 | R46: 0 | S46: 0 | T46: 0 | U46: 0 | V46: 0 | W46: =W45 -> 9.43292 | Y46: 2 | Z46: WR00L2L2 | AA46: 29056 | AB46: 32 | AC46: 4 | AD46: 4 | AE46: 1901.72 | AF46: 8.6001 | AG46: 45478 | AH46: 0.87444444 | AI46: 0 | AJ46: 0 | AK46: 0 | AL46: 0 | AM46: 0 | AN46: 0 | AO46: 0 | AP46: 0 | AQ46: 0 | AR46: 0 | AS46: 0 | AT46: 0 | AU46: =AU45 -> 8.5994
A47: 3 | B47: WR00L2L2 | C47: 29056 | D47: 32 | E47: 4 | F47: 4 | G47: 1733.63 | H47: 9.4339 | I47: 45479 | J47: 0.31144676 | K47: 0 | L47: 0 | M47: 0 | N47: 0 | O47: 0 | P47: 0 | Q47: 0 | R47: 0 | S47: 0 | T47: 0 | U47: 0 | V47: 0 | W47: =W46 -> 9.43292 | Y47: 3 | Z47: WR00L2L2 | AA47: 29056 | AB47: 32 | AC47: 4 | AD47: 4 | AE47: 1901.87 | AF47: 8.5994 | AG47: 45479 | AH47: 0.40646991 | AI47: 0 | AJ47: 0 | AK47: 0 | AL47: 0 | AM47: 0 | AN47: 0 | AO47: 0 | AP47: 0 | AQ47: 0 | AR47: 0 | AS47: 0 | AT47: 0 | AU47: =AU46 -> 8.5994
A48: 4 | B48: WR00L2L2 | C48: 29056 | D48: 32 | E48: 4 | F48: 4 | G48: 1733.14 | H48: 9.4366 | I48: 45479 | J48: 0.81755787 | K48: 0 | L48: 0 | M48: 0 | N48: 0 | O48: 0 | P48: 0 | Q48: 0 | R48: 0 | S48: 0 | T48: 0 | U48: 0 | V48: 0 | W48: =W47 -> 9.43292 | Y48: 4 | Z48: WR00L2L2 | AA48: 29056 | AB48: 32 | AC48: 4 | AD48: 4 | AU48: =AU47 -> 8.5994
A49: 0 | B49: WR00L2L2 | C49: 25984 | D49: 64 | E49: 1 | F49: 16 | G49: 1215.66 | H49: 9.6217 | I49: 45477 | J49: 0.6480787 | K49: 0 | L49: 0 | M49: 0 | N49: 0 | O49: 0 | P49: 0 | Q49: 0 | R49: 0 | S49: 0 | T49: 0 | U49: 0 | V49: 0 | W49: =AVERAGE(H49:H53) -> 9.61382 | Y49: 0 | Z49: WR00L2L2 | AA49: 25984 | AB49: 64 | AC49: 1 | AD49: 16 | AE49: 1420.37 | AF49: 8.235 | AG49: 45477 | AH49: 0.65929398 | AI49: 0 | AJ49: 0 | AK49: 0 | AL49: 0 | AM49: 0 | AN49: 0 | AO49: 0 | AP49: 0 | AQ49: 0 | AR49: 0 | AS49: 0 | AT49: 0 | AU49: =AVERAGE(AF49:AF53) -> 8.232975
A50: 1 | B50: WR00L2L2 | C50: 25984 | D50: 64 | E50: 1 | F50: 16 | G50: 1217.72 | H50: 9.6054 | I50: 45478 | J50: 0.1540625 | K50: 0 | L50: 0 | M50: 0 | N50: 0 | O50: 0 | P50: 0 | Q50: 0 | R50: 0 | S50: 0 | T50: 0 | U50: 0 | V50: 0 | W50: =W49 -> 9.61382 | Y50: 1 | Z50: WR00L2L2 | AA50: 25984 | AB50: 64 | AC50: 1 | AD50: 16 | AE50: 1421.53 | AF50: 8.2283 | AG50: 45478 | AH50: 0.19119213 | AI50: 0 | AJ50: 0 | AK50: 0 | AL50: 0 | AM50: 0 | AN50: 0 | AO50: 0 | AP50: 0 | AQ50: 0 | AR50: 0 | AS50: 0 | AT50: 0 | AU50: =AU49 -> 8.232975
A51: 2 | B51: WR00L2L2 | C51: 25984 | D51: 64 | E51: 1 | F51: 16 | G51: 1217.07 | H51: 9.6106 | I51: 45478 | J51: 0.66012731 | K51: 0 | L51: 0 | M51: 0 | N51: 0 | O51: 0 | P51: 0 | Q51: 0 | R51: 0 | S51: 0 | T51: 0 | U51: 0 | V51: 0 | W51: =W50 -> 9.61382 | Y51: 2 | Z51: WR00L2L2 | AA51: 25984 | AB51: 64 | AC51: 1 | AD51: 16 | AE51: 1419.5 | AF51: 8.24 | AG51: 45478 | AH51: 0.72313657 | AI51: 0 | AJ51: 0 | AK51: 0 | AL51: 0 | AM51: 0 | AN51: 0 | AO51: 0 | AP51: 0 | AQ51: 0 | AR51: 0 | AS51: 0 | AT51: 0 | AU51: =AU50 -> 8.232975
A52: 3 | B52: WR00L2L2 | C52: 25984 | D52: 64 | E52: 1 | F52: 16 | G52: 1216.34 | H52: 9.6163 | I52: 45479 | J52: 0.16631944 | K52: 0 | L52: 0 | M52: 0 | N52: 0 | O52: 0 | P52: 0 | Q52: 0 | R52: 0 | S52: 0 | T52: 0 | U52: 0 | V52: 0 | W52: =W51 -> 9.61382 | Y52: 3 | Z52: WR00L2L2 | AA52: 25984 | AB52: 64 | AC52: 1 | AD52: 16 | AE52: 1421.47 | AF52: 8.2286 | AG52: 45479 | AH52: 0.25515046 | AI52: 0 | AJ52: 0 | AK52: 0 | AL52: 0 | AM52: 0 | AN52: 0 | AO52: 0 | AP52: 0 | AQ52: 0 | AR52: 0 | AS52: 0 | AT52: 0 | AU52: =AU51 -> 8.232975
A53: 4 | B53: WR00L2L2 | C53: 25984 | D53: 64 | E53: 1 | F53: 16 | G53: 1216.5 | H53: 9.6151 | I53: 45479 | J53: 0.67253472 | K53: 0 | L53: 0 | M53: 0 | N53: 0 | O53: 0 | P53: 0 | Q53: 0 | R53: 0 | S53: 0 | T53: 0 | U53: 0 | V53: 0 | W53: =W52 -> 9.61382 | Y53: 4 | Z53: WR00L2L2 | AA53: 25984 | AB53: 64 | AC53: 1 | AD53: 16 | AU53: =AU52 -> 8.232975
A54: 0 | B54: WR00L2L2 | C54: 27520 | D54: 64 | E54: 1 | F54: 16 | G54: 1437.69 | H54: 9.6655 | I54: 45477 | J54: 0.49149306 | K54: 0 | L54: 0 | M54: 0 | N54: 0 | O54: 0 | P54: 0 | Q54: 0 | R54: 0 | S54: 0 | T54: 0 | U54: 0 | V54: 0 | W54: =AVERAGE(H54:H58) -> 9.64826 | Y54: 0 | Z54: WR00L2L2 | AA54: 27520 | AB54: 64 | AC54: 1 | AD54: 16 | AE54: 1681.83 | AF54: 8.2624 | AG54: 45477 | AH54: 0.49459491 | AI54: 0 | AJ54: 0 | AK54: 0 | AL54: 0 | AM54: 0 | AN54: 0 | AO54: 0 | AP54: 0 | AQ54: 0 | AR54: 0 | AS54: 0 | AT54: 0 | AU54: =AVERAGE(AF54:AF58) -> 8.26015
A55: 1 | B55: WR00L2L2 | C55: 27520 | D55: 64 | E55: 1 | F55: 16 | G55: 1440.24 | H55: 9.6484 | I55: 45477 | J55: 0.99736111 | K55: 0 | L55: 0 | M55: 0 | N55: 0 | O55: 0 | P55: 0 | Q55: 0 | R55: 0 | S55: 0 | T55: 0 | U55: 0 | V55: 0 | W55: =W54 -> 9.64826 | Y55: 1 | Z55: WR00L2L2 | AA55: 27520 | AB55: 64 | AC55: 1 | AD55: 16 | AE55: 1682.2 | AF55: 8.2606 | AG55: 45478 | AH55: 0.026446759 | AI55: 0 | AJ55: 0 | AK55: 0 | AL55: 0 | AM55: 0 | AN55: 0 | AO55: 0 | AP55: 0 | AQ55: 0 | AR55: 0 | AS55: 0 | AT55: 0 | AU55: =AU54 -> 8.26015
A56: 2 | B56: WR00L2L2 | C56: 27520 | D56: 64 | E56: 1 | F56: 16 | G56: 1439.36 | H56: 9.6543 | I56: 45478 | J56: 0.50344907 | K56: 0 | L56: 0 | M56: 0 | N56: 0 | O56: 0 | P56: 0 | Q56: 0 | R56: 0 | S56: 0 | T56: 0 | U56: 0 | V56: 0 | W56: =W55 -> 9.64826 | Y56: 2 | Z56: WR00L2L2 | AA56: 27520 | AB56: 64 | AC56: 1 | AD56: 16 | AE56: 1682.31 | AF56: 8.2601 | AG56: 45478 | AH56: 0.55842593 | AI56: 0 | AJ56: 0 | AK56: 0 | AL56: 0 | AM56: 0 | AN56: 0 | AO56: 0 | AP56: 0 | AQ56: 0 | AR56: 0 | AS56: 0 | AT56: 0 | AU56: =AU55 -> 8.26015
A57: 3 | B57: WR00L2L2 | C57: 27520 | D57: 64 | E57: 1 | F57: 16 | G57: 1441.14 | H57: 9.6424 | I57: 45479 | J57: 0.0096064815 | K57: 0 | L57: 0 | M57: 0 | N57: 0 | O57: 0 | P57: 0 | Q57: 0 | R57: 0 | S57: 0 | T57: 0 | U57: 0 | V57: 0 | W57: =W56 -> 9.64826 | Y57: 3 | Z57: WR00L2L2 | AA57: 27520 | AB57: 64 | AC57: 1 | AD57: 16 | AE57: 1682.83 | AF57: 8.2575 | AG57: 45479 | AH57: 0.090381944 | AI57: 0 | AJ57: 0 | AK57: 0 | AL57: 0 | AM57: 0 | AN57: 0 | AO57: 0 | AP57: 0 | AQ57: 0 | AR57: 0 | AS57: 0 | AT57: 0 | AU57: =AU56 -> 8.26015
A58: 4 | B58: WR00L2L2 | C58: 27520 | D58: 64 | E58: 1 | F58: 16 | G58: 1442.88 | H58: 9.6307 | I58: 45479 | J58: 0.51582176 | K58: 0 | L58: 0 | M58: 0 | N58: 0 | O58: 0 | P58: 0 | Q58: 0 | R58: 0 | S58: 0 | T58: 0 | U58: 0 | V58: 0 | W58: =W57 -> 9.64826 | Y58: 4 | Z58: WR00L2L2 | AA58: 27520 | AB58: 64 | AC58: 1 | AD58: 16 | AU58: =AU57 -> 8.26015
A59: 0 | B59: WR00L2L2 | C59: 29056 | D59: 64 | E59: 1 | F59: 16 | G59: 1680.7 | H59: 9.731 | I59: 45477 | J59: 0.81414352 | K59: 0 | L59: 0 | M59: 0 | N59: 0 | O59: 0 | P59: 0 | Q59: 0 | R59: 0 | S59: 0 | T59: 0 | U59: 0 | V59: 0 | W59: =AVERAGE(H59:H63) -> 9.72488 | Y59: 0 | Z59: WR00L2L2 | AA59: 29056 | AB59: 64 | AC59: 1 | AD59: 16 | AE59: 1964.88 | AF59: 8.3236 | AG59: 45477 | AH59: 0.83365741 | AI59: 0 | AJ59: 0 | AK59: 0 | AL59: 0 | AM59: 0 | AN59: 0 | AO59: 0 | AP59: 0 | AQ59: 0 | AR59: 0 | AS59: 0 | AT59: 0 | AU59: =AVERAGE(AF59:AF63) -> 8.3261667
A60: 1 | B60: WR00L2L2 | C60: 29056 | D60: 64 | E60: 1 | F60: 16 | G60: 1683.82 | H60: 9.713 | I60: 45478 | J60: 0.32027778 | K60: 0 | L60: 0 | M60: 0 | N60: 0 | O60: 0 | P60: 0 | Q60: 0 | R60: 0 | S60: 0 | T60: 0 | U60: 0 | V60: 0 | W60: =W59 -> 9.72488 | Y60: 1 | Z60: WR00L2L2 | AA60: 29056 | AB60: 64 | AC60: 1 | AD60: 16 | AE60: 1964.39 | AF60: 8.3257 | AG60: 45478 | AH60: 0.365625 | AI60: 0 | AJ60: 0 | AK60: 0 | AL60: 0 | AM60: 0 | AN60: 0 | AO60: 0 | AP60: 0 | AQ60: 0 | AR60: 0 | AS60: 0 | AT60: 0 | AU60: =AU59 -> 8.3261667
A61: 2 | B61: WR00L2L2 | C61: 29056 | D61: 64 | E61: 1 | F61: 16 | G61: 1682.36 | H61: 9.7214 | I61: 45478 | J61: 0.82636574 | K61: 0 | L61: 0 | M61: 0 | N61: 0 | O61: 0 | P61: 0 | Q61: 0 | R61: 0 | S61: 0 | T61: 0 | U61: 0 | V61: 0 | W61: =W60 -> 9.72488 | Y61: 2 | Z61: WR00L2L2 | AA61: 29056 | AB61: 64 | AC61: 1 | AD61: 16 | AE61: 1963.56 | AF61: 8.3292 | AG61: 45478 | AH61: 0.89756944 | AI61: 0 | AJ61: 0 | AK61: 0 | AL61: 0 | AM61: 0 | AN61: 0 | AO61: 0 | AP61: 0 | AQ61: 0 | AR61: 0 | AS61: 0 | AT61: 0 | AU61: =AU60 -> 8.3261667
A62: 3 | B62: WR00L2L2 | C62: 29056 | D62: 64 | E62: 1 | F62: 16 | G62: 1681.66 | H62: 9.7255 | I62: 45479 | J62: 0.33261574 | K62: 0 | L62: 0 | M62: 0 | N62: 0 | O62: 0 | P62: 0 | Q62: 0 | R62: 0 | S62: 0 | T62: 0 | U62: 0 | V62: 0 | W62: =W61 -> 9.72488 | Y62: 3 | Z62: WR00L2L2 | AA62: 29056 | AB62: 64 | AC62: 1 | AD62: 16 | AU62: =AU61 -> 8.3261667
A63: 4 | B63: WR00L2L2 | C63: 29056 | D63: 64 | E63: 1 | F63: 16 | G63: 1680.27 | H63: 9.7335 | I63: 45479 | J63: 0.8387037 | K63: 0 | L63: 0 | M63: 0 | N63: 0 | O63: 0 | P63: 0 | Q63: 0 | R63: 0 | S63: 0 | T63: 0 | U63: 0 | V63: 0 | W63: =W62 -> 9.72488 | Y63: 4 | Z63: WR00L2L2 | AA63: 29056 | AB63: 64 | AC63: 1 | AD63: 16 | AU63: =AU62 -> 8.3261667
A64: 0 | B64: WR00L2L2 | C64: 25984 | D64: 64 | E64: 2 | F64: 8 | G64: 1188.84 | H64: 9.8387 | I64: 45477 | J64: 0.66318287 | K64: 0 | L64: 0 | M64: 0 | N64: 0 | O64: 0 | P64: 0 | Q64: 0 | R64: 0 | S64: 0 | T64: 0 | U64: 0 | V64: 0 | W64: =AVERAGE(H64:H68) -> 9.83938 | Y64: 0 | Z64: WR00L2L2 | AA64: 25984 | AB64: 64 | AC64: 2 | AD64: 8 | AE64: 1376.69 | AF64: 8.4963 | AG64: 45477 | AH64: 0.67554398 | AI64: 0 | AJ64: 0 | AK64: 0 | AL64: 0 | AM64: 0 | AN64: 0 | AO64: 0 | AP64: 0 | AQ64: 0 | AR64: 0 | AS64: 0 | AT64: 0 | AU64: =AVERAGE(AF64:AF68) -> 8.4942
A65: 1 | B65: WR00L2L2 | C65: 25984 | D65: 64 | E65: 2 | F65: 8 | G65: 1188.29 | H65: 9.8433 | I65: 45478 | J65: 0.16916667 | K65: 0 | L65: 0 | M65: 0 | N65: 0 | O65: 0 | P65: 0 | Q65: 0 | R65: 0 | S65: 0 | T65: 0 | U65: 0 | V65: 0 | W65: =W64 -> 9.83938 | Y65: 1 | Z65: WR00L2L2 | AA65: 25984 | AB65: 64 | AC65: 2 | AD65: 8 | AE65: 1377.05 | AF65: 8.4941 | AG65: 45478 | AH65: 0.20744213 | AI65: 0 | AJ65: 0 | AK65: 0 | AL65: 0 | AM65: 0 | AN65: 0 | AO65: 0 | AP65: 0 | AQ65: 0 | AR65: 0 | AS65: 0 | AT65: 0 | AU65: =AU64 -> 8.4942
A66: 2 | B66: WR00L2L2 | C66: 25984 | D66: 64 | E66: 2 | F66: 8 | G66: 1188.98 | H66: 9.8376 | I66: 45478 | J66: 0.67524306 | K66: 0 | L66: 0 | M66: 0 | N66: 0 | O66: 0 | P66: 0 | Q66: 0 | R66: 0 | S66: 0 | T66: 0 | U66: 0 | V66: 0 | W66: =W65 -> 9.83938 | Y66: 2 | Z66: WR00L2L2 | AA66: 25984 | AB66: 64 | AC66: 2 | AD66: 8 | AE66: 1377 | AF66: 8.4944 | AG66: 45478 | AH66: 0.73939815 | AI66: 0 | AJ66: 0 | AK66: 0 | AL66: 0 | AM66: 0 | AN66: 0 | AO66: 0 | AP66: 0 | AQ66: 0 | AR66: 0 | AS66: 0 | AT66: 0 | AU66: =AU65 -> 8.4942
A67: 3 | B67: WR00L2L2 | C67: 25984 | D67: 64 | E67: 2 | F67: 8 | G67: 1189.57 | H67: 9.8327 | I67: 45479 | J67: 0.18144676 | K67: 0 | L67: 0 | M67: 0 | N67: 0 | O67: 0 | P67: 0 | Q67: 0 | R67: 0 | S67: 0 | T67: 0 | U67: 0 | V67: 0 | W67: =W66 -> 9.83938 | Y67: 3 | Z67: WR00L2L2 | AA67: 25984 | AB67: 64 | AC67: 2 | AD67: 8 | AE67: 1377.39 | AF67: 8.492 | AG67: 45479 | AH67: 0.27142361 | AI67: 0 | AJ67: 0 | AK67: 0 | AL67: 0 | AM67: 0 | AN67: 0 | AO67: 0 | AP67: 0 | AQ67: 0 | AR67: 0 | AS67: 0 | AT67: 0 | AU67: =AU66 -> 8.4942
A68: 4 | B68: WR00L2L2 | C68: 25984 | D68: 64 | E68: 2 | F68: 8 | G68: 1188.13 | H68: 9.8446 | I68: 45479 | J68: 0.68763889 | K68: 0 | L68: 0 | M68: 0 | N68: 0 | O68: 0 | P68: 0 | Q68: 0 | R68: 0 | S68: 0 | T68: 0 | U68: 0 | V68: 0 | W68: =W67 -> 9.83938 | Y68: 4 | Z68: WR00L2L2 | AA68: 25984 | AB68: 64 | AC68: 2 | AD68: 8 | AU68: =AU67 -> 8.4942
A69: 0 | B69: WR00L2L2 | C69: 27520 | D69: 64 | E69: 2 | F69: 8 | G69: 1403.92 | H69: 9.898 | I69: 45477 | J69: 0.50924769 | K69: 0 | L69: 0 | M69: 0 | N69: 0 | O69: 0 | P69: 0 | Q69: 0 | R69: 0 | S69: 0 | T69: 0 | U69: 0 | V69: 0 | W69: =AVERAGE(H69:H73) -> 9.889 | Y69: 0 | Z69: WR00L2L2 | AA69: 27520 | AB69: 64 | AC69: 2 | AD69: 8 | AE69: 1630.02 | AF69: 8.525 | AG69: 45477 | AH69: 0.51381944 | AI69: 0 | AJ69: 0 | AK69: 0 | AL69: 0 | AM69: 0 | AN69: 0 | AO69: 0 | AP69: 0 | AQ69: 0 | AR69: 0 | AS69: 0 | AT69: 0 | AU69: =AVERAGE(AF69:AF73) -> 8.524625
A70: 1 | B70: WR00L2L2 | C70: 27520 | D70: 64 | E70: 2 | F70: 8 | G70: 1404.96 | H70: 9.8907 | I70: 45478 | J70: 0.015127315 | K70: 0 | L70: 0 | M70: 0 | N70: 0 | O70: 0 | P70: 0 | Q70: 0 | R70: 0 | S70: 0 | T70: 0 | U70: 0 | V70: 0 | W70: =W69 -> 9.889 | Y70: 1 | Z70: WR00L2L2 | AA70: 27520 | AB70: 64 | AC70: 2 | AD70: 8 | AE70: 1630.03 | AF70: 8.525 | AG70: 45478 | AH70: 0.045671296 | AI70: 0 | AJ70: 0 | AK70: 0 | AL70: 0 | AM70: 0 | AN70: 0 | AO70: 0 | AP70: 0 | AQ70: 0 | AR70: 0 | AS70: 0 | AT70: 0 | AU70: =AU69 -> 8.524625
A71: 2 | B71: WR00L2L2 | C71: 27520 | D71: 64 | E71: 2 | F71: 8 | G71: 1406.15 | H71: 9.8823 | I71: 45478 | J71: 0.52122685 | K71: 0 | L71: 0 | M71: 0 | N71: 0 | O71: 0 | P71: 0 | Q71: 0 | R71: 0 | S71: 0 | T71: 0 | U71: 0 | V71: 0 | W71: =W70 -> 9.889 | Y71: 2 | Z71: WR00L2L2 | AA71: 27520 | AB71: 64 | AC71: 2 | AD71: 8 | AE71: 1630.31 | AF71: 8.5235 | AG71: 45478 | AH71: 0.57765046 | AI71: 0 | AJ71: 0 | AK71: 0 | AL71: 0 | AM71: 0 | AN71: 0 | AO71: 0 | AP71: 0 | AQ71: 0 | AR71: 0 | AS71: 0 | AT71: 0 | AU71: =AU70 -> 8.524625
A72: 3 | B72: WR00L2L2 | C72: 27520 | D72: 64 | E72: 2 | F72: 8 | G72: 1405.3 | H72: 9.8883 | I72: 45479 | J72: 0.027384259 | K72: 0 | L72: 0 | M72: 0 | N72: 0 | O72: 0 | P72: 0 | Q72: 0 | R72: 0 | S72: 0 | T72: 0 | U72: 0 | V72: 0 | W72: =W71 -> 9.889 | Y72: 3 | Z72: WR00L2L2 | AA72: 27520 | AB72: 64 | AC72: 2 | AD72: 8 | AE72: 1630.02 | AF72: 8.525 | AG72: 45479 | AH72: 0.10959491 | AI72: 0 | AJ72: 0 | AK72: 0 | AL72: 0 | AM72: 0 | AN72: 0 | AO72: 0 | AP72: 0 | AQ72: 0 | AR72: 0 | AS72: 0 | AT72: 0 | AU72: =AU71 -> 8.524625
A73: 4 | B73: WR00L2L2 | C73: 27520 | D73: 64 | E73: 2 | F73: 8 | G73: 1405.66 | H73: 9.8857 | I73: 45479 | J73: 0.53359954 | K73: 0 | L73: 0 | M73: 0 | N73: 0 | O73: 0 | P73: 0 | Q73: 0 | R73: 0 | S73: 0 | T73: 0 | U73: 0 | V73: 0 | W73: =W72 -> 9.889 | Y73: 4 | Z73: WR00L2L2 | AA73: 27520 | AB73: 64 | AC73: 2 | AD73: 8 | AU73: =AU72 -> 8.524625
A74: 0 | B74: WR00L2L2 | C74: 29056 | D74: 64 | E74: 2 | F74: 8 | G74: 1643.73 | H74: 9.9499 | I74: 45477 | J74: 0.83484954 | K74: 0 | L74: 0 | M74: 0 | N74: 0 | O74: 0 | P74: 0 | Q74: 0 | R74: 0 | S74: 0 | T74: 0 | U74: 0 | V74: 0 | W74: =AVERAGE(H74:H78) -> 9.94182 | Y74: 0 | Z74: WR00L2L2 | AA74: 29056 | AB74: 64 | AC74: 2 | AD74: 8 | AE74: 1908.58 | AF74: 8.5692 | AG74: 45477 | AH74: 0.85613426 | AI74: 0 | AJ74: 0 | AK74: 0 | AL74: 0 | AM74: 0 | AN74: 0 | AO74: 0 | AP74: 0 | AQ74: 0 | AR74: 0 | AS74: 0 | AT74: 0 | AU74: =AVERAGE(AF74:AF78) -> 8.5664
A75: 1 | B75: WR00L2L2 | C75: 29056 | D75: 64 | E75: 2 | F75: 8 | G75: 1644.97 | H75: 9.9424 | I75: 45478 | J75: 0.34099537 | K75: 0 | L75: 0 | M75: 0 | N75: 0 | O75: 0 | P75: 0 | Q75: 0 | R75: 0 | S75: 0 | T75: 0 | U75: 0 | V75: 0 | W75: =W74 -> 9.94182 | Y75: 1 | Z75: WR00L2L2 | AA75: 29056 | AB75: 64 | AC75: 2 | AD75: 8 | AE75: 1909.38 | AF75: 8.5656 | AG75: 45478 | AH75: 0.38811343 | AI75: 0 | AJ75: 0 | AK75: 0 | AL75: 0 | AM75: 0 | AN75: 0 | AO75: 0 | AP75: 0 | AQ75: 0 | AR75: 0 | AS75: 0 | AT75: 0 | AU75: =AU74 -> 8.5664
A76: 2 | B76: WR00L2L2 | C76: 29056 | D76: 64 | E76: 2 | F76: 8 | G76: 1645.97 | H76: 9.9364 | I76: 45478 | J76: 0.84709491 | K76: 0 | L76: 0 | M76: 0 | N76: 0 | O76: 0 | P76: 0 | Q76: 0 | R76: 0 | S76: 0 | T76: 0 | U76: 0 | V76: 0 | W76: =W75 -> 9.94182 | Y76: 2 | Z76: WR00L2L2 | AA76: 29056 | AB76: 64 | AC76: 2 | AD76: 8 | AE76: 1909.64 | AF76: 8.5644 | AG76: 45478 | AH76: 0.92005787 | AI76: 0 | AJ76: 0 | AK76: 0 | AL76: 0 | AM76: 0 | AN76: 0 | AO76: 0 | AP76: 0 | AQ76: 0 | AR76: 0 | AS76: 0 | AT76: 0 | AU76: =AU75 -> 8.5664
A77: 3 | B77: WR00L2L2 | C77: 29056 | D77: 64 | E77: 2 | F77: 8 | G77: 1646.28 | H77: 9.9345 | I77: 45479 | J77: 0.35334491 | K77: 0 | L77: 0 | M77: 0 | N77: 0 | O77: 0 | P77: 0 | Q77: 0 | R77: 0 | S77: 0 | T77: 0 | U77: 0 | V77: 0 | W77: =W76 -> 9.94182 | Y77: 3 | Z77: WR00L2L2 | AA77: 29056 | AB77: 64 | AC77: 2 | AD77: 8 | AU77: =AU76 -> 8.5664
A78: 4 | B78: WR00L2L2 | C78: 29056 | D78: 64 | E78: 2 | F78: 8 | G78: 1644.4 | H78: 9.9459 | I78: 45479 | J78: 0.8594213 | K78: 0 | L78: 0 | M78: 0 | N78: 0 | O78: 0 | P78: 0 | Q78: 0 | R78: 0 | S78: 0 | T78: 0 | U78: 0 | V78: 0 | W78: =W77 -> 9.94182 | Y78: 4 | Z78: WR00L2L2 | AA78: 29056 | AB78: 64 | AC78: 2 | AD78: 8 | AU78: =AU77 -> 8.5664
A79: 0 | B79: WR00L2L2 | C79: 25984 | D79: 64 | E79: 4 | F79: 4 | G79: 1202.2 | H79: 9.7294 | I79: 45477 | J79: 0.67844907 | K79: 0 | L79: 0 | M79: 0 | N79: 0 | O79: 0 | P79: 0 | Q79: 0 | R79: 0 | S79: 0 | T79: 0 | U79: 0 | V79: 0 | W79: =AVERAGE(H79:H83) -> 9.72332 | Y79: 0 | Z79: WR00L2L2 | AA79: 25984 | AB79: 64 | AC79: 4 | AD79: 4 | AE79: 1339.75 | AF79: 8.7306 | AG79: 45477 | AH79: 0.69136574 | AI79: 0 | AJ79: 0 | AK79: 0 | AL79: 0 | AM79: 0 | AN79: 0 | AO79: 0 | AP79: 0 | AQ79: 0 | AR79: 0 | AS79: 0 | AT79: 0 | AU79: =AVERAGE(AF79:AF83) -> 8.72925
A80: 1 | B80: WR00L2L2 | C80: 25984 | D80: 64 | E80: 4 | F80: 4 | G80: 1203.4 | H80: 9.7197 | I80: 45478 | J80: 0.18444444 | K80: 0 | L80: 0 | M80: 0 | N80: 0 | O80: 0 | P80: 0 | Q80: 0 | R80: 0 | S80: 0 | T80: 0 | U80: 0 | V80: 0 | W80: =W79 -> 9.72332 | Y80: 1 | Z80: WR00L2L2 | AA80: 25984 | AB80: 64 | AC80: 4 | AD80: 4 | AE80: 1339.43 | AF80: 8.7326 | AG80: 45478 | AH80: 0.22326389 | AI80: 0 | AJ80: 0 | AK80: 0 | AL80: 0 | AM80: 0 | AN80: 0 | AO80: 0 | AP80: 0 | AQ80: 0 | AR80: 0 | AS80: 0 | AT80: 0 | AU80: =AU79 -> 8.72925
A81: 2 | B81: WR00L2L2 | C81: 25984 | D81: 64 | E81: 4 | F81: 4 | G81: 1204.22 | H81: 9.7131 | I81: 45478 | J81: 0.69053241 | K81: 0 | L81: 0 | M81: 0 | N81: 0 | O81: 0 | P81: 0 | Q81: 0 | R81: 0 | S81: 0 | T81: 0 | U81: 0 | V81: 0 | W81: =W80 -> 9.72332 | Y81: 2 | Z81: WR00L2L2 | AA81: 25984 | AB81: 64 | AC81: 4 | AD81: 4 | AE81: 1340.4 | AF81: 8.7263 | AG81: 45478 | AH81: 0.75523148 | AI81: 0 | AJ81: 0 | AK81: 0 | AL81: 0 | AM81: 0 | AN81: 0 | AO81: 0 | AP81: 0 | AQ81: 0 | AR81: 0 | AS81: 0 | AT81: 0 | AU81: =AU80 -> 8.72925
A82: 3 | B82: WR00L2L2 | C82: 25984 | D82: 64 | E82: 4 | F82: 4 | G82: 1204.03 | H82: 9.7147 | I82: 45479 | J82: 0.19673611 | K82: 0 | L82: 0 | M82: 0 | N82: 0 | O82: 0 | P82: 0 | Q82: 0 | R82: 0 | S82: 0 | T82: 0 | U82: 0 | V82: 0 | W82: =W81 -> 9.72332 | Y82: 3 | Z82: WR00L2L2 | AA82: 25984 | AB82: 64 | AC82: 4 | AD82: 4 | AE82: 1340.21 | AF82: 8.7275 | AG82: 45479 | AH82: 0.28724537 | AI82: 0 | AJ82: 0 | AK82: 0 | AL82: 0 | AM82: 0 | AN82: 0 | AO82: 0 | AP82: 0 | AQ82: 0 | AR82: 0 | AS82: 0 | AT82: 0 | AU82: =AU81 -> 8.72925
A83: 4 | B83: WR00L2L2 | C83: 25984 | D83: 64 | E83: 4 | F83: 4 | G83: 1200.93 | H83: 9.7397 | I83: 45479 | J83: 0.70289352 | K83: 0 | L83: 0 | M83: 0 | N83: 0 | O83: 0 | P83: 0 | Q83: 0 | R83: 0 | S83: 0 | T83: 0 | U83: 0 | V83: 0 | W83: =W82 -> 9.72332 | Y83: 4 | Z83: WR00L2L2 | AA83: 25984 | AB83: 64 | AC83: 4 | AD83: 4 | AU83: =AU82 -> 8.72925
A84: 0 | B84: WR00L2L2 | C84: 27520 | D84: 64 | E84: 4 | F84: 4 | G84: 1419.18 | H84: 9.7915 | I84: 45477 | J84: 0.5271875 | K84: 0 | L84: 0 | M84: 0 | N84: 0 | O84: 0 | P84: 0 | Q84: 0 | R84: 0 | S84: 0 | T84: 0 | U84: 0 | V84: 0 | W84: =AVERAGE(H84:H88) -> 9.78394 | Y84: 0 | Z84: WR00L2L2 | AA84: 27520 | AB84: 64 | AC84: 4 | AD84: 4 | AE84: 1599.7 | AF84: 8.6866 | AG84: 45477 | AH84: 0.53268519 | AI84: 0 | AJ84: 0 | AK84: 0 | AL84: 0 | AM84: 0 | AN84: 0 | AO84: 0 | AP84: 0 | AQ84: 0 | AR84: 0 | AS84: 0 | AT84: 0 | AU84: =AVERAGE(AF84:AF88) -> 8.6821
A85: 1 | B85: WR00L2L2 | C85: 27520 | D85: 64 | E85: 4 | F85: 4 | G85: 1419.65 | H85: 9.7884 | I85: 45478 | J85: 0.033078704 | K85: 0 | L85: 0 | M85: 0 | N85: 0 | O85: 0 | P85: 0 | Q85: 0 | R85: 0 | S85: 0 | T85: 0 | U85: 0 | V85: 0 | W85: =W84 -> 9.78394 | Y85: 1 | Z85: WR00L2L2 | AA85: 27520 | AB85: 64 | AC85: 4 | AD85: 4 | AE85: 1600.77 | AF85: 8.6808 | AG85: 45478 | AH85: 0.064548611 | AI85: 0 | AJ85: 0 | AK85: 0 | AL85: 0 | AM85: 0 | AN85: 0 | AO85: 0 | AP85: 0 | AQ85: 0 | AR85: 0 | AS85: 0 | AT85: 0 | AU85: =AU84 -> 8.6821
A86: 2 | B86: WR00L2L2 | C86: 27520 | D86: 64 | E86: 4 | F86: 4 | G86: 1419.9 | H86: 9.7866 | I86: 45478 | J86: 0.53917824 | K86: 0 | L86: 0 | M86: 0 | N86: 0 | O86: 0 | P86: 0 | Q86: 0 | R86: 0 | S86: 0 | T86: 0 | U86: 0 | V86: 0 | W86: =W85 -> 9.78394 | Y86: 2 | Z86: WR00L2L2 | AA86: 27520 | AB86: 64 | AC86: 4 | AD86: 4 | AE86: 1600.99 | AF86: 8.6796 | AG86: 45478 | AH86: 0.59653935 | AI86: 0 | AJ86: 0 | AK86: 0 | AL86: 0 | AM86: 0 | AN86: 0 | AO86: 0 | AP86: 0 | AQ86: 0 | AR86: 0 | AS86: 0 | AT86: 0 | AU86: =AU85 -> 8.6821
A87: 3 | B87: WR00L2L2 | C87: 27520 | D87: 64 | E87: 4 | F87: 4 | G87: 1420.45 | H87: 9.7828 | I87: 45479 | J87: 0.045335648 | K87: 0 | L87: 0 | M87: 0 | N87: 0 | O87: 0 | P87: 0 | Q87: 0 | R87: 0 | S87: 0 | T87: 0 | U87: 0 | V87: 0 | W87: =W86 -> 9.78394 | Y87: 3 | Z87: WR00L2L2 | AA87: 27520 | AB87: 64 | AC87: 4 | AD87: 4 | AE87: 1600.67 | AF87: 8.6814 | AG87: 45479 | AH87: 0.12847222 | AI87: 0 | AJ87: 0 | AK87: 0 | AL87: 0 | AM87: 0 | AN87: 0 | AO87: 0 | AP87: 0 | AQ87: 0 | AR87: 0 | AS87: 0 | AT87: 0 | AU87: =AU86 -> 8.6821
A88: 4 | B88: WR00L2L2 | C88: 27520 | D88: 64 | E88: 4 | F88: 4 | G88: 1422.25 | H88: 9.7704 | I88: 45479 | J88: 0.55157407 | K88: 0 | L88: 0 | M88: 0 | N88: 0 | O88: 0 | P88: 0 | Q88: 0 | R88: 0 | S88: 0 | T88: 0 | U88: 0 | V88: 0 | W88: =W87 -> 9.78394 | Y88: 4 | Z88: WR00L2L2 | AA88: 27520 | AB88: 64 | AC88: 4 | AD88: 4 | AU88: =AU87 -> 8.6821
A89: 0 | B89: WR00L2L2 | C89: 29056 | D89: 64 | E89: 4 | F89: 4 | G89: 1660.76 | H89: 9.8479 | I89: 45477 | J89: 0.85574074 | K89: 0 | L89: 0 | M89: 0 | N89: 0 | O89: 0 | P89: 0 | Q89: 0 | R89: 0 | S89: 0 | T89: 0 | U89: 0 | V89: 0 | W89: =AVERAGE(H89:H93) -> 9.84088 | Y89: 0 | Z89: WR00L2L2 | AA89: 29056 | AB89: 64 | AC89: 4 | AD89: 4 | AE89: 1854.39 | AF89: 8.8196 | AG89: 45477 | AH89: 0.87798611 | AI89: 0 | AJ89: 0 | AK89: 0 | AL89: 0 | AM89: 0 | AN89: 0 | AO89: 0 | AP89: 0 | AQ89: 0 | AR89: 0 | AS89: 0 | AT89: 0 | AU89: =AVERAGE(AF89:AF93) -> 8.8155667
A90: 1 | B90: WR00L2L2 | C90: 29056 | D90: 64 | E90: 4 | F90: 4 | G90: 1663.75 | H90: 9.8302 | I90: 45478 | J90: 0.3619213 | K90: 0 | L90: 0 | M90: 0 | N90: 0 | O90: 0 | P90: 0 | Q90: 0 | R90: 0 | S90: 0 | T90: 0 | U90: 0 | V90: 0 | W90: =W89 -> 9.84088 | Y90: 1 | Z90: WR00L2L2 | AA90: 29056 | AB90: 64 | AC90: 4 | AD90: 4 | AE90: 1855.38 | AF90: 8.8149 | AG90: 45478 | AH90: 0.40996528 | AI90: 0 | AJ90: 0 | AK90: 0 | AL90: 0 | AM90: 0 | AN90: 0 | AO90: 0 | AP90: 0 | AQ90: 0 | AR90: 0 | AS90: 0 | AT90: 0 | AU90: =AU89 -> 8.8155667
A91: 2 | B91: WR00L2L2 | C91: 29056 | D91: 64 | E91: 4 | F91: 4 | G91: 1663.03 | H91: 9.8345 | I91: 45478 | J91: 0.86802083 | K91: 0 | L91: 0 | M91: 0 | N91: 0 | O91: 0 | P91: 0 | Q91: 0 | R91: 0 | S91: 0 | T91: 0 | U91: 0 | V91: 0 | W91: =W90 -> 9.84088 | Y91: 2 | Z91: WR00L2L2 | AA91: 29056 | AB91: 64 | AC91: 4 | AD91: 4 | AE91: 1855.94 | AF91: 8.8122 | AG91: 45478 | AH91: 0.94193287 | AI91: 0 | AJ91: 0 | AK91: 0 | AL91: 0 | AM91: 0 | AN91: 0 | AO91: 0 | AP91: 0 | AQ91: 0 | AR91: 0 | AS91: 0 | AT91: 0 | AU91: =AU90 -> 8.8155667
A92: 3 | B92: WR00L2L2 | C92: 29056 | D92: 64 | E92: 4 | F92: 4 | G92: 1660.44 | H92: 9.8498 | I92: 45479 | J92: 0.37424769 | K92: 0 | L92: 0 | M92: 0 | N92: 0 | O92: 0 | P92: 0 | Q92: 0 | R92: 0 | S92: 0 | T92: 0 | U92: 0 | V92: 0 | W92: =W91 -> 9.84088 | Y92: 3 | Z92: WR00L2L2 | AA92: 29056 | AB92: 64 | AC92: 4 | AD92: 4 | AU92: =AU91 -> 8.8155667
A93: 4 | B93: WR00L2L2 | C93: 29056 | D93: 64 | E93: 4 | F93: 4 | G93: 1661.75 | H93: 9.842 | I93: 45479 | J93: 0.88032407 | K93: 0 | L93: 0 | M93: 0 | N93: 0 | O93: 0 | P93: 0 | Q93: 0 | R93: 0 | S93: 0 | T93: 0 | U93: 0 | V93: 0 | W93: =W92 -> 9.84088 | Y93: 4 | Z93: WR00L2L2 | AA93: 29056 | AB93: 64 | AC93: 4 | AD93: 4 | AU93: =AU92 -> 8.8155667
A94: 0 | B94: WR00L2L2 | C94: 25920 | D94: 96 | E94: 1 | F94: 16 | G94: 1232.64 | H94: 9.4192 | I94: 45319 | J94: 0.69664352 | K94: 0 | L94: 0 | M94: 0 | N94: 0 | O94: 0 | P94: 0 | Q94: 0 | R94: 0 | S94: 0 | T94: 0 | U94: 0 | V94: 0 | W94: =AVERAGE(H94:H98) -> 9.3759 | Y94: 0 | Z94: WR00L2L2 | AA94: 25920 | AB94: 96 | AC94: 1 | AD94: 16 | AE94: 1390.76 | AF94: 8.3484 | AG94: 45324 | AH94: 0.37481481 | AI94: 0 | AJ94: 0 | AK94: 0 | AL94: 0 | AM94: 0 | AN94: 0 | AO94: 0 | AP94: 0 | AQ94: 0 | AR94: 0 | AS94: 0 | AT94: 0 | AU94: =AVERAGE(AF94:AF98) -> 8.34806
A95: 1 | B95: WR00L2L2 | C95: 25920 | D95: 96 | E95: 1 | F95: 16 | G95: 1233.51 | H95: 9.4125 | I95: 45320 | J95: 0.5378125 | K95: 0 | L95: 0 | M95: 0 | N95: 0 | O95: 0 | P95: 0 | Q95: 0 | R95: 0 | S95: 0 | T95: 0 | U95: 0 | V95: 0 | W95: =W94 -> 9.3759 | Y95: 1 | Z95: WR00L2L2 | AA95: 25920 | AB95: 96 | AC95: 1 | AD95: 16 | AE95: 1391.17 | AF95: 8.3458 | AG95: 45325 | AH95: 0.27770833 | AI95: 0 | AJ95: 0 | AK95: 0 | AL95: 0 | AM95: 0 | AN95: 0 | AO95: 0 | AP95: 0 | AQ95: 0 | AR95: 0 | AS95: 0 | AT95: 0 | AU95: =AU94 -> 8.34806
A96: 2 | B96: WR00L2L2 | C96: 25920 | D96: 96 | E96: 1 | F96: 16 | G96: 1240.07 | H96: 9.3628 | I96: 45321 | J96: 0.37966435 | K96: 0 | L96: 0 | M96: 0 | N96: 0 | O96: 0 | P96: 0 | Q96: 0 | R96: 0 | S96: 0 | T96: 0 | U96: 0 | V96: 0 | W96: =W95 -> 9.3759 | Y96: 2 | Z96: WR00L2L2 | AA96: 25920 | AB96: 96 | AC96: 1 | AD96: 16 | AE96: 1390.76 | AF96: 8.3483 | AG96: 45326 | AH96: 0.19796296 | AI96: 0 | AJ96: 0 | AK96: 0 | AL96: 0 | AM96: 0 | AN96: 0 | AO96: 0 | AP96: 0 | AQ96: 0 | AR96: 0 | AS96: 0 | AT96: 0 | AU96: =AU95 -> 8.34806
A97: 3 | B97: WR00L2L2 | C97: 25920 | D97: 96 | E97: 1 | F97: 16 | G97: 1240.23 | H97: 9.3616 | I97: 45322 | J97: 0.22194444 | K97: 0 | L97: 0 | M97: 0 | N97: 0 | O97: 0 | P97: 0 | Q97: 0 | R97: 0 | S97: 0 | T97: 0 | U97: 0 | V97: 0 | W97: =W96 -> 9.3759 | Y97: 3 | Z97: WR00L2L2 | AA97: 25920 | AB97: 96 | AC97: 1 | AD97: 16 | AE97: 1390.4 | AF97: 8.3505 | AG97: 45327 | AH97: 0.11747685 | AI97: 0 | AJ97: 0 | AK97: 0 | AL97: 0 | AM97: 0 | AN97: 0 | AO97: 0 | AP97: 0 | AQ97: 0 | AR97: 0 | AS97: 0 | AT97: 0 | AU97: =AU96 -> 8.34806
A98: 4 | B98: WR00L2L2 | C98: 25920 | D98: 96 | E98: 1 | F98: 16 | G98: 1245.3 | H98: 9.3234 | I98: 45323 | J98: 0.064282407 | K98: 0 | L98: 0 | M98: 0 | N98: 0 | O98: 0 | P98: 0 | Q98: 0 | R98: 0 | S98: 0 | T98: 0 | U98: 0 | V98: 0 | W98: =W97 -> 9.3759 | Y98: 4 | Z98: WR00L2L2 | AA98: 25920 | AB98: 96 | AC98: 1 | AD98: 16 | AE98: 1390.92 | AF98: 8.3473 | AG98: 45328 | AH98: 0.037361111 | AI98: 0 | AJ98: 0 | AK98: 0 | AL98: 0 | AM98: 0 | AN98: 0 | AO98: 0 | AP98: 0 | AQ98: 0 | AR98: 0 | AS98: 0 | AT98: 0 | AU98: =AU97 -> 8.34806
A99: 0 | B99: WR00L2L2 | C99: 27456 | D99: 96 | E99: 1 | F99: 16 | G99: 1455.17 | H99: 9.4829 | I99: 45319 | J99: 0.44570602 | K99: 0 | L99: 0 | M99: 0 | N99: 0 | O99: 0 | P99: 0 | Q99: 0 | R99: 0 | S99: 0 | T99: 0 | U99: 0 | V99: 0 | W99: =AVERAGE(H99:H103) -> 9.47732 | Y99: 0 | Z99: WR00L2L2 | AA99: 27456 | AB99: 96 | AC99: 1 | AD99: 16 | AE99: 1639.97 | AF99: 8.4143 | AG99: 45324 | AH99: 0.11072917 | AI99: 0 | AJ99: 0 | AK99: 0 | AL99: 0 | AM99: 0 | AN99: 0 | AO99: 0 | AP99: 0 | AQ99: 0 | AR99: 0 | AS99: 0 | AT99: 0 | AU99: =AVERAGE(AF99:AF103) -> 8.41216
A100: 1 | B100: WR00L2L2 | C100: 27456 | D100: 96 | E100: 1 | F100: 16 | G100: 1455.99 | H100: 9.4776 | I100: 45320 | J100: 0.28678241 | K100: 0 | L100: 0 | M100: 0 | N100: 0 | O100: 0 | P100: 0 | Q100: 0 | R100: 0 | S100: 0 | T100: 0 | U100: 0 | V100: 0 | W100: =W99 -> 9.47732 | Y100: 1 | Z100: WR00L2L2 | AA100: 27456 | AB100: 96 | AC100: 1 | AD100: 16 | AE100: 1640.45 | AF100: 8.4119 | AG100: 45325 | AH100: 0.0030555556 | AI100: 0 | AJ100: 0 | AK100: 0 | AL100: 0 | AM100: 0 | AN100: 0 | AO100: 0 | AP100: 0 | AQ100: 0 | AR100: 0 | AS100: 0 | AT100: 0 | AU100: =AU99 -> 8.41216
...

Sheet 825 params
A1: ATLAS - small | G1: OpenBLAS
A2: =INDEX(A4:A500,MATCH(MAX(E4:E500),E4:E500,0)) -> 29056 | B2: =INDEX(B4:B500,MATCH(MAX(E4:E500),E4:E500,0)) -> 64 | C2: =INDEX(C4:C500,MATCH(MAX(E4:E500),E4:E500,0)) -> 2 | D2: =INDEX(D4:D500,MATCH(MAX(E4:E500),E4:E500,0)) -> 8 | E2: =MAX(E4:E500) -> 9.94182 | G2: =INDEX(G4:G500,MATCH(MAX(K4:K500),K4:K500,0)) -> 28992 | H2: =INDEX(H4:H500,MATCH(MAX(K4:K500),K4:K500,0)) -> 96 | I2: =INDEX(I4:I500,MATCH(MAX(K4:K500),K4:K500,0)) -> 4 | J2: =INDEX(J4:J500,MATCH(MAX(K4:K500),K4:K500,0)) -> 4 | K2: =MAX(K4:K500) -> 8.82502
A3: N | B3: NB | C3: P | D3: Q | E3: Average GFLOP/s | G3: N | H3: NB | I3: P | J3: Q | K3: Average GFLOP/s
A4: {=_xlfn.CHOOSECOLS(_xlfn._xlws.FILTER('825 params, RAW'!A4:W500,'825 params, RAW'!A4:A500=0),3,4,5,6,23)} -> 25984 | B4: 32 | C4: 1 | D4: 16 | E4: 9.40384 | G4: {=_xlfn.CHOOSECOLS(_xlfn._xlws.FILTER('825 params, RAW'!Y4:AU500,'825 params, RAW'!Y4:Y500=0),3,4,5,6,23)} -> 25984 | H4: 32 | I4: 1 | J4: 16 | K4: 8.44925
A5: 27520 | B5: 32 | C5: 1 | D5: 16 | E5: 9.43808 | G5: 27520 | H5: 32 | I5: 1 | J5: 16 | K5: 8.45375
A6: 29056 | B6: 32 | C6: 1 | D6: 16 | E6: 9.48428 | G6: 29056 | H6: 32 | I6: 1 | J6: 16 | K6: 8.524275
A7: 25984 | B7: 32 | C7: 2 | D7: 8 | E7: 9.46458 | G7: 25984 | H7: 32 | I7: 2 | J7: 8 | K7: 8.600175
A8: 27520 | B8: 32 | C8: 2 | D8: 8 | E8: 9.51158 | G8: 27520 | H8: 32 | I8: 2 | J8: 8 | K8: 8.627
A9: 29056 | B9: 32 | C9: 2 | D9: 8 | E9: 9.5522 | G9: 29056 | H9: 32 | I9: 2 | J9: 8 | K9: 8.664675
A10: 25984 | B10: 32 | C10: 4 | D10: 4 | E10: 9.33394 | G10: 25984 | H10: 32 | I10: 4 | J10: 4 | K10: 8.5202
A11: 27520 | B11: 32 | C11: 4 | D11: 4 | E11: 9.37892 | G11: 27520 | H11: 32 | I11: 4 | J11: 4 | K11: 8.57015
A12: 29056 | B12: 32 | C12: 4 | D12: 4 | E12: 9.43292 | G12: 29056 | H12: 32 | I12: 4 | J12: 4 | K12: 8.5994
A13: 25984 | B13: 64 | C13: 1 | D13: 16 | E13: 9.61382 | G13: 25984 | H13: 64 | I13: 1 | J13: 16 | K13: 8.232975
A14: 27520 | B14: 64 | C14: 1 | D14: 16 | E14: 9.64826 | G14: 27520 | H14: 64 | I14: 1 | J14: 16 | K14: 8.26015
A15: 29056 | B15: 64 | C15: 1 | D15: 16 | E15: 9.72488 | G15: 29056 | H15: 64 | I15: 1 | J15: 16 | K15: 8.3261667
A16: 25984 | B16: 64 | C16: 2 | D16: 8 | E16: 9.83938 | G16: 25984 | H16: 64 | I16: 2 | J16: 8 | K16: 8.4942
... A164: 0 | B164: 0 | C164: 0 | D164: 0 | E164: 0 | G164: 0 | H164: 0 | I164: 0 | J164: 0 | K164: 0
A165: 0 | B165: 0 | C165: 0 | D165: 0 | E165: 0
A166: 0 | B166: 0 | C166: 0 | D166: 0 | E166: 0
A167: 0 | B167: 0 | C167: 0 | D167: 0 | E167: 0
A168: 0 | B168: 0 | C168: 0 | D168: 0 | E168: 0
A169: 0 | B169: 0 | C169: 0 | D169: 0 | E169: 0
A170: 0 | B170: 0 | C170: 0 | D170: 0 | E170: 0
A171: 0 | B171: 0 | C171: 0 | D171: 0 | E171: 0
A172: 0 | B172: 0 | C172: 0 | D172: 0 | E172: 0
A173: 0 | B173: 0 | C173: 0 | D173: 0 | E173: 0
A174: 0 | B174: 0 | C174: 0 | D174: 0 | E174: 0
A175: 0 | B175: 0 | C175: 0 | D175: 0 | E175: 0
A176: 0 | B176: 0 | C176: 0 | D176: 0 | E176: 0
... A188: 0 | B188: 0 | C188: 0 | D188: 0 | E188: 0

Sheet Top values
A1: Small cores | K1: Big cores
A2: 4-node | K2: 4-nodes
A3: BLAS | B3: DRAM Freq. | C3: N | D3: NB | E3: P | F3: Q | G3: Gflop/s | H3: Difference DRAM freq (for 13.089% increase) [%] | I3: Difference BLAS impl. | K3: BLAS | L3: DRAM Freq. | M3: N | N3: NB | O3: P | P3: Q | Q3: Gflop/s | R3: Difference DRAM freq (for 13.089% increase) [%] | S3: Difference BLAS impl.
A4: ATLAS | B4: 825 | C4: ='825 params, RAW'!AD1 -> 28992 | D4: ='825 params, RAW'!AE1 -> 96 | E4: ='825 params, RAW'!AF1 -> 4 | F4: ='825 params, RAW'!AG1 -> 4 | G4: ='825 params, RAW'!AC1 -> 8.82502 | K4: ATLAS | L4: 825 | M4: ='[1]4 node, 825, params (2024)'!G$3 -> 28960 | N4: ='[1]4 node, 825, params (2024)'!H$3 -> 160 | O4: ='[1]4 node, 825, params (2024)'!I$3 -> 2 | P4: ='[1]4 node, 825, params (2024)'!J$3 -> 8 | Q4: ='[1]4 node, 825, params (2024)'!$F$3 -> 37.4098
A5: ATLAS | B5: 933 | C5: ='933 params, RAW'!F1 -> 28992 | D5: ='933 params, RAW'!G1 -> 96 | E5: ='933 params, RAW'!H1 -> 2 | F5: ='933 params, RAW'!I1 -> 8 | G5: ='933 params, RAW'!E1 -> 9.02122 | H5: =((G5/G4-1)*100) -> 2.2232244 | I5: =((G6/G4-1)*100) -> 12.654929 | K5: ATLAS | L5: 933 | M5: ='[1]4 node, 933, params (2024)'!G$3 -> 28888 | N5: ='[1]4 node, 933, params (2024)'!H$3 -> 184 | O5: ='[1]4 node, 933, params (2024)'!I$3 -> 2 | P5: ='[1]4 node, 933, params (2024)'!J$3 -> 8 | Q5: ='[1]4 node, 933, params (2024)'!F$3 -> 38.2052 | R5: =((Q5/Q4-1)*100) -> 2.1261808 | S5: =((Q6/Q4-1)*100) -> 9.1232779
A6: OpenBLAS | B6: 825 | C6: ='825 params, RAW'!F1 -> 29056 | D6: ='825 params, RAW'!G1 -> 64 | E6: ='825 params, RAW'!H1 -> 2 | F6: ='825 params, RAW'!I1 -> 8 | G6: ='825 params, RAW'!E1 -> 9.94182 | K6: OpenBLAS | L6: 825 | M6: ='[1]4 node, 825, params (2024)'!AE$3 -> 28992 | N6: ='[1]4 node, 825, params (2024)'!AF$3 -> 96 | O6: ='[1]4 node, 825, params (2024)'!AG$3 -> 2 | P6: ='[1]4 node, 825, params (2024)'!AH$3 -> 8 | Q6: ='[1]4 node, 825, params (2024)'!$AD$3 -> 40.8228
A7: OpenBLAS | B7: 933 | C7: ='933 params, RAW'!AD1 -> 29056 | D7: ='933 params, RAW'!AE1 -> 64 | E7: ='933 params, RAW'!AF1 -> 2 | F7: ='933 params, RAW'!AG1 -> 8 | G7: ='933 params, RAW'!AC1 -> 10.039 | H7: =((G7/G6-1)*100) -> 0.97748702 | I7: =((G7/G5-1)*100) -> 11.282066 | K7: OpenBLAS | L7: 933 | M7: ='[1]4 node, 933, params (2024)'!AE$3 -> 29040 | N7: ='[1]4 node, 933, params (2024)'!AF$3 -> 120 | O7: ='[1]4 node, 933, params (2024)'!AG$3 -> 2 | P7: ='[1]4 node, 933, params (2024)'!AH$3 -> 8 | Q7: ='[1]4 node, 933, params (2024)'!$AD$3 -> 41.7184 | R7: =((Q7/Q6-1)*100) -> 2.1938721 | S7: =((Q7/Q5-1)*100) -> 9.1956069
A12: 1-node | K12: 1-node
A13: BLAS | B13: DRAM Freq. | C13: N | D13: NB | E13: P | F13: Q | G13: Gflop/s | H13: Difference DRAM freq (for 13.089% increase) [%] | I13: Difference BLAS impl. | K13: BLAS | L13: DRAM Freq. | M13: N | N13: NB | O13: P | P13: Q | Q13: Gflop/s | R13: Difference DRAM freq (for 13.089% increase) [%] | S13: Difference BLAS impl.
A14: ATLAS | B14: 825 | C14: ='825 params 1 node, RAW'!C4 -> 13056 | D14: ='825 params 1 node, RAW'!D4 -> 32 | E14: ='825 params 1 node, RAW'!E4 -> 1 | F14: ='825 params 1 node, RAW'!F4 -> 4 | G14: ='825 params 1 node, RAW'!H4 -> 2.1843 | K14: ATLAS | L14: 825 | M14: ='[1]1 node, 825, params (2024)'!D$2 -> 14560 | N14: ='[1]1 node, 825, params (2024)'!E$2 -> 160 | O14: ='[1]1 node, 825, params (2024)'!F$2 -> 2 | P14: ='[1]1 node, 825, params (2024)'!G$2 -> 2 | Q14: ='[1]1 node, 825, params (2024)'!$C$2 -> 10.5688
A15: ATLAS | B15: 933 | C15: ='933 params 1 node, RAW'!C4 -> 13056 | D15: ='933 params 1 node, RAW'!D4 -> 32 | E15: ='933 params 1 node, RAW'!E4 -> 1 | F15: ='933 params 1 node, RAW'!F4 -> 4 | G15: ='933 params 1 node, RAW'!H4 -> 2.2187 | H15: =((G15/G14-1)*100) -> 1.5748752 | I15: =((G16/G14-1)*100) -> 12.081674 | K15: ATLAS | L15: 933 | M15: ='[1]1 node, 933, params (2024)'!D$2 -> 14560 | N15: ='[1]1 node, 933, params (2024)'!E$2 -> 160 | O15: ='[1]1 node, 933, params (2024)'!F$2 -> 2 | P15: ='[1]1 node, 933, params (2024)'!G$2 -> 2 | Q15: ='[1]1 node, 933, params (2024)'!$C$2 -> 10.7934 | R15: =((Q15/Q14-1)*100) -> 2.125123 | S15: =((Q16/Q14-1)*100) -> 6.1217924
A16: OpenBLAS | B16: 825 | C16: ='825 params 1 node, RAW'!R4 -> 13056 | D16: ='825 params 1 node, RAW'!S4 -> 32 | E16: ='825 params 1 node, RAW'!T4 -> 1 | F16: ='825 params 1 node, RAW'!U4 -> 4 | G16: ='825 params 1 node, RAW'!W4 -> 2.4482 | K16: OpenBLAS | L16: 825 | M16: ='[1]1 node, 825, params (2024)'!T$2 -> 14592 | N16: ='[1]1 node, 825, params (2024)'!U$2 -> 192 | O16: ='[1]1 node, 825, params (2024)'!V$2 -> 2 | P16: ='[1]1 node, 825, params (2024)'!W$2 -> 2 | Q16: ='[1]1 node, 825, params (2024)'!$S$2 -> 11.2158
A17: OpenBLAS | B17: 933 | C17: ='933 params 1 node, RAW'!R4 -> 13056 | D17: ='933 params 1 node, RAW'!S4 -> 32 | E17: ='933 params 1 node, RAW'!T4 -> 1 | F17: ='933 params 1 node, RAW'!U4 -> 4 | G17: ='933 params 1 node, RAW'!W4 -> 2.4734 | H17: =((G17/G16-1)*100) -> 1.0293277 | I17: =((G17/G15-1)*100) -> 11.479695 | K17: OpenBLAS | L17: 933 | M17: ='[1]1 node, 933, params (2024)'!T$2 -> 14544 | N17: ='[1]1 node, 933, params (2024)'!U$2 -> 144 | O17: ='[1]1 node, 933, params (2024)'!V$2 -> 2 | P17: ='[1]1 node, 933, params (2024)'!W$2 -> 2 | Q17: ='[1]1 node, 933, params (2024)'!$S$2 -> 11.4762 | R17: =((Q17/Q16-1)*100) -> 2.3217247 | S17: =((Q17/Q15-1)*100) -> 6.3260882
A23: SNAPSHOT
A24: Single node | K24: 4 - node
A25: Big cores | K25: Big cores
A26: BLAS | B26: DRAM Freq. | C26: N | D26: NB | E26: P | F26: Q | G26: Gflop/s | K26: BLAS | L26: DRAM Freq. | M26: N | N26: NB | O26: P | P26: Q | Q26: Gflop/s
A27: Krpic et al. | B27: 825 | C27: 29184 | D27: 128 | E27: 2 | F27: 8 | G27: 7.995 | K27: Krpic et al. | L27: 825 | M27: 29184 | N27: 128 | O27: 2 | P27: 8 | Q27: 30.899
A28: ATLAS (825) | B28: 825 | C28: 29040 | D28: 88 | E28: 4 | F28: 4 | G28: 8.89266 | K28: ATLAS (825) | L28: 825 | M28: 28960 | N28: 160 | O28: 2 | P28: 8 | Q28: 37.4098
A29: ATLAS (933) | B29: 933 | C29: 29040 | D29: 88 | E29: 4 | F29: 4 | G29: 8.99756 | K29: ATLAS (933) | L29: 933 | M29: 28888 | N29: 184 | O29: 2 | P29: 8 | Q29: 38.2052
A30: OpenBLAS (825) | B30: 825 | C30: 29016 | D30: 72 | E30: 2 | F30: 8 | G30: 9.94954 | K30: OpenBLAS (825) | L30: 825 | M30: 28992 | N30: 96 | O30: 2 | P30: 8 | Q30: 40.8228
A31: OpenBLAS (933) | B31: 933 | C31: 29056 | D31: 64 | E31: 2 | F31: 8 | G31: 10.039 | K31: OpenBLAS (933) | L31: 933 | M31: 29040 | N31: 120 | O31: 2 | P31: 8 | Q31: 41.7184
A35: Small cores | K35: Small cores
A36: BLAS | B36: DRAM Freq. | C36: N | D36: NB | E36: P | F36: Q | G36: Gflop/s | K36: BLAS | L36: DRAM Freq. | M36: N | N36: NB | O36: P | P36: Q | Q36: Gflop/s
A37: Nikl et al. | B37: 933 (?) | G37: 1.98 | K37: Cloutier et al. | L37: 933 (?) | Q37: 8.3
A38: Krpic et al. | B38: 825 | C38: 14592 | D38: 128 | E38: 2 | F38: 2 | G38: 2.066 | K38: Krpic et al. | L38: 825 | M38: 14592 | N38: 128 | O38: 2 | P38: 2 | Q38: 8.806
A39: ATLAS (825) | B39: 825 | C39: 14560 | D39: 112 | E39: 2 | F39: 2 | G39: 2.3067 | K39: Nikl et al. | L39: 933 (?) | Q39: 9.34
A40: ATLAS (933) | B40: 933 | C40: 13776 | D40: 112 | E40: 2 | F40: 2 | G40: 2.3341 | K40: ATLAS (825) | L40: 825 | M40: 14560 | N40: 160 | O40: 2 | P40: 2 | Q40: 10.5688
A41: OpenBLAS (825) | B41: 825 | C41: 14640 | D41: 80 | E41: 1 | F41: 4 | G41: 2.5746 | K41: ATLAS (933) | L41: 933 | M41: 14560 | N41: 160 | O41: 2 | P41: 2 | Q41: 10.7934
A42: OpenBLAS (933) | B42: 933 | C42: 14640 | D42: 80 | E42: 1 | F42: 4 | G42: 2.5902 | K42: OpenBLAS (825) | L42: 825 | M42: 14592 | N42: 192 | O42: 2 | P42: 2 | Q42: 11.2158
K43: OpenBLAS (933) | L43: 933 | M43: 14544 | N43: 144 | O43: 2 | P43: 2 | Q43: 11.4762

Sheet 933 params 1 node, RAW
A1: Max avg. GFLOPS (and params): | E1: =MAX(N:N) -> 2.33482 | F1: =INDEX(C:C,MATCH(MAX($N:$N),$N:$N,0)) -> 14560 | G1: =INDEX(D:D,MATCH(MAX($N:$N),$N:$N,0)) -> 112 | H1: =INDEX(E:E,MATCH(MAX($N:$N),$N:$N,0)) -> 2 | I1: =INDEX(F:F,MATCH(MAX($N:$N),$N:$N,0)) -> 2 | K1: ATLAS - small | P1: Max avg. GFLOPS (and params): | T1: =MAX(AC:AC) -> 2.59044 | U1: =INDEX(R:R,MATCH(MAX($AC:$AC),$AC:$AC,0)) -> 14640 | V1: =INDEX(S:S,MATCH(MAX($AC:$AC),$AC:$AC,0)) -> 80 | W1: =INDEX(T:T,MATCH(MAX($AC:$AC),$AC:$AC,0)) -> 1 | X1: =INDEX(U:U,MATCH(MAX($AC:$AC),$AC:$AC,0)) -> 4 | Z1: OpenBLAS
A2: MAX GFLOPS: | C2: =MAX(H4:H840) -> 2.3364 | K2: Odroid10 throttling time [1/100s] | P2: MAX GFLOPS: | R2: =MAX(W4:W841) -> 2.5961 | Z2: Odroid10 throttling time [1/100s]
A3: RUN | C3: N | D3: NB | E3: P | F3: Q | G3: Time | H3: GFLOPS | I3: Date | J3: Time | K3: 1700MHz | L3: 1800MHz | M3: 1900MHz | P3: RUN | R3: N | S3: NB | T3: P | U3: Q | V3: Time | W3: GFLOPS | X3: Date | Y3: Time | Z3: 1700MHz | AA3: 1800MHz | AB3: 1900MHz
A4: 0 | B4: WR00L2L2 | C4: 13056 | D4: 32 | E4: 1 | F4: 4 | G4: 668.84 | H4: 2.2187 | I4: 45477 | J4: 0.4259838 | K4: 0 | L4: 0 | M4: 0 | N4: =AVERAGE(H4:H8) -> 2.2184 | P4: 0 | Q4: WR00L2L2 | R4: 13056 | S4: 32 | T4: 1 | U4: 4 | V4: 599.96 | W4: 2.4734 | X4: 45477 | Y4: 0.42525463 | Z4: 0 | AA4: 0 | AB4: 0 | AC4: =AVERAGE(W4:W8) -> 2.47306
A5: 1 | B5: WR00L2L2 | C5: 13056 | D5: 32 | E5: 1 | F5: 4 | G5: 669.72 | H5: 2.2157 | I5: 45477 | J5: 0.48334491 | K5: 0 | L5: 0 | M5: 0 | N5: =N4 -> 2.2184 | P5: 1 | Q5: WR00L2L2 | R5: 13056 | S5: 32 | T5: 1 | U5: 4 | V5: 599.93 | W5: 2.4735 | X5: 45477 | Y5: 0.48403935 | Z5: 0 | AA5: 0 | AB5: 0 | AC5: =AC4 -> 2.47306
A6: 2 | B6: WR00L2L2 | C6: 13056 | D6: 32 | E6: 1 | F6: 4 | G6: 668.77 | H6: 2.2189 | I6: 45477 | J6: 0.54071759 | K6: 0 | L6: 0 | M6: 0 | N6: =N5 -> 2.2184 | P6: 2 | Q6: WR00L2L2 | R6: 13056 | S6: 32 | T6: 1 | U6: 4 | V6: 599.86 | W6: 2.4738 | X6: 45477 | Y6: 0.54282407 | Z6: 0 | AA6: 0 | AB6: 0 | AC6: =AC5 -> 2.47306
A7: 3 | B7: WR00L2L2 | C7: 13056 | D7: 32 | E7: 1 | F7: 4 | G7: 668.51 | H7: 2.2198 | I7: 45477 | J7: 0.59356481 | K7: 0 | L7: 0 | M7: 0 | N7: =N6 -> 2.2184 | P7: 3 | Q7: WR00L2L2 | R7: 13056 | S7: 32 | T7: 1 | U7: 4 | V7: 599.94 | W7: 2.4735 | X7: 45477 | Y7: 0.6016088 | Z7: 0 | AA7: 0 | AB7: 0 | AC7: =AC6 -> 2.47306
A8: 4 | B8: WR00L2L2 | C8: 13056 | D8: 32 | E8: 1 | F8: 4 | G8: 668.76 | H8: 2.2189 | I8: 45477 | J8: 0.65082176 | K8: 0 | L8: 0 | M8: 0 | N8: =N7 -> 2.2184 | P8: 4 | Q8: WR00L2L2 | R8: 13056 | S8: 32 | T8: 1 | U8: 4 | V8: 600.52 | W8: 2.4711 | X8: 45477 | Y8: 0.66038194 | Z8: 0 | AA8: 0 | AB8: 0 | AC8: =AC7 -> 2.47306
A9: 0 | B9: WR00L2L2 | C9: 13824 | D9: 32 | E9: 1 | F9: 4 | G9: 806 | H9: 2.1855 | I9: 45477 | J9: 0.44359954 | K9: 0 | L9: 0 | M9: 0 | N9: =AVERAGE(H9:H13) -> 2.18568 | P9: 0 | Q9: WR00L2L2 | R9: 13824 | S9: 32 | T9: 1 | U9: 4 | V9: 715.43 | W9: 2.4622 | X9: 45477 | Y9: 0.44333333 | Z9: 0 | AA9: 0 | AB9: 0 | AC9: =AVERAGE(W9:W13) -> 2.46132
A10: 1 | B10: WR00L2L2 | C10: 13824 | D10: 32 | E10: 1 | F10: 4 | G10: 806.66 | H10: 2.1837 | I10: 45477 | J10: 0.50100694 | K10: 0 | L10: 0 | M10: 0 | N10: =N9 -> 2.18568 | P10: 1 | Q10: WR00L2L2 | R10: 13824 | S10: 32 | T10: 1 | U10: 4 | V10: 715.42 | W10: 2.4622 | X10: 45477 | Y10: 0.50211806 | Z10: 0 | AA10: 0 | AB10: 0 | AC10: =AC9 -> 2.46132
A11: 2 | B11: WR00L2L2 | C11: 13824 | D11: 32 | E11: 1 | F11: 4 | G11: 806.79 | H11: 2.1833 | I11: 45477 | J11: 0.55391204 | K11: 0 | L11: 0 | M11: 0 | N11: =N10 -> 2.18568 | P11: 2 | Q11: WR00L2L2 | R11: 13824 | S11: 32 | T11: 1 | U11: 4 | V11: 715.93 | W11: 2.4604 | X11: 45477 | Y11: 0.56091435 | Z11: 0 | AA11: 0 | AB11: 0 | AC11: =AC10 -> 2.46132
A12: 3 | B12: WR00L2L2 | C12: 13824 | D12: 32 | E12: 1 | F12: 4 | G12: 805.19 | H12: 2.1877 | I12: 45477 | J12: 0.61116898 | K12: 0 | L12: 0 | M12: 0 | N12: =N11 -> 2.18568 | P12: 3 | Q12: WR00L2L2 | R12: 13824 | S12: 32 | T12: 1 | U12: 4 | V12: 715.77 | W12: 2.461 | X12: 45477 | Y12: 0.6196875 | Z12: 0 | AA12: 0 | AB12: 0 | AC12: =AC11 -> 2.46132
A13: 4 | B13: WR00L2L2 | C13: 13824 | D13: 32 | E13: 1 | F13: 4 | G13: 804.98 | H13: 2.1882 | I13: 45477 | J13: 0.66841435 | K13: 0 | L13: 0 | M13: 0 | N13: =N12 -> 2.18568 | P13: 4 | Q13: WR00L2L2 | R13: 13824 | S13: 32 | T13: 1 | U13: 4 | V13: 715.83 | W13: 2.4608 | X13: 45477 | Y13: 0.67847222 | Z13: 0 | AA13: 0 | AB13: 0 | AC13: =AC12 -> 2.46132
A14: 0 | B14: WR00L2L2 | C14: 14592 | D14: 32 | E14: 1 | F14: 4 | G14: 928.7 | H14: 2.2307 | I14: 45477 | J14: 0.46424769 | K14: 0 | L14: 0 | M14: 0 | N14: =AVERAGE(H14:H18) -> 2.23156 | P14: 0 | Q14: WR00L2L2 | R14: 14592 | S14: 32 | T14: 1 | U14: 4 | V14: 833.74 | W14: 2.4848 | X14: 45477 | Y14: 0.46439815 | Z14: 0 | AA14: 0 | AB14: 0 | AC14: =AVERAGE(W14:W18) -> 2.48446
A15: 1 | B15: WR00L2L2 | C15: 14592 | D15: 32 | E15: 1 | F15: 4 | G15: 929.39 | H15: 2.2291 | I15: 45477 | J15: 0.52167824 | K15: 0 | L15: 0 | M15: 0 | N15: =N14 -> 2.23156 | P15: 1 | Q15: WR00L2L2 | R15: 14592 | S15: 32 | T15: 1 | U15: 4 | V15: 834.05 | W15: 2.4839 | X15: 45477 | Y15: 0.52319444 | Z15: 0 | AA15: 0 | AB15: 0 | AC15: =AC14 -> 2.48446
A16: 2 | B16: WR00L2L2 | C16: 14592 | D16: 32 | E16: 1 | F16: 4 | G16: 927.7 | H16: 2.2331 | I16: 45477 | J16: 0.57453704 | K16: 0 | L16: 0 | M16: 0 | N16: =N15 -> 2.23156 | P16: 2 | Q16: WR00L2L2 | R16: 14592 | S16: 32 | T16: 1 | U16: 4 | V16: 833.68 | W16: 2.485 | X16: 45477 | Y16: 0.58197917 | Z16: 0 | AA16: 0 | AB16: 0 | AC16: =AC15 -> 2.48446
A17: 3 | B17: WR00L2L2 | C17: 14592 | D17: 32 | E17: 1 | F17: 4 | G17: 927.96 | H17: 2.2325 | I17: 45477 | J17: 0.63178241 | K17: 0 | L17: 0 | M17: 0 | N17: =N16 -> 2.23156 | P17: 3 | Q17: WR00L2L2 | R17: 14592 | S17: 32 | T17: 1 | U17: 4 | V17: 833.75 | W17: 2.4848 | X17: 45477 | Y17: 0.64075231 | Z17: 0 | AA17: 0 | AB17: 0 | AC17: =AC16 -> 2.48446
A18: 4 | B18: WR00L2L2 | C18: 14592 | D18: 32 | E18: 1 | F18: 4 | G18: 928 | H18: 2.2324 | I18: 45477 | J18: 0.68903935 | K18: 0 | L18: 0 | M18: 0 | N18: =N17 -> 2.23156 | P18: 4 | Q18: WR00L2L2 | R18: 14592 | S18: 32 | T18: 1 | U18: 4 | V18: 834.06 | W18: 2.4838 | X18: 45477 | Y18: 0.69953704 | Z18: 0 | AA18: 0 | AB18: 0 | AC18: =AC17 -> 2.48446
A19: 0 | B19: WR00L2L2 | C19: 13056 | D19: 32 | E19: 2 | F19: 2 | G19: 665.71 | H19: 2.2291 | I19: 45477 | J19: 0.43395833 | K19: 0 | L19: 0 | M19: 0 | N19: =AVERAGE(H19:H23) -> 2.22785 | P19: 0 | Q19: WR00L2L2 | R19: 13056 | S19: 32 | T19: 2 | U19: 2 | V19: 603.76 | W19: 2.4578 | X19: 45477 | Y19: 0.43356481 | Z19: 0 | AA19: 0 | AB19: 0 | AC19: =AVERAGE(W19:W23) -> 2.45672
A20: 1 | B20: WR00L2L2 | C20: 13056 | D20: 32 | E20: 2 | F20: 2 | G20: 668.93 | H20: 2.2184 | I20: 45477 | J20: 0.49136574 | K20: 0 | L20: 0 | M20: 0 | N20: =N19 -> 2.22785 | P20: 1 | Q20: WR00L2L2 | R20: 13056 | S20: 32 | T20: 2 | U20: 2 | V20: 604.44 | W20: 2.4551 | X20: 45477 | Y20: 0.49236111 | Z20: 0 | AA20: 0 | AB20: 0 | AC20: =AC19 -> 2.45672
A21: 2 | B21: NA | C21: 13056 | D21: 32 | E21: 2 | F21: 2 | I21: 45477 | J21: 0.54427083 | K21: 0 | L21: 0 | M21: 0 | N21: =N20 -> 2.22785 | P21: 2 | Q21: WR00L2L2 | R21: 13056 | S21: 32 | T21: 2 | U21: 2 | V21: 604.08 | W21: 2.4565 | X21: 45477 | Y21: 0.55114583 | Z21: 0 | AA21: 0 | AB21: 0 | AC21: =AC20 -> 2.45672
A22: 3 | B22: WR00L2L2 | C22: 13056 | D22: 32 | E22: 2 | F22: 2 | G22: 664.93 | H22: 2.2317 | I22: 45477 | J22: 0.60153935 | K22: 0 | L22: 0 | M22: 0 | N22: =N21 -> 2.22785 | P22: 3 | Q22: WR00L2L2 | R22: 13056 | S22: 32 | T22: 2 | U22: 2 | V22: 603.76 | W22: 2.4578 | X22: 45477 | Y22: 0.60991898 | Z22: 0 | AA22: 0 | AB22: 0 | AC22: =AC21 -> 2.45672
A23: 4 | B23: WR00L2L2 | C23: 13056 | D23: 32 | E23: 2 | F23: 2 | G23: 664.8 | H23: 2.2322 | I23: 45477 | J23: 0.6587963 | K23: 0 | L23: 0 | M23: 0 | N23: =N22 -> 2.22785 | P23: 4 | Q23: WR00L2L2 | R23: 13056 | S23: 32 | T23: 2 | U23: 2 | V23: 604.12 | W23: 2.4564 | X23: 45477 | Y23: 0.6687037 | Z23: 0 | AA23: 0 | AB23: 0 | AC23: =AC22 -> 2.45672
A24: 0 | B24: WR00L2L2 | C24: 13824 | D24: 32 | E24: 2 | F24: 2 | G24: 798.55 | H24: 2.2059 | I24: 45477 | J24: 0.45314815 | K24: 0 | L24: 0 | M24: 0 | N24: =AVERAGE(H24:H28) -> 2.2071 | P24: 0 | Q24: WR00L2L2 | R24: 13824 | S24: 32 | T24: 2 | U24: 2 | V24: 715.4 | W24: 2.4623 | X24: 45477 | Y24: 0.45309028 | Z24: 0 | AA24: 0 | AB24: 0 | AC24: =AVERAGE(W24:W28) -> 2.46266
A25: 1 | B25: WR00L2L2 | C25: 13824 | D25: 32 | E25: 2 | F25: 2 | G25: 800.31 | H25: 2.201 | I25: 45477 | J25: 0.5105787 | K25: 0 | L25: 0 | M25: 0 | N25: =N24 -> 2.2071 | P25: 1 | Q25: WR00L2L2 | R25: 13824 | S25: 32 | T25: 2 | U25: 2 | V25: 715.29 | W25: 2.4626 | X25: 45477 | Y25: 0.51188657 | Z25: 0 | AA25: 0 | AB25: 0 | AC25: =AC24 -> 2.46266
A26: 2 | B26: WR00L2L2 | C26: 13824 | D26: 32 | E26: 2 | F26: 2 | G26: 797.42 | H26: 2.209 | I26: 45477 | J26: 0.56344907 | K26: 0 | L26: 0 | M26: 0 | N26: =N25 -> 2.2071 | P26: 2 | Q26: WR00L2L2 | R26: 13824 | S26: 32 | T26: 2 | U26: 2 | V26: 715.31 | W26: 2.4626 | X26: 45477 | Y26: 0.5706713 | Z26: 0 | AA26: 0 | AB26: 0 | AC26: =AC25 -> 2.46266
A27: 3 | B27: WR00L2L2 | C27: 13824 | D27: 32 | E27: 2 | F27: 2 | G27: 797.28 | H27: 2.2094 | I27: 45477 | J27: 0.62070602 | K27: 0 | L27: 0 | M27: 0 | N27: =N26 -> 2.2071 | P27: 3 | Q27: WR00L2L2 | R27: 13824 | S27: 32 | T27: 2 | U27: 2 | V27: 714.96 | W27: 2.4638 | X27: 45477 | Y27: 0.62944444 | Z27: 0 | AA27: 0 | AB27: 0 | AC27: =AC26 -> 2.46266
A28: 4 | B28: WR00L2L2 | C28: 13824 | D28: 32 | E28: 2 | F28: 2 | G28: 796.99 | H28: 2.2102 | I28: 45477 | J28: 0.67795139 | K28: 0 | L28: 0 | M28: 0 | N28: =N27 -> 2.2071 | P28: 4 | Q28: WR00L2L2 | R28: 13824 | S28: 32 | T28: 2 | U28: 2 | V28: 715.47 | W28: 2.462 | X28: 45477 | Y28: 0.68822917 | Z28: 0 | AA28: 0 | AB28: 0 | AC28: =AC27 -> 2.46266
A29: 0 | B29: WR00L2L2 | C29: 14592 | D29: 32 | E29: 2 | F29: 2 | G29: 927.31 | H29: 2.2341 | I29: 45477 | J29: 0.4753125 | K29: 0 | L29: 0 | M29: 0 | N29: =AVERAGE(H29:H33) -> 2.24314 | P29: 0 | Q29: WR00L2L2 | R29: 14592 | S29: 32 | T29: 2 | U29: 2 | V29: 840.27 | W29: 2.4655 | X29: 45477 | Y29: 0.47577546 | Z29: 0 | AA29: 0 | AB29: 0 | AC29: =AVERAGE(W29:W33) -> 2.46798
A30: 1 | B30: WR00L2L2 | C30: 14592 | D30: 32 | E30: 2 | F30: 2 | G30: 922.67 | H30: 2.2453 | I30: 45477 | J30: 0.53269676 | K30: 0 | L30: 0 | M30: 0 | N30: =N29 -> 2.24314 | P30: 1 | Q30: WR00L2L2 | R30: 14592 | S30: 32 | T30: 2 | U30: 2 | V30: 839.89 | W30: 2.4666 | X30: 45477 | Y30: 0.53456019 | Z30: 0 | AA30: 0 | AB30: 0 | AC30: =AC29 -> 2.46798
A31: 2 | B31: WR00L2L2 | C31: 14592 | D31: 32 | E31: 2 | F31: 2 | G31: 922.66 | H31: 2.2453 | I31: 45477 | J31: 0.58555556 | K31: 0 | L31: 0 | M31: 0 | N31: =N30 -> 2.24314 | P31: 2 | Q31: WR00L2L2 | R31: 14592 | S31: 32 | T31: 2 | U31: 2 | V31: 839.13 | W31: 2.4688 | X31: 45477 | Y31: 0.59333333 | Z31: 0 | AA31: 0 | AB31: 0 | AC31: =AC30 -> 2.46798
A32: 3 | B32: WR00L2L2 | C32: 14592 | D32: 32 | E32: 2 | F32: 2 | G32: 922.77 | H32: 2.2451 | I32: 45477 | J32: 0.64280093 | K32: 0 | L32: 0 | M32: 0 | N32: =N31 -> 2.24314 | P32: 3 | Q32: WR00L2L2 | R32: 14592 | S32: 32 | T32: 2 | U32: 2 | V32: 838.88 | W32: 2.4696 | X32: 45477 | Y32: 0.65210648 | Z32: 0 | AA32: 0 | AB32: 0 | AC32: =AC31 -> 2.46798
A33: 4 | B33: WR00L2L2 | C33: 14592 | D33: 32 | E33: 2 | F33: 2 | G33: 922.43 | H33: 2.2459 | I33: 45477 | J33: 0.7000463 | K33: 0 | L33: 0 | M33: 0 | N33: =N32 -> 2.24314 | P33: 4 | Q33: WR00L2L2 | R33: 14592 | S33: 32 | T33: 2 | U33: 2 | V33: 838.93 | W33: 2.4694 | X33: 45477 | Y33: 0.71090278 | Z33: 0 | AA33: 0 | AB33: 0 | AC33: =AC32 -> 2.46798
A34: 0 | B34: WR00L2L2 | C34: 13056 | D34: 64 | E34: 1 | F34: 4 | G34: 673.06 | H34: 2.2047 | I34: 45425 | J34: 0.4062037 | K34: 0 | L34: 0 | M34: 0 | N34: =AVERAGE(H34:H38) -> 2.2047 | P34: 0 | Q34: WR00L2L2 | R34: 13056 | S34: 64 | T34: 1 | U34: 4 | V34: 577.18 | W34: 2.571 | X34: 45435 | Y34: 0.94498843 | Z34: 0 | AA34: 0 | AB34: 0 | AC34: =AVERAGE(W34:W38) -> 2.57206
A35: 1 | B35: WR00L2L2 | C35: 13056 | D35: 64 | E35: 1 | F35: 4 | G35: 673.04 | H35: 2.2048 | I35: 45425 | J35: 0.91153935 | K35: 0 | L35: 0 | M35: 0 | N35: =N34 -> 2.2047 | P35: 1 | Q35: WR00L2L2 | R35: 13056 | S35: 64 | T35: 1 | U35: 4 | V35: 576.67 | W35: 2.5733 | X35: 45436 | Y35: 0.46125 | Z35: 0 | AA35: 0 | AB35: 0 | AC35: =AC34 -> 2.57206
A36: 2 | B36: WR00L2L2 | C36: 13056 | D36: 64 | E36: 1 | F36: 4 | G36: 673.12 | H36: 2.2046 | I36: 45426 | J36: 0.41688657 | K36: 0 | L36: 0 | M36: 0 | N36: =N35 -> 2.2047 | P36: 2 | Q36: WR00L2L2 | R36: 13056 | S36: 64 | T36: 1 | U36: 4 | V36: 577.35 | W36: 2.5702 | X36: 45436 | Y36: 0.97833333 | Z36: 0 | AA36: 0 | AB36: 0 | AC36: =AC35 -> 2.57206
A37: 3 | B37: WR00L2L2 | C37: 13056 | D37: 64 | E37: 1 | F37: 4 | G37: 673.08 | H37: 2.2047 | I37: 45426 | J37: 0.92246528 | K37: 0 | L37: 0 | M37: 0 | N37: =N36 -> 2.2047 | P37: 3 | Q37: WR00L2L2 | R37: 13056 | S37: 64 | T37: 1 | U37: 4 | V37: 576.86 | W37: 2.5724 | X37: 45437 | Y37: 0.49512731 | Z37: 0 | AA37: 0 | AB37: 0 | AC37: =AC36 -> 2.57206
A38: 4 | B38: WR00L2L2 | C38: 13056 | D38: 64 | E38: 1 | F38: 4 | G38: 673.07 | H38: 2.2047 | I38: 45427 | J38: 0.42777778 | K38: 0 | L38: 0 | M38: 0 | N38: =N37 -> 2.2047 | P38: 4 | Q38: WR00L2L2 | R38: 13056 | S38: 64 | T38: 1 | U38: 4 | V38: 576.64 | W38: 2.5734 | X38: 45438 | Y38: 0.012164352 | Z38: 0 | AA38: 0 | AB38: 0 | AC38: =AC37 -> 2.57206
A39: 0 | B39: WR00L2L2 | C39: 13824 | D39: 64 | E39: 1 | F39: 4 | G39: 806.67 | H39: 2.1837 | I39: 45425 | J39: 0.15802083 | K39: 0 | L39: 0 | M39: 0 | N39: =AVERAGE(H39:H43) -> 2.18374 | P39: 0 | Q39: WR00L2L2 | R39: 13824 | S39: 64 | T39: 1 | U39: 4 | V39: 686.94 | W39: 2.5642 | X39: 45435 | Y39: 0.66916667 | Z39: 0 | AA39: 0 | AB39: 0 | AC39: =AVERAGE(W39:W43) -> 2.5643
A40: 1 | B40: WR00L2L2 | C40: 13824 | D40: 64 | E40: 1 | F40: 4 | G40: 806.52 | H40: 2.1841 | I40: 45425 | J40: 0.745625 | K40: 0 | L40: 0 | M40: 0 | N40: =N39 -> 2.18374 | P40: 1 | Q40: WR00L2L2 | R40: 13824 | S40: 64 | T40: 1 | U40: 4 | V40: 687.01 | W40: 2.564 | X40: 45436 | Y40: 0.29199074 | Z40: 0 | AA40: 0 | AB40: 0 | AC40: =AC39 -> 2.5643
A41: 2 | B41: WR00L2L2 | C41: 13824 | D41: 64 | E41: 1 | F41: 4 | G41: 806.86 | H41: 2.1832 | I41: 45426 | J41: 0.25094907 | K41: 0 | L41: 0 | M41: 0 | N41: =N40 -> 2.18374 | P41: 2 | Q41: WR00L2L2 | R41: 13824 | S41: 64 | T41: 1 | U41: 4 | V41: 687.08 | W41: 2.5637 | X41: 45436 | Y41: 0.80899306 | Z41: 0 | AA41: 0 | AB41: 0 | AC41: =AC40 -> 2.5643
A42: 3 | B42: WR00L2L2 | C42: 13824 | D42: 64 | E42: 1 | F42: 4 | G42: 806.59 | H42: 2.1839 | I42: 45426 | J42: 0.75645833 | K42: 0 | L42: 0 | M42: 0 | N42: =N41 -> 2.18374 | P42: 3 | Q42: WR00L2L2 | R42: 13824 | S42: 64 | T42: 1 | U42: 4 | V42: 687.41 | W42: 2.5625 | X42: 45437 | Y42: 0.32565972 | Z42: 0 | AA42: 0 | AB42: 0 | AC42: =AC41 -> 2.5643
A43: 4 | B43: WR00L2L2 | C43: 13824 | D43: 64 | E43: 1 | F43: 4 | G43: 806.6 | H43: 2.1838 | I43: 45427 | J43: 0.26189815 | K43: 0 | L43: 0 | M43: 0 | N43: =N42 -> 2.18374 | P43: 4 | Q43: WR00L2L2 | R43: 13824 | S43: 64 | T43: 1 | U43: 4 | V43: 686.18 | W43: 2.5671 | X43: 45437 | Y43: 0.84270833 | Z43: 0 | AA43: 0 | AB43: 0 | AC43: =AC42 -> 2.5643
A44: 0 | B44: WR00L2L2 | C44: 14592 | D44: 64 | E44: 1 | F44: 4 | G44: 932.34 | H44: 2.222 | I44: 45424 | J44: 0.96324074 | K44: 0 | L44: 0 | M44: 0 | N44: =AVERAGE(H44:H48) -> 2.21986 | P44: 0 | Q44: WR00L2L2 | R44: 14592 | S44: 64 | T44: 1 | U44: 4 | V44: 804.98 | W44: 2.5736 | X44: 45436 | Y44: 0.093796296 | Z44: 0 | AA44: 0 | AB44: 0 | AC44: =AVERAGE(W44:W48) -> 2.57944
A45: 1 | B45: WR00L2L2 | C45: 14592 | D45: 64 | E45: 1 | F45: 4 | G45: 932.94 | H45: 2.2206 | I45: 45425 | J45: 0.55083333 | K45: 0 | L45: 0 | M45: 0 | N45: =N44 -> 2.21986 | P45: 1 | Q45: WR00L2L2 | R45: 14592 | S45: 64 | T45: 1 | U45: 4 | V45: 802.8 | W45: 2.5805 | X45: 45478 | Y45: 0.096296296 | Z45: 0 | AA45: 0 | AB45: 0 | AC45: =AC44 -> 2.57944
A46: 2 | B46: WR00L2L2 | C46: 14592 | D46: 64 | E46: 1 | F46: 4 | G46: 932.82 | H46: 2.2209 | I46: 45426 | J46: 0.056157407 | K46: 0 | L46: 0 | M46: 0 | N46: =N45 -> 2.21986 | P46: 2 | Q46: WR00L2L2 | R46: 14592 | S46: 64 | T46: 1 | U46: 4 | V46: 802.42 | W46: 2.5818 | X46: 45436 | Y46: 0.61081019 | Z46: 0 | AA46: 0 | AB46: 0 | AC46: =AC45 -> 2.57944
A47: 3 | B47: WR00L2L2 | C47: 14592 | D47: 64 | E47: 1 | F47: 4 | G47: 935.12 | H47: 2.2154 | I47: 45426 | J47: 0.56157407 | K47: 0 | L47: 0 | M47: 0 | N47: =N46 -> 2.21986 | P47: 3 | Q47: WR00L2L2 | R47: 14592 | S47: 64 | T47: 1 | U47: 4 | V47: 800.35 | W47: 2.5885 | X47: 45437 | Y47: 0.12737269 | Z47: 0 | AA47: 0 | AB47: 0 | AC47: =AC46 -> 2.57944
A48: 4 | B48: WR00L2L2 | C48: 14592 | D48: 64 | E48: 1 | F48: 4 | G48: 933.03 | H48: 2.2204 | I48: 45427 | J48: 0.067094907 | K48: 0 | L48: 0 | M48: 0 | N48: =N47 -> 2.21986 | P48: 4 | Q48: WR00L2L2 | R48: 14592 | S48: 64 | T48: 1 | U48: 4 | V48: 805.21 | W48: 2.5728 | X48: 45437 | Y48: 0.64461806 | Z48: 0 | AA48: 0 | AB48: 0 | AC48: =AC47 -> 2.57944
A49: 0 | B49: WR00L2L2 | C49: 13056 | D49: 64 | E49: 2 | F49: 2 | G49: 645.62 | H49: 2.2985 | I49: 45425 | J49: 0.41394676 | K49: 0 | L49: 0 | M49: 0 | N49: =AVERAGE(H49:H53) -> 2.29866 | P49: 0 | Q49: WR00L2L2 | R49: 13056 | S49: 64 | T49: 2 | U49: 2 | V49: 579.95 | W49: 2.5587 | X49: 45435 | Y49: 0.95300926 | Z49: 0 | AA49: 0 | AB49: 0 | AC49: =AVERAGE(W49:W53) -> 2.54908
A50: 1 | B50: WR00L2L2 | C50: 13056 | D50: 64 | E50: 2 | F50: 2 | G50: 645.38 | H50: 2.2993 | I50: 45425 | J50: 0.91927083 | K50: 0 | L50: 0 | M50: 0 | N50: =N49 -> 2.29866 | P50: 1 | Q50: WR00L2L2 | R50: 13056 | S50: 64 | T50: 2 | U50: 2 | V50: 579.56 | W50: 2.5605 | X50: 45436 | Y50: 0.46925926 | Z50: 0 | AA50: 0 | AB50: 0 | AC50: =AC49 -> 2.54908
A51: 2 | B51: WR00L2L2 | C51: 13056 | D51: 64 | E51: 2 | F51: 2 | G51: 645.65 | H51: 2.2984 | I51: 45426 | J51: 0.42462963 | K51: 0 | L51: 0 | M51: 0 | N51: =N50 -> 2.29866 | P51: 2 | Q51: WR00L2L2 | R51: 13056 | S51: 64 | T51: 2 | U51: 2 | V51: 581.55 | W51: 2.5517 | X51: 45436 | Y51: 0.98636574 | Z51: 0 | AA51: 0 | AB51: 0 | AC51: =AC50 -> 2.54908
A52: 3 | B52: WR00L2L2 | C52: 13056 | D52: 64 | E52: 2 | F52: 2 | G52: 645.67 | H52: 2.2983 | I52: 45426 | J52: 0.93020833 | K52: 0 | L52: 0 | M52: 0 | N52: =N51 -> 2.29866 | P52: 3 | Q52: WR00L2L2 | R52: 13056 | S52: 64 | T52: 2 | U52: 2 | V52: 586.76 | W52: 2.529 | X52: 45437 | Y52: 0.50321759 | Z52: 0 | AA52: 0 | AB52: 0 | AC52: =AC51 -> 2.54908
A53: 4 | B53: WR00L2L2 | C53: 13056 | D53: 64 | E53: 2 | F53: 2 | G53: 645.52 | H53: 2.2988 | I53: 45427 | J53: 0.43552083 | K53: 0 | L53: 0 | M53: 0 | N53: =N52 -> 2.29866 | P53: 4 | Q53: WR00L2L2 | R53: 13056 | S53: 64 | T53: 2 | U53: 2 | V53: 582.95 | W53: 2.5455 | X53: 45438 | Y53: 0.020208333 | Z53: 0 | AA53: 0 | AB53: 0 | AC53: =AC52 -> 2.54908
A54: 0 | B54: WR00L2L2 | C54: 13824 | D54: 64 | E54: 2 | F54: 2 | G54: 772.12 | H54: 2.2814 | I54: 45425 | J54: 0.16725694 | K54: 0 | L54: 0 | M54: 0 | N54: =AVERAGE(H54:H58) -> 2.28122 | P54: 0 | Q54: WR00L2L2 | R54: 13824 | S54: 64 | T54: 2 | U54: 2 | V54: 686.09 | W54: 2.5674 | X54: 45435 | Y54: 0.67856481 | Z54: 0 | AA54: 0 | AB54: 0 | AC54: =AVERAGE(W54:W58) -> 2.56782
A55: 1 | B55: WR00L2L2 | C55: 13824 | D55: 64 | E55: 2 | F55: 2 | G55: 772.13 | H55: 2.2813 | I55: 45425 | J55: 0.75486111 | K55: 0 | L55: 0 | M55: 0 | N55: =N54 -> 2.28122 | P55: 1 | Q55: WR00L2L2 | R55: 13824 | S55: 64 | T55: 2 | U55: 2 | V55: 685.65 | W55: 2.5691 | X55: 45436 | Y55: 0.30137731 | Z55: 0 | AA55: 0 | AB55: 0 | AC55: =AC54 -> 2.56782
A56: 2 | B56: WR00L2L2 | C56: 13824 | D56: 64 | E56: 2 | F56: 2 | G56: 771.99 | H56: 2.2817 | I56: 45426 | J56: 0.26018519 | K56: 0 | L56: 0 | M56: 0 | N56: =N55 -> 2.28122 | P56: 2 | Q56: WR00L2L2 | R56: 13824 | S56: 64 | T56: 2 | U56: 2 | V56: 686.46 | W56: 2.5661 | X56: 45436 | Y56: 0.81840278 | Z56: 0 | AA56: 0 | AB56: 0 | AC56: =AC55 -> 2.56782
A57: 3 | B57: WR00L2L2 | C57: 13824 | D57: 64 | E57: 2 | F57: 2 | G57: 772.69 | H57: 2.2797 | I57: 45426 | J57: 0.76570602 | K57: 0 | L57: 0 | M57: 0 | N57: =N56 -> 2.28122 | P57: 3 | Q57: WR00L2L2 | R57: 13824 | S57: 64 | T57: 2 | U57: 2 | V57: 685.67 | W57: 2.569 | X57: 45437 | Y57: 0.33505787 | Z57: 0 | AA57: 0 | AB57: 0 | AC57: =AC56 -> 2.56782
A58: 4 | B58: WR00L2L2 | C58: 13824 | D58: 64 | E58: 2 | F58: 2 | G58: 771.92 | H58: 2.282 | I58: 45427 | J58: 0.27113426 | K58: 0 | L58: 0 | M58: 0 | N58: =N57 -> 2.28122 | P58: 4 | Q58: WR00L2L2 | R58: 13824 | S58: 64 | T58: 2 | U58: 2 | V58: 686.08 | W58: 2.5675 | X58: 45437 | Y58: 0.85210648 | Z58: 0 | AA58: 0 | AB58: 0 | AC58: =AC57 -> 2.56782
A59: 0 | B59: WR00L2L2 | C59: 14592 | D59: 64 | E59: 2 | F59: 2 | G59: 896.45 | H59: 2.311 | I59: 45424 | J59: 0.97395833 | K59: 0 | L59: 0 | M59: 0 | N59: =AVERAGE(H59:H63) -> 2.30934 | P59: 0 | Q59: WR00L2L2 | R59: 14592 | S59: 64 | T59: 2 | U59: 2 | V59: 807.4 | W59: 2.5658 | X59: 45435 | Y59: 0.48186343 | Z59: 0 | AA59: 0 | AB59: 0 | AC59: =AVERAGE(W59:W63) -> 2.57438
A60: 1 | B60: WR00L2L2 | C60: 14592 | D60: 64 | E60: 2 | F60: 2 | G60: 896.46 | H60: 2.311 | I60: 45425 | J60: 0.56153935 | K60: 0 | L60: 0 | M60: 0 | N60: =N59 -> 2.30934 | P60: 1 | Q60: WR00L2L2 | R60: 14592 | S60: 64 | T60: 2 | U60: 2 | V60: 805.3 | W60: 2.5725 | X60: 45436 | Y60: 0.10474537 | Z60: 0 | AA60: 0 | AB60: 0 | AC60: =AC59 -> 2.57438
A61: 2 | B61: WR00L2L2 | C61: 14592 | D61: 64 | E61: 2 | F61: 2 | G61: 896.92 | H61: 2.3098 | I61: 45426 | J61: 0.066875 | K61: 0 | L61: 0 | M61: 0 | N61: =N60 -> 2.30934 | P61: 2 | Q61: WR00L2L2 | R61: 14592 | S61: 64 | T61: 2 | U61: 2 | V61: 803.79 | W61: 2.5774 | X61: 45436 | Y61: 0.62174769 | Z61: 0 | AA61: 0 | AB61: 0 | AC61: =AC60 -> 2.57438
A62: 3 | B62: WR00L2L2 | C62: 14592 | D62: 64 | E62: 2 | F62: 2 | G62: 898.53 | H62: 2.3056 | I62: 45426 | J62: 0.57231481 | K62: 0 | L62: 0 | M62: 0 | N62: =N61 -> 2.30934 | P62: 3 | Q62: WR00L2L2 | R62: 14592 | S62: 64 | T62: 2 | U62: 2 | V62: 803.88 | W62: 2.5771 | X62: 45437 | Y62: 0.13829861 | Z62: 0 | AA62: 0 | AB62: 0 | AC62: =AC61 -> 2.57438
A63: 4 | B63: WR00L2L2 | C63: 14592 | D63: 64 | E63: 2 | F63: 2 | G63: 897.11 | H63: 2.3093 | I63: 45427 | J63: 0.0778125 | K63: 0 | L63: 0 | M63: 0 | N63: =N62 -> 2.30934 | P63: 4 | Q63: WR00L2L2 | R63: 14592 | S63: 64 | T63: 2 | U63: 2 | V63: 803.26 | W63: 2.5791 | X63: 45437 | Y63: 0.65554398 | Z63: 0 | AA63: 0 | AB63: 0 | AC63: =AC62 -> 2.57438
A64: 0 | B64: WR00L2L2 | C64: 13056 | D64: 96 | E64: 1 | F64: 4 | G64: 656.69 | H64: 2.2597 | I64: 45425 | J64: 0.42181713 | K64: 0 | L64: 0 | M64: 0 | N64: =AVERAGE(H64:H68) -> 2.25982 | P64: 0 | Q64: WR00L2L2 | R64: 13056 | S64: 96 | T64: 1 | U64: 4 | V64: 579.53 | W64: 2.5606 | X64: 45435 | Y64: 0.96101852 | Z64: 0 | AA64: 0 | AB64: 0 | AC64: =AVERAGE(W64:W68) -> 2.54314
A65: 1 | B65: WR00L2L2 | C65: 13056 | D65: 96 | E65: 1 | F65: 4 | G65: 656.88 | H65: 2.2591 | I65: 45425 | J65: 0.9271412 | K65: 0 | L65: 0 | M65: 0 | N65: =N64 -> 2.25982 | P65: 1 | Q65: WR00L2L2 | R65: 13056 | S65: 96 | T65: 1 | U65: 4 | V65: 581.56 | W65: 2.5516 | X65: 45436 | Y65: 0.47729167 | Z65: 0 | AA65: 0 | AB65: 0 | AC65: =AC64 -> 2.54314
A66: 2 | B66: WR00L2L2 | C66: 13056 | D66: 96 | E66: 1 | F66: 4 | G66: 656.49 | H66: 2.2604 | I66: 45426 | J66: 0.4325 | K66: 0 | L66: 0 | M66: 0 | N66: =N65 -> 2.25982 | P66: 2 | Q66: WR00L2L2 | R66: 13056 | S66: 96 | T66: 1 | U66: 4 | V66: 578.85 | W66: 2.5636 | X66: 45436 | Y66: 0.99436343 | Z66: 0 | AA66: 0 | AB66: 0 | AC66: =AC65 -> 2.54314
A67: 3 | B67: WR00L2L2 | C67: 13056 | D67: 96 | E67: 1 | F67: 4 | G67: 656.76 | H67: 2.2595 | I67: 45426 | J67: 0.9380787 | K67: 0 | L67: 0 | M67: 0 | N67: =N66 -> 2.25982 | P67: 3 | Q67: WR00L2L2 | R67: 13056 | S67: 96 | T67: 1 | U67: 4 | V67: 583.06 | W67: 2.5451 | X67: 45437 | Y67: 0.51127315 | Z67: 0 | AA67: 0 | AB67: 0 | AC67: =AC66 -> 2.54314
A68: 4 | B68: WR00L2L2 | C68: 13056 | D68: 96 | E68: 1 | F68: 4 | G68: 656.5 | H68: 2.2604 | I68: 45427 | J68: 0.4433912 | K68: 0 | L68: 0 | M68: 0 | N68: =N67 -> 2.25982 | P68: 4 | Q68: WR00L2L2 | R68: 13056 | S68: 96 | T68: 1 | U68: 4 | V68: 594.82 | W68: 2.4948 | X68: 45438 | Y68: 0.028402778 | Z68: 0 | AA68: 0 | AB68: 0 | AC68: =AC67 -> 2.54314
A69: 0 | B69: WR00L2L2 | C69: 13824 | D69: 96 | E69: 1 | F69: 4 | G69: 785.98 | H69: 2.2411 | I69: 45425 | J69: 0.17665509 | K69: 0 | L69: 0 | M69: 0 | N69: =AVERAGE(H69:H73) -> 2.24004 | P69: 0 | Q69: WR00L2L2 | R69: 13824 | S69: 96 | T69: 1 | U69: 4 | V69: 686.72 | W69: 2.5651 | X69: 45435 | Y69: 0.68797454 | Z69: 0 | AA69: 0 | AB69: 0 | AC69: =AVERAGE(W69:W73) -> 2.55806
A70: 1 | B70: WR00L2L2 | C70: 13824 | D70: 96 | E70: 1 | F70: 4 | G70: 786.18 | H70: 2.2406 | I70: 45425 | J70: 0.76425926 | K70: 0 | L70: 0 | M70: 0 | N70: =N69 -> 2.24004 | P70: 1 | Q70: WR00L2L2 | R70: 13824 | S70: 96 | T70: 1 | U70: 4 | V70: 689.23 | W70: 2.5557 | X70: 45436 | Y70: 0.31082176 | Z70: 0 | AA70: 0 | AB70: 0 | AC70: =AC69 -> 2.55806
A71: 2 | B71: WR00L2L2 | C71: 13824 | D71: 96 | E71: 1 | F71: 4 | G71: 786.21 | H71: 2.2405 | I71: 45426 | J71: 0.26959491 | K71: 0 | L71: 0 | M71: 0 | N71: =N70 -> 2.24004 | P71: 2 | Q71: WR00L2L2 | R71: 13824 | S71: 96 | T71: 1 | U71: 4 | V71: 687.24 | W71: 2.5631 | X71: 45436 | Y71: 0.8278125 | Z71: 0 | AA71: 0 | AB71: 0 | AC71: =AC70 -> 2.55806
A72: 3 | B72: WR00L2L2 | C72: 13824 | D72: 96 | E72: 1 | F72: 4 | G72: 787.5 | H72: 2.2368 | I72: 45426 | J72: 0.77512731 | K72: 0 | L72: 0 | M72: 0 | N72: =N71 -> 2.24004 | P72: 3 | Q72: WR00L2L2 | R72: 13824 | S72: 96 | T72: 1 | U72: 4 | V72: 690.56 | W72: 2.5508 | X72: 45437 | Y72: 0.34451389 | Z72: 0 | AA72: 0 | AB72: 0 | AC72: =AC71 -> 2.55806
A73: 4 | B73: WR00L2L2 | C73: 13824 | D73: 96 | E73: 1 | F73: 4 | G73: 785.95 | H73: 2.2412 | I73: 45427 | J73: 0.28053241 | K73: 0 | L73: 0 | M73: 0 | N73: =N72 -> 2.24004 | P73: 4 | Q73: WR00L2L2 | R73: 13824 | S73: 96 | T73: 1 | U73: 4 | V73: 689.27 | W73: 2.5556 | X73: 45437 | Y73: 0.86155093 | Z73: 0 | AA73: 0 | AB73: 0 | AC73: =AC72 -> 2.55806
A74: 0 | B74: WR00L2L2 | C74: 14592 | D74: 96 | E74: 1 | F74: 4 | G74: 908.62 | H74: 2.28 | I74: 45424 | J74: 0.98480324 | K74: 0 | L74: 0 | M74: 0 | N74: =AVERAGE(H74:H78) -> 2.27918 | P74: 0 | Q74: WR00L2L2 | R74: 14592 | S74: 96 | T74: 1 | U74: 4 | V74: 803.55 | W74: 2.5781 | X74: 45435 | Y74: 0.49278935 | Z74: 0 | AA74: 0 | AB74: 0 | AC74: =AVERAGE(W74:W78) -> 2.57052
A75: 1 | B75: WR00L2L2 | C75: 14592 | D75: 96 | E75: 1 | F75: 4 | G75: 908.71 | H75: 2.2798 | I75: 45425 | J75: 0.57239583 | K75: 0 | L75: 0 | M75: 0 | N75: =N74 -> 2.27918 | P75: 1 | Q75: WR00L2L2 | R75: 14592 | S75: 96 | T75: 1 | U75: 4 | V75: 805.74 | W75: 2.5711 | X75: 45436 | Y75: 0.11569444 | Z75: 0 | AA75: 0 | AB75: 0 | AC75: =AC74 -> 2.57052
A76: 2 | B76: WR00L2L2 | C76: 14592 | D76: 96 | E76: 1 | F76: 4 | G76: 909.06 | H76: 2.2789 | I76: 45426 | J76: 0.077731481 | K76: 0 | L76: 0 | M76: 0 | N76: =N75 -> 2.27918 | P76: 2 | Q76: WR00L2L2 | R76: 14592 | S76: 96 | T76: 1 | U76: 4 | V76: 808.2 | W76: 2.5633 | X76: 45436 | Y76: 0.63271991 | Z76: 0 | AA76: 0 | AB76: 0 | AC76: =AC75 -> 2.57052
A77: 3 | B77: WR00L2L2 | C77: 14592 | D77: 96 | E77: 1 | F77: 4 | G77: 909.3 | H77: 2.2783 | I77: 45426 | J77: 0.58318287 | K77: 0 | L77: 0 | M77: 0 | N77: =N76 -> 2.27918 | P77: 3 | Q77: WR00L2L2 | R77: 14592 | S77: 96 | T77: 1 | U77: 4 | V77: 808.6 | W77: 2.5621 | X77: 45437 | Y77: 0.14928241 | Z77: 0 | AA77: 0 | AB77: 0 | AC77: =AC76 -> 2.57052
A78: 4 | B78: WR00L2L2 | C78: 14592 | D78: 96 | E78: 1 | F78: 4 | G78: 909.05 | H78: 2.2789 | I78: 45427 | J78: 0.088668981 | K78: 0 | L78: 0 | M78: 0 | N78: =N77 -> 2.27918 | P78: 4 | Q78: WR00L2L2 | R78: 14592 | S78: 96 | T78: 1 | U78: 4 | V78: 803.59 | W78: 2.578 | X78: 45437 | Y78: 0.66646991 | Z78: 0 | AA78: 0 | AB78: 0 | AC78: =AC77 -> 2.57052
A79: 0 | B79: WR00L2L2 | C79: 13056 | D79: 96 | E79: 2 | F79: 2 | G79: 643.59 | H79: 2.3057 | I79: 45425 | J79: 0.42952546 | K79: 0 | L79: 0 | M79: 0 | N79: =AVERAGE(H79:H83) -> 2.3056 | P79: 0 | Q79: WR00L2L2 | R79: 13056 | S79: 96 | T79: 2 | U79: 2 | V79: 579.05 | W79: 2.5627 | X79: 45435 | Y79: 0.9690162 | Z79: 0 | AA79: 0 | AB79: 0 | AC79: =AVERAGE(W79:W83) -> 2.53344
A80: 1 | B80: WR00L2L2 | C80: 13056 | D80: 96 | E80: 2 | F80: 2 | G80: 643.71 | H80: 2.3053 | I80: 45425 | J80: 0.93486111 | K80: 0 | L80: 0 | M80: 0 | N80: =N79 -> 2.3056 | P80: 1 | Q80: WR00L2L2 | R80: 13056 | S80: 96 | T80: 2 | U80: 2 | V80: 598.24 | W80: 2.4805 | X80: 45436 | Y80: 0.48550926 | Z80: 0 | AA80: 0 | AB80: 0 | AC80: =AC79 -> 2.53344
A81: 2 | B81: WR00L2L2 | C81: 13056 | D81: 96 | E81: 2 | F81: 2 | G81: 643.57 | H81: 2.3058 | I81: 45426 | J81: 0.44020833 | K81: 0 | L81: 0 | M81: 0 | N81: =N80 -> 2.3056 | P81: 2 | Q81: WR00L2L2 | R81: 13056 | S81: 96 | T81: 2 | U81: 2 | V81: 580.42 | W81: 2.5566 | X81: 45437 | Y81: 0.0023842593 | Z81: 0 | AA81: 0 | AB81: 0 | AC81: =AC80 -> 2.53344
A82: 3 | B82: WR00L2L2 | C82: 13056 | D82: 96 | E82: 2 | F82: 2 | G82: 643.61 | H82: 2.3056 | I82: 45426 | J82: 0.94579861 | K82: 0 | L82: 0 | M82: 0 | N82: =N81 -> 2.3056 | P82: 3 | Q82: WR00L2L2 | R82: 13056 | S82: 96 | T82: 2 | U82: 2 | V82: 589.19 | W82: 2.5186 | X82: 45437 | Y82: 0.51938657 | Z82: 0 | AA82: 0 | AB82: 0 | AC82: =AC81 -> 2.53344
A83: 4 | B83: WR00L2L2 | C83: 13056 | D83: 96 | E83: 2 | F83: 2 | G83: 643.61 | H83: 2.3056 | I83: 45427 | J83: 0.45109954 | K83: 0 | L83: 0 | M83: 0 | N83: =N82 -> 2.3056 | P83: 4 | Q83: WR00L2L2 | R83: 13056 | S83: 96 | T83: 2 | U83: 2 | V83: 582.2 | W83: 2.5488 | X83: 45438 | Y83: 0.036435185 | Z83: 0 | AA83: 0 | AB83: 0 | AC83: =AC82 -> 2.53344
A84: 0 | B84: WR00L2L2 | C84: 13824 | D84: 96 | E84: 2 | F84: 2 | G84: 768.11 | H84: 2.2933 | I84: 45425 | J84: 0.18584491 | K84: 0 | L84: 0 | M84: 0 | N84: =AVERAGE(H84:H88) -> 2.29288 | P84: 0 | Q84: WR00L2L2 | R84: 13824 | S84: 96 | T84: 2 | U84: 2 | V84: 687.01 | W84: 2.564 | X84: 45435 | Y84: 0.69738426 | Z84: 0 | AA84: 0 | AB84: 0 | AC84: =AVERAGE(W84:W88) -> 2.56672
A85: 1 | B85: WR00L2L2 | C85: 13824 | D85: 96 | E85: 2 | F85: 2 | G85: 768.21 | H85: 2.293 | I85: 45425 | J85: 0.77344907 | K85: 0 | L85: 0 | M85: 0 | N85: =N84 -> 2.29288 | P85: 1 | Q85: WR00L2L2 | R85: 13824 | S85: 96 | T85: 2 | U85: 2 | V85: 686.11 | W85: 2.5674 | X85: 45436 | Y85: 0.32020833 | Z85: 0 | AA85: 0 | AB85: 0 | AC85: =AC84 -> 2.56672
A86: 2 | B86: WR00L2L2 | C86: 13824 | D86: 96 | E86: 2 | F86: 2 | G86: 767.84 | H86: 2.2941 | I86: 45426 | J86: 0.27877315 | K86: 0 | L86: 0 | M86: 0 | N86: =N85 -> 2.29288 | P86: 2 | Q86: WR00L2L2 | R86: 13824 | S86: 96 | T86: 2 | U86: 2 | V86: 685.39 | W86: 2.5701 | X86: 45436 | Y86: 0.83719907 | Z86: 0 | AA86: 0 | AB86: 0 | AC86: =AC85 -> 2.56672
A87: 3 | B87: WR00L2L2 | C87: 13824 | D87: 96 | E87: 2 | F87: 2 | G87: 769.09 | H87: 2.2904 | I87: 45426 | J87: 0.7843287 | K87: 0 | L87: 0 | M87: 0 | N87: =N86 -> 2.29288 | P87: 3 | Q87: WR00L2L2 | R87: 13824 | S87: 96 | T87: 2 | U87: 2 | V87: 686.25 | W87: 2.5668 | X87: 45437 | Y87: 0.35391204 | Z87: 0 | AA87: 0 | AB87: 0 | AC87: =AC86 -> 2.56672
A88: 4 | B88: WR00L2L2 | C88: 13824 | D88: 96 | E88: 2 | F88: 2 | G88: 768 | H88: 2.2936 | I88: 45427 | J88: 0.28972222 | K88: 0 | L88: 0 | M88: 0 | N88: =N87 -> 2.29288 | P88: 4 | Q88: WR00L2L2 | R88: 13824 | S88: 96 | T88: 2 | U88: 2 | V88: 686.67 | W88: 2.5653 | X88: 45437 | Y88: 0.87094907 | Z88: 0 | AA88: 0 | AB88: 0 | AC88: =AC87 -> 2.56672
A89: 0 | B89: WR00L2L2 | C89: 14592 | D89: 96 | E89: 2 | F89: 2 | G89: 891.73 | H89: 2.3232 | I89: 45424 | J89: 0.99546296 | K89: 0 | L89: 0 | M89: 0 | N89: =AVERAGE(H89:H93) -> 2.3225 | P89: 0 | Q89: WR00L2L2 | R89: 14592 | S89: 96 | T89: 2 | U89: 2 | V89: 807.66 | W89: 2.565 | X89: 45435 | Y89: 0.50375 | Z89: 0 | AA89: 0 | AB89: 0 | AC89: =AVERAGE(W89:W93) -> 2.57162
A90: 1 | B90: WR00L2L2 | C90: 14592 | D90: 96 | E90: 2 | F90: 2 | G90: 892.16 | H90: 2.3221 | I90: 45425 | J90: 0.58304398 | K90: 0 | L90: 0 | M90: 0 | N90: =N89 -> 2.3225 | P90: 1 | Q90: WR00L2L2 | R90: 14592 | S90: 96 | T90: 2 | U90: 2 | V90: 803.97 | W90: 2.5768 | X90: 45436 | Y90: 0.1266088 | Z90: 0 | AA90: 0 | AB90: 0 | AC90: =AC89 -> 2.57162
A91: 2 | B91: WR00L2L2 | C91: 14592 | D91: 96 | E91: 2 | F91: 2 | G91: 892.26 | H91: 2.3218 | I91: 45426 | J91: 0.088391204 | K91: 0 | L91: 0 | M91: 0 | N91: =N90 -> 2.3225 | P91: 2 | Q91: WR00L2L2 | R91: 14592 | S91: 96 | T91: 2 | U91: 2 | V91: 802.75 | W91: 2.5807 | X91: 45436 | Y91: 0.64363426 | Z91: 0 | AA91: 0 | AB91: 0 | AC91: =AC90 -> 2.57162
A92: 3 | B92: WR00L2L2 | C92: 14592 | D92: 96 | E92: 2 | F92: 2 | G92: 891.89 | H92: 2.3228 | I92: 45426 | J92: 0.59383102 | K92: 0 | L92: 0 | M92: 0 | N92: =N91 -> 2.3225 | P92: 3 | Q92: WR00L2L2 | R92: 14592 | S92: 96 | T92: 2 | U92: 2 | V92: 810.93 | W92: 2.5547 | X92: 45437 | Y92: 0.16028935 | Z92: 0 | AA92: 0 | AB92: 0 | AC92: =AC91 -> 2.57162
A93: 4 | B93: WR00L2L2 | C93: 14592 | D93: 96 | E93: 2 | F93: 2 | G93: 891.97 | H93: 2.3226 | I93: 45427 | J93: 0.09931713 | K93: 0 | L93: 0 | M93: 0 | N93: =N92 -> 2.3225 | P93: 4 | Q93: WR00L2L2 | R93: 14592 | S93: 96 | T93: 2 | U93: 2 | V93: 802.69 | W93: 2.5809 | X93: 45437 | Y93: 0.67737269 | Z93: 0 | AA93: 0 | AB93: 0 | AC93: =AC92 -> 2.57162
A94: 0 | B94: WR00L2L2 | C94: 13056 | D94: 128 | E94: 1 | F94: 4 | G94: 670.09 | H94: 2.2145 | I94: 45425 | J94: 0.43755787 | K94: 0 | L94: 0 | M94: 0 | N94: =AVERAGE(H94:H98) -> 2.21468 | P94: 0 | Q94: WR00L2L2 | R94: 13056 | S94: 128 | T94: 1 | U94: 4 | V94: 590.94 | W94: 2.5111 | X94: 45435 | Y94: 0.97717593 | Z94: 0 | AA94: 0 | AB94: 0 | AC94: =AVERAGE(W94:W98) -> 2.50936
A95: 1 | B95: WR00L2L2 | C95: 13056 | D95: 128 | E95: 1 | F95: 4 | G95: 669.95 | H95: 2.215 | I95: 45425 | J95: 0.94289352 | K95: 0 | L95: 0 | M95: 0 | N95: =N94 -> 2.21468 | P95: 1 | Q95: WR00L2L2 | R95: 13056 | S95: 128 | T95: 1 | U95: 4 | V95: 589.46 | W95: 2.5174 | X95: 45436 | Y95: 0.49365741 | Z95: 0 | AA95: 0 | AB95: 0 | AC95: =AC94 -> 2.50936
A96: 2 | B96: WR00L2L2 | C96: 13056 | D96: 128 | E96: 1 | F96: 4 | G96: 670.02 | H96: 2.2148 | I96: 45426 | J96: 0.44824074 | K96: 0 | L96: 0 | M96: 0 | N96: =N95 -> 2.21468 | P96: 2 | Q96: WR00L2L2 | R96: 13056 | S96: 128 | T96: 1 | U96: 4 | V96: 591.19 | W96: 2.5101 | X96: 45437 | Y96: 0.010543981 | Z96: 0 | AA96: 0 | AB96: 0 | AC96: =AC95 -> 2.50936
A97: 3 | B97: WR00L2L2 | C97: 13056 | D97: 128 | E97: 1 | F97: 4 | G97: 670.07 | H97: 2.2146 | I97: 45426 | J97: 0.95383102 | K97: 0 | L97: 0 | M97: 0 | N97: =N96 -> 2.21468 | P97: 3 | Q97: WR00L2L2 | R97: 13056 | S97: 128 | T97: 1 | U97: 4 | V97: 589.96 | W97: 2.5153 | X97: 45437 | Y97: 0.52753472 | Z97: 0 | AA97: 0 | AB97: 0 | AC97: =AC96 -> 2.50936
A98: 4 | B98: WR00L2L2 | C98: 13056 | D98: 128 | E98: 1 | F98: 4 | G98: 670.09 | H98: 2.2145 | I98: 45427 | J98: 0.45913194 | K98: 0 | L98: 0 | M98: 0 | N98: =N97 -> 2.21468 | P98: 4 | Q98: WR00L2L2 | R98: 13056 | S98: 128 | T98: 1 | U98: 4 | V98: 595.26 | W98: 2.4929 | X98: 45438 | Y98: 0.044641204 | Z98: 0 | AA98: 0 | AB98: 0 | AC98: =AC97 -> 2.50936
A99: 0 | B99: WR00L2L2 | C99: 13824 | D99: 128 | E99: 1 | F99: 4 | G99: 801.6 | H99: 2.1975 | I99: 45425 | J99: 0.19542824 | K99: 0 | L99: 0 | M99: 0 | N99: =AVERAGE(H99:H103) -> 2.19636 | P99: 0 | Q99: WR00L2L2 | R99: 13824 | S99: 128 | T99: 1 | U99: 4 | V99: 9910.62 | X99: 45435 | Y99: 0.81354167 | Z99: 0 | AA99: 0 | AB99: 0 | AC99: =AVERAGE(W99:W103) -> 2.511375
A100: 1 | B100: WR00L2L2 | C100: 13824 | D100: 128 | E100: 1 | F100: 4 | G100: 802.07 | H100: 2.1962 | I100: 45425 | J100: 0.78304398 | K100: 0 | L100: 0 | M100: 0 | N100: =N99 -> 2.19636 | P100: 1 | Q100: WR00L2L2 | R100: 13824 | S100: 128 | T100: 1 | U100: 4 | V100: 701.11 | W100: 2.5124 | X100: 45436 | Y100: 0.32978009 | Z100: 0 | AA100: 0 | AB100: 0 | AC100: =AC99 -> 2.511375
...

Sheet 933 params 1 node
B1: ATLAS - small | I1: OpenBLAS
B2: =INDEX(B4:B500,MATCH(MAX(F4:F500),F4:F500,0)) -> 14560 | C2: =INDEX(C4:C500,MATCH(MAX(F4:F500),F4:F500,0)) -> 112 | D2: =INDEX(D4:D500,MATCH(MAX(F4:F500),F4:F500,0)) -> 2 | E2: =INDEX(E4:E500,MATCH(MAX(F4:F500),F4:F500,0)) -> 2 | F2: =MAX(F4:F500) -> 2.33482 | I2: =INDEX(I4:I500,MATCH(MAX(M4:M500),M4:M500,0)) -> 14640 | J2: =INDEX(J4:J500,MATCH(MAX(M4:M500),M4:M500,0)) -> 80 | K2: =INDEX(K4:K500,MATCH(MAX(M4:M500),M4:M500,0)) -> 1 | L2: =INDEX(L4:L500,MATCH(MAX(M4:M500),M4:M500,0)) -> 4 | M2: =MAX(M4:M500) -> 2.59044
A3: N (round) | B3: N | C3: NB | D3: P | E3: Q | F3: Average GFLOP/s | H3: N (round) | I3: N | J3: NB | K3: P | L3: Q | M3: Average GFLOP/s
A4: =CHOOSE(IF(ABS(B4-13056)<=ABS(B4-13824),IF(ABS(B4-13056)<=ABS(B4-14592),1,3),IF(ABS(B4-13824)<=ABS(B4-14592),2,3)),13056,13824,14592) -> 13056 | B4: {=_xlfn.CHOOSECOLS(_xlfn._xlws.FILTER('933 params 1 node, RAW'!A4:N500,'933 params 1 node, RAW'!A4:A500=0),3,4,5,6,14)} -> 13056 | C4: 32 | D4: 1 | E4: 4 | F4: 2.2184 | H4: =CHOOSE(IF(ABS(I4-13056)<=ABS(I4-13824),IF(ABS(I4-13056)<=ABS(I4-14592),1,3),IF(ABS(I4-13824)<=ABS(I4-14592),2,3)),13056,13824,14592) -> 13056 | I4: {=_xlfn.CHOOSECOLS(_xlfn._xlws.FILTER('933 params 1 node, RAW'!P4:AC500,'933 params 1 node, RAW'!P4:P500=0),3,4,5,6,14)} -> 13056 | J4: 32 | K4: 1 | L4: 4 | M4: 2.47306
A5: =CHOOSE(IF(ABS(B5-13056)<=ABS(B5-13824),IF(ABS(B5-13056)<=ABS(B5-14592),1,3),IF(ABS(B5-13824)<=ABS(B5-14592),2,3)),13056,13824,14592) -> 13824 | B5: 13824 | C5: 32 | D5: 1 | E5: 4 | F5: 2.18568 | H5: =CHOOSE(IF(ABS(I5-13056)<=ABS(I5-13824),IF(ABS(I5-13056)<=ABS(I5-14592),1,3),IF(ABS(I5-13824)<=ABS(I5-14592),2,3)),13056,13824,14592) -> 13824 | I5: 13824 | J5: 32 | K5: 1 | L5: 4 | M5: 2.46132
A6: =CHOOSE(IF(ABS(B6-13056)<=ABS(B6-13824),IF(ABS(B6-13056)<=ABS(B6-14592),1,3),IF(ABS(B6-13824)<=ABS(B6-14592),2,3)),13056,13824,14592) -> 14592 | B6: 14592 | C6: 32 | D6: 1 | E6: 4 | F6: 2.23156 | H6: =CHOOSE(IF(ABS(I6-13056)<=ABS(I6-13824),IF(ABS(I6-13056)<=ABS(I6-14592),1,3),IF(ABS(I6-13824)<=ABS(I6-14592),2,3)),13056,13824,14592) -> 14592 | I6: 14592 | J6: 32 | K6: 1 | L6: 4 | M6: 2.48446
A7: =CHOOSE(IF(ABS(B7-13056)<=ABS(B7-13824),IF(ABS(B7-13056)<=ABS(B7-14592),1,3),IF(ABS(B7-13824)<=ABS(B7-14592),2,3)),13056,13824,14592) -> 13056 | B7: 13056 | C7: 32 | D7: 2 | E7: 2 | F7: 2.22785 | H7: =CHOOSE(IF(ABS(I7-13056)<=ABS(I7-13824),IF(ABS(I7-13056)<=ABS(I7-14592),1,3),IF(ABS(I7-13824)<=ABS(I7-14592),2,3)),13056,13824,14592) -> 13056 | I7: 13056 | J7: 32 | K7: 2 | L7: 2 | M7: 2.45672
A8: =CHOOSE(IF(ABS(B8-13056)<=ABS(B8-13824),IF(ABS(B8-13056)<=ABS(B8-14592),1,3),IF(ABS(B8-13824)<=ABS(B8-14592),2,3)),13056,13824,14592) -> 13824 | B8: 13824 | C8: 32 | D8: 2 | E8: 2 | F8: 2.2071 | H8: =CHOOSE(IF(ABS(I8-13056)<=ABS(I8-13824),IF(ABS(I8-13056)<=ABS(I8-14592),1,3),IF(ABS(I8-13824)<=ABS(I8-14592),2,3)),13056,13824,14592) -> 13824 | I8: 13824 | J8: 32 | K8: 2 | L8: 2 | M8: 2.46266
A9: =CHOOSE(IF(ABS(B9-13056)<=ABS(B9-13824),IF(ABS(B9-13056)<=ABS(B9-14592),1,3),IF(ABS(B9-13824)<=ABS(B9-14592),2,3)),13056,13824,14592) -> 14592 | B9: 14592 | C9: 32 | D9: 2 | E9: 2 | F9: 2.24314 | H9: =CHOOSE(IF(ABS(I9-13056)<=ABS(I9-13824),IF(ABS(I9-13056)<=ABS(I9-14592),1,3),IF(ABS(I9-13824)<=ABS(I9-14592),2,3)),13056,13824,14592) -> 14592 | I9: 14592 | J9: 32 | K9: 2 | L9: 2 | M9: 2.46798
A10: =CHOOSE(IF(ABS(B10-13056)<=ABS(B10-13824),IF(ABS(B10-13056)<=ABS(B10-14592),1,3),IF(ABS(B10-13824)<=ABS(B10-14592),2,3)),13056,13824,14592) -> 13056 | B10: 13056 | C10: 64 | D10: 1 | E10: 4 | F10: 2.2047 | H10: =CHOOSE(IF(ABS(I10-13056)<=ABS(I10-13824),IF(ABS(I10-13056)<=ABS(I10-14592),1,3),IF(ABS(I10-13824)<=ABS(I10-14592),2,3)),13056,13824,14592) -> 13056 | I10: 13056 | J10: 64 | K10: 1 | L10: 4 | M10: 2.57206
A11: =CHOOSE(IF(ABS(B11-13056)<=ABS(B11-13824),IF(ABS(B11-13056)<=ABS(B11-14592),1,3),IF(ABS(B11-13824)<=ABS(B11-14592),2,3)),13056,13824,14592) -> 13824 | B11: 13824 | C11: 64 | D11: 1 | E11: 4 | F11: 2.18374 | H11: =CHOOSE(IF(ABS(I11-13056)<=ABS(I11-13824),IF(ABS(I11-13056)<=ABS(I11-14592),1,3),IF(ABS(I11-13824)<=ABS(I11-14592),2,3)),13056,13824,14592) -> 13824 | I11: 13824 | J11: 64 | K11: 1 | L11: 4 | M11: 2.5643
A12: =CHOOSE(IF(ABS(B12-13056)<=ABS(B12-13824),IF(ABS(B12-13056)<=ABS(B12-14592),1,3),IF(ABS(B12-13824)<=ABS(B12-14592),2,3)),13056,13824,14592) -> 14592 | B12: 14592 | C12: 64 | D12: 1 | E12: 4 | F12: 2.21986 | H12: =CHOOSE(IF(ABS(I12-13056)<=ABS(I12-13824),IF(ABS(I12-13056)<=ABS(I12-14592),1,3),IF(ABS(I12-13824)<=ABS(I12-14592),2,3)),13056,13824,14592) -> 14592 | I12: 14592 | J12: 64 | K12: 1 | L12: 4 | M12: 2.57944
A13: =CHOOSE(IF(ABS(B13-13056)<=ABS(B13-13824),IF(ABS(B13-13056)<=ABS(B13-14592),1,3),IF(ABS(B13-13824)<=ABS(B13-14592),2,3)),13056,13824,14592) -> 13056 | B13: 13056 | C13: 64 | D13: 2 | E13: 2 | F13: 2.29866 | H13: =CHOOSE(IF(ABS(I13-13056)<=ABS(I13-13824),IF(ABS(I13-13056)<=ABS(I13-14592),1,3),IF(ABS(I13-13824)<=ABS(I13-14592),2,3)),13056,13824,14592) -> 13056 | I13: 13056 | J13: 64 | K13: 2 | L13: 2 | M13: 2.54908
A14: =CHOOSE(IF(ABS(B14-13056)<=ABS(B14-13824),IF(ABS(B14-13056)<=ABS(B14-14592),1,3),IF(ABS(B14-13824)<=ABS(B14-14592),2,3)),13056,13824,14592) -> 13824 | B14: 13824 | C14: 64 | D14: 2 | E14: 2 | F14: 2.28122 | H14: =CHOOSE(IF(ABS(I14-13056)<=ABS(I14-13824),IF(ABS(I14-13056)<=ABS(I14-14592),1,3),IF(ABS(I14-13824)<=ABS(I14-14592),2,3)),13056,13824,14592) -> 13824 | I14: 13824 | J14: 64 | K14: 2 | L14: 2 | M14: 2.56782
A15: =CHOOSE(IF(ABS(B15-13056)<=ABS(B15-13824),IF(ABS(B15-13056)<=ABS(B15-14592),1,3),IF(ABS(B15-13824)<=ABS(B15-14592),2,3)),13056,13824,14592) -> 14592 | B15: 14592 | C15: 64 | D15: 2 | E15: 2 | F15: 2.30934 | H15: =CHOOSE(IF(ABS(I15-13056)<=ABS(I15-13824),IF(ABS(I15-13056)<=ABS(I15-14592),1,3),IF(ABS(I15-13824)<=ABS(I15-14592),2,3)),13056,13824,14592) -> 14592 | I15: 14592 | J15: 64 | K15: 2 | L15: 2 | M15: 2.57438
A16: =CHOOSE(IF(ABS(B16-13056)<=ABS(B16-13824),IF(ABS(B16-13056)<=ABS(B16-14592),1,3),IF(ABS(B16-13824)<=ABS(B16-14592),2,3)),13056,13824,14592) -> 13056 | B16: 13056 | C16: 96 | D16: 1 | E16: 4 | F16: 2.25982 | H16: =CHOOSE(IF(ABS(I16-13056)<=ABS(I16-13824),IF(ABS(I16-13056)<=ABS(I16-14592),1,3),IF(ABS(I16-13824)<=ABS(I16-14592),2,3)),13056,13824,14592) -> 13056 | I16: 13056 | J16: 96 | K16: 1 | L16: 4 | M16: 2.54314
... A260: =CHOOSE(IF(ABS(B260-13056)<=ABS(B260-13824),IF(ABS(B260-13056)<=ABS(B260-14592),1,3),IF(ABS(B260-13824)<=ABS(B260-14592),2,3)),13056,13824,14592) -> 13056 | B260: 0 | C260: 0 | D260: 0 | E260: 0 | F260: 0 | H260: =CHOOSE(IF(ABS(I260-13056)<=ABS(I260-13824),IF(ABS(I260-13056)<=ABS(I260-14592),1,3),IF(ABS(I260-13824)<=ABS(I260-14592),2,3)),13056,13824,14592) -> 13056 | I260: 0 | J260: 0 | K260: 0 | L260: 0 | M260: 0

Sheet 825 params 1 node, RAW
A1: Max avg. GFLOPS (and params): | E1: =MAX(N:N) -> 2.30648 | F1: =INDEX(C:C,MATCH(MAX($N:$N),$N:$N,0)) -> 13776 | G1: =INDEX(D:D,MATCH(MAX($N:$N),$N:$N,0)) -> 112 | H1: =INDEX(E:E,MATCH(MAX($N:$N),$N:$N,0)) -> 2 | I1: =INDEX(F:F,MATCH(MAX($N:$N),$N:$N,0)) -> 2 | K1: ATLAS | P1: Max avg. GFLOPS (and params): | T1: =MAX(AC:AC) -> 2.56 | U1: =INDEX(R:R,MATCH(MAX($AC:$AC),$AC:$AC,0)) -> 14592 | V1: =INDEX(S:S,MATCH(MAX($AC:$AC),$AC:$AC,0)) -> 64 | W1: =INDEX(T:T,MATCH(MAX($AC:$AC),$AC:$AC,0)) -> 1 | X1: =INDEX(U:U,MATCH(MAX($AC:$AC),$AC:$AC,0)) -> 4 | Z1: OpenBLAS
A2: MAX GFLOPS: | C2: =MAX(H4:H840) -> 2.3084 | K2: Odroid10 throttling time [1/100s] | P2: MAX GFLOPS: | R2: =MAX(W4:W861) -> 2.57 | Z2: Odroid10 throttling time [1/100s]
A3: RUN | C3: N | D3: NB | E3: P | F3: Q | G3: Time | H3: GFLOPS | I3: Date | J3: Time | K3: 1700MHz | L3: 1800MHz | M3: 1900MHz | P3: RUN | R3: N | S3: NB | T3: P | U3: Q | V3: Time | W3: GFLOPS | X3: Date | Y3: Time | Z3: 1700MHz | AA3: 1800MHz | AB3: 1900MHz
A4: 0 | B4: WR00L2L2 | C4: 13056 | D4: 32 | E4: 1 | F4: 4 | G4: 679.37 | H4: 2.1843 | I4: 45480 | J4: 0.93505787 | K4: 0 | L4: 0 | M4: 0 | N4: =AVERAGE(H4:H8) -> 2.1847 | P4: 0 | Q4: WR00L2L2 | R4: 13056 | S4: 32 | T4: 1 | U4: 4 | V4: 606.13 | W4: 2.4482 | X4: 45480 | Y4: 0.9353125 | Z4: 0 | AA4: 0 | AB4: 0 | AC4: =AVERAGE(W4:W8) -> 2.4468
A5: 1 | B5: WR00L2L2 | C5: 13056 | D5: 32 | E5: 1 | F5: 4 | G5: 678.96 | H5: 2.1856 | I5: 45481 | J5: 0.05212963 | K5: 0 | L5: 0 | M5: 0 | N5: =N4 -> 2.1847 | P5: 1 | Q5: WR00L2L2 | R5: 13056 | S5: 32 | T5: 1 | U5: 4 | V5: 606.51 | W5: 2.4467 | X5: 45481 | Y5: 0.054756944 | Z5: 0 | AA5: 0 | AB5: 0 | AC5: =AC4 -> 2.4468
A6: 2 | B6: WR00L2L2 | C6: 13056 | D6: 32 | E6: 1 | F6: 4 | G6: 679.04 | H6: 2.1853 | I6: 45481 | J6: 0.16916667 | K6: 0 | L6: 0 | M6: 0 | N6: =N5 -> 2.1847 | P6: 2 | Q6: WR00L2L2 | R6: 13056 | S6: 32 | T6: 1 | U6: 4 | V6: 606.21 | W6: 2.4479 | X6: 45481 | Y6: 0.17415509 | Z6: 0 | AA6: 0 | AB6: 0 | AC6: =AC5 -> 2.4468
A7: 3 | B7: WR00L2L2 | C7: 13056 | D7: 32 | E7: 1 | F7: 4 | G7: 679.48 | H7: 2.1839 | I7: 45481 | J7: 0.28623843 | K7: 0 | L7: 0 | M7: 0 | N7: =N6 -> 2.1847 | P7: 3 | Q7: WR00L2L2 | R7: 13056 | S7: 32 | T7: 1 | U7: 4 | V7: 606.47 | W7: 2.4468 | X7: 45481 | Y7: 0.29353009 | Z7: 0 | AA7: 0 | AB7: 0 | AC7: =AC6 -> 2.4468
A8: 4 | B8: WR00L2L2 | C8: 13056 | D8: 32 | E8: 1 | F8: 4 | G8: 679.33 | H8: 2.1844 | I8: 45481 | J8: 0.40332176 | K8: 0 | L8: 0 | M8: 0 | N8: =N7 -> 2.1847 | P8: 4 | Q8: WR00L2L2 | R8: 13056 | S8: 32 | T8: 1 | U8: 4 | V8: 607.08 | W8: 2.4444 | X8: 45481 | Y8: 0.41295139 | Z8: 0 | AA8: 0 | AB8: 0 | AC8: =AC7 -> 2.4468
A9: 0 | B9: WR00L2L2 | C9: 13824 | D9: 32 | E9: 1 | F9: 4 | G9: 818.4 | H9: 2.1524 | I9: 45480 | J9: 0.96950231 | K9: 0 | L9: 0 | M9: 0 | N9: =AVERAGE(H9:H13) -> 2.15218 | P9: 0 | Q9: WR00L2L2 | R9: 13824 | S9: 32 | T9: 1 | U9: 4 | V9: 723.86 | W9: 2.4335 | X9: 45480 | Y9: 0.97059028 | Z9: 0 | AA9: 0 | AB9: 0 | AC9: =AVERAGE(W9:W13) -> 2.43484
A10: 1 | B10: WR00L2L2 | C10: 13824 | D10: 32 | E10: 1 | F10: 4 | G10: 818.17 | H10: 2.153 | I10: 45481 | J10: 0.0865625 | K10: 0 | L10: 0 | M10: 0 | N10: =N9 -> 2.15218 | P10: 1 | Q10: WR00L2L2 | R10: 13824 | S10: 32 | T10: 1 | U10: 4 | V10: 723.47 | W10: 2.4348 | X10: 45481 | Y10: 0.090023148 | Z10: 0 | AA10: 0 | AB10: 0 | AC10: =AC9 -> 2.43484
A11: 2 | B11: WR00L2L2 | C11: 13824 | D11: 32 | E11: 1 | F11: 4 | G11: 818.22 | H11: 2.1528 | I11: 45481 | J11: 0.20361111 | K11: 0 | L11: 0 | M11: 0 | N11: =N10 -> 2.15218 | P11: 2 | Q11: WR00L2L2 | R11: 13824 | S11: 32 | T11: 1 | U11: 4 | V11: 723.29 | W11: 2.4354 | X11: 45481 | Y11: 0.20939815 | Z11: 0 | AA11: 0 | AB11: 0 | AC11: =AC10 -> 2.43484
A12: 3 | B12: WR00L2L2 | C12: 13824 | D12: 32 | E12: 1 | F12: 4 | G12: 818.62 | H12: 2.1518 | I12: 45481 | J12: 0.32068287 | K12: 0 | L12: 0 | M12: 0 | N12: =N11 -> 2.15218 | P12: 3 | Q12: WR00L2L2 | R12: 13824 | S12: 32 | T12: 1 | U12: 4 | V12: 723.32 | W12: 2.4353 | X12: 45481 | Y12: 0.32880787 | Z12: 0 | AA12: 0 | AB12: 0 | AC12: =AC11 -> 2.43484
A13: 4 | B13: WR00L2L2 | C13: 13824 | D13: 32 | E13: 1 | F13: 4 | G13: 818.95 | H13: 2.1509 | I13: 45481 | J13: 0.43777778 | K13: 0 | L13: 0 | M13: 0 | N13: =N12 -> 2.15218 | P13: 4 | Q13: WR00L2L2 | R13: 13824 | S13: 32 | T13: 1 | U13: 4 | V13: 723.33 | W13: 2.4352 | X13: 45481 | Y13: 0.44824074 | Z13: 0 | AA13: 0 | AB13: 0 | AC13: =AC12 -> 2.43484
A14: 0 | B14: WR00L2L2 | C14: 14592 | D14: 32 | E14: 1 | F14: 4 | G14: 944.81 | H14: 2.1927 | I14: 45481 | J14: 0.01005787 | K14: 0 | L14: 0 | M14: 0 | N14: =AVERAGE(H14:H18) -> 2.19748 | P14: 0 | Q14: WR00L2L2 | R14: 14592 | S14: 32 | T14: 1 | U14: 4 | V14: 842.99 | W14: 2.4575 | X14: 45481 | Y14: 0.011782407 | Z14: 0 | AA14: 0 | AB14: 0 | AC14: =AVERAGE(W14:W18) -> 2.45914
A15: 1 | B15: WR00L2L2 | C15: 14592 | D15: 32 | E15: 1 | F15: 4 | G15: 941.91 | H15: 2.1994 | I15: 45481 | J15: 0.12709491 | K15: 0 | L15: 0 | M15: 0 | N15: =N14 -> 2.19748 | P15: 1 | Q15: WR00L2L2 | R15: 14592 | S15: 32 | T15: 1 | U15: 4 | V15: 843.12 | W15: 2.4572 | X15: 45481 | Y15: 0.1312037 | Z15: 0 | AA15: 0 | AB15: 0 | AC15: =AC14 -> 2.45914
A16: 2 | B16: WR00L2L2 | C16: 14592 | D16: 32 | E16: 1 | F16: 4 | G16: 942.16 | H16: 2.1988 | I16: 45481 | J16: 0.24414352 | K16: 0 | L16: 0 | M16: 0 | N16: =N15 -> 2.19748 | P16: 2 | Q16: WR00L2L2 | R16: 14592 | S16: 32 | T16: 1 | U16: 4 | V16: 841.75 | W16: 2.4611 | X16: 45481 | Y16: 0.25055556 | Z16: 0 | AA16: 0 | AB16: 0 | AC16: =AC15 -> 2.45914
A17: 3 | B17: WR00L2L2 | C17: 14592 | D17: 32 | E17: 1 | F17: 4 | G17: 942.23 | H17: 2.1987 | I17: 45481 | J17: 0.36122685 | K17: 0 | L17: 0 | M17: 0 | N17: =N16 -> 2.19748 | P17: 3 | Q17: WR00L2L2 | R17: 14592 | S17: 32 | T17: 1 | U17: 4 | V17: 842.05 | W17: 2.4603 | X17: 45481 | Y17: 0.36996528 | Z17: 0 | AA17: 0 | AB17: 0 | AC17: =AC16 -> 2.45914
A18: 4 | B18: WR00L2L2 | C18: 14592 | D18: 32 | E18: 1 | F18: 4 | G18: 942.61 | H18: 2.1978 | I18: 45481 | J18: 0.47831019 | K18: 0 | L18: 0 | M18: 0 | N18: =N17 -> 2.19748 | P18: 4 | Q18: WR00L2L2 | R18: 14592 | S18: 32 | T18: 1 | U18: 4 | V18: 842.26 | W18: 2.4596 | X18: 45481 | Y18: 0.48943287 | Z18: 0 | AA18: 0 | AB18: 0 | AC18: =AC17 -> 2.45914
A19: 0 | B19: WR00L2L2 | C19: 13056 | D19: 32 | E19: 2 | F19: 2 | G19: 675.07 | H19: 2.1982 | I19: 45480 | J19: 0.94314815 | K19: 0 | L19: 0 | M19: 0 | N19: =AVERAGE(H19:H23) -> 2.19798 | P19: 0 | Q19: WR00L2L2 | R19: 13056 | S19: 32 | T19: 2 | U19: 2 | V19: 610.83 | W19: 2.4294 | X19: 45480 | Y19: 0.9437037 | Z19: 0 | AA19: 0 | AB19: 0 | AC19: =AVERAGE(W19:W23) -> 2.4295
A20: 1 | B20: WR00L2L2 | C20: 13056 | D20: 32 | E20: 2 | F20: 2 | G20: 674.9 | H20: 2.1987 | I20: 45481 | J20: 0.060219907 | K20: 0 | L20: 0 | M20: 0 | N20: =N19 -> 2.19798 | P20: 1 | Q20: WR00L2L2 | R20: 13056 | S20: 32 | T20: 2 | U20: 2 | V20: 610.9 | W20: 2.4291 | X20: 45481 | Y20: 0.063159722 | Z20: 0 | AA20: 0 | AB20: 0 | AC20: =AC19 -> 2.4295
A21: 2 | B21: WR00L2L2 | C21: 13056 | D21: 32 | E21: 2 | F21: 2 | G21: 675.21 | H21: 2.1977 | I21: 45481 | J21: 0.17725694 | K21: 0 | L21: 0 | M21: 0 | N21: =N20 -> 2.19798 | P21: 2 | Q21: WR00L2L2 | R21: 13056 | S21: 32 | T21: 2 | U21: 2 | V21: 610.99 | W21: 2.4287 | X21: 45481 | Y21: 0.18255787 | Z21: 0 | AA21: 0 | AB21: 0 | AC21: =AC20 -> 2.4295
A22: 3 | B22: WR00L2L2 | C22: 13056 | D22: 32 | E22: 2 | F22: 2 | G22: 675.34 | H22: 2.1973 | I22: 45481 | J22: 0.2943287 | K22: 0 | L22: 0 | M22: 0 | N22: =N21 -> 2.19798 | P22: 3 | Q22: WR00L2L2 | R22: 13056 | S22: 32 | T22: 2 | U22: 2 | V22: 610.54 | W22: 2.4305 | X22: 45481 | Y22: 0.3019213 | Z22: 0 | AA22: 0 | AB22: 0 | AC22: =AC21 -> 2.4295
A23: 4 | B23: WR00L2L2 | C23: 13056 | D23: 32 | E23: 2 | F23: 2 | G23: 675.12 | H23: 2.198 | I23: 45481 | J23: 0.41141204 | K23: 0 | L23: 0 | M23: 0 | N23: =N22 -> 2.19798 | P23: 4 | Q23: WR00L2L2 | R23: 13056 | S23: 32 | T23: 2 | U23: 2 | V23: 610.73 | W23: 2.4298 | X23: 45481 | Y23: 0.42135417 | Z23: 0 | AA23: 0 | AB23: 0 | AC23: =AC22 -> 2.4295
A24: 0 | B24: WR00L2L2 | C24: 13824 | D24: 32 | E24: 2 | F24: 2 | G24: 809.83 | H24: 2.1751 | I24: 45480 | J24: 0.97917824 | K24: 0 | L24: 0 | M24: 0 | N24: =AVERAGE(H24:H28) -> 2.17444 | P24: 0 | Q24: WR00L2L2 | R24: 13824 | S24: 32 | T24: 2 | U24: 2 | V24: 723.22 | W24: 2.4356 | X24: 45480 | Y24: 0.98045139 | Z24: 0 | AA24: 0 | AB24: 0 | AC24: =AVERAGE(W24:W28) -> 2.43656
A25: 1 | B25: WR00L2L2 | C25: 13824 | D25: 32 | E25: 2 | F25: 2 | G25: 810.26 | H25: 2.174 | I25: 45481 | J25: 0.09625 | K25: 0 | L25: 0 | M25: 0 | N25: =N24 -> 2.17444 | P25: 1 | Q25: WR00L2L2 | R25: 13824 | S25: 32 | T25: 2 | U25: 2 | V25: 723.02 | W25: 2.4363 | X25: 45481 | Y25: 0.099884259 | Z25: 0 | AA25: 0 | AB25: 0 | AC25: =AC24 -> 2.43656
A26: 2 | B26: WR00L2L2 | C26: 13824 | D26: 32 | E26: 2 | F26: 2 | G26: 809.87 | H26: 2.175 | I26: 45481 | J26: 0.21328704 | K26: 0 | L26: 0 | M26: 0 | N26: =N25 -> 2.17444 | P26: 2 | Q26: WR00L2L2 | R26: 13824 | S26: 32 | T26: 2 | U26: 2 | V26: 722.86 | W26: 2.4368 | X26: 45481 | Y26: 0.21925926 | Z26: 0 | AA26: 0 | AB26: 0 | AC26: =AC25 -> 2.43656
A27: 3 | B27: WR00L2L2 | C27: 13824 | D27: 32 | E27: 2 | F27: 2 | G27: 810.09 | H27: 2.1744 | I27: 45481 | J27: 0.33037037 | K27: 0 | L27: 0 | M27: 0 | N27: =N26 -> 2.17444 | P27: 3 | Q27: WR00L2L2 | R27: 13824 | S27: 32 | T27: 2 | U27: 2 | V27: 722.94 | W27: 2.4366 | X27: 45481 | Y27: 0.33865741 | Z27: 0 | AA27: 0 | AB27: 0 | AC27: =AC26 -> 2.43656
A28: 4 | B28: WR00L2L2 | C28: 13824 | D28: 32 | E28: 2 | F28: 2 | G28: 810.38 | H28: 2.1737 | I28: 45481 | J28: 0.4474537 | K28: 0 | L28: 0 | M28: 0 | N28: =N27 -> 2.17444 | P28: 4 | Q28: WR00L2L2 | R28: 13824 | S28: 32 | T28: 2 | U28: 2 | V28: 722.65 | W28: 2.4375 | X28: 45481 | Y28: 0.45809028 | Z28: 0 | AA28: 0 | AB28: 0 | AC28: =AC27 -> 2.43656
A29: 0 | B29: WR00L2L2 | C29: 14592 | D29: 32 | E29: 2 | F29: 2 | G29: 936.91 | H29: 2.2112 | I29: 45481 | J29: 0.021238426 | K29: 0 | L29: 0 | M29: 0 | N29: =AVERAGE(H29:H33) -> 2.21098 | P29: 0 | Q29: WR00L2L2 | R29: 14592 | S29: 32 | T29: 2 | U29: 2 | V29: 849.19 | W29: 2.4396 | X29: 45481 | Y29: 0.023275463 | Z29: 0 | AA29: 0 | AB29: 0 | AC29: =AVERAGE(W29:W33) -> 2.44114
A30: 1 | B30: WR00L2L2 | C30: 14592 | D30: 32 | E30: 2 | F30: 2 | G30: 937.03 | H30: 2.2109 | I30: 45481 | J30: 0.13828704 | K30: 0 | L30: 0 | M30: 0 | N30: =N29 -> 2.21098 | P30: 1 | Q30: WR00L2L2 | R30: 14592 | S30: 32 | T30: 2 | U30: 2 | V30: 848.65 | W30: 2.4411 | X30: 45481 | Y30: 0.14268519 | Z30: 0 | AA30: 0 | AB30: 0 | AC30: =AC29 -> 2.44114
A31: 2 | B31: WR00L2L2 | C31: 14592 | D31: 32 | E31: 2 | F31: 2 | G31: 936.78 | H31: 2.2115 | I31: 45481 | J31: 0.25533565 | K31: 0 | L31: 0 | M31: 0 | N31: =N30 -> 2.21098 | P31: 2 | Q31: WR00L2L2 | R31: 14592 | S31: 32 | T31: 2 | U31: 2 | V31: 848.73 | W31: 2.4409 | X31: 45481 | Y31: 0.26203704 | Z31: 0 | AA31: 0 | AB31: 0 | AC31: =AC30 -> 2.44114
A32: 3 | B32: WR00L2L2 | C32: 14592 | D32: 32 | E32: 2 | F32: 2 | G32: 937.21 | H32: 2.2105 | I32: 45481 | J32: 0.37241898 | K32: 0 | L32: 0 | M32: 0 | N32: =N31 -> 2.21098 | P32: 3 | Q32: WR00L2L2 | R32: 14592 | S32: 32 | T32: 2 | U32: 2 | V32: 848.13 | W32: 2.4426 | X32: 45481 | Y32: 0.38143519 | Z32: 0 | AA32: 0 | AB32: 0 | AC32: =AC31 -> 2.44114
A33: 4 | B33: WR00L2L2 | C33: 14592 | D33: 32 | E33: 2 | F33: 2 | G33: 937.06 | H33: 2.2108 | I33: 45481 | J33: 0.48950231 | K33: 0 | L33: 0 | M33: 0 | N33: =N32 -> 2.21098 | P33: 4 | Q33: WR00L2L2 | R33: 14592 | S33: 32 | T33: 2 | U33: 2 | V33: 848.53 | W33: 2.4415 | X33: 45481 | Y33: 0.50090278 | Z33: 0 | AA33: 0 | AB33: 0 | AC33: =AC32 -> 2.44114
A34: 0 | B34: WR00L2L2 | C34: 13056 | D34: 64 | E34: 1 | F34: 4 | G34: 682.35 | H34: 2.1747 | I34: 45318 | J34: 0.20601852 | K34: 0 | L34: 0 | M34: 0 | N34: =AVERAGE(H34:H38) -> 2.17224 | P34: 0 | Q34: WR00L2L2 | R34: 13056 | S34: 64 | T34: 1 | U34: 4 | V34: 582.33 | W34: 2.55 | X34: 45321 | Y34: 0.97521991 | Z34: 0 | AA34: 0 | AB34: 0 | AC34: =AVERAGE(W34:W38) -> 2.54282
A35: 1 | B35: WR00L2L2 | C35: 13056 | D35: 64 | E35: 1 | F35: 4 | G35: 683.84 | H35: 2.17 | I35: 45320 | J35: 0.59099537 | K35: 0 | L35: 0 | M35: 0 | N35: =N34 -> 2.17224 | P35: 1 | Q35: WR00L2L2 | R35: 13056 | S35: 64 | T35: 1 | U35: 4 | V35: 581.81 | W35: 2.55 | X35: 45322 | Y35: 0.49358796 | Z35: 0 | AA35: 0 | AB35: 0 | AC35: =AC34 -> 2.54282
A36: 2 | B36: WR00L2L2 | C36: 13056 | D36: 64 | E36: 1 | F36: 4 | G36: 683.13 | H36: 2.1723 | I36: 45321 | J36: 0.099537037 | K36: 0 | L36: 0 | M36: 0 | N36: =N35 -> 2.17224 | P36: 2 | Q36: WR00L2L2 | R36: 13056 | S36: 64 | T36: 1 | U36: 4 | V36: 585.48 | W36: 2.53 | X36: 45323 | Y36: 0.011793981 | Z36: 0 | AA36: 0 | AB36: 0 | AC36: =AC35 -> 2.54282
A37: 3 | B37: WR00L2L2 | C37: 13056 | D37: 64 | E37: 1 | F37: 4 | G37: 683.08 | H37: 2.1724 | I37: 45321 | J37: 0.60819444 | K37: 0 | L37: 0 | M37: 0 | N37: =N36 -> 2.17224 | P37: 3 | Q37: WR00L2L2 | R37: 13056 | S37: 64 | T37: 1 | U37: 4 | V37: 585.09 | W37: 2.54 | X37: 45323 | Y37: 0.53033565 | Z37: 0 | AA37: 0 | AB37: 0 | AC37: =AC36 -> 2.54282
A38: 4 | B38: WR00L2L2 | C38: 13056 | D38: 64 | E38: 1 | F38: 4 | G38: 683.27 | H38: 2.1718 | I38: 45322 | J38: 0.11673611 | K38: 0 | L38: 0 | M38: 0 | N38: =N37 -> 2.17224 | P38: 4 | Q38: WR00L2L2 | R38: 13056 | S38: 64 | T38: 1 | U38: 4 | V38: 583.29 | W38: 2.5441 | X38: 45481 | Y38: 0.81197917 | Z38: 0 | AA38: 0 | AB38: 0 | AC38: =AC37 -> 2.54282
A39: 0 | B39: WR00L2L2 | C39: 13824 | D39: 64 | E39: 1 | F39: 4 | G39: 818.95 | H39: 2.1509 | I39: 45318 | J39: 0.1230787 | K39: 0 | L39: 0 | M39: 0 | N39: =AVERAGE(H39:H43) -> 2.15024 | P39: 0 | Q39: WR00L2L2 | R39: 13824 | S39: 64 | T39: 1 | U39: 4 | V39: 692.55 | W39: 2.54 | X39: 45321 | Y39: 0.80501157 | Z39: 0 | AA39: 0 | AB39: 0 | AC39: =AVERAGE(W39:W43) -> 2.53624
A40: 1 | B40: WR00L2L2 | C40: 13824 | D40: 64 | E40: 1 | F40: 4 | G40: 819.34 | H40: 2.1499 | I40: 45320 | J40: 0.42358796 | K40: 0 | L40: 0 | M40: 0 | N40: =N39 -> 2.15024 | P40: 1 | Q40: WR00L2L2 | R40: 13824 | S40: 64 | T40: 1 | U40: 4 | V40: 693.66 | W40: 2.54 | X40: 45322 | Y40: 0.32334491 | Z40: 0 | AA40: 0 | AB40: 0 | AC40: =AC39 -> 2.53624
A41: 2 | B41: WR00L2L2 | C41: 13824 | D41: 64 | E41: 1 | F41: 4 | G41: 819.3 | H41: 2.15 | I41: 45320 | J41: 0.93215278 | K41: 0 | L41: 0 | M41: 0 | N41: =N40 -> 2.15024 | P41: 2 | Q41: WR00L2L2 | R41: 13824 | S41: 64 | T41: 1 | U41: 4 | V41: 696.55 | W41: 2.53 | X41: 45322 | Y41: 0.84148148 | Z41: 0 | AA41: 0 | AB41: 0 | AC41: =AC40 -> 2.53624
A42: 3 | B42: WR00L2L2 | C42: 13824 | D42: 64 | E42: 1 | F42: 4 | G42: 819.23 | H42: 2.1502 | I42: 45321 | J42: 0.44077546 | K42: 0 | L42: 0 | M42: 0 | N42: =N41 -> 2.15024 | P42: 3 | Q42: WR00L2L2 | R42: 13824 | S42: 64 | T42: 1 | U42: 4 | V42: 692.66 | W42: 2.54 | X42: 45323 | Y42: 0.36021991 | Z42: 0 | AA42: 0 | AB42: 0 | AC42: =AC41 -> 2.53624
A43: 4 | B43: WR00L2L2 | C43: 13824 | D43: 64 | E43: 1 | F43: 4 | G43: 819.22 | H43: 2.1502 | I43: 45321 | J43: 0.94936343 | K43: 0 | L43: 0 | M43: 0 | N43: =N42 -> 2.15024 | P43: 4 | Q43: WR00L2L2 | R43: 13824 | S43: 64 | T43: 1 | U43: 4 | V43: 695.91 | W43: 2.5312 | X43: 45481 | Y43: 0.9115625 | Z43: 0 | AA43: 0 | AB43: 0 | AC43: =AC42 -> 2.53624
A44: 0 | B44: WR00L2L2 | C44: 14592 | D44: 64 | E44: 1 | F44: 4 | G44: 945.29 | H44: 2.1916 | I44: 45318 | J44: 0.0044212963 | K44: 0 | L44: 0 | M44: 0 | N44: =AVERAGE(H44:H48) -> 2.18992 | P44: 0 | Q44: WR00L2L2 | R44: 14592 | S44: 64 | T44: 1 | U44: 4 | V44: 809.78 | W44: 2.56 | X44: 45321 | Y44: 0.58905093 | Z44: 0 | AA44: 0 | AB44: 0 | AC44: =AVERAGE(W44:W48) -> 2.56
A45: 1 | B45: WR00L2L2 | C45: 14592 | D45: 64 | E45: 1 | F45: 4 | G45: 945.89 | H45: 2.1902 | I45: 45320 | J45: 0.22763889 | K45: 0 | L45: 0 | M45: 0 | N45: =N44 -> 2.18992 | P45: 1 | Q45: WR00L2L2 | R45: 14592 | S45: 64 | T45: 1 | U45: 4 | V45: 809.73 | W45: 2.56 | X45: 45322 | Y45: 0.12439815 | Z45: 0 | AA45: 0 | AB45: 0 | AC45: =AC44 -> 2.56
A46: 2 | B46: WR00L2L2 | C46: 14592 | D46: 64 | E46: 1 | F46: 4 | G46: 946.44 | H46: 2.1889 | I46: 45320 | J46: 0.73622685 | K46: 0 | L46: 0 | M46: 0 | N46: =N45 -> 2.18992 | P46: 2 | Q46: WR00L2L2 | R46: 14592 | S46: 64 | T46: 1 | U46: 4 | V46: 808.08 | W46: 2.56 | X46: 45322 | Y46: 0.64266204 | Z46: 0 | AA46: 0 | AB46: 0 | AC46: =AC45 -> 2.56
A47: 3 | B47: WR00L2L2 | C47: 14592 | D47: 64 | E47: 1 | F47: 4 | G47: 946.14 | H47: 2.1896 | I47: 45321 | J47: 0.24480324 | K47: 0 | L47: 0 | M47: 0 | N47: =N46 -> 2.18992 | P47: 3 | Q47: WR00L2L2 | R47: 14592 | S47: 64 | T47: 1 | U47: 4 | V47: 807.76 | W47: 2.56 | X47: 45323 | Y47: 0.16127315 | Z47: 0 | AA47: 0 | AB47: 0 | AC47: =AC46 -> 2.56
A48: 4 | B48: WR00L2L2 | C48: 14592 | D48: 64 | E48: 1 | F48: 4 | G48: 946.26 | H48: 2.1893 | I48: 45321 | J48: 0.7534375 | K48: 0 | L48: 0 | M48: 0 | N48: =N47 -> 2.18992 | P48: 4 | Q48: WR00L2L2 | R48: 14592 | S48: 64 | T48: 1 | U48: 4 | V48: 808.37 | W48: 2.56 | X48: 45323 | Y48: 0.67956019 | Z48: 0 | AA48: 0 | AB48: 0 | AC48: =AC47 -> 2.56
A49: 0 | B49: WR00L2L2 | C49: 13056 | D49: 64 | E49: 2 | F49: 2 | G49: 653.82 | H49: 2.2696 | I49: 45318 | J49: 0.21385417 | K49: 0 | L49: 0 | M49: 0 | N49: =AVERAGE(H49:H53) -> 2.26796 | P49: 0 | Q49: WR00L2L2 | R49: 13056 | S49: 64 | T49: 2 | U49: 2 | V49: 584.64 | W49: 2.54 | X49: 45321 | Y49: 0.98328704 | Z49: 0 | AA49: 0 | AB49: 0 | AC49: =AVERAGE(W49:W53) -> 2.53806
A50: 1 | B50: WR00L2L2 | C50: 13056 | D50: 64 | E50: 2 | F50: 2 | G50: 654.26 | H50: 2.2681 | I50: 45320 | J50: 0.59883102 | K50: 0 | L50: 0 | M50: 0 | N50: =N49 -> 2.26796 | P50: 1 | Q50: WR00L2L2 | R50: 13056 | S50: 64 | T50: 2 | U50: 2 | V50: 585.06 | W50: 2.54 | X50: 45322 | Y50: 0.50166667 | Z50: 0 | AA50: 0 | AB50: 0 | AC50: =AC49 -> 2.53806
A51: 2 | B51: WR00L2L2 | C51: 13056 | D51: 64 | E51: 2 | F51: 2 | G51: 654.36 | H51: 2.2678 | I51: 45321 | J51: 0.10738426 | K51: 0 | L51: 0 | M51: 0 | N51: =N50 -> 2.26796 | P51: 2 | Q51: WR00L2L2 | R51: 13056 | S51: 64 | T51: 2 | U51: 2 | V51: 585.11 | W51: 2.54 | X51: 45323 | Y51: 0.019872685 | Z51: 0 | AA51: 0 | AB51: 0 | AC51: =AC50 -> 2.53806
A52: 3 | B52: WR00L2L2 | C52: 13056 | D52: 64 | E52: 2 | F52: 2 | G52: 654.34 | H52: 2.2678 | I52: 45321 | J52: 0.61604167 | K52: 0 | L52: 0 | M52: 0 | N52: =N51 -> 2.26796 | P52: 3 | Q52: WR00L2L2 | R52: 13056 | S52: 64 | T52: 2 | U52: 2 | V52: 584.64 | W52: 2.54 | X52: 45323 | Y52: 0.53841435 | Z52: 0 | AA52: 0 | AB52: 0 | AC52: =AC51 -> 2.53806
A53: 4 | B53: WR00L2L2 | C53: 13056 | D53: 64 | E53: 2 | F53: 2 | G53: 654.73 | H53: 2.2665 | I53: 45322 | J53: 0.12458333 | K53: 0 | L53: 0 | M53: 0 | N53: =N52 -> 2.26796 | P53: 4 | Q53: WR00L2L2 | R53: 13056 | S53: 64 | T53: 2 | U53: 2 | V53: 586.47 | W53: 2.5303 | X53: 45481 | Y53: 0.82008102 | Z53: 0 | AA53: 0 | AB53: 0 | AC53: =AC52 -> 2.53806
A54: 0 | B54: WR00L2L2 | C54: 13824 | D54: 64 | E54: 2 | F54: 2 | G54: 782.42 | H54: 2.2513 | I54: 45318 | J54: 0.13244213 | K54: 0 | L54: 0 | M54: 0 | N54: =AVERAGE(H54:H58) -> 2.24984 | P54: 0 | Q54: WR00L2L2 | R54: 13824 | S54: 64 | T54: 2 | U54: 2 | V54: 693.15 | W54: 2.54 | X54: 45321 | Y54: 0.81450231 | Z54: 0 | AA54: 0 | AB54: 0 | AC54: =AVERAGE(W54:W58) -> 2.54054
