Workbook

Sheet HPL 4 nodes, builds, old
A1: ? MHz | M1: ? MHz
A2: Old builds, no throttling information | M2: NEW builds, no throttling information
AA3: OdroidMC1, big runs on small cores and vice-versa | AL3: OdroidMC1, big runs on small cores and vice-versa
A4: Build | B4: #run | C4: Flags | D4: N | E4: NB | F4: P | G4: Q | H4: Time | I4: GFLOPS | M4: Build | N4: #run | O4: Flags | P4: N | Q4: NB | R4: P | S4: Q | T4: Time | U4: GFLOPS | V4: Average GFLOPS | W4: Date | X4: Time | AA4: Build | AB4: #run | AC4: Flags | AD4: N | AE4: NB | AF4: P | AG4: Q | AH4: Time | AI4: GFLOPS | AL4: Build | AM4: #run | AN4: Flags | AO4: N | AP4: NB | AQ4: P | AR4: Q | AS4: Time | AT4: GFLOPS
A5: optimized-big-atlasarch-tune, | B5: 1 | C5: WR00L2L2 | D5: 25984 | E5: 128 | F5: 2 | G5: 8 | H5: 386.27 | I5: 30.281 | J5: =AVERAGE(I5:I8) -> 30.02925 | K5: =A5 -> optimized-big-atlasarch-tune, | M5: big | N5: 0 | O5: WR00L2L2 | P5: 25984 | Q5: 128 | R5: 2 | S5: 8 | T5: 324.54 | U5: 36.041 | V5: =AVERAGE(U5:U8) -> 36.01975 | W5: 45090 | X5: 0.66299769 | AA5: optimized-big-atlasarch-tune | AB5: 1 | AC5: WR00L2L2 | AD5: 25984 | AE5: 128 | AF5: 2 | AG5: 8 | AH5: 1768.96 | AI5: 6.6122 | AL5: atlarch | AM5: 1 | AN5: WR00L2L2 | AO5: 18368 | AP5: 64 | AQ5: 2 | AR5: 4 | AS5: 2171.03 | AT5: 1.9032
A6: optimized-big-atlasarch-tune, | B6: 2 | C6: WR00L2L2 | D6: 25984 | E6: 128 | F6: 2 | G6: 8 | H6: 390.42 | I6: 29.959 | M6: big | N6: 1 | O6: WR00L2L2 | P6: 25984 | Q6: 128 | R6: 2 | S6: 8 | T6: 324.95 | U6: 35.996 | W6: 45090 | X6: 0.66690972 | AA6: optimized-big-atlasarch-tune | AB6: 2 | AC6: WR00L2L2 | AD6: 25984 | AE6: 128 | AF6: 2 | AG6: 8 | AH6: 1768.31 | AI6: 6.6146 | AL6: atlarch | AM6: 2 | AN6: WR00L2L2 | AO6: 18368 | AP6: 64 | AQ6: 2 | AR6: 4 | AS6: 2099.93 | AT6: 1.9676
A7: optimized-big-atlasarch-tune, | B7: 3 | C7: WR00L2L2 | D7: 25984 | E7: 128 | F7: 2 | G7: 8 | H7: 390.94 | I7: 29.92 | M7: big | N7: 2 | O7: WR00L2L2 | P7: 25984 | Q7: 128 | R7: 2 | S7: 8 | T7: 324.74 | U7: 36.018 | W7: 45090 | X7: 0.67081019 | AA7: optimized-big-atlasarch-tune | AB7: 3 | AC7: WR00L2L2 | AD7: 25984 | AE7: 128 | AF7: 2 | AG7: 8 | AH7: 1767.88 | AI7: 6.6162 | AL7: atlarch | AM7: 3 | AN7: WR00L2L2 | AO7: 18368 | AP7: 64 | AQ7: 2 | AR7: 4 | AS7: 2161.9 | AT7: 1.9112
A8: optimized-big-atlasarch-tune, | B8: 4 | C8: WR00L2L2 | D8: 25984 | E8: 128 | F8: 2 | G8: 8 | H8: 390.45 | I8: 29.957 | M8: big | N8: 3 | O8: WR00L2L2 | P8: 25984 | Q8: 128 | R8: 2 | S8: 8 | T8: 324.69 | U8: 36.024 | W8: 45090 | X8: 0.67471065 | AA8: optimized-big-atlasarch-tune | AB8: 4 | AC8: WR00L2L2 | AD8: 25984 | AE8: 128 | AF8: 2 | AG8: 8 | AH8: 1768.8 | AI8: 6.6128 | AL8: atlarch | AM8: 4 | AN8: WR00L2L2 | AO8: 18368 | AP8: 64 | AQ8: 2 | AR8: 4 | AS8: 2169.22 | AT8: 1.9048
A9: optimized-big-arch-tune, | B9: 1 | C9: WR00L2L2 | D9: 25984 | E9: 128 | F9: 2 | G9: 8 | H9: 721.89 | I9: 16.203 | J9: =AVERAGE(I9:I12) -> 16.1985 | K9: =A9 -> optimized-big-arch-tune, | M9: big | N9: 4 | O9: WR00L2L2 | P9: 25984 | Q9: 128 | R9: 2 | S9: 8 | T9: 324.93 | U9: 35.998 | V9: =AVERAGE(U9:U12) -> 32.7175 | W9: 45090 | X9: 0.67862269 | AA9: optimized-big-arch-tune | AB9: 1 | AC9: WR00L2L2 | AD9: 25984 | AE9: 128 | AF9: 2 | AG9: 8 | AH9: 2074.65 | AI9: 5.6379 | AL9: cpu-tune | AM9: 1 | AN9: WR00L2L2 | AO9: 18368 | AP9: 64 | AQ9: 2 | AR9: 4 | AS9: 2404.98 | AT9: 1.7181
A10: optimized-big-arch-tune, | B10: 2 | C10: WR00L2L2 | D10: 25984 | E10: 128 | F10: 2 | G10: 8 | H10: 721.8 | I10: 16.205 | M10: big-arch-tune | N10: 0 | O10: WR00L2L2 | P10: 25984 | Q10: 128 | R10: 2 | S10: 8 | T10: 369.34 | U10: 31.669 | W10: 45090 | X10: 0.68334491 | AA10: optimized-big-arch-tune | AB10: 2 | AC10: WR00L2L2 | AD10: 25984 | AE10: 128 | AF10: 2 | AG10: 8 | AH10: 2074.75 | AI10: 5.6376 | AL10: cpu-tune | AM10: 2 | AN10: WR00L2L2 | AO10: 18368 | AP10: 64 | AQ10: 2 | AR10: 4 | AS10: 2420.85 | AT10: 1.7068
A11: optimized-big-arch-tune, | B11: 3 | C11: WR00L2L2 | D11: 25984 | E11: 128 | F11: 2 | G11: 8 | H11: 721.96 | I11: 16.201 | M11: big-arch-tune | N11: 1 | O11: WR00L2L2 | P11: 25984 | Q11: 128 | R11: 2 | S11: 8 | T11: 370.63 | U11: 31.559 | W11: 45090 | X11: 0.6880787 | AA11: optimized-big-arch-tune | AB11: 3 | AC11: WR00L2L2 | AD11: 25984 | AE11: 128 | AF11: 2 | AG11: 8 | AH11: 2074.34 | AI11: 5.6388 | AL11: cpu-tune | AM11: 3 | AN11: WR00L2L2 | AO11: 18368 | AP11: 64 | AQ11: 2 | AR11: 4 | AS11: 2466 | AT11: 1.6755
A12: optimized-big-arch-tune, | B12: 4 | C12: WR00L2L2 | D12: 25984 | E12: 128 | F12: 2 | G12: 8 | H12: 722.7 | I12: 16.185 | M12: big-arch-tune | N12: 2 | O12: WR00L2L2 | P12: 25984 | Q12: 128 | R12: 2 | S12: 8 | T12: 369.63 | U12: 31.644 | W12: 45090 | X12: 0.69280093 | AA12: optimized-big-arch-tune | AB12: 4 | AC12: WR00L2L2 | AD12: 25984 | AE12: 128 | AF12: 2 | AG12: 8 | AH12: 2074.7 | AI12: 5.6378 | AL12: cpu-tune | AM12: 4 | AN12: WR00L2L2 | AO12: 18368 | AP12: 64 | AQ12: 2 | AR12: 4 | AS12: 2448.97 | AT12: 1.6872
A13: optimized-big-atlasarch-tune2, | B13: 1 | C13: WR00L2L2 | D13: 25984 | E13: 128 | F13: 2 | G13: 8 | H13: 391.07 | I13: 29.91 | J13: =AVERAGE(I13:I16) -> 29.887 | K13: =A13 -> optimized-big-atlasarch-tune2, | M13: big-arch-tune | N13: 3 | O13: WR00L2L2 | P13: 25984 | Q13: 128 | R13: 2 | S13: 8 | T13: 369.59 | U13: 31.648 | V13: =AVERAGE(U13:U16) -> 32.3715 | W13: 45090 | X13: 0.69752315 | AA13: optimized-big-atlasarch-tune2 | AB13: 1 | AC13: WR00L2L2 | AD13: 25984 | AE13: 128 | AF13: 2 | AG13: 8 | AH13: 1768.33 | AI13: 6.6146 | AL13: arch-native-tune | AM13: 1 | AN13: WR00L2L2 | AO13: 18368 | AP13: 64 | AQ13: 2 | AR13: 4 | AS13: 2543.42 | AT13: 1.6245
A14: optimized-big-atlasarch-tune2, | B14: 2 | C14: WR00L2L2 | D14: 25984 | E14: 128 | F14: 2 | G14: 8 | H14: 391.61 | I14: 29.868 | M14: big-arch-tune | N14: 4 | O14: WR00L2L2 | P14: 25984 | Q14: 128 | R14: 2 | S14: 8 | T14: 370.19 | U14: 31.597 | W14: 45090 | X14: 0.70224537 | AA14: optimized-big-atlasarch-tune2 | AB14: 2 | AC14: WR00L2L2 | AD14: 25984 | AE14: 128 | AF14: 2 | AG14: 8 | AH14: 1767.99 | AI14: 6.6158 | AL14: arch-native-tune | AM14: 2 | AN14: WR00L2L2 | AO14: 18368 | AP14: 64 | AQ14: 2 | AR14: 4 | AS14: 2477.2 | AT14: 1.668
A15: optimized-big-atlasarch-tune2, | B15: 3 | C15: WR00L2L2 | D15: 25984 | E15: 128 | F15: 2 | G15: 8 | H15: 391.19 | I15: 29.9 | M15: big-atlasarch-tune2 | N15: 0 | O15: WR00L2L2 | P15: 25984 | Q15: 128 | R15: 2 | S15: 8 | T15: 353.24 | U15: 33.113 | W15: 45090 | X15: 0.70648148 | AA15: optimized-big-atlasarch-tune2 | AB15: 3 | AC15: WR00L2L2 | AD15: 25984 | AE15: 128 | AF15: 2 | AG15: 8 | AH15: 1768.41 | AI15: 6.6143 | AL15: arch-native-tune | AM15: 3 | AN15: WR00L2L2 | AO15: 18368 | AP15: 64 | AQ15: 2 | AR15: 4 | AS15: 2511.35 | AT15: 1.6453
A16: optimized-big-atlasarch-tune2, | B16: 4 | C16: WR00L2L2 | D16: 25984 | E16: 128 | F16: 2 | G16: 8 | H16: 391.59 | I16: 29.87 | M16: big-atlasarch-tune2 | N16: 1 | O16: WR00L2L2 | P16: 25984 | Q16: 128 | R16: 2 | S16: 8 | T16: 353.08 | U16: 33.128 | W16: 45090 | X16: 0.71071759 | AA16: optimized-big-atlasarch-tune2 | AB16: 4 | AC16: WR00L2L2 | AD16: 25984 | AE16: 128 | AF16: 2 | AG16: 8 | AH16: 1768.55 | AI16: 6.6138 | AL16: arch-native-tune | AM16: 4 | AN16: WR00L2L2 | AO16: 18368 | AP16: 64 | AQ16: 2 | AR16: 4 | AS16: 2537.24 | AT16: 1.6285
A17: optimized-big | B17: 1 | C17: WR00L2L2 | D17: 25984 | E17: 128 | F17: 2 | G17: 8 | H17: 354.71 | I17: 32.975 | J17: =AVERAGE(I17:I20) -> 32.67675 | K17: =A17 -> optimized-big | M17: big-atlasarch-tune2 | N17: 2 | O17: WR00L2L2 | P17: 25984 | Q17: 128 | R17: 2 | S17: 8 | T17: 353.71 | U17: 33.069 | V17: =AVERAGE(U17:U20) -> 32.7165 | W17: 45090 | X17: 0.7149537 | AA17: optimized-small | AB17: 1 | AC17: WR00L2L2 | AD17: 25984 | AE17: 128 | AF17: 2 | AG17: 8 | AH17: 404.36 | AI17: 28.927 | AL17: cpu-tune-overr | AM17: 1 | AN17: WR00L2L2 | AO17: 18368 | AP17: 64 | AQ17: 2 | AR17: 4 | AS17: 3283.31 | AT17: 1.2584
A18: optimized-big | B18: 2 | C18: WR00L2L2 | D18: 25984 | E18: 128 | F18: 2 | G18: 8 | H18: 358.74 | I18: 32.605 | M18: big-atlasarch-tune2 | N18: 3 | O18: WR00L2L2 | P18: 25984 | Q18: 128 | R18: 2 | S18: 8 | T18: 353.13 | U18: 33.123 | W18: 45090 | X18: 0.71918981 | AA18: optimized-small | AB18: 2 | AC18: WR00L2L2 | AD18: 25984 | AE18: 128 | AF18: 2 | AG18: 8 | AH18: 407.5 | AI18: 28.703 | AL18: cpu-tune-overr | AM18: 2 | AN18: WR00L2L2 | AO18: 18368 | AP18: 64 | AQ18: 2 | AR18: 4 | AS18: 3225.76 | AT18: 1.2809
A19: optimized-big | B19: 3 | C19: WR00L2L2 | D19: 25984 | E19: 128 | F19: 2 | G19: 8 | H19: 359.21 | I19: 32.562 | M19: big-atlasarch-tune2 | N19: 4 | O19: WR00L2L2 | P19: 25984 | Q19: 128 | R19: 2 | S19: 8 | T19: 353.42 | U19: 33.096 | W19: 45090 | X19: 0.72342593 | AA19: optimized-small | AB19: 3 | AC19: WR00L2L2 | AD19: 25984 | AE19: 128 | AF19: 2 | AG19: 8 | AH19: 407.68 | AI19: 28.691 | AL19: cpu-tune-overr | AM19: 3 | AN19: WR00L2L2 | AO19: 18368 | AP19: 64 | AQ19: 2 | AR19: 4 | AS19: 3186.46 | AT19: 1.2967
A20: optimized-big | B20: 4 | C20: WR00L2L2 | D20: 25984 | E20: 128 | F20: 2 | G20: 8 | H20: 359.19 | I20: 32.565 | M20: big-arch7a-tune | N20: 0 | O20: WR00L2L2 | P20: 25984 | Q20: 128 | R20: 2 | S20: 8 | T20: 370.41 | U20: 31.578 | W20: 45090 | X20: 0.72815972 | AA20: optimized-small | AB20: 4 | AC20: WR00L2L2 | AD20: 25984 | AE20: 128 | AF20: 2 | AG20: 8 | AH20: 407.44 | AI20: 28.708 | AL20: cpu-tune-overr | AM20: 4 | AN20: WR00L2L2 | AO20: 18368 | AP20: 64 | AQ20: 2 | AR20: 4 | AS20: 3179.9 | AT20: 1.2994
A21: optimized-big-flags | B21: 1 | C21: WR00L2L2 | D21: 25984 | E21: 128 | F21: 2 | G21: 8 | H21: 396.32 | I21: 29.513 | J21: =AVERAGE(I21:I24) -> 29.27875 | K21: =A21 -> optimized-big-flags | M21: big-arch7a-tune | N21: 1 | O21: WR00L2L2 | P21: 25984 | Q21: 128 | R21: 2 | S21: 8 | T21: 369.65 | U21: 31.643 | V21: =AVERAGE(U21:U24) -> 31.62 | W21: 45090 | X21: 0.73288194 | AA21: optimized-small-atlasarch-tune | AB21: 1 | AC21: WR00L2L2 | AD21: 25984 | AE21: 128 | AF21: 2 | AG21: 8 | AH21: 405.29 | AI21: 28.86 | AL21: atlarch-flags | AM21: 1 | AN21: WR00L2L2 | AO21: 18368 | AP21: 64 | AQ21: 2 | AR21: 4 | AS21: 2154.49 | AT21: 1.9178
A22: optimized-big-flags | B22: 2 | C22: WR00L2L2 | D22: 25984 | E22: 128 | F22: 2 | G22: 8 | H22: 400.54 | I22: 29.202 | M22: big-arch7a-tune | N22: 2 | O22: WR00L2L2 | P22: 25984 | Q22: 128 | R22: 2 | S22: 8 | T22: 369.91 | U22: 31.621 | W22: 45090 | X22: 0.73760417 | AA22: optimized-small-atlasarch-tune | AB22: 2 | AC22: WR00L2L2 | AD22: 25984 | AE22: 128 | AF22: 2 | AG22: 8 | AH22: 405.44 | AI22: 28.849 | AL22: atlarch-flags | AM22: 2 | AN22: WR00L2L2 | AO22: 18368 | AP22: 64 | AQ22: 2 | AR22: 4 | AS22: 2052.7 | AT22: 2.0129
A23: optimized-big-flags | B23: 3 | C23: WR00L2L2 | D23: 25984 | E23: 128 | F23: 2 | G23: 8 | H23: 400.37 | I23: 29.215 | M23: big-arch7a-tune | N23: 3 | O23: WR00L2L2 | P23: 25984 | Q23: 128 | R23: 2 | S23: 8 | T23: 370.59 | U23: 31.562 | W23: 45090 | X23: 0.74233796 | AA23: optimized-small-atlasarch-tune | AB23: 3 | AC23: WR00L2L2 | AD23: 25984 | AE23: 128 | AF23: 2 | AG23: 8 | AH23: 406.14 | AI23: 28.8 | AL23: atlarch-flags | AM23: 3 | AN23: WR00L2L2 | AO23: 18368 | AP23: 64 | AQ23: 2 | AR23: 4 | AS23: 2146.85 | AT23: 1.9246
A24: optimized-big-flags | B24: 4 | C24: WR00L2L2 | D24: 25984 | E24: 128 | F24: 2 | G24: 8 | H24: 400.78 | I24: 29.185 | M24: big-arch7a-tune | N24: 4 | O24: WR00L2L2 | P24: 25984 | Q24: 128 | R24: 2 | S24: 8 | T24: 369.52 | U24: 31.654 | W24: 45090 | X24: 0.74706019 | AA24: optimized-small-atlasarch-tune | AB24: 4 | AC24: WR00L2L2 | AD24: 25984 | AE24: 128 | AF24: 2 | AG24: 8 | AH24: 405.84 | AI24: 28.821 | AL24: atlarch-flags | AM24: 4 | AN24: WR00L2L2 | AO24: 18368 | AP24: 64 | AQ24: 2 | AR24: 4 | AS24: 2132.7 | AT24: 1.9374
A25: optimized-big-arch-tune-flags | B25: 1 | C25: WR00L2L2 | D25: 25984 | E25: 128 | F25: 2 | G25: 8 | H25: 404.58 | I25: 28.911 | J25: =AVERAGE(I25:I28) -> 28.915 | K25: =A25 -> optimized-big-arch-tune-flags | M25: big-cpu | N25: 0 | O25: WR00L2L2 | P25: 25984 | Q25: 128 | R25: 2 | S25: 8 | T25: 370.83 | U25: 31.542 | V25: =AVERAGE(U25:U28) -> 31.54225 | W25: 45090 | X25: 0.75180556 | AA25: optimized-small-arch-tune | AB25: 1 | AC25: WR00L2L2 | AD25: 25984 | AE25: 128 | AF25: 2 | AG25: 8 | AH25: 723.48 | AI25: 16.167 | AL25: cpu-tune-flags | AM25: 1 | AN25: WR00L2L2 | AO25: 18368 | AP25: 64 | AQ25: 2 | AR25: 4 | AS25: 2273.58 | AT25: 1.8173
A26: optimized-big-arch-tune-flags | B26: 2 | C26: WR00L2L2 | D26: 25984 | E26: 128 | F26: 2 | G26: 8 | H26: 404.38 | I26: 28.925 | M26: big-cpu | N26: 1 | O26: WR00L2L2 | P26: 25984 | Q26: 128 | R26: 2 | S26: 8 | T26: 371.23 | U26: 31.508 | W26: 45090 | X26: 0.75653935 | AA26: optimized-small-arch-tune | AB26: 2 | AC26: WR00L2L2 | AD26: 25984 | AE26: 128 | AF26: 2 | AG26: 8 | AH26: 722.22 | AI26: 16.196 | AL26: cpu-tune-flags | AM26: 2 | AN26: WR00L2L2 | AO26: 18368 | AP26: 64 | AQ26: 2 | AR26: 4 | AS26: 2239.74 | AT26: 1.8448
A27: optimized-big-arch-tune-flags | B27: 3 | C27: WR00L2L2 | D27: 25984 | E27: 128 | F27: 2 | G27: 8 | H27: 404.62 | I27: 28.908 | M27: big-cpu | N27: 2 | O27: WR00L2L2 | P27: 25984 | Q27: 128 | R27: 2 | S27: 8 | T27: 370.4 | U27: 31.579 | W27: 45090 | X27: 0.76127315 | AA27: optimized-small-arch-tune | AB27: 3 | AC27: WR00L2L2 | AD27: 25984 | AE27: 128 | AF27: 2 | AG27: 8 | AH27: 721.86 | AI27: 16.204 | AL27: cpu-tune-flags | AM27: 3 | AN27: WR00L2L2 | AO27: 18368 | AP27: 64 | AQ27: 2 | AR27: 4 | AS27: 2271.34 | AT27: 1.8191
A28: optimized-big-arch-tune-flags | B28: 4 | C28: WR00L2L2 | D28: 25984 | E28: 128 | F28: 2 | G28: 8 | H28: 404.51 | I28: 28.916 | M28: big-cpu | N28: 3 | O28: WR00L2L2 | P28: 25984 | Q28: 128 | R28: 2 | S28: 8 | T28: 370.85 | U28: 31.54 | W28: 45090 | X28: 0.76600694 | AA28: optimized-small-arch-tune | AB28: 4 | AC28: WR00L2L2 | AD28: 25984 | AE28: 128 | AF28: 2 | AG28: 8 | AH28: 720.97 | AI28: 16.224 | AL28: cpu-tune-flags | AM28: 4 | AN28: WR00L2L2 | AO28: 18368 | AP28: 64 | AQ28: 2 | AR28: 4 | AS28: 2342.5 | AT28: 1.7639
A29: optimized-big-arch7a-tune | B29: 1 | C29: WR00L2L2 | D29: 25984 | E29: 128 | F29: 2 | G29: 8 | H29: 714.65 | I29: 16.367 | J29: =AVERAGE(I29:I32) -> 16.38475 | K29: =A29 -> optimized-big-arch7a-tune | M29: big-cpu | N29: 4 | O29: WR00L2L2 | P29: 25984 | Q29: 128 | R29: 2 | S29: 8 | T29: 371.38 | U29: 31.495 | V29: =AVERAGE(U29:U32) -> 34.755 | W29: 45090 | X29: 0.77075231 | AA29: optimized-small-atlasarch-tune2 | AB29: 1 | AC29: WR00L2L2 | AD29: 25984 | AE29: 128 | AF29: 2 | AG29: 8 | AH29: 405.36 | AI29: 28.855 | AL29: arch-native-tune-flags | AM29: 1 | AN29: WR00L2L2 | AO29: 18368 | AP29: 64 | AQ29: 2 | AR29: 4 | AS29: 2237.62 | AT29: 1.8466
A30: optimized-big-arch7a-tune | B30: 2 | C30: WR00L2L2 | D30: 25984 | E30: 128 | F30: 2 | G30: 8 | H30: 712.5 | I30: 16.417 | M30: big-noMHz | N30: 0 | O30: WR00L2L2 | P30: 25984 | Q30: 128 | R30: 2 | S30: 8 | T30: 325.42 | U30: 35.944 | W30: 45090 | X30: 0.77466435 | AA30: optimized-small-atlasarch-tune2 | AB30: 2 | AC30: WR00L2L2 | AD30: 25984 | AE30: 128 | AF30: 2 | AG30: 8 | AH30: 405.77 | AI30: 28.826 | AL30: arch-native-tune-flags | AM30: 2 | AN30: WR00L2L2 | AO30: 18368 | AP30: 64 | AQ30: 2 | AR30: 4 | AS30: 2233.42 | AT30: 1.85
A31: optimized-big-arch7a-tune | B31: 3 | C31: WR00L2L2 | D31: 25984 | E31: 128 | F31: 2 | G31: 8 | H31: 712.99 | I31: 16.405 | M31: big-noMHz | N31: 1 | O31: WR00L2L2 | P31: 25984 | Q31: 128 | R31: 2 | S31: 8 | T31: 326.02 | U31: 35.877 | W31: 45090 | X31: 0.77857639 | AA31: optimized-small-atlasarch-tune2 | AB31: 3 | AC31: WR00L2L2 | AD31: 25984 | AE31: 128 | AF31: 2 | AG31: 8 | AH31: 406.6 | AI31: 28.767 | AL31: arch-native-tune-flags | AM31: 3 | AN31: WR00L2L2 | AO31: 18368 | AP31: 64 | AQ31: 2 | AR31: 4 | AS31: 2162.59 | AT31: 1.9106
A32: optimized-big-arch7a-tune | B32: 4 | C32: WR00L2L2 | D32: 25984 | E32: 128 | F32: 2 | G32: 8 | H32: 715.38 | I32: 16.35 | M32: big-noMHz | N32: 2 | O32: WR00L2L2 | P32: 25984 | Q32: 128 | R32: 2 | S32: 8 | T32: 327.61 | U32: 35.704 | W32: 45090 | X32: 0.78251157 | AA32: optimized-small-atlasarch-tune2 | AB32: 4 | AC32: WR00L2L2 | AD32: 25984 | AE32: 128 | AF32: 2 | AG32: 8 | AH32: 405.95 | AI32: 28.813 | AL32: arch-native-tune-flags | AM32: 4 | AN32: WR00L2L2 | AO32: 18368 | AP32: 64 | AQ32: 2 | AR32: 4 | AS32: 2239.5 | AT32: 1.845
A33: optimized-big-arch7a-tune-flags | B33: 1 | C33: WR00L2L2 | D33: 25984 | E33: 128 | F33: 2 | G33: 8 | H33: 401.1 | I33: 29.161 | J33: =AVERAGE(I33:I36) -> 28.958 | K33: =A33 -> optimized-big-arch7a-tune-flags | M33: big-noMHz | N33: 3 | O33: WR00L2L2 | P33: 25984 | Q33: 128 | R33: 2 | S33: 8 | T33: 324.89 | U33: 36.002 | V33: =AVERAGE(U33:U36) -> 33.2705 | W33: 45090 | X33: 0.78641204 | AL33: cpu-tune-overr-flags | AM33: 1 | AN33: WR00L2L2 | AO33: 18368 | AP33: 64 | AQ33: 2 | AR33: 4 | AS33: 2273.1 | AT33: 1.8177
A34: optimized-big-arch7a-tune-flags | B34: 2 | C34: WR00L2L2 | D34: 25984 | E34: 128 | F34: 2 | G34: 8 | H34: 404.88 | I34: 28.89 | M34: big-noMHz | N34: 4 | O34: WR00L2L2 | P34: 25984 | Q34: 128 | R34: 2 | S34: 8 | T34: 326.54 | U34: 35.821 | W34: 45090 | X34: 0.79033565 | AL34: cpu-tune-overr-flags | AM34: 2 | AN34: WR00L2L2 | AO34: 18368 | AP34: 64 | AQ34: 2 | AR34: 4 | AS34: 2107.93 | AT34: 1.9602
A35: optimized-big-arch7a-tune-flags | B35: 3 | C35: WR00L2L2 | D35: 25984 | E35: 128 | F35: 2 | G35: 8 | H35: 405.22 | I35: 28.865 | M35: big-flags | N35: 0 | O35: WR00L2L2 | P35: 25984 | Q35: 128 | R35: 2 | S35: 8 | T35: 383.49 | U35: 30.5 | W35: 45093 | X35: 0.94741898 | AL35: cpu-tune-overr-flags | AM35: 3 | AN35: WR00L2L2 | AO35: 18368 | AP35: 64 | AQ35: 2 | AR35: 4 | AS35: 2215 | AT35: 1.8654
A36: optimized-big-arch7a-tune-flags | B36: 4 | C36: WR00L2L2 | D36: 25984 | E36: 128 | F36: 2 | G36: 8 | H36: 404.5 | I36: 28.916 | M36: big-flags | N36: 1 | O36: WR00L2L2 | P36: 25984 | Q36: 128 | R36: 2 | S36: 8 | T36: 380.27 | U36: 30.759 | W36: 45093 | X36: 0.95194444 | AL36: cpu-tune-overr-flags | AM36: 4 | AN36: WR00L2L2 | AO36: 18368 | AP36: 64 | AQ36: 2 | AR36: 4 | AS36: 2250.13 | AT36: 1.8363
A37: optimized-small | B37: 1 | C37: WR00L2L2 | D37: 25984 | E37: 128 | F37: 2 | G37: 8 | H37: 1390.29 | I37: 8.4132 | J37: =AVERAGE(I37:I40) -> 8.410325 | K37: =A37 -> optimized-small | M37: big-flags | N37: 2 | O37: WR00L2L2 | P37: 25984 | Q37: 128 | R37: 2 | S37: 8 | T37: 380.43 | U37: 30.746 | V37: =AVERAGE(U37:U40) -> 30.30725 | W37: 45093 | X37: 0.95645833
A38: optimized-small | B38: 2 | C38: WR00L2L2 | D38: 25984 | E38: 128 | F38: 2 | G38: 8 | H38: 1391.29 | I38: 8.4071 | M38: big-flags | N38: 3 | O38: WR00L2L2 | P38: 25984 | Q38: 128 | R38: 2 | S38: 8 | T38: 380.19 | U38: 30.765 | W38: 45093 | X38: 0.96097222
A39: optimized-small | B39: 3 | C39: WR00L2L2 | D39: 25984 | E39: 128 | F39: 2 | G39: 8 | H39: 1390.25 | I39: 8.4134 | M39: big-flags | N39: 4 | O39: WR00L2L2 | P39: 25984 | Q39: 128 | R39: 2 | S39: 8 | T39: 379.9 | U39: 30.789 | W39: 45093 | X39: 0.96548611
A40: optimized-small | B40: 4 | C40: WR00L2L2 | D40: 25984 | E40: 128 | F40: 2 | G40: 8 | H40: 1391.22 | I40: 8.4076 | M40: big-arch-tune-flags | N40: 0 | O40: WR00L2L2 | P40: 25984 | Q40: 128 | R40: 2 | S40: 8 | T40: 404.33 | U40: 28.929 | W40: 45093 | X40: 0.9703125
A41: optimized-small-atlasarch-tune | B41: 1 | C41: WR00L2L2 | D41: 25984 | E41: 128 | F41: 2 | G41: 8 | H41: 1627.36 | I41: 7.1875 | J41: =AVERAGE(I41:I44) -> 7.1864 | K41: =A41 -> optimized-small-atlasarch-tune | M41: big-arch-tune-flags | N41: 1 | O41: WR00L2L2 | P41: 25984 | Q41: 128 | R41: 2 | S41: 8 | T41: 403.52 | U41: 28.987 | V41: =AVERAGE(U41:U44) -> 28.97275 | W41: 45093 | X41: 0.97512731
A42: optimized-small-atlasarch-tune | B42: 2 | C42: WR00L2L2 | D42: 25984 | E42: 128 | F42: 2 | G42: 8 | H42: 1627.33 | I42: 7.1877 | M42: big-arch-tune-flags | N42: 2 | O42: WR00L2L2 | P42: 25984 | Q42: 128 | R42: 2 | S42: 8 | T42: 404.11 | U42: 28.945 | W42: 45093 | X42: 0.9799537
A43: optimized-small-atlasarch-tune | B43: 3 | C43: WR00L2L2 | D43: 25984 | E43: 128 | F43: 2 | G43: 8 | H43: 1627.99 | I43: 7.1848 | M43: big-arch-tune-flags | N43: 3 | O43: WR00L2L2 | P43: 25984 | Q43: 128 | R43: 2 | S43: 8 | T43: 403.41 | U43: 28.995 | W43: 45093 | X43: 0.98478009
A44: optimized-small-atlasarch-tune | B44: 4 | C44: WR00L2L2 | D44: 25984 | E44: 128 | F44: 2 | G44: 8 | H44: 1627.8 | I44: 7.1856 | M44: big-arch-tune-flags | N44: 4 | O44: WR00L2L2 | P44: 25984 | Q44: 128 | R44: 2 | S44: 8 | T44: 403.83 | U44: 28.964 | W44: 45093 | X44: 0.98959491
A45: optimized-small-arch-tune | B45: 1 | C45: WR00L2L2 | D45: 25984 | E45: 128 | F45: 2 | G45: 8 | H45: 2073.34 | I45: 5.6415 | J45: =AVERAGE(I45:I48) -> 5.641125 | K45: =A45 -> optimized-small-arch-tune | M45: big-atlasarch-tune2-flags | N45: 0 | O45: WR00L2L2 | P45: 25984 | Q45: 128 | R45: 2 | S45: 8 | T45: 362.28 | U45: 32.286 | V45: =AVERAGE(U45:U48) -> 32.22375 | W45: 45093 | X45: 0.99395833
A46: optimized-small-arch-tune | B46: 2 | C46: WR00L2L2 | D46: 25984 | E46: 128 | F46: 2 | G46: 8 | H46: 2073.36 | I46: 5.6414 | M46: big-atlasarch-tune2-flags | N46: 1 | O46: WR00L2L2 | P46: 25984 | Q46: 128 | R46: 2 | S46: 8 | T46: 363.56 | U46: 32.173 | W46: 45093 | X46: 0.99832176
A47: optimized-small-arch-tune | B47: 3 | C47: WR00L2L2 | D47: 25984 | E47: 128 | F47: 2 | G47: 8 | H47: 2073.41 | I47: 5.6413 | M47: big-atlasarch-tune2-flags | N47: 2 | O47: WR00L2L2 | P47: 25984 | Q47: 128 | R47: 2 | S47: 8 | T47: 363.09 | U47: 32.215 | W47: 45094 | X47: 0.0026851852
A48: optimized-small-arch-tune | B48: 4 | C48: WR00L2L2 | D48: 25984 | E48: 128 | F48: 2 | G48: 8 | H48: 2073.77 | I48: 5.6403 | M48: big-atlasarch-tune2-flags | N48: 3 | O48: WR00L2L2 | P48: 25984 | Q48: 128 | R48: 2 | S48: 8 | T48: 363.01 | U48: 32.221 | W48: 45094 | X48: 0.0070486111
A49: optimized-small-atlasarch-tune2 | B49: 1 | C49: WR00L2L2 | D49: 25984 | E49: 128 | F49: 2 | G49: 8 | H49: 1628.5 | I49: 7.1825 | J49: =AVERAGE(I49:I52) -> 7.182575 | K49: =A49 -> optimized-small-atlasarch-tune2 | M49: big-atlasarch-tune2-flags | N49: 4 | O49: WR00L2L2 | P49: 25984 | Q49: 128 | R49: 2 | S49: 8 | T49: 363.2 | U49: 32.205 | V49: =AVERAGE(U49:U52) -> 29.667 | W49: 45094 | X49: 0.011423611
A50: optimized-small-atlasarch-tune2 | B50: 2 | C50: WR00L2L2 | D50: 25984 | E50: 128 | F50: 2 | G50: 8 | H50: 1629.01 | I50: 7.1803 | M50: big-arch7a-tune-flags | N50: 0 | O50: WR00L2L2 | P50: 25984 | Q50: 128 | R50: 2 | S50: 8 | T50: 404.89 | U50: 28.889 | W50: 45094 | X50: 0.016261574
A51: optimized-small-atlasarch-tune2 | B51: 3 | C51: WR00L2L2 | D51: 25984 | E51: 128 | F51: 2 | G51: 8 | H51: 1628.6 | I51: 7.1821 | M51: big-arch7a-tune-flags | N51: 1 | O51: WR00L2L2 | P51: 25984 | Q51: 128 | R51: 2 | S51: 8 | T51: 407.49 | U51: 28.704 | W51: 45094 | X51: 0.021122685
A52: optimized-small-atlasarch-tune2 | B52: 4 | C52: WR00L2L2 | D52: 25984 | E52: 128 | F52: 2 | G52: 8 | H52: 1627.85 | I52: 7.1854 | M52: big-arch7a-tune-flags | N52: 2 | O52: WR00L2L2 | P52: 25984 | Q52: 128 | R52: 2 | S52: 8 | T52: 405.15 | U52: 28.87 | W52: 45094 | X52: 0.025972222
A53: optimized-small-arch-tune-flags | B53: 1 | C53: WR00L2L2 | D53: 25984 | E53: 128 | F53: 2 | G53: 8 | H53: 1424.43 | I53: 8.2115 | J53: =AVERAGE(I53:I56) -> 8.2107 | K53: =A53 -> optimized-small-arch-tune-flags | M53: big-arch7a-tune-flags | N53: 3 | O53: WR00L2L2 | P53: 25984 | Q53: 128 | R53: 2 | S53: 8 | T53: 405.15 | U53: 28.87 | V53: =AVERAGE(U53:U56) -> 30.25625 | W53: 45094 | X53: 0.030810185
A54: optimized-small-arch-tune-flags | B54: 2 | C54: WR00L2L2 | D54: 25984 | E54: 128 | F54: 2 | G54: 8 | H54: 1424.67 | I54: 8.2101 | M54: big-arch7a-tune-flags | N54: 4 | O54: WR00L2L2 | P54: 25984 | Q54: 128 | R54: 2 | S54: 8 | T54: 405.07 | U54: 28.876 | W54: 45094 | X54: 0.035648148
A55: optimized-small-arch-tune-flags | B55: 3 | C55: WR00L2L2 | D55: 25984 | E55: 128 | F55: 2 | G55: 8 | H55: 1424.97 | I55: 8.2084 | M55: big-cpu-flags | N55: 0 | O55: WR00L2L2 | P55: 25984 | Q55: 128 | R55: 2 | S55: 8 | T55: 369.34 | U55: 31.669 | W55: 45094 | X55: 0.040092593
A56: optimized-small-arch-tune-flags | B56: 4 | C56: WR00L2L2 | D56: 25984 | E56: 128 | F56: 2 | G56: 8 | H56: 1424.2 | I56: 8.2128 | M56: big-cpu-flags | N56: 1 | O56: WR00L2L2 | P56: 25984 | Q56: 128 | R56: 2 | S56: 8 | T56: 370.04 | U56: 31.61 | W56: 45094 | X56: 0.044537037
A57: optimized-small-arch-tune-flags-taskset | B57: 1 | C57: WR00L2L2 | D57: 25984 | E57: 128 | F57: 2 | G57: 8 | H57: 1425.14 | I57: 8.2074 | J57: =AVERAGE(I57:I60) -> 8.20755 | K57: =A57 -> optimized-small-arch-tune-flags-taskset | M57: big-cpu-flags | N57: 2 | O57: WR00L2L2 | P57: 25984 | Q57: 128 | R57: 2 | S57: 8 | T57: 369.8 | U57: 31.629 | V57: =AVERAGE(U57:U60) -> 31.432 | W57: 45094 | X57: 0.048981481
A58: optimized-small-arch-tune-flags-taskset | B58: 2 | C58: WR00L2L2 | D58: 25984 | E58: 128 | F58: 2 | G58: 8 | H58: 1424.35 | I58: 8.212 | M58: big-cpu-flags | N58: 3 | O58: WR00L2L2 | P58: 25984 | Q58: 128 | R58: 2 | S58: 8 | T58: 370.01 | U58: 31.612 | W58: 45094 | X58: 0.0534375
A59: optimized-small-arch-tune-flags-taskset | B59: 3 | C59: WR00L2L2 | D59: 25984 | E59: 128 | F59: 2 | G59: 8 | H59: 1425.07 | I59: 8.2078 | M59: big-cpu-flags | N59: 4 | O59: WR00L2L2 | P59: 25984 | Q59: 128 | R59: 2 | S59: 8 | T59: 369.74 | U59: 31.635 | W59: 45094 | X59: 0.057881944
A60: optimized-small-arch-tune-flags-taskset | B60: 4 | C60: WR00L2L2 | D60: 25984 | E60: 128 | F60: 2 | G60: 8 | H60: 1425.91 | I60: 8.203 | M60: big-noMHz-flags | N60: 0 | O60: WR00L2L2 | P60: 25984 | Q60: 128 | R60: 2 | S60: 8 | T60: 379.13 | U60: 30.852 | W60: 45094 | X60: 0.062407407
A61: optimized-small | B61: 1 | C61: WR00L2L2 | D61: 25984 | E61: 128 | F61: 2 | G61: 8 | H61: 1390.17 | I61: 8.4139 | J61: =AVERAGE(I61:I64) -> 8.41605 | K61: =A61 -> optimized-small | M61: big-noMHz-flags | N61: 1 | O61: WR00L2L2 | P61: 25984 | Q61: 128 | R61: 2 | S61: 8 | T61: 379.13 | U61: 30.852 | V61: =AVERAGE(U61:U64) -> 30.86925 | W61: 45094 | X61: 0.06693287
A62: optimized-small | B62: 2 | C62: WR00L2L2 | D62: 25984 | E62: 128 | F62: 2 | G62: 8 | H62: 1389.88 | I62: 8.4157 | M62: big-noMHz-flags | N62: 2 | O62: WR00L2L2 | P62: 25984 | Q62: 128 | R62: 2 | S62: 8 | T62: 379.07 | U62: 30.856 | W62: 45094 | X62: 0.071469907
A63: optimized-small | B63: 3 | C63: WR00L2L2 | D63: 25984 | E63: 128 | F63: 2 | G63: 8 | H63: 1389.5 | I63: 8.4179 | M63: big-noMHz-flags | N63: 3 | O63: WR00L2L2 | P63: 25984 | Q63: 128 | R63: 2 | S63: 8 | T63: 378.41 | U63: 30.91 | W63: 45094 | X63: 0.075983796
A64: optimized-small | B64: 4 | C64: WR00L2L2 | D64: 25984 | E64: 128 | F64: 2 | G64: 8 | H64: 1389.7 | I64: 8.4167 | M64: big-noMHz-flags | N64: 4 | O64: WR00L2L2 | P64: 25984 | Q64: 128 | R64: 2 | S64: 8 | T64: 379.04 | U64: 30.859 | W64: 45094 | X64: 0.080509259
A65: optimized-big-noMHZ | B65: 1 | C65: WR00L2L2 | D65: 25984 | E65: 128 | F65: 2 | G65: 8 | H65: 358.33 | I65: 32.642 | J65: =AVERAGE(I65:I68) -> 32.2305 | K65: =A65 -> optimized-big-noMHZ
A66: optimized-big-noMHZ | B66: 2 | C66: WR00L2L2 | D66: 25984 | E66: 128 | F66: 2 | G66: 8 | H66: 364.53 | I66: 32.087
A67: optimized-big-noMHZ | B67: 3 | C67: WR00L2L2 | D67: 25984 | E67: 128 | F67: 2 | G67: 8 | H67: 364.18 | I67: 32.118
A68: optimized-big-noMHZ | B68: 4 | C68: WR00L2L2 | D68: 25984 | E68: 128 | F68: 2 | G68: 8 | H68: 364.67 | I68: 32.075
A69: big-cpu | B69: 1 | C69: WR00L2L2 | D69: 25984 | E69: 128 | F69: 2 | G69: 8 | H69: 407.39 | I69: 28.711 | J69: =AVERAGE(I69:I72) -> 28.686 | K69: =A69 -> big-cpu
A70: big-cpu | B70: 2 | C70: WR00L2L2 | D70: 25984 | E70: 128 | F70: 2 | G70: 8 | H70: 407.87 | I70: 28.678
A71: big-cpu | B71: 3 | C71: WR00L2L2 | D71: 25984 | E71: 128 | F71: 2 | G71: 8 | H71: 407.82 | I71: 28.681
A72: big-cpu | B72: 4 | C72: WR00L2L2 | D72: 25984 | E72: 128 | F72: 2 | G72: 8 | H72: 407.93 | I72: 28.674
A73: optimized-small-flags | B73: 1 | C73: WR00L2L2 | D73: 25984 | E73: 128 | F73: 2 | G73: 8 | H73: 1387.6 | I73: 8.4295 | J73: =AVERAGE(I73:I76) -> 8.4279667 | K73: =A73 -> optimized-small-flags
A74: optimized-small-flags | B74: 2 | C74: WR00L2L2 | D74: 25984 | E74: 128 | F74: 2 | G74: 8 | H74: 1388.18 | I74: 8.426
A75: optimized-small-flags | B75: 3
A76: optimized-small-flags | B76: 4 | C76: WR00L2L2 | D76: 25984 | E76: 128 | F76: 2 | G76: 8 | H76: 1387.77 | I76: 8.4284
A77: small-cpu | B77: 1 | C77: WR00L2L2 | D77: 25984 | E77: 128 | F77: 2 | G77: 8 | H77: 1629.81 | I77: 7.1767 | J77: =AVERAGE(I77:I80) -> 7.176275 | K77: =A77 -> small-cpu
A78: small-cpu | B78: 2 | C78: WR00L2L2 | D78: 25984 | E78: 128 | F78: 2 | G78: 8 | H78: 1630.07 | I78: 7.1756
A79: small-cpu | B79: 3 | C79: WR00L2L2 | D79: 25984 | E79: 128 | F79: 2 | G79: 8 | H79: 1629.42 | I79: 7.1785
A80: small-cpu | B80: 4 | C80: WR00L2L2 | D80: 25984 | E80: 128 | F80: 2 | G80: 8 | H80: 1630.36 | I80: 7.1743

Sheet Arch details
A1: SBC | B1: Cores | C1: march | D1: mcpu | E1: mtune | F1: fpu | G1: mfloat-abi | J1: ostalo | K1: ostalo (Thumb)
A2: Rpi 1B | C2: armv6 | D2: arm1176jzf-s | E2: arm1176jzf-s | F2: vfpv2 (alias is vfp) | G2: hard | K2: Thumb | L2: 16KB L1 and no L2
A3: Cubieboard2 | C3: armv7-a | D3: cortex-a7 | E3: cortex-a7 | F3: neon-vfpv4 | G3: hard | J3: -funsafe-math-optimizations | K3: Thumb-2
A4: OdroidU3 | C4: armv7-a | D4: cortex-a9 | E4: cortex-a9 | F4: neon-vfpv3 (alias is neon) | G4: hard | J4: -funsafe-math-optimizations | K4: Thumb or Thumb-2 | L4: 1MB L2 cache total? From paper…
A5: OdroidMC1 | B5: LITTLE | C5: armv7-a | D5: cortex-a7 | E5: cortex-a7 | F5: neon-vfpv4 | G5: hard | J5: -funsafe-math-optimizations | K5: Thumb-2 | L5: 2 sockets, 2,5MB L2 cache per socket
B6: Big | C6: armv7-a | D6: cortex-a15 | E6: cortex-a15 | F6: neon-vfpv4 | G6: hard | J6: -funsafe-math-optimizations | K6: Thumb-2
A11: HPL Runs (fixed parameters) | C11: Number of nodes | D11: Node | E11: Total memory of a node (kB) | F11: N, alpha | G11: N, alpha (NB round) | H11: N, beta | I11: N, beta (NB round) | J11: NB | K11: P | L11: Q | M11: Ns difference | N11: Half of the Ns difference | O11: N1 | P11: N2 | Q11: N3
C12: 1 | D12: OdroidMC1 | E12: 2042436 | F12: =$B$13*SQRT(($C12*$E12*1024)/8) -> 12935.082 | G12: =_xlfn.CEILING.MATH(F12/J12)*J12 -> 13056 | H12: =SQRT($B$13*($C12*$E12*1024)/8) -> 14461.862 | I12: =_xlfn.CEILING.MATH(H12/J12)*J12 -> 14464 | J12: 128 | K12: 2 | L12: 8 | M12: =I12-G12 -> 1408 | N12: =M12/2 -> 704 | O12: =G12 -> 13056 | P12: =_xlfn.CEILING.MATH((O12+N12)/J12)*J12 -> 13824 | Q12: =_xlfn.CEILING.MATH((P12+N12)/J12)*J12 -> 14592
A13: Percentage of mem | B13: 0.8 | C13: 4 | D13: OdroidMC1 | E13: 2042436 | F13: =$B$13*SQRT(($C13*$E13*1024)/8) -> 25870.165 | G13: =_xlfn.CEILING.MATH(F13/J13)*J13 -> 25984 | H13: =SQRT($B$13*($C13*$E13*1024)/8) -> 28923.724 | I13: =_xlfn.CEILING.MATH(H13/J13)*J13 -> 28928 | J13: 128 | K13: 2 | L13: 2 | M13: =I13-G13 -> 2944 | N13: =M13/2 -> 1472 | O13: =G13 -> 25984 | P13: =_xlfn.CEILING.MATH((O13+N13)/J13)*J13 -> 27520 | Q13: =_xlfn.CEILING.MATH((P13+N13)/J13)*J13 -> 29056
A21: Board | B21: Odroid MC1 Solo (Revised Odroid-XU4) | E21: Board | F21: Odroid MC1 (Odroid XU4)
A22: SoC | B22: Exynos5422 | E22: OS | F22: Ubuntu 18.04.6 LTS
A23: CPU | B23: ARM Cortex-A7 | C23: ARM Cortex-A15 | E23: Kernel | F23: 4.14.180-178 armv7l
A24: ARM ISA | B24: ARMv7-A | E24: MPI implementation | F24: MPICH 3.4.3
A25: Cores/Clock | B25: 4 × 1.4GHz | C25: 4 × 2.0GHz | E25: BLAS 1 | F25: ATLAS 3.10.3
A26: Cache | B26: 512 KB of L2 cache | C26: 2 MB of L2 cache | E26: BLAS 2 | F26: OpenBLAS 0.3.23
A27: DP FLOPs/cycle | B27: 0.5 | C27: 2 | E27: HPL | F27: Netlib, 2.3
A28: Rpeak | B28: 0.75 GFLOPs | C28: 4 GFLOPs
A29: Memory | B29: 2 GB LP-DDR3, 750 MHz
A30: Ethernet [Mbps] | B30: 10/100/1000
A31: Storage employed | B31: MicroSD: Kingston Canvas Select Plus, 16GB, U1, V10, A1 (initially) Kingston EP MicroSDXC, EP Series 64GB MICRO SDXC V30 A1 (later measurements)
A32: Release year** | B32: 2015

Sheet HPL_Builds
A1: Odroid MC1 | C1: Flags used for building ATLAS | D1: Flags used for flagsearching - mandatory | E1: Flags used for building HPL | F1: Machine setup for building HPL | G1: Gflops | H1: NOTE
A2: 1 | B2: optimized-small | C2: -D c -DWALL -b 32 -A ARMa7 --force-tids="4 0 1 2 3" | D2: -O2 -mcpu=cortex-a7 -fno-schedule-insns -fselective-scheduling2 | E2: -O2 -mcpu=cortex-a7 -fno-schedule-insns -fselective-scheduling2 | F2: odroid12 | K2: optimized-small | P2: 2024
A3: 2 | B3: optimized-small-atlasarch-tune | C3: -D c -DWALL -b 32 -A ARMa7 --force-tids="4 0 1 2 3" -Fa al "-mcpu=cortex-a7 -mfloat-abi=hard -mfpu=neon-vfpv4" | D3: -O2 -mcpu=cortex-a7 -fno-schedule-insns -fselective-scheduling2 -mfloat-abi=hard -mfpu=neon-vfpv4 | E3: -O2 -fselective-scheduling2 -mcpu=cortex-a7 -mfloat-abi=hard -mfpu=neon-vfpv4 (implied by -A ARMa15 and custom ones) | F3: odroid10 | K3: optimized-small-atlasarch-tune
A4: 3 | B4: optimized-small-arch-tune | C4: -D c -DWALL -b 32 --force-tids="4 0 1 2 3" -F al "-march=armv7 -mtune=cortex-a7 -mfloat-abi=hard -mfpu=neon-vfpv4" | D4: -march=armv7 -mtune=cortex-a7 -mfloat-abi=hard -mfpu=neon-vfpv4 | E4: -march=armv7 -mtune=cortex-a7 -mfloat-abi=hard -mfpu=neon-vfpv4 | F4: Odroid13 | H4: overridea li -F i task-set? | K4: optimized-small-arch-tune
A5: 4 | B5: optimized-big | C5: -D c -DWALL -b 32 -A ARMa15 --force-tids="4 4 5 6 7" | D5: -O2 -fno-schedule-insns -fno-schedule-insns2 -fprefetch-loop-arrays | E5: -O2 -fselective-scheduling2 (implied by -A ARMa15) | F5: Odroid10 | H5: made without taskset | K5: optimized-small-atlasarch-tune2
A6: 5 | B6: optimized-big-atlasarch-tune | C6: -D c -DWALL -b 32 -A ARMa15 --force-tids="4 4 5 6 7" -Fa al "-mcpu=cortex-a15 -mfloat-abi=hard -mfpu=neon-vfpv4" | D6: -O2 -fno-schedule-insns -fno-schedule-insns2 -fprefetch-loop-arrays -mcpu=cortex-a15 -mfloat-abi=hard -mfpu=neon-vfpv4 | E6: -O2 -fselective-scheduling2 -mcpu=cortex-a15 -mfloat-abi=hard -mfpu=neon-vfpv4 (implied by -A ARMa15 and the custom ones) | F6: Odroid10 | H6: made without taskset | K6: optimized-small-arch-tune-flags
A7: 6 | B7: optimized-big-arch-tune | C7: -D c -DWALL -b 32 --force-tids="4 4 5 6 7" -F al "-march=armv7 -mtune=cortex-a15 -mfloat-abi=hard -mfpu=neon-vfpv4" | D7: -march=armv7 -mtune=cortex-a15 -mfloat-abi=hard -mfpu=neon-vfpv4 | E7: -march=armv7 -mtune=cortex-a15 -mfloat-abi=hard -mfpu=neon-vfpv4 | F7: Odroid12 | K7: optimized-small-arch-tune-flags-taskset
A8: 7 | B8: optimized-small-atlasarch-tune2 | C8: -D c -DWALL -b 32 -A ARMa7 --force-tids="4 0 1 2 3" -Fa al "-mtune=cortex-a7 -mfloat-abi=hard -mfpu=neon-vfpv4" | D8: -O2 -mcpu=cortex-a7 -fno-schedule-insns -fselective-scheduling2 | E8: -O2 -fselective-scheduling2 -mtune=cortex-a7 -mfloat-abi=hard -mfpu=neon-vfpv4 | F8: Odroid11 | K8: optimized-small-flags
A9: 8 | B9: optimized-big-atlasarch-tune2 | C9: -D c -DWALL -b 32 -A ARMa15 --force-tids="4 4 5 6 7" -Fa al "-mtune=cortex-a15 -mfloat-abi=hard -mfpu=neon-vfpv4" | D9: -O2 -fno-schedule-insns -fno-schedule-insns2 -fprefetch-loop-arrays -mtune=cortex-a15 -mfloat-abi=hard -mfpu=neon-vfpv4 | E9: -O2 -fselective-scheduling2 -mtune=cortex-a15 -mfloat-abi=hard -mfpu=neon-vfpv4 (implied by -A ARMa15 and the custom ones) | F9: Odroid10 | H9: made without taskset | K9: small-cpu
A10: 9 | B10: optimized-small-arch-tune-flags | C10: -D c -DWALL -b 32 --force-tids="4 0 1 2 3" -F al "-O1 -march=armv7 -mtune=cortex-a7 -mfloat-abi=hard -mfpu=neon-vfpv4 -fno-expensive-optimizations -fschedule-insns2 -frename-registers" | E10: -O1 -march=armv7 -mtune=cortex-a7 -mfloat-abi=hard -mfpu=neon-vfpv4 -fno-expensive-optimizations -fschedule-insns2 -frename-registers | F10: Odroid12
A11: 10 | B11: optimized-big-arch7a-tune | C11: -D c -DWALL -b 32 --force-tids="4 4 5 6 7" -m 2000 -F al "-march=armv7-a -mtune=cortex-a15 -mfloat-abi=hard -mfpu=neon-vfpv4" | D11: -march=armv7-a -mtune=cortex-a15 -mfloat-abi=hard -mfpu=neon-vfpv4 | E11: -march=armv7-a -mtune=cortex-a15 -mfloat-abi=hard -mfpu=neon-vfpv4 | F11: Odroid13
A12: 11 | B12: optimized-big-flags | C12: -D c -DWALL -b 32 --force-tids="4 4 5 6 7" -m 2000 -Fa al "-O2 -fno-schedule-insns -fno-schedule-insns2 -fprefetch-loop-arrays -mfpu=neon-vfpv4 -fno-peephole2" | E12: -O2 -fno-schedule-insns -fno-schedule-insns2 -fprefetch-loop-arrays -mfpu=neon-vfpv4 -fno-peephole2 | F12: Odroid10
A13: 12 | B13: optimized-big-arch-tune-flags | C13: -D c -DWALL -b 32 --force-tids="4 4 5 6 7" -m 2000 -F al "-O1 -march=armv7 -mtune=cortex-a15 -mfloat-abi=hard -mfpu=neon-vfpv4 -fschedule-insns2 -fselective-scheduling2 -fno-move-loop-invariants" | E13: -O1 -march=armv7 -mtune=cortex-a15 -mfloat-abi=hard -mfpu=neon-vfpv4 -fschedule-insns2 -fselective-scheduling2 -fno-move-loop-invariants | F13: Odroid11
A14: 13 | B14: optimized-big-arch7a-tune-flags | C14: -D c -DWALL -b 32 --force-tids="4 4 5 6 7" -m 2000 -F al "-O1 -march=armv7-a -mtune=cortex-a15 -mfloat-abi=hard -mfpu=neon-vfpv4 -fschedule-insns2 -fselective-scheduling2 -fivopts" | E14: -O1 -march=armv7-a -mtune=cortex-a15 -mfloat-abi=hard -mfpu=neon-vfpv4 -fschedule-insns2 -fselective-scheduling2 -fivopts | F14: Odroid13
A15: 14 | B15: optimized-small-flags | C15: -D c -DWALL -b 32 -A ARMa7 --force-tids="4 0 1 2 3" -Fa al "-O2 -mcpu=cortex-a7 -fno-schedule-insns -fselective-scheduling2 -frename-registers -fno-tree-pre" | E15: -O2 -mcpu=cortex-a7 -fno-schedule-insns -fselective-scheduling2 -frename-registers -fno-tree-pre | F15: Odroid11
A16: 15 | B16: big-cpu | C16: -D c -DWALL -b 32 -m 2000 --force-tids="4 4 5 6 7" -Fa al "-mcpu=cortex-a15 -mfloat-abi=hard -mfpu=neon-vfpv4" | D16: -mcpu=cortex-a15 -mfloat-abi=hard -mfpu=neon-vfpv4 | E16: -mcpu=cortex-a15 -mfloat-abi=hard -mfpu=neon-vfpv4 | F16: Odorid12
A17: 16 | B17: small-cpu | C17: -D c -DWALL -b 32 --force-tids="4 0 1 2 3" -Fa al "-mcpu=cortex-a7 -mfloat-abi=hard -mfpu=neon-vfpv4" | D17: -mcpu=cortex-a7 -mfloat-abi=hard -mfpu=neon-vfpv4 | E17: -mcpu=cortex-a7 -mfloat-abi=hard -mfpu=neon-vfpv4 | F17: Odroid13
A18: 17 | B18: optimized-big-noMHZ | C18: -D c -DWALL -b 32 -A ARMa15 --force-tids="4 4 5 6 7" | D18: -O2 -fno-schedule-insns -fno-schedule-insns2 -fprefetch-loop-arrays | E18: -O2 -fno-schedule-insns -fno-schedule-insns2 -fprefetch-loop-arrays | F18: Odroid11
B20: New (from the actual config files)
B21: small | C21: -D c -DWALL -b 32 -A ARMa7 --force-tids="4 0 1 2 3" | D21: 8.52848
B22: small-arch-tune | C22: -D c -DWALL -b 32 --force-tids="4 0 1 2 3" -F alg "-march=armv7 -mtune=cortex-a7 -mfloat-abi=hard -mfpu=neon-vfpv4" | D22: 5.70352
B23: small-arch-tune-flags | C23: -D c -DWALL -b 32 --force-tids="4 0 1 2 3" -Fa alg "-O1 -march=armv7 -mtune=cortex-a7 -mfloat-abi=hard -mfpu=neon-vfpv4 -fno-expensive-optimizations -fschedule-insns -fschedule-insns2 -funroll-all-loops" | D23: 8.38768
B24: small-atlasarch-tune | C24: -D c -DWALL -b 32 --force-tids="4 0 1 2 3" -Fa alg "-mcpu=cortex-a7 -mfloat-abi=hard -mfpu=neon-vfpv4" | D24: 7.2748
B25: small-atlasarch-tune2 | C25: -D c -DWALL -b 32 -A ARMa7 --force-tids="4 0 1 2 3" -Fa alg "-mtune=cortex-a7 -mfloat-abi=hard -mfpu=neon-vfpv4" | D25: 7.2753
B26: small-atlasarch-tune2-flags | C26: -D c -DWALL -b 32 --force-tids="4 0 1 2 3" -Fa alg "-O1 -fselective-scheduling2 -mtune=cortex-a7 -mfloat-abi=hard -mfpu=neon-vfpv4 -fno-expensive-optimizations -fschedule-insns -fschedule-insns2 -fselective-scheduling" | D26: 8.08884
B27: small-atlasarch-tune-flags | C27: -D c -DWALL -b 32 --force-tids="4 0 1 2 3" -Fa alg "-O1 -fselective-scheduling2 -mcpu=cortex-a7 -mfloat-abi=hard -mfpu=neon-vfpv4 -fno-expensive-optimizations -fschedule-insns2" | D27: 8.51756
B28: small-cpu | C28: -D c -DWALL -b 32 --force-tids="4 0 1 2 3" -Fa alg "-mcpu=cortex-a7 -mfloat-abi=hard -mfpu=neon-vfpv4" | D28: 7.26552
B29: small-cpu-flags | C29: -D c -DWALL -b 32 --force-tids="4 0 1 2 3" -Fa alg "-O1 -mcpu=cortex-a7 -mfloat-abi=hard -mfpu=neon-vfpv4 -fno-expensive-optimizations -fschedule-insns -fschedule-insns2 -funroll-all-loops" | D29: 8.38574
B30: small-flags | C30: -D c -DWALL -b 32 --force-tids="4 0 1 2 3" -Fa alg "-O1 -mcpu=cortex-a7 -fno-schedule-insns -fselective-scheduling2 -fschedule-insns -fschedule-insns2 -mfpu=neon-vfpv4 -fselective-scheduling" | D30: 8.09026
B32: BIG:
B33: big | C33: -D c -DWALL -b 32 -A ARMa15 -m 2000 --force-tids="4 4 5 6 7"
B34: big-arch-tune | C34: -D c -DWALL -b 32 --force-tids="4 4 5 6 7" -m 2000 -Fa alg "-march=armv7 -mtune=cortex-a15 -mfloat-abi=hard -mfpu=neon-vfpv4"
B35: big-atlasarch-tune2 | C35: -D c -DWALL -b 32 -A ARMa15 --force-tids="4 4 5 6 7" -Fa alg "-mtune=cortex-a15 -mfloat-abi=hard -mfpu=neon-vfpv4"
B36: big-arch7a-tune | C36: -D c -DWALL -b 32 --force-tids="4 4 5 6 7" -m 2000 -Fa alg "-march=armv7-a -mtune=cortex-a15 -mfloat-abi=hard -mfpu=neon-vfpv4"
B37: big-cpu | C37: -D c -DWALL -b 32 -m 2000 --force-tids="4 4 5 6 7" -Fa alg "-mcpu=cortex-a15 -mfloat-abi=hard -mfpu=neon-vfpv4"
B38: big-noMHz | C38: -D c -DWALL -b 32 -A ARMa15 --force-tids="4 4 5 6 7"
B39: big-flags | C39: -D c -DWALL -b 32 --force-tids="4 4 5 6 7" -m 2000 -Fa alg "-O3 -fno-schedule-insns -fno-schedule-insns2 -fprefetch-loop-arrays -mfpu=neon-vfpv4 -mfloat-abi=hard"
B40: big-arch-tune-flags | C40: -D c -DWALL -b 32 --force-tids="4 4 5 6 7" -m 2000 -Fa alg "-Os -march=armv7 -mtune=cortex-a15 -mfloat-abi=hard -mfpu=neon-vfpv4 -fschedule-insns2 -mfloat-abi=hard -fselective-scheduling2 -fno-tree-ter"
B41: big-atlasarch-tune2-flags | C41: -D c -DWALL -b 32 --force-tids="4 4 5 6 7" -m 2000 -Fa alg "-O1 -fno-schedule-insns -fno-schedule-insns2 -fprefetch-loop-arrays -mtune=cortex-a7 -mfloat-abi=hard -mfpu=neon-vfpv4 -fschedule-insns2 -fsched2-use-superblocks"
B42: big-arch7a-tune-flags | C42: -D c -DWALL -b 32 --force-tids="4 4 5 6 7" -m 2000 -Fa alg "-Os -march=armv7-a -mtune=cortex-a15 -mfloat-abi=hard -mfpu=neon-vfpv4 -fselective-scheduling2 -fmodulo-sched -fno-tree-ter"
B43: big-cpu-flags | C43: -D c -DWALL -b 32 --force-tids="4 4 5 6 7" -m 2000 -Fa alg "-O1 -mcpu=cortex-a15 -mfloat-abi=hard -mfpu=neon-vfpv4 -fno-schedule-insns -fschedule-insns2 -fselective-scheduling2 -fno-move-loop-invariants"
B44: big-noMHz-flags | C44: -D c -DWALL -b 32 --force-tids="4 4 5 6 7" -m 2000 -Fa alg "-O2 -fno-schedule-insns -fno-schedule-insns2 -fprefetch-loop-arrays -mfpu=neon-vfpv4"

Sheet ATLAS builds
A1: OdroidMC1 | C1: Flags used for building | D1: Flags used for flagsearching - mandatory | E1: Flags used for flagsearching - optional | F1: Machine originally built on | G1: Needs flagsearching | H1: Flagsearched (d) | I1: Flagsearched (s) No need! HPL uses only double precision! See ATLAS install manual | J1: Flagsearched (Td) | K1: Kernel | M1: NOTE | O1: TODO
A2: 1 | B2: optimized-small | C2: -D c -DWALL -b 32 -A ARMa7 --force-tids="4 0 1 2 3" | D2: -O2 -mcpu=cortex-a7 -fno-schedule-insns -fselective-scheduling2 | E2: -mfloat-abi=hard -mfpu=neon-vfpv4 | F2: Odroid11 | G2: X | H2: X | J2: X | K2: 1 | M2: OK build prema najnoviji saznanjima. | O2: In progress
A3: 2 | B3: optimized-small-atlasarch-tune | C3: -D c -DWALL -b 32 -A ARMa7 --force-tids="4 0 1 2 3" -Fa al "-mcpu=cortex-a7 -mfloat-abi=hard -mfpu=neon-vfpv4" | D3: -O2 -mcpu=cortex-a7 -fno-schedule-insns -fselective-scheduling2 -mfloat-abi=hard -mfpu=neon-vfpv4 | E3: -march=armv7-a -march=armv7 | F3: Odroid11 | G3: X | J3: X | K3: 1 | M3: NIJE POTREBAN BUILD, isto možemo postići s buildom 1 uz dodatak u flagsearchu mfloat mfpu. | O3: Freshly finished
A4: 3 | B4: optimized-small-arch-tune | C4: -D c -DWALL -b 32 --force-tids="4 0 1 2 3" -F al "-march=armv7 -mtune=cortex-a7 -mfloat-abi=hard -mfpu=neon-vfpv4" | D4: -march=armv7 -mtune=cortex-a7 -mfloat-abi=hard -mfpu=neon-vfpv4 | E4: -march=armv7-a | F4: Odroid13 | G4: X | H4: X | J4: X | K4: 1 | M4: OK build prema najnoviji saznanjima. | O4: Done
A5: 4 | B5: optimized-big | C5: -D c -DWALL -b 32 -A ARMa15 -m 2000 --force-tids="4 4 5 6 7" | D5: -O2 -fno-schedule-insns -fno-schedule-insns2 -fprefetch-loop-arrays | E5: -march=armv7 -march=armv7-a -mcpu=cortex-a15 -mtune=cortex-a15 -mfloat-abi=hard -mfpu=neon-vfpv4 | F5: Odroid10 | G5: X | J5: X | K5: 2 | M5: OK build prema najnoviji saznanjima. ARMa15 implicira "-O2 -fno-schedule-insns -fno-schedule-insns2 -fprefetch-loop-arrays" za dmc kompajler (koji je gcc kompajler za MM kernel u duploj precinosti) | O5: TODO with the same settings!
A6: 5 | B6: optimized-big-atlasarch-tune | C6: -D c -DWALL -b 32 -A ARMa15 --force-tids="4 4 5 6 7" -Fa al "-mcpu=cortex-a15 -mfloat-abi=hard -mfpu=neon-vfpv4" | D6: -O2 -fno-schedule-insns -fno-schedule-insns2 -fprefetch-loop-arrays -mcpu=cortex-a15 -mfloat-abi=hard -mfpu=neon-vfpv4 | F6: Odroid10 | G6: X | H6: X | J6: X | K6: 2 | M6: Nije ok build jer kombinira optimizacijske flagove (u ARMa15). DO THE FLAGSEARCH
A7: 6 | B7: optimized-big-arch-tune | C7: -D c -DWALL -b 32 --force-tids="4 4 5 6 7" -m 2000 -F al "-march=armv7 -mtune=cortex-a15 -mfloat-abi=hard -mfpu=neon-vfpv4" | D7: -march=armv7 -mtune=cortex-a15 -mfloat-abi=hard -mfpu=neon-vfpv4 | E7: -march=armv7-a | F7: Odroid10 | G7: X | H7: X | J7: X | K7: 1
A8: 7 | B8: optimized-small-atlasarch-tune2 | C8: -D c -DWALL -b 32 -A ARMa7 --force-tids="4 0 1 2 3" -Fa al "-mtune=cortex-a7 -mfloat-abi=hard -mfpu=neon-vfpv4" | D8: -O2 -mcpu=cortex-a7 -fno-schedule-insns -fselective-scheduling2 | E8: -march=armv7-a -march=armv7 | F8: Odroid11 | J8: X | K8: 1 | M8: NIJE POTREBAN BUILD, predefinirani flag -mcpu ne ide u kombinaciji s mtune koji smo dodali. Ostalo rješava build 3
A9: 8 | B9: optimized-big-atlasarch-tune2 | C9: -D c -DWALL -b 32 -A ARMa15 --force-tids="4 4 5 6 7" -Fa al "-mtune=cortex-a15 -mfloat-abi=hard -mfpu=neon-vfpv4" | D9: -O2 -fno-schedule-insns -fno-schedule-insns2 -fprefetch-loop-arrays -mtune=cortex-a15 -mfloat-abi=hard -mfpu=neon-vfpv4 | E9: -march=armv7-a -march=armv7 | F9: Odroid10 | J9: X | K9: 2 | M9: Nije ok build jer kombinira optimizacijske flagove (u ARMa15).
A10: 9 | B10: optimized-small-arch-tune-flags | C10: -D c -DWALL -b 32 --force-tids="4 0 1 2 3" -F al "-O1 -march=armv7 -mtune=cortex-a7 -mfloat-abi=hard -mfpu=neon-vfpv4 -fno-expensive-optimizations -fschedule-insns2 -frename-registers" | F10: Odroid12 | K10: 1
A11: 10 | B11: optimized-big-arch7a-tune | C11: -D c -DWALL -b 32 --force-tids="4 4 5 6 7" -m 2000 -F al "-march=armv7-a -mtune=cortex-a15 -mfloat-abi=hard -mfpu=neon-vfpv4" | D11: -march=armv7-a -mtune=cortex-a15 -mfloat-abi=hard -mfpu=neon-vfpv4 | E11: -march=armv7 | F11: Odroid13 | K11: 1
A12: 11 | B12: optimized-big-flags | C12: -D c -DWALL -b 32 --force-tids="4 4 5 6 7" -m 2000 -Fa al "-O2 -fno-schedule-insns -fno-schedule-insns2 -fprefetch-loop-arrays -mfpu=neon-vfpv4 -fno-peephole2" | F12: Odroid10 | K12: 1
A13: 12 | B13: optimized-big-arch-tune-flags | C13: -D c -DWALL -b 32 --force-tids="4 4 5 6 7" -m 2000 -F al "-O1 -march=armv7 -mtune=cortex-a15 -mfloat-abi=hard -mfpu=neon-vfpv4 -fschedule-insns2 -fselective-scheduling2 -fno-move-loop-invariants" | F13: Odroid11 | K13: 1
A14: 13 | B14: optimized-big-arch7a-tune-flags | C14: -D c -DWALL -b 32 --force-tids="4 4 5 6 7" -m 2000 -F al "-O1 -march=armv7-a -mtune=cortex-a15 -mfloat-abi=hard -mfpu=neon-vfpv4 -fschedule-insns2 -fselective-scheduling2 -fivopts" | F14: Odroid13 | K14: 1 | M14: Nema ga ni na jednom stroju osim na odroid13, no ipak je HPL radio. Znači li to da build ne moram kopirati na strojeve već samo HPL koji je buildan povrh tog builda ATLAS-a? Provjeriti tako da se ovaj build kopira na sve strojeve i pokrene HPL opet. Ako su rez jako slični onda vrijedi to.
A15: 14 | B15: optimized-small-flags | C15: -D c -DWALL -b 32 -A ARMa7 --force-tids="4 0 1 2 3" -Fa al "-O2 -mcpu=cortex-a7 -fno-schedule-insns -fselective-scheduling2 -frename-registers -fno-tree-pre" | F15: Odroid11 | K15: 1 | M15: Poslati ga na odroid10 još!
A16: 15 | B16: big-cpu | C16: -D c -DWALL -b 32 -m 2000 --force-tids="4 4 5 6 7" -Fa al "-mcpu=cortex-a15 -mfloat-abi=hard -mfpu=neon-vfpv4" | D16: -mcpu=cortex-a15 -mfloat-abi=hard -mfpu=neon-vfpv4 | F16: Odorid12
A17: 16 | B17: small-cpu | C17: -D c -DWALL -b 32 --force-tids="4 0 1 2 3" -Fa al "-mcpu=cortex-a7 -mfloat-abi=hard -mfpu=neon-vfpv4" | D17: -mcpu=cortex-a7 -mfloat-abi=hard -mfpu=neon-vfpv4 | F17: Odroid13
A18: 17 | B18: optimized-big-noMHZ | C18: -D c -DWALL -b 32 -A ARMa15 --force-tids="4 4 5 6 7" | D18: -O2 -fno-schedule-insns -fno-schedule-insns2 -fprefetch-loop-arrays | E18: -march=armv7-a -march=armv7 -mcpu=cortex-a15 -mtune=cortex-a15 -mfloat-abi=hard -mfpu=neon-vfpv4 | F18: Odroid11
B20: VARIANTS FOR THE PAPER
D21: ATLAS flags | G21: GCC Flags
B22: Name of the build | C22: All flags used | D22: -A ARMa15 | E22: --force-tids="4 4 5 6 7" | F22: -m 2000 | G22: -march=armv7 | H22: -march=armv7-a | I22: -mtune=cortex-a15 | J22: -mcpu=cortex-a15 | K22: -mfloat-abi=hard | L22: -mfpu=neon-vfpv4 | M22: Optimization level
B23: big | C23: -D c -DWALL -b 32 -A ARMa15 -m 2000 --force-tids="4 4 5 6 7" | D23: Y | E23: Y | F23: Y | G23: N | H23: N | I23: N | J23: N | K23: N | L23: N | N23: 36.308
B24: big-arch-tune | C24: -D c -DWALL -b 32 --force-tids="4 4 5 6 7" -m 2000 -Fa alg "-march=armv7 -mtune=cortex-a15 -mfloat-abi=hard -mfpu=neon-vfpv4" | D24: N | E24: Y | F24: Y | G24: Y | H24: N | I24: Y | J24: N | K24: Y | L24: Y | N24: 32.0022
B25: big-atlasarch-tune2 | C25: -D c -DWALL -b 32 -A ARMa15 --force-tids="4 4 5 6 7" -Fa alg "-mtune=cortex-a15 -mfloat-abi=hard -mfpu=neon-vfpv4" | D25: Y | E25: Y | F25: N | G25: N | H25: N | I25: Y | J25: N | K25: Y | L25: Y | N25: 33.3488
B26: big-arch7a-tune | C26: -D c -DWALL -b 32 --force-tids="4 4 5 6 7" -m 2000 -Fa alg "-march=armv7-a -mtune=cortex-a15 -mfloat-abi=hard -mfpu=neon-vfpv4" | D26: N | E26: Y | F26: Y | G26: Y | H26: N | I26: Y | J26: N | K26: Y | L26: Y | N26: 32.0082
B27: big-cpu | C27: -D c -DWALL -b 32 -m 2000 --force-tids="4 4 5 6 7" -Fa alg "-mcpu=cortex-a15 -mfloat-abi=hard -mfpu=neon-vfpv4" | D27: N | E27: Y | F27: Y | G27: N | H27: N | I27: N | J27: Y | K27: Y | L27: Y | N27: 31.9314
B28: big-noMHz | C28: -D c -DWALL -b 32 -A ARMa15 --force-tids="4 4 5 6 7" | D28: Y | E28: Y | F28: N | G28: N | H28: N | I28: N | J28: N | K28: N | L28: N | N28: 36.295
B29: big-flags | C29: -D c -DWALL -b 32 --force-tids="4 4 5 6 7" -m 2000 -Fa alg "-O3 -fno-schedule-insns -fno-schedule-insns2 -fprefetch-loop-arrays -mfpu=neon-vfpv4 -mfloat-abi=hard" | D29: N | E29: Y | F29: Y | G29: N | H29: N | I29: N | J29: N | K29: Y | L29: Y | M29: -O3 | N29: 31.2112
B30: big-arch-tune-flags | C30: -D c -DWALL -b 32 --force-tids="4 4 5 6 7" -m 2000 -Fa alg "-Os -march=armv7 -mtune=cortex-a15 -mfloat-abi=hard -mfpu=neon-vfpv4 -fschedule-insns2 -mfloat-abi=hard -fselective-scheduling2 -fno-tree-ter" | D30: N | E30: Y | F30: Y | G30: Y | H30: N | I30: Y | J30: N | K30: Y | L30: Y | M30: -Os | N30: 29.316
B31: big-atlasarch-tune2-flags | C31: -D c -DWALL -b 32 --force-tids="4 4 5 6 7" -m 2000 -Fa alg "-O1 -fno-schedule-insns -fno-schedule-insns2 -fprefetch-loop-arrays -mtune=cortex-a7 -mfloat-abi=hard -mfpu=neon-vfpv4 -fschedule-insns2 -fsched2-use-superblocks" | D31: N | E31: Y | F31: Y | G31: N | H31: N | I31: Y | J31: N | K31: Y | L31: Y | M31: -O1 | N31: 32.706
B32: big-arch7a-tune-flags | C32: -D c -DWALL -b 32 --force-tids="4 4 5 6 7" -m 2000 -Fa alg "-Os -march=armv7-a -mtune=cortex-a15 -mfloat-abi=hard -mfpu=neon-vfpv4 -fselective-scheduling2 -fmodulo-sched -fno-tree-ter" | D32: N | E32: Y | F32: Y | G32: N | H32: Y | I32: Y | J32: N | K32: Y | L32: Y | M32: -Os | N32: 29.2004
B33: big-cpu-flags | C33: -D c -DWALL -b 32 --force-tids="4 4 5 6 7" -m 2000 -Fa alg "-O1 -mcpu=cortex-a15 -mfloat-abi=hard -mfpu=neon-vfpv4 -fno-schedule-insns -fschedule-insns2 -fselective-scheduling2 -fno-move-loop-invariants" | D33: N | E33: Y | F33: Y | G33: N | H33: N | I33: N | J33: Y | K33: Y | L33: Y | M33: -O1 | N33: 32.0792
B34: big-noMHz-flags | C34: -D c -DWALL -b 32 --force-tids="4 4 5 6 7" -m 2000 -Fa alg "-O2 -fno-schedule-insns -fno-schedule-insns2 -fprefetch-loop-arrays -mfpu=neon-vfpv4" | D34: N | E34: Y | F34: Y | G34: N | H34: N | I34: N | J34: N | K34: N | L34: Y | M34: -O2 | N34: 31.2734
B38: big | C38: -A ARMa15 -m 2000 | D38: =VLOOKUP(B38,'4 node, builds'!$A$67:$B$78,2,FALSE) -> 36.308
B39: big-arch-tune | C39: -m 2000 -Fa alg "-march=armv7 -mtune=cortex-a15 -mfloat-abi=hard -mfpu=neon-vfpv4" | D39: =VLOOKUP(B39,'4 node, builds'!$A$67:$B$78,2,FALSE) -> 32.0022
B40: big-atlasarch-tune2 | C40: -A ARMa15 -Fa alg "-mtune=cortex-a15 -mfloat-abi=hard -mfpu=neon-vfpv4" | D40: =VLOOKUP(B40,'4 node, builds'!$A$67:$B$78,2,FALSE) -> 33.3488
B41: big-arch7a-tune | C41: -m 2000 -Fa alg "-march=armv7-a -mtune=cortex-a15 -mfloat-abi=hard -mfpu=neon-vfpv4" | D41: =VLOOKUP(B41,'4 node, builds'!$A$67:$B$78,2,FALSE) -> 32.0082
B42: big-cpu | C42: -m 2000 -Fa alg "-mcpu=cortex-a15 -mfloat-abi=hard -mfpu=neon-vfpv4" | D42: =VLOOKUP(B42,'4 node, builds'!$A$67:$B$78,2,FALSE) -> 31.9314
B43: big-noMHz | C43: -A ARMa15 | D43: =VLOOKUP(B43,'4 node, builds'!$A$67:$B$78,2,FALSE) -> 36.295
B44: big-flags | C44: -m 2000 -Fa alg "-O3 -fno-schedule-insns -fno-schedule-insns2 -fprefetch-loop-arrays -mfpu=neon-vfpv4 -mfloat-abi=hard" | D44: =VLOOKUP(B44,'4 node, builds'!$A$67:$B$78,2,FALSE) -> 31.2112
B45: big-arch-tune-flags | C45: -m 2000 -Fa alg "-Os -march=armv7 -mtune=cortex-a15 -mfloat-abi=hard -mfpu=neon-vfpv4 -fschedule-insns2 -mfloat-abi=hard -fselective-scheduling2 -fno-tree-ter" | D45: =VLOOKUP(B45,'4 node, builds'!$A$67:$B$78,2,FALSE) -> 29.316
B46: big-atlasarch-tune2-flags | C46: -m 2000 -Fa alg "-O1 -fno-schedule-insns -fno-schedule-insns2 -fprefetch-loop-arrays -mtune=cortex-a7 -mfloat-abi=hard -mfpu=neon-vfpv4 -fschedule-insns2 -fsched2-use-superblocks" | D46: =VLOOKUP(B46,'4 node, builds'!$A$67:$B$78,2,FALSE) -> 32.706
B47: big-arch7a-tune-flags | C47: -m 2000 -Fa alg "-Os -march=armv7-a -mtune=cortex-a15 -mfloat-abi=hard -mfpu=neon-vfpv4 -fselective-scheduling2 -fmodulo-sched -fno-tree-ter" | D47: =VLOOKUP(B47,'4 node, builds'!$A$67:$B$78,2,FALSE) -> 29.2004
B48: big-cpu-flags | C48: -m 2000 -Fa alg "-O1 -mcpu=cortex-a15 -mfloat-abi=hard -mfpu=neon-vfpv4 -fno-schedule-insns -fschedule-insns2 -fselective-scheduling2 -fno-move-loop-invariants" | D48: =VLOOKUP(B48,'4 node, builds'!$A$67:$B$78,2,FALSE) -> 32.0792
B49: big-noMHz-flags | C49: -m 2000 -Fa alg "-O2 -fno-schedule-insns -fno-schedule-insns2 -fprefetch-loop-arrays -mfpu=neon-vfpv4" | D49: =VLOOKUP(B49,'4 node, builds'!$A$67:$B$78,2,FALSE) -> 31.2734
B52: VARIANTS FOR THE PAPER
D53: ATLAS flags | G53: GCC Flags
D54: -A ARMa7 | E54: --force-tids="4 0 1 2 3" | F54: -march=armv7 | G54: -mtune=cortex-a7 | H54: -mcpu=cortex-a7 | I54: -mfloat-abi=hard | J54: -mfpu=neon-vfpv4 | K54: Optimization level
B55: small | C55: -D c -DWALL -b 32 -A ARMa7 | D55: Y | E55: Y | F55: N | G55: N | H55: N | I55: N | J55: N | L55: 8.52848
B56: small-atlasarch-tune | C56: -D c -DWALL -b 32 -Fa alg "-mcpu=cortex-a7 -mfloat-abi=hard -mfpu=neon-vfpv4" | D56: N | E56: Y | F56: N | G56: N | H56: N | I56: Y | J56: Y | L56: 7.2748
B57: small-arch-tune | C57: -D c -DWALL -b 32 -F alg "-march=armv7 -mtune=cortex-a7 -mfloat-abi=hard -mfpu=neon-vfpv4" | D57: N | E57: Y | F57: Y | G57: Y | H57: N | I57: Y | J57: Y | L57: 5.70352
B58: small-atlasarch-tune2 | C58: -D c -DWALL -b 32 -A ARMa7-Fa alg "-mtune=cortex-a7 -mfloat-abi=hard -mfpu=neon-vfpv4" | D58: Y | E58: Y | F58: N | G58: Y | H58: N | I58: Y | J58: Y | L58: 7.2753
B59: small-cpu | C59: -D c -DWALL -b 32 -Fa alg "-mcpu=cortex-a7 -mfloat-abi=hard -mfpu=neon-vfpv4" | D59: N | E59: Y | F59: N | G59: N | H59: Y | I59: Y | J59: Y | L59: 7.26552
B60: small-flags | C60: -D c -DWALL -b 32 -Fa alg "-O1 -mcpu=cortex-a7 -fno-schedule-insns -fselective-scheduling2 -fschedule-insns -fschedule-insns2 -mfpu=neon-vfpv4 -fselective-scheduling" | D60: N | E60: Y | F60: N | G60: N | H60: Y | I60: N | J60: Y | K60: -O1 | L60: 8.09026
B61: small-atlasarch-tune-flags | C61: -D c -DWALL -b 32 -Fa alg "-O1 -fselective-scheduling2 -mcpu=cortex-a7 -mfloat-abi=hard -mfpu=neon-vfpv4 -fno-expensive-optimizations -fschedule-insns2" | D61: N | E61: Y | F61: N | G61: N | H61: Y | I61: Y | J61: Y | K61: -O1 | L61: 8.51756
B62: small-arch-tune-flags | C62: -D c -DWALL -b 32 -Fa alg "-O1 -march=armv7 -mtune=cortex-a7 -mfloat-abi=hard -mfpu=neon-vfpv4 -fno-expensive-optimizations -fschedule-insns -fschedule-insns2 -funroll-all-loops" | D62: N | E62: Y | F62: Y | G62: Y | H62: N | I62: Y | J62: Y | K62: -O1 | L62: 8.38768
B63: small-atlasarch-tune2-flags | C63: -D c -DWALL -b 32 -Fa alg "-O1 -fselective-scheduling2 -mtune=cortex-a7 -mfloat-abi=hard -mfpu=neon-vfpv4 -fno-expensive-optimizations -fschedule-insns -fschedule-insns2 -fselective-scheduling" | D63: N | E63: Y | F63: N | G63: Y | H63: N | I63: Y | J63: Y | K63: -O1 | L63: 8.08884
B64: small-cpu-flags | C64: -D c -DWALL -b 32 -Fa alg "-O1 -mcpu=cortex-a7 -mfloat-abi=hard -mfpu=neon-vfpv4 -fno-expensive-optimizations -fschedule-insns -fschedule-insns2 -funroll-all-loops" | D64: N | E64: Y | F64: N | G64: N | H64: Y | I64: Y | J64: Y | K64: -O1 | L64: 8.38574
B70: small | C70: -A ARMa7 | D70: =VLOOKUP(B70,'[1]933 builds'!$A$56:$B$65,2,FALSE) -> 8.52848 | E70: 8.52848
B71: small-atlasarch-tune | C71: -Fa alg "-mcpu=cortex-a7 -mfloat-abi=hard -mfpu=neon-vfpv4" | D71: =VLOOKUP(B71,'[1]933 builds'!$A$56:$B$65,2,FALSE) -> 7.2748 | E71: 7.2748
B72: small-arch-tune | C72: -F alg "-march=armv7 -mtune=cortex-a7 -mfloat-abi=hard -mfpu=neon-vfpv4" | D72: =VLOOKUP(B72,'[1]933 builds'!$A$56:$B$65,2,FALSE) -> 5.70352 | E72: 5.70352
B73: small-atlasarch-tune2 | C73: -A ARMa7-Fa alg "-mtune=cortex-a7 -mfloat-abi=hard -mfpu=neon-vfpv4" | D73: =VLOOKUP(B73,'[1]933 builds'!$A$56:$B$65,2,FALSE) -> 7.2753 | E73: 7.2753
B74: small-cpu | C74: -Fa alg "-mcpu=cortex-a7 -mfloat-abi=hard -mfpu=neon-vfpv4" | D74: =VLOOKUP(B74,'[1]933 builds'!$A$56:$B$65,2,FALSE) -> 7.26552 | E74: 7.26552
B75: small-flags | C75: -Fa alg "-O1 -mcpu=cortex-a7 -fno-schedule-insns -fselective-scheduling2 -fschedule-insns -fschedule-insns2 -mfpu=neon-vfpv4 -fselective-scheduling" | D75: =VLOOKUP(B75,'[1]933 builds'!$A$56:$B$65,2,FALSE) -> 8.09026 | E75: 8.09026
B76: small-atlasarch-tune-flags | C76: -Fa alg "-O1 -fselective-scheduling2 -mcpu=cortex-a7 -mfloat-abi=hard -mfpu=neon-vfpv4 -fno-expensive-optimizations -fschedule-insns2" | D76: =VLOOKUP(B76,'[1]933 builds'!$A$56:$B$65,2,FALSE) -> 8.51756 | E76: 8.51756
B77: small-arch-tune-flags | C77: -Fa alg "-O1 -march=armv7 -mtune=cortex-a7 -mfloat-abi=hard -mfpu=neon-vfpv4 -fno-expensive-optimizations -fschedule-insns -fschedule-insns2 -funroll-all-loops" | D77: =VLOOKUP(B77,'[1]933 builds'!$A$56:$B$65,2,FALSE) -> 8.38768 | E77: 8.38768
B78: small-atlasarch-tune2-flags | C78: -Fa alg "-O1 -fselective-scheduling2 -mtune=cortex-a7 -mfloat-abi=hard -mfpu=neon-vfpv4 -fno-expensive-optimizations -fschedule-insns -fschedule-insns2 -fselective-scheduling" | D78: =VLOOKUP(B78,'[1]933 builds'!$A$56:$B$65,2,FALSE) -> 8.08884 | E78: 8.08884
B79: small-cpu-flags | C79: -Fa alg "-O1 -mcpu=cortex-a7 -mfloat-abi=hard -mfpu=neon-vfpv4 -fno-expensive-optimizations -fschedule-insns -fschedule-insns2 -funroll-all-loops" | D79: =VLOOKUP(B79,'[1]933 builds'!$A$56:$B$65,2,FALSE) -> 8.38574 | E79: 8.38574

Sheet ATLAS make time results
C1: Single precision | S1: Double precision
C2: Real | K2: Complex | S2: Real | AA2: Complex
C3: kSelMM | D3: kGenMM | E3: kMM_NT | F3: kMM_TN | G3: BIG_MM | H3: kMV_N | I3: kMV_T | J3: kGER | K3: kSelMM | L3: kGenMM | M3: kMM_NT | N3: kMM_TN | O3: BIG_MM | P3: kMV_N | Q3: kMV_T | R3: kGER | S3: kSelMM | T3: kGenMM | U3: kMM_NT | V3: kMM_TN | W3: BIG_MM | X3: kMV_N | Y3: kMV_T | Z3: kGER | AA3: kSelMM | AB3: kGenMM | AC3: kMM_NT | AD3: kMM_TN | AE3: BIG_MM | AF3: kMV_N | AG3: kMV_T | AH3: kGER
A14: OdroidMC1
A15: 1 | B15: optimized-small | C15: {=TRANSPOSE((OFFSET($D$27,(ROW(K1)-1)*8,0)):(OFFSET($D$34,(ROW(K1)-1)*8,0)))} -> 264.5 | D15: 186.9 | E15: 181.1 | F15: 179 | G15: 83 | H15: 77.5 | I15: 64.9 | J15: 49.3 | K15: {=TRANSPOSE((OFFSET($E$27,(ROW(L1)-1)*8,0)):(OFFSET($E$34,(ROW(L1)-1)*8,0)))} -> 246.5 | L15: 200.1 | M15: 166.1 | N15: 188.8 | O15: 77.4 | P15: 70.9 | Q15: 56.6 | R15: 45.9 | S15: {=TRANSPOSE((OFFSET($F$27,(ROW(M1)-1)*8,0)):(OFFSET($F$34,(ROW(M1)-1)*8,0)))} -> 257.3 | T15: 190.2 | U15: 189.9 | V15: 192.3 | W15: 75 | X15: 119.3 | Y15: 106.9 | Z15: 98.3 | AA15: {=TRANSPOSE((OFFSET($G$27,(ROW(N1)-1)*8,0)):(OFFSET($G$34,(ROW(N1)-1)*8,0)))} -> 243.8 | AB15: 202.7 | AC15: 175.9 | AD15: 208.1 | AE15: 70 | AF15: 108 | AG15: 97.2 | AH15: 66.6 | AI15: {=TRANSPOSE((OFFSET($H$27,(ROW(O1)-1)*8,0)):(OFFSET($H$34,(ROW(O1)-1)*8,0)))} -> 246.1 | AJ15: 196.3 | AK15: 154 | AL15: 169.2 | AM15: 44.1 | AN15: 34.5 | AO15: 48.9 | AP15: 30.8 | AQ15: {=TRANSPOSE((OFFSET($I$27,(ROW(P1)-1)*8,0)):(OFFSET($I$34,(ROW(P1)-1)*8,0)))} -> 240.6 | AR15: 160 | AS15: 141.8 | AT15: 149.4 | AU15: 41.1 | AV15: 33.2 | AW15: 47.6 | AX15: 27.6 | AY15: {=TRANSPOSE((OFFSET($J$27,(ROW(Q1)-1)*8,0)):(OFFSET($J$34,(ROW(Q1)-1)*8,0)))} -> 244 | AZ15: 208.7 | BA15: 172 | BB15: 171.5 | BC15: 45.8 | BD15: 71.4 | BE15: 71.8 | BF15: 47.4 | BG15: {=TRANSPOSE((OFFSET($K$27,(ROW(R1)-1)*8,0)):(OFFSET($K$34,(ROW(R1)-1)*8,0)))} -> 234.9 | BH15: 166.6 | BI15: 162.5 | BJ15: 165.9 | BK15: 42.7 | BL15: 68.1 | BM15: 71.1 | BN15: 48.9
A16: 2 | B16: optimized-small-atlasarch-tune | C16: {=TRANSPOSE((OFFSET($D$27,(ROW(K2)-1)*8,0)):(OFFSET($D$34,(ROW(K2)-1)*8,0)))} -> 264.5 | D16: 186.9 | E16: 181.1 | F16: 179 | G16: 83 | H16: 77.5 | I16: 64.9 | J16: 49.3 | K16: {=TRANSPOSE((OFFSET($E$27,(ROW(L2)-1)*8,0)):(OFFSET($E$34,(ROW(L2)-1)*8,0)))} -> 246.5 | L16: 200.1 | M16: 166.1 | N16: 188.8 | O16: 77.4 | P16: 70.9 | Q16: 56.6 | R16: 45.9 | S16: {=TRANSPOSE((OFFSET($F$27,(ROW(M2)-1)*8,0)):(OFFSET($F$34,(ROW(M2)-1)*8,0)))} -> 257.3 | T16: 190.2 | U16: 189.9 | V16: 192.3 | W16: 75 | X16: 119.3 | Y16: 106.9 | Z16: 98.3 | AA16: {=TRANSPOSE((OFFSET($G$27,(ROW(N2)-1)*8,0)):(OFFSET($G$34,(ROW(N2)-1)*8,0)))} -> 243.8 | AB16: 202.7 | AC16: 175.9 | AD16: 208.1 | AE16: 70 | AF16: 108 | AG16: 97.2 | AH16: 66.6 | AI16: {=TRANSPOSE((OFFSET($H$27,(ROW(O2)-1)*8,0)):(OFFSET($H$34,(ROW(O2)-1)*8,0)))} -> 246.1 | AJ16: 196.3 | AK16: 154 | AL16: 169.2 | AM16: 44.1 | AN16: 34.5 | AO16: 48.9 | AP16: 30.8 | AQ16: {=TRANSPOSE((OFFSET($I$27,(ROW(P2)-1)*8,0)):(OFFSET($I$34,(ROW(P2)-1)*8,0)))} -> 240.6 | AR16: 160 | AS16: 141.8 | AT16: 149.4 | AU16: 41.1 | AV16: 33.2 | AW16: 47.6 | AX16: 27.6 | AY16: {=TRANSPOSE((OFFSET($J$27,(ROW(Q2)-1)*8,0)):(OFFSET($J$34,(ROW(Q2)-1)*8,0)))} -> 244 | AZ16: 208.7 | BA16: 172 | BB16: 171.5 | BC16: 45.8 | BD16: 71.4 | BE16: 71.8 | BF16: 47.4 | BG16: {=TRANSPOSE((OFFSET($K$27,(ROW(R2)-1)*8,0)):(OFFSET($K$34,(ROW(R2)-1)*8,0)))} -> 234.9 | BH16: 166.6 | BI16: 162.5 | BJ16: 165.9 | BK16: 42.7 | BL16: 68.1 | BM16: 71.1 | BN16: 48.9
A17: 3 | B17: optimized-small-arch-tune | C17: {=TRANSPOSE((OFFSET($D$27,(ROW(K3)-1)*8,0)):(OFFSET($D$34,(ROW(K3)-1)*8,0)))} -> 264.5 | D17: 186.9 | E17: 181.1 | F17: 179 | G17: 83.8 | H17: 77.5 | I17: 64.9 | J17: 49.3 | K17: {=TRANSPOSE((OFFSET($E$27,(ROW(L3)-1)*8,0)):(OFFSET($E$34,(ROW(L3)-1)*8,0)))} -> 246.3 | L17: 191.1 | M17: 144.5 | N17: 184.6 | O17: 78.2 | P17: 73.6 | Q17: 57.3 | R17: 44.7 | S17: {=TRANSPOSE((OFFSET($F$27,(ROW(M3)-1)*8,0)):(OFFSET($F$34,(ROW(M3)-1)*8,0)))} -> 257.3 | T17: 190.2 | U17: 189.9 | V17: 192.3 | W17: 75.1 | X17: 119.3 | Y17: 106.9 | Z17: 98.3 | AA17: {=TRANSPOSE((OFFSET($G$27,(ROW(N3)-1)*8,0)):(OFFSET($G$34,(ROW(N3)-1)*8,0)))} -> 242.3 | AB17: 193.4 | AC17: 171.4 | AD17: 192.2 | AE17: 70.2 | AF17: 108.9 | AG17: 98.9 | AH17: 66.9 | AI17: {=TRANSPOSE((OFFSET($H$27,(ROW(O3)-1)*8,0)):(OFFSET($H$34,(ROW(O3)-1)*8,0)))} -> 246.1 | AJ17: 196.3 | AK17: 154 | AL17: 169.2 | AM17: 37 | AN17: 34.5 | AO17: 48.9 | AP17: 30.8 | AQ17: {=TRANSPOSE((OFFSET($I$27,(ROW(P3)-1)*8,0)):(OFFSET($I$34,(ROW(P3)-1)*8,0)))} -> 235.7 | AR17: 161 | AS17: 143.4 | AT17: 150.4 | AU17: 34.5 | AV17: 34.8 | AW17: 48.4 | AX17: 29.4 | AY17: {=TRANSPOSE((OFFSET($J$27,(ROW(Q3)-1)*8,0)):(OFFSET($J$34,(ROW(Q3)-1)*8,0)))} -> 244 | AZ17: 208.7 | BA17: 172 | BB17: 171.5 | BC17: 38.3 | BD17: 71.4 | BE17: 71.8 | BF17: 47.4 | BG17: {=TRANSPOSE((OFFSET($K$27,(ROW(R3)-1)*8,0)):(OFFSET($K$34,(ROW(R3)-1)*8,0)))} -> 228.3 | BH17: 168.1 | BI17: 162.1 | BJ17: 166.2 | BK17: 35.7 | BL17: 69.4 | BM17: 68.3 | BN17: 47.9
A18: 4 | B18: optimized-big | C18: {=TRANSPOSE((OFFSET($D$27,(ROW(K4)-1)*8,0)):(OFFSET($D$34,(ROW(K4)-1)*8,0)))} -> 177.6 | D18: 151.2 | E18: 119.6 | F18: 124.8 | G18: 175.1 | H18: 61.2 | I18: 76.9 | J18: 49 | K18: {=TRANSPOSE((OFFSET($E$27,(ROW(L4)-1)*8,0)):(OFFSET($E$34,(ROW(L4)-1)*8,0)))} -> 248.3 | L18: 178 | M18: 153.4 | N18: 157.4 | O18: 238.1 | P18: 83.3 | Q18: 95.9 | R18: 28.6 | S18: {=TRANSPOSE((OFFSET($F$27,(ROW(M4)-1)*8,0)):(OFFSET($F$34,(ROW(M4)-1)*8,0)))} -> 179 | T18: 128.1 | U18: 131.8 | V18: 134.3 | W18: 179.1 | X18: 102.1 | Y18: 107.1 | Z18: 87.7 | AA18: {=TRANSPOSE((OFFSET($G$27,(ROW(N4)-1)*8,0)):(OFFSET($G$34,(ROW(N4)-1)*8,0)))} -> 245.1 | AB18: 183.2 | AC18: 185.5 | AD18: 163.7 | AE18: 239.7 | AF18: 121.7 | AG18: 114.8 | AH18: 48.8 | AI18: {=TRANSPOSE((OFFSET($H$27,(ROW(O4)-1)*8,0)):(OFFSET($H$34,(ROW(O4)-1)*8,0)))} -> 172.5 | AJ18: 139.7 | AK18: 127.6 | AL18: 141.5 | AM18: 165.9 | AN18: 39.4 | AO18: 47.6 | AP18: 28.3 | AQ18: {=TRANSPOSE((OFFSET($I$27,(ROW(P4)-1)*8,0)):(OFFSET($I$34,(ROW(P4)-1)*8,0)))} -> 239.3 | AR18: 175.7 | AS18: 138.7 | AT18: 175.5 | AU18: 215 | AV18: 39.4 | AW18: 48.2 | AX18: 17.6 | AY18: {=TRANSPOSE((OFFSET($J$27,(ROW(Q4)-1)*8,0)):(OFFSET($J$34,(ROW(Q4)-1)*8,0)))} -> 169.7 | AZ18: 141.6 | BA18: 122.4 | BB18: 131.4 | BC18: 167.7 | BD18: 70.2 | BE18: 72.3 | BF18: 53.4 | BG18: {=TRANSPOSE((OFFSET($K$27,(ROW(R4)-1)*8,0)):(OFFSET($K$34,(ROW(R4)-1)*8,0)))} -> 235.6 | BH18: 166.9 | BI18: 162.7 | BJ18: 153.9 | BK18: 221.8 | BL18: 88.9 | BM18: 81.1 | BN18: 27.2
A19: 5 | B19: optimized-big-atlasarch-tune | C19: {=TRANSPOSE((OFFSET($D$27,(ROW(K5)-1)*8,0)):(OFFSET($D$34,(ROW(K5)-1)*8,0)))} -> 177.6 | D19: 151.2 | E19: 119.6 | F19: 124.8 | G19: 175.1 | H19: 61.2 | I19: 76.9 | J19: 49 | K19: {=TRANSPOSE((OFFSET($E$27,(ROW(L5)-1)*8,0)):(OFFSET($E$34,(ROW(L5)-1)*8,0)))} -> 248.8 | L19: 169.7 | M19: 162.7 | N19: 161.9 | O19: 238.8 | P19: 67.1 | Q19: 95.3 | R19: 50.1 | S19: {=TRANSPOSE((OFFSET($F$27,(ROW(M5)-1)*8,0)):(OFFSET($F$34,(ROW(M5)-1)*8,0)))} -> 179 | T19: 128.1 | U19: 131.8 | V19: 134.3 | W19: 179.1 | X19: 102.1 | Y19: 107.1 | Z19: 87.7 | AA19: {=TRANSPOSE((OFFSET($G$27,(ROW(N5)-1)*8,0)):(OFFSET($G$34,(ROW(N5)-1)*8,0)))} -> 244.8 | AB19: 195.4 | AC19: 193 | AD19: 168.1 | AE19: 239.8 | AF19: 121 | AG19: 122 | AH19: 49.6 | AI19: {=TRANSPOSE((OFFSET($H$27,(ROW(O5)-1)*8,0)):(OFFSET($H$34,(ROW(O5)-1)*8,0)))} -> 172.5 | AJ19: 139.7 | AK19: 127.6 | AL19: 141.5 | AM19: 165.9 | AN19: 39.4 | AO19: 47.6 | AP19: 28.3 | AQ19: {=TRANSPOSE((OFFSET($I$27,(ROW(P5)-1)*8,0)):(OFFSET($I$34,(ROW(P5)-1)*8,0)))} -> 209 | AR19: 164.2 | AS19: 135.4 | AT19: 161.8 | AU19: 190.6 | AV19: 39.5 | AW19: 47.5 | AX19: 17.9 | AY19: {=TRANSPOSE((OFFSET($J$27,(ROW(Q5)-1)*8,0)):(OFFSET($J$34,(ROW(Q5)-1)*8,0)))} -> 169.7 | AZ19: 141.6 | BA19: 122.4 | BB19: 131.4 | BC19: 167.7 | BD19: 70.2 | BE19: 72.3 | BF19: 53.4 | BG19: {=TRANSPOSE((OFFSET($K$27,(ROW(R5)-1)*8,0)):(OFFSET($K$34,(ROW(R5)-1)*8,0)))} -> 203.6 | BH19: 173.4 | BI19: 122 | BJ19: 144.6 | BK19: 193.8 | BL19: 96.6 | BM19: 83.2 | BN19: 30.1
A20: 6 | B20: optimized-big-arch-tune | C20: {=TRANSPOSE((OFFSET($D$27,(ROW(K6)-1)*8,0)):(OFFSET($D$34,(ROW(K6)-1)*8,0)))} -> 264.5 | D20: 186.9 | E20: 181.1 | F20: 179 | G20: 243.7 | H20: 77.5 | I20: 64.9 | J20: 49.3 | K20: {=TRANSPOSE((OFFSET($E$27,(ROW(L6)-1)*8,0)):(OFFSET($E$34,(ROW(L6)-1)*8,0)))} -> 246 | L20: 90 | M20: 70.3 | N20: 84.5 | O20: 227.4 | P20: 71.3 | Q20: 57.2 | R20: 29.9 | S20: {=TRANSPOSE((OFFSET($F$27,(ROW(M6)-1)*8,0)):(OFFSET($F$34,(ROW(M6)-1)*8,0)))} -> 257.3 | T20: 190.2 | U20: 189.9 | V20: 192.3 | W20: 248.9 | X20: 119.3 | Y20: 106.9 | Z20: 98.3 | AA20: {=TRANSPOSE((OFFSET($G$27,(ROW(N6)-1)*8,0)):(OFFSET($G$34,(ROW(N6)-1)*8,0)))} -> 242.6 | AB20: 91.1 | AC20: 74.1 | AD20: 87.3 | AE20: 231.8 | AF20: 108.7 | AG20: 98.2 | AH20: 67.5 | AI20: {=TRANSPOSE((OFFSET($H$27,(ROW(O6)-1)*8,0)):(OFFSET($H$34,(ROW(O6)-1)*8,0)))} -> 246.1 | AJ20: 196.3 | AK20: 154 | AL20: 169.2 | AM20: 105.4 | AN20: 34.5 | AO20: 48.9 | AP20: 30.8 | AQ20: {=TRANSPOSE((OFFSET($I$27,(ROW(P6)-1)*8,0)):(OFFSET($I$34,(ROW(P6)-1)*8,0)))} -> 105.4 | AR20: 78.4 | AS20: 59.2 | AT20: 70 | AU20: 98.4 | AV20: 34.9 | AW20: 33.1 | AX20: 29.4 | AY20: {=TRANSPOSE((OFFSET($J$27,(ROW(Q6)-1)*8,0)):(OFFSET($J$34,(ROW(Q6)-1)*8,0)))} -> 244 | AZ20: 208.7 | BA20: 172 | BB20: 171.5 | BC20: 110.8 | BD20: 71.4 | BE20: 71.8 | BF20: 47.4 | BG20: {=TRANSPOSE((OFFSET($K$27,(ROW(R6)-1)*8,0)):(OFFSET($K$34,(ROW(R6)-1)*8,0)))} -> 106.9 | BH20: 80.9 | BI20: 61.9 | BJ20: 67.8 | BK20: 103.3 | BL20: 72.9 | BM20: 70.5 | BN20: 31.7
A21: 7 | B21: optimized-small-atlasarch-tune2 | C21: {=TRANSPOSE((OFFSET($D$27,(ROW(K7)-1)*8,0)):(OFFSET($D$34,(ROW(K7)-1)*8,0)))} -> 264.5 | D21: 186.9 | E21: 181.1 | F21: 179 | G21: 83.6 | H21: 77.5 | I21: 64.9 | J21: 49.3 | K21: {=TRANSPOSE((OFFSET($E$27,(ROW(L7)-1)*8,0)):(OFFSET($E$34,(ROW(L7)-1)*8,0)))} -> 247.1 | L21: 190.4 | M21: 144.4 | N21: 184 | O21: 78 | P21: 72.5 | Q21: 57.4 | R21: 45.1 | S21: {=TRANSPOSE((OFFSET($F$27,(ROW(M7)-1)*8,0)):(OFFSET($F$34,(ROW(M7)-1)*8,0)))} -> 257.3 | T21: 190.2 | U21: 189.9 | V21: 192.3 | W21: 75.1 | X21: 119.3 | Y21: 106.9 | Z21: 98.3 | AA21: {=TRANSPOSE((OFFSET($G$27,(ROW(N7)-1)*8,0)):(OFFSET($G$34,(ROW(N7)-1)*8,0)))} -> 242 | AB21: 194.1 | AC21: 171.9 | AD21: 191.6 | AE21: 70.1 | AF21: 108.2 | AG21: 97.8 | AH21: 67.2 | AI21: {=TRANSPOSE((OFFSET($H$27,(ROW(O7)-1)*8,0)):(OFFSET($H$34,(ROW(O7)-1)*8,0)))} -> 246.1 | AJ21: 196.3 | AK21: 154 | AL21: 169.2 | AM21: 37 | AN21: 34.5 | AO21: 48.9 | AP21: 30.8 | AQ21: {=TRANSPOSE((OFFSET($I$27,(ROW(P7)-1)*8,0)):(OFFSET($I$34,(ROW(P7)-1)*8,0)))} -> 239.3 | AR21: 158.9 | AS21: 142.7 | AT21: 150.9 | AU21: 34.5 | AV21: 33.5 | AW21: 49.4 | AX21: 29.1 | AY21: {=TRANSPOSE((OFFSET($J$27,(ROW(Q7)-1)*8,0)):(OFFSET($J$34,(ROW(Q7)-1)*8,0)))} -> 244 | AZ21: 208.7 | BA21: 172 | BB21: 171.5 | BC21: 38.3 | BD21: 71.4 | BE21: 71.8 | BF21: 47.4 | BG21: {=TRANSPOSE((OFFSET($K$27,(ROW(R7)-1)*8,0)):(OFFSET($K$34,(ROW(R7)-1)*8,0)))} -> 232.2 | BH21: 168.2 | BI21: 161.3 | BJ21: 164.9 | BK21: 35.7 | BL21: 72.5 | BM21: 70.8 | BN21: 47.9
A22: 8 | B22: optimized-big-atlasarch-tune2 | C22: {=TRANSPOSE((OFFSET($D$27,(ROW(K8)-1)*8,0)):(OFFSET($D$34,(ROW(K8)-1)*8,0)))} -> 177.6 | D22: 151.2 | E22: 119.6 | F22: 124.8 | G22: 175.1 | H22: 61.2 | I22: 76.9 | J22: 49 | K22: {=TRANSPOSE((OFFSET($E$27,(ROW(L8)-1)*8,0)):(OFFSET($E$34,(ROW(L8)-1)*8,0)))} -> 186.5 | L22: 125.8 | M22: 120.3 | N22: 121.7 | O22: 178.6 | P22: 62.8 | Q22: 70.1 | R22: 36.4 | S22: {=TRANSPOSE((OFFSET($F$27,(ROW(M8)-1)*8,0)):(OFFSET($F$34,(ROW(M8)-1)*8,0)))} -> 179 | T22: 128.1 | U22: 131.8 | V22: 134.3 | W22: 179.1 | X22: 102.1 | Y22: 107.1 | Z22: 87.7 | AA22: {=TRANSPOSE((OFFSET($G$27,(ROW(N8)-1)*8,0)):(OFFSET($G$34,(ROW(N8)-1)*8,0)))} -> 183.6 | AB22: 146.9 | AC22: 144 | AD22: 126.1 | AE22: 179.8 | AF22: 90.2 | AG22: 91.8 | AH22: 37 | AI22: {=TRANSPOSE((OFFSET($H$27,(ROW(O8)-1)*8,0)):(OFFSET($H$34,(ROW(O8)-1)*8,0)))} -> 172.5 | AJ22: 139.7 | AK22: 127.6 | AL22: 141.5 | AM22: 165.9 | AN22: 39.4 | AO22: 47.6 | AP22: 28.3 | AQ22: {=TRANSPOSE((OFFSET($I$27,(ROW(P8)-1)*8,0)):(OFFSET($I$34,(ROW(P8)-1)*8,0)))} -> 155.5 | AR22: 124.2 | AS22: 99.3 | AT22: 121.5 | AU22: 142.2 | AV22: 29.6 | AW22: 37.4 | AX22: 11.9 | AY22: {=TRANSPOSE((OFFSET($J$27,(ROW(Q8)-1)*8,0)):(OFFSET($J$34,(ROW(Q8)-1)*8,0)))} -> 169.7 | AZ22: 141.6 | BA22: 122.4 | BB22: 131.4 | BC22: 167.7 | BD22: 70.2 | BE22: 72.3 | BF22: 53.4 | BG22: {=TRANSPOSE((OFFSET($K$27,(ROW(R8)-1)*8,0)):(OFFSET($K$34,(ROW(R8)-1)*8,0)))} -> 154.1 | BH22: 130.1 | BI22: 91.2 | BJ22: 108.6 | BK22: 145.4 | BL22: 66.4 | BM22: 62.1 | BN22: 21.9
N25: OdroidMC1: atlas-optimized-small (and big) vs the rest (build 2 etc)
C26: OdroidMC1
B27: 1 | C27: kSelMM | D27: 264.5 | E27: 246.5 | F27: 257.3 | G27: 243.8 | H27: 246.1 | I27: 240.6 | J27: 244 | K27: 234.9
C28: kGenMM | D28: 186.9 | E28: 200.1 | F28: 190.2 | G28: 202.7 | H28: 196.3 | I28: 160 | J28: 208.7 | K28: 166.6
C29: kMM_NT | D29: 181.1 | E29: 166.1 | F29: 189.9 | G29: 175.9 | H29: 154 | I29: 141.8 | J29: 172 | K29: 162.5
C30: kMM_TN | D30: 179 | E30: 188.8 | F30: 192.3 | G30: 208.1 | H30: 169.2 | I30: 149.4 | J30: 171.5 | K30: 165.9
C31: BIG_MM | D31: 83 | E31: 77.4 | F31: 75 | G31: 70 | H31: 44.1 | I31: 41.1 | J31: 45.8 | K31: 42.7
C32: kMV_N | D32: 77.5 | E32: 70.9 | F32: 119.3 | G32: 108 | H32: 34.5 | I32: 33.2 | J32: 71.4 | K32: 68.1
C33: kMV_T | D33: 64.9 | E33: 56.6 | F33: 106.9 | G33: 97.2 | H33: 48.9 | I33: 47.6 | J33: 71.8 | K33: 71.1
C34: kGER | D34: 49.3 | E34: 45.9 | F34: 98.3 | G34: 66.6 | H34: 30.8 | I34: 27.6 | J34: 47.4 | K34: 48.9
B35: 2 | C35: kSelMM | D35: 264.5 | E35: 246.5 | F35: 257.3 | G35: 243.8 | H35: 246.1 | I35: 240.6 | J35: 244 | K35: 234.9 | M35: 2 | N35: kSelMM | O35: 246.5 | P35: 246.3 | Q35: =(O35-P35)*100/O35 -> 0.081135903 | R35: 243.8 | S35: 242.3 | U35: 240.6 | V35: 235.7 | X35: 234.9 | Y35: 228.3
C36: kGenMM | D36: 186.9 | E36: 200.1 | F36: 190.2 | G36: 202.7 | H36: 196.3 | I36: 160 | J36: 208.7 | K36: 166.6 | N36: kGenMM | O36: 200.1 | P36: 191.1 | Q36: =(O36-P36)*100/O36 -> 4.4977511 | R36: 202.7 | S36: 193.4 | U36: 160 | V36: 161 | X36: 166.6 | Y36: 168.1
C37: kMM_NT | D37: 181.1 | E37: 166.1 | F37: 189.9 | G37: 175.9 | H37: 154 | I37: 141.8 | J37: 172 | K37: 162.5 | N37: kMM_NT | O37: 166.1 | P37: 144.5 | Q37: =(O37-P37)*100/O37 -> 13.004214 | R37: 175.9 | S37: 171.4 | U37: 141.8 | V37: 143.4 | X37: 162.5 | Y37: 162.1
C38: kMM_TN | D38: 179 | E38: 188.8 | F38: 192.3 | G38: 208.1 | H38: 169.2 | I38: 149.4 | J38: 171.5 | K38: 165.9 | N38: kMM_TN | O38: 188.8 | P38: 184.6 | Q38: =(O38-P38)*100/O38 -> 2.2245763 | R38: 208.1 | S38: 192.2 | U38: 149.4 | V38: 150.4 | X38: 165.9 | Y38: 166.2
C39: BIG_MM | D39: 83 | E39: 77.4 | F39: 75 | G39: 70 | H39: 44.1 | I39: 41.1 | J39: 45.8 | K39: 42.7 | N39: BIG_MM | O39: 77.5 | P39: 78.2 | Q39: =(O39-P39)*100/O39 -> -0.90322581 | R39: 70 | S39: 70.2 | U39: 41.2 | V39: 34.5 | X39: 42.7 | Y39: 35.7
C40: kMV_N | D40: 77.5 | E40: 70.9 | F40: 119.3 | G40: 108 | H40: 34.5 | I40: 33.2 | J40: 71.4 | K40: 68.1 | N40: kMV_N | O40: 70.9 | P40: 73.6 | Q40: =(O40-P40)*100/O40 -> -3.8081805 | R40: 108 | S40: 108.9 | U40: 33.2 | V40: 34.8 | X40: 68.1 | Y40: 69.4
C41: kMV_T | D41: 64.9 | E41: 56.6 | F41: 106.9 | G41: 97.2 | H41: 48.9 | I41: 47.6 | J41: 71.8 | K41: 71.1 | N41: kMV_T | O41: 56.6 | P41: 57.3 | Q41: =(O41-P41)*100/O41 -> -1.2367491 | R41: 97.2 | S41: 98.9 | U41: 47.6 | V41: 48.4 | X41: 71.1 | Y41: 68.3
C42: kGER | D42: 49.3 | E42: 45.9 | F42: 98.3 | G42: 66.6 | H42: 30.8 | I42: 27.6 | J42: 47.4 | K42: 48.9 | N42: kGER | O42: 45.9 | P42: 44.7 | Q42: =(O42-P42)*100/O42 -> 2.6143791 | R42: 66.6 | S42: 66.9 | U42: 27.6 | V42: 29.4 | X42: 48.9 | Y42: 47.9
B43: 3 | C43: kSelMM | D43: 264.5 | E43: 246.3 | F43: 257.3 | G43: 242.3 | H43: 246.1 | I43: 235.7 | J43: 244 | K43: 228.3 | M43: 3 | N43: kSelMM | O43: 246.5 | P43: 246.4 | Q43: =(O43-P43)*100/O43 -> 0.040567951 | R43: 243.8 | S43: 243.3 | U43: 240.6 | V43: 106.6 | X43: 234.9 | Y43: 108.8
C44: kGenMM | D44: 186.9 | E44: 191.1 | F44: 190.2 | G44: 193.4 | H44: 196.3 | I44: 161 | J44: 208.7 | K44: 168.1 | N44: kGenMM | O44: 200.1 | P44: 89.9 | Q44: =(O44-P44)*100/O44 -> 55.072464 | R44: 202.7 | S44: 91.1 | U44: 160 | V44: 76.4 | X44: 166.6 | Y44: 80.3
C45: kMM_NT | D45: 181.1 | E45: 144.5 | F45: 189.9 | G45: 171.4 | H45: 154 | I45: 143.4 | J45: 172 | K45: 162.1 | N45: kMM_NT | O45: 166.1 | P45: 67.8 | Q45: =(O45-P45)*100/O45 -> 59.181216 | R45: 175.9 | S45: 71.3 | U45: 141.8 | V45: 59.2 | X45: 162.5 | Y45: 61.8
C46: kMM_TN | D46: 179 | E46: 184.6 | F46: 192.3 | G46: 192.2 | H46: 169.2 | I46: 150.4 | J46: 171.5 | K46: 166.2 | N46: kMM_TN | O46: 188.8 | P46: 84.9 | Q46: =(O46-P46)*100/O46 -> 55.03178 | R46: 208.1 | S46: 87.2 | U46: 149.4 | V46: 69.8 | X46: 165.9 | Y46: 68.5
C47: BIG_MM | D47: 83.8 | E47: 78.2 | F47: 75.1 | G47: 70.2 | H47: 37 | I47: 34.5 | J47: 38.3 | K47: 35.7 | N47: BIG_MM | O47: 77.5 | P47: 77.5 | Q47: =(O47-P47)*100/O47 -> 0 | R47: 70 | S47: 70 | U47: 41.2 | V47: 41.2 | X47: 42.7 | Y47: 42.7
C48: kMV_N | D48: 77.5 | E48: 73.6 | F48: 119.3 | G48: 108.9 | H48: 34.5 | I48: 34.8 | J48: 71.4 | K48: 69.4 | N48: kMV_N | O48: 70.9 | P48: 70.9 | Q48: =(O48-P48)*100/O48 -> 0 | R48: 108 | S48: 108.9 | U48: 33.2 | V48: 35.1 | X48: 68.1 | Y48: 72.9
C49: kMV_T | D49: 64.9 | E49: 57.3 | F49: 106.9 | G49: 98.9 | H49: 48.9 | I49: 48.4 | J49: 71.8 | K49: 68.3 | N49: kMV_T | O49: 56.6 | P49: 57.3 | Q49: =(O49-P49)*100/O49 -> -1.2367491 | R49: 97.2 | S49: 98.5 | U49: 47.6 | V49: 33.1 | X49: 71.1 | Y49: 70.6
C50: kGER | D50: 49.3 | E50: 44.7 | F50: 98.3 | G50: 66.9 | H50: 30.8 | I50: 29.4 | J50: 47.4 | K50: 47.9 | N50: kGER | O50: 45.9 | P50: 30 | Q50: =(O50-P50)*100/O50 -> 34.640523 | R50: 66.6 | S50: 67.4 | U50: 27.6 | V50: 29.6 | X50: 48.9 | Y50: 31.9
B51: 4 | C51: kSelMM | D51: 177.6 | E51: 248.3 | F51: 179 | G51: 245.1 | H51: 172.5 | I51: 239.3 | J51: 169.7 | K51: 235.6 | Q51: =(O51-P51)*100/O51 -> #DIV/0!
C52: kGenMM | D52: 151.2 | E52: 178 | F52: 128.1 | G52: 183.2 | H52: 139.7 | I52: 175.7 | J52: 141.6 | K52: 166.9 | Q52: =(O52-P52)*100/O52 -> #DIV/0!
C53: kMM_NT | D53: 119.6 | E53: 153.4 | F53: 131.8 | G53: 185.5 | H53: 127.6 | I53: 138.7 | J53: 122.4 | K53: 162.7 | Q53: =(O53-P53)*100/O53 -> #DIV/0!
C54: kMM_TN | D54: 124.8 | E54: 157.4 | F54: 134.3 | G54: 163.7 | H54: 141.5 | I54: 175.5 | J54: 131.4 | K54: 153.9 | Q54: =(O54-P54)*100/O54 -> #DIV/0!
C55: BIG_MM | D55: 175.1 | E55: 238.1 | F55: 179.1 | G55: 239.7 | H55: 165.9 | I55: 215 | J55: 167.7 | K55: 221.8 | Q55: =(O55-P55)*100/O55 -> #DIV/0!
C56: kMV_N | D56: 61.2 | E56: 83.3 | F56: 102.1 | G56: 121.7 | H56: 39.4 | I56: 39.4 | J56: 70.2 | K56: 88.9 | Q56: =(O56-P56)*100/O56 -> #DIV/0!
C57: kMV_T | D57: 76.9 | E57: 95.9 | F57: 107.1 | G57: 114.8 | H57: 47.6 | I57: 48.2 | J57: 72.3 | K57: 81.1 | Q57: =(O57-P57)*100/O57 -> #DIV/0!
C58: kGER | D58: 49 | E58: 28.6 | F58: 87.7 | G58: 48.8 | H58: 28.3 | I58: 17.6 | J58: 53.4 | K58: 27.2 | Q58: =(O58-P58)*100/O58 -> #DIV/0!
B59: 5 | C59: kSelMM | D59: 177.6 | E59: 248.8 | F59: 179 | G59: 244.8 | H59: 172.5 | I59: 209 | J59: 169.7 | K59: 203.6 | M59: 5 | N59: kSelMM | O59: 248.3 | P59: 248.8 | Q59: =(O59-P59)*100/O59 -> -0.20136931 | R59: 245.1 | S59: 244.8 | U59: 239.3 | V59: 209 | X59: 235.6 | Y59: 203.6
C60: kGenMM | D60: 151.2 | E60: 169.7 | F60: 128.1 | G60: 195.4 | H60: 139.7 | I60: 164.2 | J60: 141.6 | K60: 173.4 | N60: kGenMM | O60: 178 | P60: 169.7 | Q60: =(O60-P60)*100/O60 -> 4.6629213 | R60: 183.2 | S60: 195.4 | U60: 175.7 | V60: 164.2 | X60: 166.9 | Y60: 173.4
C61: kMM_NT | D61: 119.6 | E61: 162.7 | F61: 131.8 | G61: 193 | H61: 127.6 | I61: 135.4 | J61: 122.4 | K61: 122 | N61: kMM_NT | O61: 153.4 | P61: 162.7 | Q61: =(O61-P61)*100/O61 -> -6.0625815 | R61: 185.5 | S61: 193 | U61: 138.7 | V61: 135.4 | X61: 162.7 | Y61: 122
C62: kMM_TN | D62: 124.8 | E62: 161.9 | F62: 134.3 | G62: 168.1 | H62: 141.5 | I62: 161.8 | J62: 131.4 | K62: 144.6 | N62: kMM_TN | O62: 157.4 | P62: 161.9 | Q62: =(O62-P62)*100/O62 -> -2.8589581 | R62: 163.7 | S62: 168.1 | U62: 175.5 | V62: 161.8 | X62: 153.9 | Y62: 144.6
C63: BIG_MM | D63: 175.1 | E63: 238.8 | F63: 179.1 | G63: 239.8 | H63: 165.9 | I63: 190.6 | J63: 167.7 | K63: 193.8 | N63: BIG_MM | O63: 238 | P63: 238.3 | Q63: =(O63-P63)*100/O63 -> -0.12605042 | R63: 239.5 | S63: 239.9 | U63: 215 | V63: 215.9 | X63: 221.8 | Y63: 222
C64: kMV_N | D64: 61.2 | E64: 67.1 | F64: 102.1 | G64: 121 | H64: 39.4 | I64: 39.5 | J64: 70.2 | K64: 96.6 | N64: kMV_N | O64: 83.3 | P64: 67.1 | Q64: =(O64-P64)*100/O64 -> 19.447779 | R64: 121.7 | S64: 121 | U64: 39.4 | V64: 39.5 | X64: 88.9 | Y64: 96.6
C65: kMV_T | D65: 76.9 | E65: 95.3 | F65: 107.1 | G65: 122 | H65: 47.6 | I65: 47.5 | J65: 72.3 | K65: 83.2 | N65: kMV_T | O65: 95.9 | P65: 95.3 | Q65: =(O65-P65)*100/O65 -> 0.62565172 | R65: 114.8 | S65: 122 | U65: 48.2 | V65: 47.5 | X65: 81.1 | Y65: 83.2
C66: kGER | D66: 49 | E66: 50.1 | F66: 87.7 | G66: 49.6 | H66: 28.3 | I66: 17.9 | J66: 53.4 | K66: 30.1 | N66: kGER | O66: 28.6 | P66: 50.1 | Q66: =(O66-P66)*100/O66 -> -75.174825 | R66: 48.8 | S66: 49.6 | U66: 17.6 | V66: 17.9 | X66: 27.2 | Y66: 30.1
B67: 6 | C67: kSelMM | D67: 264.5 | E67: 246 | F67: 257.3 | G67: 242.6 | H67: 246.1 | I67: 105.4 | J67: 244 | K67: 106.9 | M67: 6 | N67: kSelMM | O67: 248.3 | P67: 246 | Q67: =(O67-P67)*100/O67 -> 0.92629883 | R67: 245.1 | S67: 242.6 | U67: 239.3 | V67: 105.4 | X67: 235.6 | Y67: 106.9
C68: kGenMM | D68: 186.9 | E68: 90 | F68: 190.2 | G68: 91.1 | H68: 196.3 | I68: 78.4 | J68: 208.7 | K68: 80.9 | N68: kGenMM | O68: 178 | P68: 90 | Q68: =(O68-P68)*100/O68 -> 49.438202 | R68: 183.2 | S68: 91.1 | U68: 175.7 | V68: 78.4 | X68: 166.9 | Y68: 80.9
C69: kMM_NT | D69: 181.1 | E69: 70.3 | F69: 189.9 | G69: 74.1 | H69: 154 | I69: 59.2 | J69: 172 | K69: 61.9 | N69: kMM_NT | O69: 153.4 | P69: 70.3 | Q69: =(O69-P69)*100/O69 -> 54.172099 | R69: 185.5 | S69: 74.1 | U69: 138.7 | V69: 59.2 | X69: 162.7 | Y69: 61.9
C70: kMM_TN | D70: 179 | E70: 84.5 | F70: 192.3 | G70: 87.3 | H70: 169.2 | I70: 70 | J70: 171.5 | K70: 67.8 | N70: kMM_TN | O70: 157.4 | P70: 84.5 | Q70: =(O70-P70)*100/O70 -> 46.315121 | R70: 163.7 | S70: 87.3 | U70: 175.5 | V70: 70 | X70: 153.9 | Y70: 67.8
C71: BIG_MM | D71: 243.7 | E71: 227.4 | F71: 248.9 | G71: 231.8 | H71: 105.4 | I71: 98.4 | J71: 110.8 | K71: 103.3 | N71: BIG_MM | O71: 238.5 | P71: 238.4 | Q71: =(O71-P71)*100/O71 -> 0.041928721 | R71: 240.1 | S71: 239.6 | U71: 215.5 | V71: 215.7 | X71: 222 | Y71: 222
C72: kMV_N | D72: 77.5 | E72: 71.3 | F72: 119.3 | G72: 108.7 | H72: 34.5 | I72: 34.9 | J72: 71.4 | K72: 72.9 | N72: kMV_N | O72: 83.3 | P72: 71.3 | Q72: =(O72-P72)*100/O72 -> 14.405762 | R72: 121.7 | S72: 108.7 | U72: 39.4 | V72: 34.9 | X72: 88.9 | Y72: 72.9
C73: kMV_T | D73: 64.9 | E73: 57.2 | F73: 106.9 | G73: 98.2 | H73: 48.9 | I73: 33.1 | J73: 71.8 | K73: 70.5 | N73: kMV_T | O73: 95.9 | P73: 57.2 | Q73: =(O73-P73)*100/O73 -> 40.354536 | R73: 114.8 | S73: 98.2 | U73: 48.2 | V73: 33.1 | X73: 81.1 | Y73: 70.5
C74: kGER | D74: 49.3 | E74: 29.9 | F74: 98.3 | G74: 67.5 | H74: 30.8 | I74: 29.4 | J74: 47.4 | K74: 31.7 | N74: kGER | O74: 28.6 | P74: 29.9 | Q74: =(O74-P74)*100/O74 -> -4.5454545 | R74: 48.8 | S74: 67.5 | U74: 17.6 | V74: 29.4 | X74: 27.2 | Y74: 31.7
B75: 7 | C75: kSelMM | D75: 264.5 | E75: 247.1 | F75: 257.3 | G75: 242 | H75: 246.1 | I75: 239.3 | J75: 244 | K75: 232.2 | M75: 7 | N75: kSelMM | O75: 246.5 | P75: 247.1 | Q75: =(O75-P75)*100/O75 -> -0.24340771 | R75: 243.8 | S75: 242 | U75: 240.6 | V75: 239.3 | X75: 234.9 | Y75: 232.2
C76: kGenMM | D76: 186.9 | E76: 190.4 | F76: 190.2 | G76: 194.1 | H76: 196.3 | I76: 158.9 | J76: 208.7 | K76: 168.2 | N76: kGenMM | O76: 200.1 | P76: 190.4 | Q76: =(O76-P76)*100/O76 -> 4.8475762 | R76: 202.7 | S76: 194.1 | U76: 160 | V76: 158.9 | X76: 166.6 | Y76: 168.2
C77: kMM_NT | D77: 181.1 | E77: 144.4 | F77: 189.9 | G77: 171.9 | H77: 154 | I77: 142.7 | J77: 172 | K77: 161.3 | N77: kMM_NT | O77: 166.1 | P77: 144.4 | Q77: =(O77-P77)*100/O77 -> 13.064419 | R77: 175.9 | S77: 171.9 | U77: 141.8 | V77: 142.7 | X77: 162.5 | Y77: 161.3
C78: kMM_TN | D78: 179 | E78: 184 | F78: 192.3 | G78: 191.6 | H78: 169.2 | I78: 150.9 | J78: 171.5 | K78: 164.9 | N78: kMM_TN | O78: 188.8 | P78: 184 | Q78: =(O78-P78)*100/O78 -> 2.5423729 | R78: 208.1 | S78: 191.6 | U78: 149.4 | V78: 150.9 | X78: 165.9 | Y78: 164.9
C79: BIG_MM | D79: 83.6 | E79: 78 | F79: 75.1 | G79: 70.1 | H79: 37 | I79: 34.5 | J79: 38.3 | K79: 35.7 | N79: BIG_MM | O79: 77.4 | P79: 77.4 | Q79: =(O79-P79)*100/O79 -> 0 | R79: 70 | S79: 70 | U79: 41.1 | V79: 41.1 | X79: 42.7 | Y79: 42.7
C80: kMV_N | D80: 77.5 | E80: 72.5 | F80: 119.3 | G80: 108.2 | H80: 34.5 | I80: 33.5 | J80: 71.4 | K80: 72.5 | N80: kMV_N | O80: 70.9 | P80: 72.5 | Q80: =(O80-P80)*100/O80 -> -2.2566996 | R80: 108 | S80: 108.2 | U80: 33.2 | V80: 33.5 | X80: 68.1 | Y80: 72.5
C81: kMV_T | D81: 64.9 | E81: 57.4 | F81: 106.9 | G81: 97.8 | H81: 48.9 | I81: 49.4 | J81: 71.8 | K81: 70.8 | N81: kMV_T | O81: 56.6 | P81: 57.4 | Q81: =(O81-P81)*100/O81 -> -1.4134276 | R81: 97.2 | S81: 97.8 | U81: 47.6 | V81: 49.4 | X81: 71.1 | Y81: 70.8
C82: kGER | D82: 49.3 | E82: 45.1 | F82: 98.3 | G82: 67.2 | H82: 30.8 | I82: 29.1 | J82: 47.4 | K82: 47.9 | N82: kGER | O82: 45.9 | P82: 45.1 | Q82: =(O82-P82)*100/O82 -> 1.7429194 | R82: 66.6 | S82: 67.2 | U82: 27.6 | V82: 29.1 | X82: 48.9 | Y82: 47.9
B83: 8 | C83: kSelMM | D83: 177.6 | E83: 186.5 | F83: 179 | G83: 183.6 | H83: 172.5 | I83: 155.5 | J83: 169.7 | K83: 154.1 | M83: 8 | N83: kSelMM | O83: 248.3 | P83: 186.5 | Q83: =(O83-P83)*100/O83 -> 24.889247 | R83: 245.1 | S83: 183.6 | U83: 239.3 | V83: 155.5 | X83: 235.6 | Y83: 154.1
C84: kGenMM | D84: 151.2 | E84: 125.8 | F84: 128.1 | G84: 146.9 | H84: 139.7 | I84: 124.2 | J84: 141.6 | K84: 130.1 | N84: kGenMM | O84: 178 | P84: 125.8 | Q84: =(O84-P84)*100/O84 -> 29.325843 | R84: 183.2 | S84: 146.9 | U84: 175.7 | V84: 124.2 | X84: 166.9 | Y84: 130.1
C85: kMM_NT | D85: 119.6 | E85: 120.3 | F85: 131.8 | G85: 144 | H85: 127.6 | I85: 99.3 | J85: 122.4 | K85: 91.2 | N85: kMM_NT | O85: 153.4 | P85: 120.3 | Q85: =(O85-P85)*100/O85 -> 21.577575 | R85: 185.5 | S85: 144 | U85: 138.7 | V85: 99.3 | X85: 162.7 | Y85: 91.2
C86: kMM_TN | D86: 124.8 | E86: 121.7 | F86: 134.3 | G86: 126.1 | H86: 141.5 | I86: 121.5 | J86: 131.4 | K86: 108.6 | N86: kMM_TN | O86: 157.4 | P86: 121.7 | Q86: =(O86-P86)*100/O86 -> 22.681067 | R86: 163.7 | S86: 126.1 | U86: 175.5 | V86: 121.5 | X86: 153.9 | Y86: 108.6
C87: BIG_MM | D87: 175.1 | E87: 178.6 | F87: 179.1 | G87: 179.8 | H87: 165.9 | I87: 142.2 | J87: 167.7 | K87: 145.4 | N87: BIG_MM | O87: 238.8 | P87: 58.1 | Q87: =(O87-P87)*100/O87 -> 75.670017 | R87: 240 | S87: 52.5 | U87: 216.5 | V87: 30.9 | X87: 221.9 | Y87: 32
C88: kMV_N | D88: 61.2 | E88: 62.8 | F88: 102.1 | G88: 90.2 | H88: 39.4 | I88: 29.6 | J88: 70.2 | K88: 66.4 | N88: kMV_N | O88: 83.3 | P88: 62.8 | Q88: =(O88-P88)*100/O88 -> 24.609844 | R88: 121.7 | S88: 90.2 | U88: 39.4 | V88: 29.6 | X88: 88.9 | Y88: 66.4
C89: kMV_T | D89: 76.9 | E89: 70.1 | F89: 107.1 | G89: 91.8 | H89: 47.6 | I89: 37.4 | J89: 72.3 | K89: 62.1 | N89: kMV_T | O89: 95.9 | P89: 70.1 | Q89: =(O89-P89)*100/O89 -> 26.903024 | R89: 114.8 | S89: 91.8 | U89: 48.2 | V89: 37.4 | X89: 81.1 | Y89: 62.1
C90: kGER | D90: 49 | E90: 36.4 | F90: 87.7 | G90: 37 | H90: 28.3 | I90: 11.9 | J90: 53.4 | K90: 21.9 | N90: kGER | O90: 28.6 | P90: 36.4 | Q90: =(O90-P90)*100/O90 -> -27.272727 | R90: 48.8 | S90: 37 | U90: 17.6 | V90: 11.9 | X90: 27.2 | Y90: 21.9

Sheet 4 node, builds
A1: 933 MHz | M1: TODO: Each column one arch optimization | Q1: Old runs, no throttling info, nor memory freq info
A2: NEW builds, throttling was zero - freezing run
Q3: OdroidMC1, big runs on small cores and vice-versa | AB3: OdroidMC1, big runs on small cores and vice-versa
A4: Build | B4: #run | C4: Flags | D4: N | E4: NB | F4: P | G4: Q | H4: Time | I4: GFLOPS | J4: Date | K4: Time | L4: Average GFLOPS | Q4: Build | R4: #run | S4: Flags | T4: N | U4: NB | V4: P | W4: Q | X4: Time | Y4: GFLOPS | AB4: Build | AC4: #run | AD4: Flags | AE4: N | AF4: NB | AG4: P | AH4: Q | AI4: Time | AJ4: GFLOPS
A5: big | B5: 0 | C5: WR00L2L2 | D5: 25984 | E5: 128 | F5: 2 | G5: 8 | H5: 322.26 | I5: 36.296 | J5: 45303 | K5: 0.6984375 | L5: =AVERAGE(I5:I9) -> 36.308 | Q5: optimized-big-atlasarch-tune | R5: 1 | S5: WR00L2L2 | T5: 25984 | U5: 128 | V5: 2 | W5: 8 | X5: 1768.96 | Y5: 6.6122 | AB5: atlarch | AC5: 1 | AD5: WR00L2L2 | AE5: 18368 | AF5: 64 | AG5: 2 | AH5: 4 | AI5: 2171.03 | AJ5: 1.9032
A6: big | B6: 1 | C6: WR00L2L2 | D6: 25984 | E6: 128 | F6: 2 | G6: 8 | H6: 322.09 | I6: 36.315 | J6: 45303 | K6: 0.70236111 | L6: =L5 -> 36.308 | Q6: optimized-big-atlasarch-tune | R6: 2 | S6: WR00L2L2 | T6: 25984 | U6: 128 | V6: 2 | W6: 8 | X6: 1768.31 | Y6: 6.6146 | AB6: atlarch | AC6: 2 | AD6: WR00L2L2 | AE6: 18368 | AF6: 64 | AG6: 2 | AH6: 4 | AI6: 2099.93 | AJ6: 1.9676
A7: big | B7: 2 | C7: WR00L2L2 | D7: 25984 | E7: 128 | F7: 2 | G7: 8 | H7: 322.25 | I7: 36.297 | J7: 45303 | K7: 0.70627315 | L7: =L6 -> 36.308 | Q7: optimized-big-atlasarch-tune | R7: 3 | S7: WR00L2L2 | T7: 25984 | U7: 128 | V7: 2 | W7: 8 | X7: 1767.88 | Y7: 6.6162 | AB7: atlarch | AC7: 3 | AD7: WR00L2L2 | AE7: 18368 | AF7: 64 | AG7: 2 | AH7: 4 | AI7: 2161.9 | AJ7: 1.9112
A8: big | B8: 3 | C8: WR00L2L2 | D8: 25984 | E8: 128 | F8: 2 | G8: 8 | H8: 322.03 | I8: 36.322 | J8: 45303 | K8: 0.71018519 | L8: =L7 -> 36.308 | Q8: optimized-big-atlasarch-tune | R8: 4 | S8: WR00L2L2 | T8: 25984 | U8: 128 | V8: 2 | W8: 8 | X8: 1768.8 | Y8: 6.6128 | AB8: atlarch | AC8: 4 | AD8: WR00L2L2 | AE8: 18368 | AF8: 64 | AG8: 2 | AH8: 4 | AI8: 2169.22 | AJ8: 1.9048
A9: big | B9: 4 | C9: WR00L2L2 | D9: 25984 | E9: 128 | F9: 2 | G9: 8 | H9: 322.14 | I9: 36.31 | J9: 45303 | K9: 0.7141088 | L9: =L8 -> 36.308 | Q9: optimized-big-arch-tune | R9: 1 | S9: WR00L2L2 | T9: 25984 | U9: 128 | V9: 2 | W9: 8 | X9: 2074.65 | Y9: 5.6379 | AB9: cpu-tune | AC9: 1 | AD9: WR00L2L2 | AE9: 18368 | AF9: 64 | AG9: 2 | AH9: 4 | AI9: 2404.98 | AJ9: 1.7181
A10: big-noMHz | B10: 0 | C10: WR00L2L2 | D10: 25984 | E10: 128 | F10: 2 | G10: 8 | H10: 322.3 | I10: 36.291 | J10: 45303 | K10: 0.81006944 | L10: =AVERAGE(I10:I14) -> 36.295 | Q10: optimized-big-arch-tune | R10: 2 | S10: WR00L2L2 | T10: 25984 | U10: 128 | V10: 2 | W10: 8 | X10: 2074.75 | Y10: 5.6376 | AB10: cpu-tune | AC10: 2 | AD10: WR00L2L2 | AE10: 18368 | AF10: 64 | AG10: 2 | AH10: 4 | AI10: 2420.85 | AJ10: 1.7068
A11: big-noMHz | B11: 1 | C11: WR00L2L2 | D11: 25984 | E11: 128 | F11: 2 | G11: 8 | H11: 322.09 | I11: 36.316 | J11: 45303 | K11: 0.81398148 | L11: =L10 -> 36.295 | Q11: optimized-big-arch-tune | R11: 3 | S11: WR00L2L2 | T11: 25984 | U11: 128 | V11: 2 | W11: 8 | X11: 2074.34 | Y11: 5.6388 | AB11: cpu-tune | AC11: 3 | AD11: WR00L2L2 | AE11: 18368 | AF11: 64 | AG11: 2 | AH11: 4 | AI11: 2466 | AJ11: 1.6755
A12: big-noMHz | B12: 2 | C12: WR00L2L2 | D12: 25984 | E12: 128 | F12: 2 | G12: 8 | H12: 322.16 | I12: 36.307 | J12: 45303 | K12: 0.81789352 | L12: =L11 -> 36.295 | Q12: optimized-big-arch-tune | R12: 4 | S12: WR00L2L2 | T12: 25984 | U12: 128 | V12: 2 | W12: 8 | X12: 2074.7 | Y12: 5.6378 | AB12: cpu-tune | AC12: 4 | AD12: WR00L2L2 | AE12: 18368 | AF12: 64 | AG12: 2 | AH12: 4 | AI12: 2448.97 | AJ12: 1.6872
A13: big-noMHz | B13: 3 | C13: WR00L2L2 | D13: 25984 | E13: 128 | F13: 2 | G13: 8 | H13: 322.39 | I13: 36.282 | J13: 45303 | K13: 0.82180556 | L13: =L12 -> 36.295 | Q13: optimized-big-atlasarch-tune2 | R13: 1 | S13: WR00L2L2 | T13: 25984 | U13: 128 | V13: 2 | W13: 8 | X13: 1768.33 | Y13: 6.6146 | AB13: arch-native-tune | AC13: 1 | AD13: WR00L2L2 | AE13: 18368 | AF13: 64 | AG13: 2 | AH13: 4 | AI13: 2543.42 | AJ13: 1.6245
A14: big-noMHz | B14: 4 | C14: WR00L2L2 | D14: 25984 | E14: 128 | F14: 2 | G14: 8 | H14: 322.41 | I14: 36.279 | J14: 45303 | K14: 0.82572917 | L14: =L13 -> 36.295 | Q14: optimized-big-atlasarch-tune2 | R14: 2 | S14: WR00L2L2 | T14: 25984 | U14: 128 | V14: 2 | W14: 8 | X14: 1767.99 | Y14: 6.6158 | AB14: arch-native-tune | AC14: 2 | AD14: WR00L2L2 | AE14: 18368 | AF14: 64 | AG14: 2 | AH14: 4 | AI14: 2477.2 | AJ14: 1.668
A15: big-atlasarch-tune2 | B15: 0 | C15: WR00L2L2 | D15: 25984 | E15: 128 | F15: 2 | G15: 8 | H15: 350.65 | I15: 33.357 | J15: 45303 | K15: 0.74194444 | L15: =AVERAGE(I15:I19) -> 33.3488 | Q15: optimized-big-atlasarch-tune2 | R15: 3 | S15: WR00L2L2 | T15: 25984 | U15: 128 | V15: 2 | W15: 8 | X15: 1768.41 | Y15: 6.6143 | AB15: arch-native-tune | AC15: 3 | AD15: WR00L2L2 | AE15: 18368 | AF15: 64 | AG15: 2 | AH15: 4 | AI15: 2511.35 | AJ15: 1.6453
A16: big-atlasarch-tune2 | B16: 1 | C16: WR00L2L2 | D16: 25984 | E16: 128 | F16: 2 | G16: 8 | H16: 350.67 | I16: 33.355 | J16: 45303 | K16: 0.74619213 | L16: =L15 -> 33.3488 | Q16: optimized-big-atlasarch-tune2 | R16: 4 | S16: WR00L2L2 | T16: 25984 | U16: 128 | V16: 2 | W16: 8 | X16: 1768.55 | Y16: 6.6138 | AB16: arch-native-tune | AC16: 4 | AD16: WR00L2L2 | AE16: 18368 | AF16: 64 | AG16: 2 | AH16: 4 | AI16: 2537.24 | AJ16: 1.6285
A17: big-atlasarch-tune2 | B17: 2 | C17: WR00L2L2 | D17: 25984 | E17: 128 | F17: 2 | G17: 8 | H17: 350.89 | I17: 33.335 | J17: 45303 | K17: 0.75043981 | L17: =L16 -> 33.3488 | Q17: optimized-small | R17: 1 | S17: WR00L2L2 | T17: 25984 | U17: 128 | V17: 2 | W17: 8 | X17: 404.36 | Y17: 28.927 | AB17: cpu-tune-overr | AC17: 1 | AD17: WR00L2L2 | AE17: 18368 | AF17: 64 | AG17: 2 | AH17: 4 | AI17: 3283.31 | AJ17: 1.2584
A18: big-atlasarch-tune2 | B18: 3 | C18: WR00L2L2 | D18: 25984 | E18: 128 | F18: 2 | G18: 8 | H18: 350.79 | I18: 33.344 | J18: 45303 | K18: 0.7546875 | L18: =L17 -> 33.3488 | Q18: optimized-small | R18: 2 | S18: WR00L2L2 | T18: 25984 | U18: 128 | V18: 2 | W18: 8 | X18: 407.5 | Y18: 28.703 | AB18: cpu-tune-overr | AC18: 2 | AD18: WR00L2L2 | AE18: 18368 | AF18: 64 | AG18: 2 | AH18: 4 | AI18: 3225.76 | AJ18: 1.2809
A19: big-atlasarch-tune2 | B19: 4 | C19: WR00L2L2 | D19: 25984 | E19: 128 | F19: 2 | G19: 8 | H19: 350.7 | I19: 33.353 | J19: 45303 | K19: 0.75893519 | L19: =L18 -> 33.3488 | Q19: optimized-small | R19: 3 | S19: WR00L2L2 | T19: 25984 | U19: 128 | V19: 2 | W19: 8 | X19: 407.68 | Y19: 28.691 | AB19: cpu-tune-overr | AC19: 3 | AD19: WR00L2L2 | AE19: 18368 | AF19: 64 | AG19: 2 | AH19: 4 | AI19: 3186.46 | AJ19: 1.2967
A20: big-atlasarch-tune2-flags | B20: 0 | C20: WR00L2L2 | D20: 25984 | E20: 128 | F20: 2 | G20: 8 | H20: 357.46 | I20: 32.722 | J20: 45303 | K20: 0.74271991 | L20: =AVERAGE(I20:I24) -> 32.706 | Q20: optimized-small | R20: 4 | S20: WR00L2L2 | T20: 25984 | U20: 128 | V20: 2 | W20: 8 | X20: 407.44 | Y20: 28.708 | AB20: cpu-tune-overr | AC20: 4 | AD20: WR00L2L2 | AE20: 18368 | AF20: 64 | AG20: 2 | AH20: 4 | AI20: 3179.9 | AJ20: 1.2994
A21: big-atlasarch-tune2-flags | B21: 1 | C21: WR00L2L2 | D21: 25984 | E21: 128 | F21: 2 | G21: 8 | H21: 357.78 | I21: 32.692 | J21: 45303 | K21: 0.74707176 | L21: =L20 -> 32.706 | Q21: optimized-small-atlasarch-tune | R21: 1 | S21: WR00L2L2 | T21: 25984 | U21: 128 | V21: 2 | W21: 8 | X21: 405.29 | Y21: 28.86 | AB21: atlarch-flags | AC21: 1 | AD21: WR00L2L2 | AE21: 18368 | AF21: 64 | AG21: 2 | AH21: 4 | AI21: 2154.49 | AJ21: 1.9178
A22: big-atlasarch-tune2-flags | B22: 2 | C22: WR00L2L2 | D22: 25984 | E22: 128 | F22: 2 | G22: 8 | H22: 357.63 | I22: 32.706 | J22: 45303 | K22: 0.75141204 | L22: =L21 -> 32.706 | Q22: optimized-small-atlasarch-tune | R22: 2 | S22: WR00L2L2 | T22: 25984 | U22: 128 | V22: 2 | W22: 8 | X22: 405.44 | Y22: 28.849 | AB22: atlarch-flags | AC22: 2 | AD22: WR00L2L2 | AE22: 18368 | AF22: 64 | AG22: 2 | AH22: 4 | AI22: 2052.7 | AJ22: 2.0129
A23: big-atlasarch-tune2-flags | B23: 3 | C23: WR00L2L2 | D23: 25984 | E23: 128 | F23: 2 | G23: 8 | H23: 357.52 | I23: 32.717 | J23: 45303 | K23: 0.75575231 | L23: =L22 -> 32.706 | Q23: optimized-small-atlasarch-tune | R23: 3 | S23: WR00L2L2 | T23: 25984 | U23: 128 | V23: 2 | W23: 8 | X23: 406.14 | Y23: 28.8 | AB23: atlarch-flags | AC23: 3 | AD23: WR00L2L2 | AE23: 18368 | AF23: 64 | AG23: 2 | AH23: 4 | AI23: 2146.85 | AJ23: 1.9246
A24: big-atlasarch-tune2-flags | B24: 4 | C24: WR00L2L2 | D24: 25984 | E24: 128 | F24: 2 | G24: 8 | H24: 357.77 | I24: 32.693 | J24: 45303 | K24: 0.76010417 | L24: =L23 -> 32.706 | Q24: optimized-small-atlasarch-tune | R24: 4 | S24: WR00L2L2 | T24: 25984 | U24: 128 | V24: 2 | W24: 8 | X24: 405.84 | Y24: 28.821 | AB24: atlarch-flags | AC24: 4 | AD24: WR00L2L2 | AE24: 18368 | AF24: 64 | AG24: 2 | AH24: 4 | AI24: 2132.7 | AJ24: 1.9374
A25: big-cpu-flags | B25: 0 | C25: WR00L2L2 | D25: 25984 | E25: 128 | F25: 2 | G25: 8 | H25: 364.66 | I25: 32.076 | J25: 45303 | K25: 0.78868056 | L25: =AVERAGE(I25:I29) -> 32.0792 | Q25: optimized-small-arch-tune | R25: 1 | S25: WR00L2L2 | T25: 25984 | U25: 128 | V25: 2 | W25: 8 | X25: 723.48 | Y25: 16.167 | AB25: cpu-tune-flags | AC25: 1 | AD25: WR00L2L2 | AE25: 18368 | AF25: 64 | AG25: 2 | AH25: 4 | AI25: 2273.58 | AJ25: 1.8173
A26: big-cpu-flags | B26: 1 | C26: WR00L2L2 | D26: 25984 | E26: 128 | F26: 2 | G26: 8 | H26: 364.62 | I26: 32.08 | J26: 45303 | K26: 0.79311343 | L26: =L25 -> 32.0792 | Q26: optimized-small-arch-tune | R26: 2 | S26: WR00L2L2 | T26: 25984 | U26: 128 | V26: 2 | W26: 8 | X26: 722.22 | Y26: 16.196 | AB26: cpu-tune-flags | AC26: 2 | AD26: WR00L2L2 | AE26: 18368 | AF26: 64 | AG26: 2 | AH26: 4 | AI26: 2239.74 | AJ26: 1.8448
A27: big-cpu-flags | B27: 2 | C27: WR00L2L2 | D27: 25984 | E27: 128 | F27: 2 | G27: 8 | H27: 364.54 | I27: 32.086 | J27: 45303 | K27: 0.79753472 | L27: =L26 -> 32.0792 | Q27: optimized-small-arch-tune | R27: 3 | S27: WR00L2L2 | T27: 25984 | U27: 128 | V27: 2 | W27: 8 | X27: 721.86 | Y27: 16.204 | AB27: cpu-tune-flags | AC27: 3 | AD27: WR00L2L2 | AE27: 18368 | AF27: 64 | AG27: 2 | AH27: 4 | AI27: 2271.34 | AJ27: 1.8191
A28: big-cpu-flags | B28: 3 | C28: WR00L2L2 | D28: 25984 | E28: 128 | F28: 2 | G28: 8 | H28: 364.66 | I28: 32.076 | J28: 45303 | K28: 0.80196759 | L28: =L27 -> 32.0792 | Q28: optimized-small-arch-tune | R28: 4 | S28: WR00L2L2 | T28: 25984 | U28: 128 | V28: 2 | W28: 8 | X28: 720.97 | Y28: 16.224 | AB28: cpu-tune-flags | AC28: 4 | AD28: WR00L2L2 | AE28: 18368 | AF28: 64 | AG28: 2 | AH28: 4 | AI28: 2342.5 | AJ28: 1.7639
A29: big-cpu-flags | B29: 4 | C29: WR00L2L2 | D29: 25984 | E29: 128 | F29: 2 | G29: 8 | H29: 364.64 | I29: 32.078 | J29: 45303 | K29: 0.80640046 | L29: =L28 -> 32.0792 | Q29: optimized-small-atlasarch-tune2 | R29: 1 | S29: WR00L2L2 | T29: 25984 | U29: 128 | V29: 2 | W29: 8 | X29: 405.36 | Y29: 28.855 | AB29: arch-native-tune-flags | AC29: 1 | AD29: WR00L2L2 | AE29: 18368 | AF29: 64 | AG29: 2 | AH29: 4 | AI29: 2237.62 | AJ29: 1.8466
A30: big-arch7a-tune | B30: 0 | C30: WR00L2L2 | D30: 25984 | E30: 128 | F30: 2 | G30: 8 | H30: 365.55 | I30: 31.998 | J30: 45303 | K30: 0.76365741 | L30: =AVERAGE(I30:I34) -> 32.0082 | Q30: optimized-small-atlasarch-tune2 | R30: 2 | S30: WR00L2L2 | T30: 25984 | U30: 128 | V30: 2 | W30: 8 | X30: 405.77 | Y30: 28.826 | AB30: arch-native-tune-flags | AC30: 2 | AD30: WR00L2L2 | AE30: 18368 | AF30: 64 | AG30: 2 | AH30: 4 | AI30: 2233.42 | AJ30: 1.85
A31: big-arch7a-tune | B31: 1 | C31: WR00L2L2 | D31: 25984 | E31: 128 | F31: 2 | G31: 8 | H31: 365.32 | I31: 32.018 | J31: 45303 | K31: 0.76836806 | L31: =L30 -> 32.0082 | Q31: optimized-small-atlasarch-tune2 | R31: 3 | S31: WR00L2L2 | T31: 25984 | U31: 128 | V31: 2 | W31: 8 | X31: 406.6 | Y31: 28.767 | AB31: arch-native-tune-flags | AC31: 3 | AD31: WR00L2L2 | AE31: 18368 | AF31: 64 | AG31: 2 | AH31: 4 | AI31: 2162.59 | AJ31: 1.9106
A32: big-arch7a-tune | B32: 2 | C32: WR00L2L2 | D32: 25984 | E32: 128 | F32: 2 | G32: 8 | H32: 365.37 | I32: 32.013 | J32: 45303 | K32: 0.7730787 | L32: =L31 -> 32.0082 | Q32: optimized-small-atlasarch-tune2 | R32: 4 | S32: WR00L2L2 | T32: 25984 | U32: 128 | V32: 2 | W32: 8 | X32: 405.95 | Y32: 28.813 | AB32: arch-native-tune-flags | AC32: 4 | AD32: WR00L2L2 | AE32: 18368 | AF32: 64 | AG32: 2 | AH32: 4 | AI32: 2239.5 | AJ32: 1.845
A33: big-arch7a-tune | B33: 3 | C33: WR00L2L2 | D33: 25984 | E33: 128 | F33: 2 | G33: 8 | H33: 365.35 | I33: 32.015 | J33: 45303 | K33: 0.77780093 | L33: =L32 -> 32.0082 | AB33: cpu-tune-overr-flags | AC33: 1 | AD33: WR00L2L2 | AE33: 18368 | AF33: 64 | AG33: 2 | AH33: 4 | AI33: 2273.1 | AJ33: 1.8177
A34: big-arch7a-tune | B34: 4 | C34: WR00L2L2 | D34: 25984 | E34: 128 | F34: 2 | G34: 8 | H34: 365.56 | I34: 31.997 | J34: 45303 | K34: 0.78251157 | L34: =L33 -> 32.0082 | AB34: cpu-tune-overr-flags | AC34: 2 | AD34: WR00L2L2 | AE34: 18368 | AF34: 64 | AG34: 2 | AH34: 4 | AI34: 2107.93 | AJ34: 1.9602
A35: big-arch-tune | B35: 0 | C35: WR00L2L2 | D35: 25984 | E35: 128 | F35: 2 | G35: 8 | H35: 365.42 | I35: 32.009 | J35: 45303 | K35: 0.71881944 | L35: =AVERAGE(I35:I39) -> 32.0022 | AB35: cpu-tune-overr-flags | AC35: 3 | AD35: WR00L2L2 | AE35: 18368 | AF35: 64 | AG35: 2 | AH35: 4 | AI35: 2215 | AJ35: 1.8654
A36: big-arch-tune | B36: 1 | C36: WR00L2L2 | D36: 25984 | E36: 128 | F36: 2 | G36: 8 | H36: 365.46 | I36: 32.005 | J36: 45303 | K36: 0.72354167 | L36: =L35 -> 32.0022 | AB36: cpu-tune-overr-flags | AC36: 4 | AD36: WR00L2L2 | AE36: 18368 | AF36: 64 | AG36: 2 | AH36: 4 | AI36: 2250.13 | AJ36: 1.8363
A37: big-arch-tune | B37: 2 | C37: WR00L2L2 | D37: 25984 | E37: 128 | F37: 2 | G37: 8 | H37: 365.41 | I37: 32.01 | J37: 45303 | K37: 0.72825231 | L37: =L36 -> 32.0022
A38: big-arch-tune | B38: 3 | C38: WR00L2L2 | D38: 25984 | E38: 128 | F38: 2 | G38: 8 | H38: 365.6 | I38: 31.993 | J38: 45303 | K38: 0.73297454 | L38: =L37 -> 32.0022
A39: big-arch-tune | B39: 4 | C39: WR00L2L2 | D39: 25984 | E39: 128 | F39: 2 | G39: 8 | H39: 365.59 | I39: 31.994 | J39: 45303 | K39: 0.73769676 | L39: =L38 -> 32.0022
A40: big-cpu | B40: 0 | C40: WR00L2L2 | D40: 25984 | E40: 128 | F40: 2 | G40: 8 | H40: 366.44 | I40: 31.92 | J40: 45303 | K40: 0.78724537 | L40: =AVERAGE(I40:I44) -> 31.9314
A41: big-cpu | B41: 1 | C41: WR00L2L2 | D41: 25984 | E41: 128 | F41: 2 | G41: 8 | H41: 366.24 | I41: 31.937 | J41: 45303 | K41: 0.79197917 | L41: =L40 -> 31.9314
A42: big-cpu | B42: 2 | C42: WR00L2L2 | D42: 25984 | E42: 128 | F42: 2 | G42: 8 | H42: 366.41 | I42: 31.922 | J42: 45303 | K42: 0.79670139 | L42: =L41 -> 31.9314
A43: big-cpu | B43: 3 | C43: WR00L2L2 | D43: 25984 | E43: 128 | F43: 2 | G43: 8 | H43: 366.17 | I43: 31.944 | J43: 45303 | K43: 0.80142361 | L43: =L42 -> 31.9314
A44: big-cpu | B44: 4 | C44: WR00L2L2 | D44: 25984 | E44: 128 | F44: 2 | G44: 8 | H44: 366.28 | I44: 31.934 | J44: 45303 | K44: 0.80615741 | L44: =L43 -> 31.9314
A45: big-noMHz-flags | B45: 0 | C45: WR00L2L2 | D45: 25984 | E45: 128 | F45: 2 | G45: 8 | H45: 374.14 | I45: 31.263 | J45: 45303 | K45: 0.81091435 | L45: =AVERAGE(I45:I49) -> 31.2734
A46: big-noMHz-flags | B46: 1 | C46: WR00L2L2 | D46: 25984 | E46: 128 | F46: 2 | G46: 8 | H46: 374.06 | I46: 31.269 | J46: 45303 | K46: 0.81541667 | L46: =L45 -> 31.2734
A47: big-noMHz-flags | B47: 2 | C47: WR00L2L2 | D47: 25984 | E47: 128 | F47: 2 | G47: 8 | H47: 373.95 | I47: 31.279 | J47: 45303 | K47: 0.81993056 | L47: =L46 -> 31.2734
A48: big-noMHz-flags | B48: 3 | C48: WR00L2L2 | D48: 25984 | E48: 128 | F48: 2 | G48: 8 | H48: 374.01 | I48: 31.274 | J48: 45303 | K48: 0.82444444 | L48: =L47 -> 31.2734
A49: big-noMHz-flags | B49: 4 | C49: WR00L2L2 | D49: 25984 | E49: 128 | F49: 2 | G49: 8 | H49: 373.91 | I49: 31.282 | J49: 45303 | K49: 0.82895833 | L49: =L48 -> 31.2734
A50: big-flags | B50: 1 | C50: WR00L2L2 | D50: 25984 | E50: 128 | F50: 2 | G50: 8 | H50: 374.76 | I50: 31.211 | J50: 45303 | K50: 0.70085648 | L50: =AVERAGE(I50:I54) -> 31.2112
A51: big-flags | B51: 2 | C51: WR00L2L2 | D51: 25984 | E51: 128 | F51: 2 | G51: 8 | H51: 374.71 | I51: 31.216 | J51: 45303 | K51: 0.70534722 | L51: =L50 -> 31.2112
A52: big-flags | B52: 3 | C52: WR00L2L2 | D52: 25984 | E52: 128 | F52: 2 | G52: 8 | H52: 374.66 | I52: 31.22 | J52: 45303 | K52: 0.70983796 | L52: =L51 -> 31.2112
A53: big-flags | B53: 4 | C53: WR00L2L2 | D53: 25984 | E53: 128 | F53: 2 | G53: 8 | H53: 374.54 | I53: 31.229 | J53: 45303 | K53: 0.71434028 | L53: =L52 -> 31.2112
A54: big-flagsbig-flags | B54: 0 | C54: WR00L2L2 | D54: 25984 | E54: 128 | F54: 2 | G54: 8 | H54: 375.14 | I54: 31.18 | J54: 45303 | K54: 0.69636574 | L54: =L53 -> 31.2112
A55: big-arch-tune-flags | B55: 0 | C55: WR00L2L2 | D55: 25984 | E55: 128 | F55: 2 | G55: 8 | H55: 399.67 | I55: 29.266 | J55: 45303 | K55: 0.71915509 | L55: =AVERAGE(I55:I59) -> 29.316
A56: big-arch-tune-flags | B56: 1 | C56: WR00L2L2 | D56: 25984 | E56: 128 | F56: 2 | G56: 8 | H56: 398.57 | I56: 29.346 | J56: 45303 | K56: 0.72395833 | L56: =L55 -> 29.316
A57: big-arch-tune-flags | B57: 2 | C57: WR00L2L2 | D57: 25984 | E57: 128 | F57: 2 | G57: 8 | H57: 399.09 | I57: 29.309 | J57: 45303 | K57: 0.72877315 | L57: =L56 -> 29.316
A58: big-arch-tune-flags | B58: 3 | C58: WR00L2L2 | D58: 25984 | E58: 128 | F58: 2 | G58: 8 | H58: 398.62 | I58: 29.343 | J58: 45303 | K58: 0.73357639 | L58: =L57 -> 29.316
A59: big-arch-tune-flags | B59: 4 | C59: WR00L2L2 | D59: 25984 | E59: 128 | F59: 2 | G59: 8 | H59: 398.99 | I59: 29.316 | J59: 45303 | K59: 0.73837963 | L59: =L58 -> 29.316
A60: big-arch7a-tune-flags | B60: 0 | C60: WR00L2L2 | D60: 25984 | E60: 128 | F60: 2 | G60: 8 | H60: 400.97 | I60: 29.171 | J60: 45303 | K60: 0.76493056 | L60: =AVERAGE(I60:I64) -> 29.2004
A61: big-arch7a-tune-flags | B61: 1 | C61: WR00L2L2 | D61: 25984 | E61: 128 | F61: 2 | G61: 8 | H61: 400.49 | I61: 29.206 | J61: 45303 | K61: 0.76976852 | L61: =L60 -> 29.2004
A62: big-arch7a-tune-flags | B62: 2 | C62: WR00L2L2 | D62: 25984 | E62: 128 | F62: 2 | G62: 8 | H62: 400.64 | I62: 29.195 | J62: 45303 | K62: 0.77459491 | L62: =L61 -> 29.2004
A63: big-arch7a-tune-flags | B63: 3 | C63: WR00L2L2 | D63: 25984 | E63: 128 | F63: 2 | G63: 8 | H63: 400.13 | I63: 29.232 | J63: 45303 | K63: 0.7794213 | L63: =L62 -> 29.2004
A64: big-arch7a-tune-flags | B64: 4 | C64: WR00L2L2 | D64: 25984 | E64: 128 | F64: 2 | G64: 8 | H64: 400.6 | I64: 29.198 | J64: 45303 | K64: 0.78425926 | L64: =L63 -> 29.2004
A66: ALL measurements | D66: Removed unnecessary
A67: big | B67: 36.308 | D67: big-arch7a-tune-flags | E67: 29.2004
A68: big-arch7a-tune | B68: 32.0082 | D68: big-arch-tune-flags | E68: 29.316
A69: big-arch7a-tune-flags | B69: 29.2004 | D69: big-flags | E69: 31.2112
A70: big-arch-tune | B70: 32.0022 | D70: big-cpu | E70: 31.9314
A71: big-arch-tune-flags | B71: 29.316 | D71: big-arch-tune | E71: 32.0022
A72: big-atlasarch-tune2 | B72: 33.3488 | D72: big-arch7a-tune | E72: 32.0082
A73: big-atlasarch-tune2-flags | B73: 32.706 | D73: big-cpu-flags | E73: 32.0792
A74: big-cpu | B74: 31.9314 | D74: big-atlasarch-tune2-flags | E74: 32.706
A75: big-cpu-flags | B75: 32.0792 | D75: big-atlasarch-tune2 | E75: 33.3488
A76: big-flags | B76: 31.2112 | D76: big-noMHz | E76: 36.295
A77: big-noMHz | B77: 36.295 | D77: big | E77: 36.308
A78: big-noMHz-flags | B78: 31.2734

Sheet 4 node, 933, scaling, RAW
A1: Odroid MC1 - Big cores @ 933MHz (small cores at varying frequencies) Swap ON, OpenBLAS
K2: Odroid10 throttling time [1/100s] | N2: Odroid11 throttling time [1/100s] | Q2: Odroid12 throttling time [1/100s] | T2: Odroid13 throttling time [1/100s]
A4: Freq (little cores, Hz) | B4: RUN | D4: N | E4: NB | F4: P | G4: Q | H4: Time | I4: GFLOPS | J4: Date | K4: Time | L4: 1700MHz | M4: 1800MHz | N4: 1900MHz | O4: 1700MHz | P4: 1800MHz | Q4: 1900MHz | R4: 1700MHz | S4: 1800MHz | T4: 1900MHz | U4: 1700MHz | V4: 1800MHz | W4: 1900MHz
A5: 200000 | B5: 0 | C5: WR00L2L2 | D5: 29016 | E5: 104 | F5: 2 | G5: 8 | H5: 495.17 | I5: 32.893 | J5: 45318 | K5: 0.067453704 | L5: 0 | M5: 0 | N5: 0 | O5: 0 | P5: 0 | Q5: 0 | R5: 0 | S5: 0 | T5: 0 | U5: 0 | V5: 0 | W5: 0 | X5: =AVERAGE(I5:I9) -> 33.0996
A6: 200000 | B6: 1 | C6: WR00L2L2 | D6: 29016 | E6: 104 | F6: 2 | G6: 8 | H6: 493.14 | I6: 33.029 | J6: 45318 | K6: 0.073912037 | L6: 0 | M6: 0 | N6: 0 | O6: 0 | P6: 0 | Q6: 0 | R6: 0 | S6: 0 | T6: 0 | U6: 0 | V6: 0 | W6: 0
A7: 200000 | B7: 2 | C7: WR00L2L2 | D7: 29016 | E7: 104 | F7: 2 | G7: 8 | H7: 489.45 | I7: 33.277 | J7: 45318 | K7: 0.080335648 | L7: 0 | M7: 0 | N7: 0 | O7: 0 | P7: 0 | Q7: 0 | R7: 0 | S7: 0 | T7: 0 | U7: 0 | V7: 0 | W7: 0
A8: 200000 | B8: 3 | C8: WR00L2L2 | D8: 29016 | E8: 104 | F8: 2 | G8: 8 | H8: 491.84 | I8: 33.115 | J8: 45318 | K8: 0.086770833 | L8: 0 | M8: 0 | N8: 0 | O8: 0 | P8: 0 | Q8: 0 | R8: 0 | S8: 0 | T8: 0 | U8: 0 | V8: 0 | W8: 0
A9: 200000 | B9: 4 | C9: WR00L2L2 | D9: 29016 | E9: 104 | F9: 2 | G9: 8 | H9: 490.82 | I9: 33.184 | J9: 45318 | K9: 0.093206019 | L9: 0 | M9: 0 | N9: 0 | O9: 0 | P9: 0 | Q9: 0 | R9: 0 | S9: 0 | T9: 0 | U9: 0 | V9: 0 | W9: 0
A10: 400000 | B10: 0 | C10: WR00L2L2 | D10: 29016 | E10: 104 | F10: 2 | G10: 8 | H10: 410.15 | I10: 39.711 | J10: 45318 | K10: 0.040914352 | L10: 0 | M10: 0 | N10: 0 | O10: 0 | P10: 0 | Q10: 0 | R10: 0 | S10: 0 | T10: 0 | U10: 0 | V10: 0 | W10: 964 | X10: =AVERAGE(I10:I14) -> 39.6862
A11: 400000 | B11: 1 | C11: WR00L2L2 | D11: 29016 | E11: 104 | F11: 2 | G11: 8 | H11: 410.93 | I11: 39.636 | J11: 45318 | K11: 0.046412037 | L11: 0 | M11: 0 | N11: 0 | O11: 0 | P11: 0 | Q11: 0 | R11: 0 | S11: 0 | T11: 0 | U11: 0 | V11: 0 | W11: 1044
A12: 400000 | B12: 2 | C12: WR00L2L2 | D12: 29016 | E12: 104 | F12: 2 | G12: 8 | H12: 410.69 | I12: 39.659 | J12: 45318 | K12: 0.051898148 | L12: 0 | M12: 0 | N12: 0 | O12: 0 | P12: 0 | Q12: 0 | R12: 0 | S12: 0 | T12: 0 | U12: 0 | V12: 0 | W12: 614
A13: 400000 | B13: 3 | C13: WR00L2L2 | D13: 29016 | E13: 104 | F13: 2 | G13: 8 | H13: 410.73 | I13: 39.655 | J13: 45318 | K13: 0.057384259 | L13: 0 | M13: 0 | N13: 0 | O13: 0 | P13: 0 | Q13: 0 | R13: 0 | S13: 0 | T13: 0 | U13: 0 | V13: 0 | W13: 1431
A14: 400000 | B14: 4 | C14: WR00L2L2 | D14: 29016 | E14: 104 | F14: 2 | G14: 8 | H14: 409.55 | I14: 39.77 | J14: 45318 | K14: 0.062847222 | L14: 0 | M14: 0 | N14: 0 | O14: 0 | P14: 0 | Q14: 0 | R14: 0 | S14: 0 | T14: 0 | U14: 0 | V14: 0 | W14: 1138
A15: 600000 | B15: 0 | C15: WR00L2L2 | D15: 29016 | E15: 104 | F15: 2 | G15: 8 | H15: 393.72 | I15: 41.369 | J15: 45318 | K15: 0.014270833 | L15: 0 | M15: 0 | N15: 0 | O15: 0 | P15: 0 | Q15: 0 | R15: 0 | S15: 0 | T15: 0 | U15: 0 | V15: 0 | W15: 740 | X15: =AVERAGE(I15:I19) -> 41.364
A16: 600000 | B16: 1 | C16: WR00L2L2 | D16: 29016 | E16: 104 | F16: 2 | G16: 8 | H16: 393.87 | I16: 41.353 | J16: 45318 | K16: 0.019548611 | L16: 0 | M16: 0 | N16: 0 | O16: 0 | P16: 0 | Q16: 0 | R16: 0 | S16: 0 | T16: 0 | U16: 0 | V16: 0 | W16: 1023
A17: 600000 | B17: 2 | C17: WR00L2L2 | D17: 29016 | E17: 104 | F17: 2 | G17: 8 | H17: 393.9 | I17: 41.35 | J17: 45318 | K17: 0.024837963 | L17: 0 | M17: 0 | N17: 0 | O17: 0 | P17: 0 | Q17: 0 | R17: 0 | S17: 0 | T17: 0 | U17: 0 | V17: 0 | W17: 1057
A18: 600000 | B18: 3 | C18: WR00L2L2 | D18: 29016 | E18: 104 | F18: 2 | G18: 8 | H18: 393.76 | I18: 41.364 | J18: 45318 | K18: 0.030127315 | L18: 0 | M18: 0 | N18: 0 | O18: 0 | P18: 0 | Q18: 0 | R18: 0 | S18: 0 | T18: 0 | U18: 0 | V18: 0 | W18: 2042
A19: 600000 | B19: 4 | C19: WR00L2L2 | D19: 29016 | E19: 104 | F19: 2 | G19: 8 | H19: 393.57 | I19: 41.384 | J19: 45318 | K19: 0.035405093 | L19: 0 | M19: 0 | N19: 0 | O19: 0 | P19: 0 | Q19: 0 | R19: 0 | S19: 0 | T19: 0 | U19: 0 | V19: 0 | W19: 2754
A20: 800000 | B20: 0 | C20: WR00L2L2 | D20: 29016 | E20: 104 | F20: 2 | G20: 8 | H20: 391.73 | I20: 41.579 | J20: 45318 | K20: 0.048923611 | L20: 0 | M20: 0 | N20: 0 | O20: 0 | P20: 0 | Q20: 0 | R20: 0 | S20: 0 | T20: 0 | U20: 0 | V20: 0 | W20: 0 | X20: =AVERAGE(I20:I24) -> 41.5455
A21: 800000 | B21: 1 | C21: WR00L2L2 | D21: 29016 | E21: 104 | F21: 2 | G21: 8 | H21: 392.01 | I21: 41.548 | J21: 45318 | K21: 0.054189815 | L21: 0 | M21: 0 | N21: 0 | O21: 0 | P21: 0 | Q21: 0 | R21: 0 | S21: 0 | T21: 0 | U21: 0 | V21: 0 | W21: 0
A22: 800000 | B22: 2 | C22: WR00L2L2 | D22: 29016 | E22: 104 | F22: 2 | G22: 8 | H22: 391.76 | I22: 41.575 | J22: 45318 | K22: 0.059444444 | L22: 0 | M22: 0 | N22: 0 | O22: 0 | P22: 0 | Q22: 0 | R22: 0 | S22: 0 | T22: 0 | U22: 0 | V22: 0 | W22: 0
A23: 800000 | B23: 3 | C23: WR00L2L2 | D23: 29016 | E23: 104 | F23: 2 | G23: 8 | H23: 392.66 | I23: 41.48 | J23: 45318 | K23: 0.064722222 | L23: 0 | M23: 0 | N23: 0 | O23: 0 | P23: 0 | Q23: 0 | R23: 0 | S23: 0 | T23: 0 | U23: 0 | V23: 0 | W23: 0
A25: 1000000 | B25: 0 | C25: WR00L2L2 | D25: 29016 | E25: 104 | F25: 2 | G25: 8 | H25: 391.04 | I25: 41.652 | J25: 45317 | K25: 0.99672454 | L25: 0 | M25: 0 | N25: 0 | O25: 0 | P25: 0 | Q25: 0 | R25: 0 | S25: 0 | T25: 0 | U25: 0 | V25: 0 | W25: 25 | X25: =AVERAGE(I25:I29) -> 41.6452
A26: 1000000 | B26: 1 | C26: WR00L2L2 | D26: 29016 | E26: 104 | F26: 2 | G26: 8 | H26: 391.15 | I26: 41.641 | J26: 45318 | K26: 0.0019791667 | L26: 0 | M26: 0 | N26: 0 | O26: 0 | P26: 0 | Q26: 0 | R26: 0 | S26: 0 | T26: 0 | U26: 0 | V26: 0 | W26: 0
A27: 1000000 | B27: 2 | C27: WR00L2L2 | D27: 29016 | E27: 104 | F27: 2 | G27: 8 | H27: 390.83 | I27: 41.674 | J27: 45318 | K27: 0.0072222222 | L27: 0 | M27: 0 | N27: 0 | O27: 0 | P27: 0 | Q27: 0 | R27: 0 | S27: 0 | T27: 0 | U27: 0 | V27: 0 | W27: 66
A28: 1000000 | B28: 3 | C28: WR00L2L2 | D28: 29016 | E28: 104 | F28: 2 | G28: 8 | H28: 391.12 | I28: 41.643 | J28: 45318 | K28: 0.012476852 | L28: 0 | M28: 0 | N28: 0 | O28: 0 | P28: 0 | Q28: 0 | R28: 0 | S28: 0 | T28: 0 | U28: 0 | V28: 0 | W28: 201
A29: 1000000 | B29: 4 | C29: WR00L2L2 | D29: 29016 | E29: 104 | F29: 2 | G29: 8 | H29: 391.37 | I29: 41.616 | J29: 45318 | K29: 0.017731481 | L29: 0 | M29: 0 | N29: 0 | O29: 0 | P29: 0 | Q29: 0 | R29: 0 | S29: 0 | T29: 0 | U29: 0 | V29: 0 | W29: 0
A30: 1200000 | B30: 0 | C30: WR00L2L2 | D30: 29016 | E30: 104 | F30: 2 | G30: 8 | H30: 390.28 | I30: 41.733 | J30: 45318 | K30: 0.022650463 | L30: 0 | M30: 0 | N30: 0 | O30: 0 | P30: 0 | Q30: 0 | R30: 0 | S30: 0 | T30: 0 | U30: 0 | V30: 0 | W30: 0 | X30: =AVERAGE(I30:I34) -> 41.6978
A31: 1200000 | B31: 1 | C31: WR00L2L2 | D31: 29016 | E31: 104 | F31: 2 | G31: 8 | H31: 390.4 | I31: 41.721 | J31: 45318 | K31: 0.027893519 | L31: 0 | M31: 0 | N31: 0 | O31: 0 | P31: 0 | Q31: 0 | R31: 0 | S31: 0 | T31: 0 | U31: 0 | V31: 0 | W31: 0
A32: 1200000 | B32: 2 | C32: WR00L2L2 | D32: 29016 | E32: 104 | F32: 2 | G32: 8 | H32: 390.89 | I32: 41.668 | J32: 45318 | K32: 0.033136574 | L32: 0 | M32: 0 | N32: 0 | O32: 0 | P32: 0 | Q32: 0 | R32: 0 | S32: 0 | T32: 0 | U32: 0 | V32: 0 | W32: 0
A33: 1200000 | B33: 3 | C33: WR00L2L2 | D33: 29016 | E33: 104 | F33: 2 | G33: 8 | H33: 390.63 | I33: 41.696 | J33: 45318 | K33: 0.038391204 | L33: 0 | M33: 0 | N33: 0 | O33: 0 | P33: 0 | Q33: 0 | R33: 0 | S33: 0 | T33: 0 | U33: 0 | V33: 0 | W33: 0
A34: 1200000 | B34: 4 | C34: WR00L2L2 | D34: 29016 | E34: 104 | F34: 2 | G34: 8 | H34: 390.86 | I34: 41.671 | J34: 45318 | K34: 0.043634259 | L34: 0 | M34: 0 | N34: 0 | O34: 0 | P34: 0 | Q34: 0 | R34: 0 | S34: 0 | T34: 0 | U34: 0 | V34: 0 | W34: 0
A35: 1300000 | B35: 0 | C35: WR00L2L2 | D35: 29016 | E35: 104 | F35: 2 | G35: 8 | H35: 390.73 | I35: 41.684 | J35: 45307 | K35: 0.56674769 | L35: 0 | M35: 0 | N35: 0 | O35: 0 | P35: 0 | Q35: 0 | R35: 0 | S35: 0 | T35: 0 | U35: 0 | V35: 0 | W35: 0 | X35: =AVERAGE(I35:I39) -> 41.6508
A36: 1300000 | B36: 1 | C36: WR00L2L2 | D36: 29016 | E36: 104 | F36: 2 | G36: 8 | H36: 391.65 | I36: 41.587 | J36: 45307 | K36: 0.74353009 | L36: 0 | M36: 0 | N36: 0 | O36: 0 | P36: 0 | Q36: 0 | R36: 0 | S36: 0 | T36: 0 | U36: 0 | V36: 0 | W36: 0
A37: 1300000 | B37: 2 | C37: WR00L2L2 | D37: 29016 | E37: 104 | F37: 2 | G37: 8 | H37: 391 | I37: 41.656 | J37: 45307 | K37: 0.76461806 | L37: 0 | M37: 0 | N37: 0 | O37: 0 | P37: 0 | Q37: 0 | R37: 0 | S37: 0 | T37: 0 | U37: 0 | V37: 0 | W37: 0
A38: 1300000 | B38: 3 | C38: WR00L2L2 | D38: 29016 | E38: 104 | F38: 2 | G38: 8 | H38: 391.13 | I38: 41.643 | J38: 45307 | K38: 0.78568287 | L38: 0 | M38: 0 | N38: 0 | O38: 0 | P38: 0 | Q38: 0 | R38: 0 | S38: 0 | T38: 0 | U38: 0 | V38: 0 | W38: 0
A39: 1300000 | B39: 4 | C39: WR00L2L2 | D39: 29016 | E39: 104 | F39: 2 | G39: 8 | H39: 390.74 | I39: 41.684 | J39: 45307 | K39: 0.80675926 | L39: 0 | M39: 0 | N39: 0 | O39: 0 | P39: 0 | Q39: 0 | R39: 0 | S39: 0 | T39: 0 | U39: 0 | V39: 0 | W39: 0
A40: 1400000 | B40: 0 | C40: WR00L2L2 | D40: 29016 | E40: 104 | F40: 2 | G40: 8 | H40: 390.5 | I40: 41.709 | J40: 45317 | K40: 0.99638889 | L40: 0 | M40: 0 | N40: 0 | O40: 0 | P40: 0 | Q40: 0 | R40: 0 | S40: 0 | T40: 0 | U40: 0 | V40: 0 | W40: 0 | X40: =AVERAGE(I40:I44) -> 41.6772
A41: 1400000 | B41: 1 | C41: WR00L2L2 | D41: 29016 | E41: 104 | F41: 2 | G41: 8 | H41: 390.63 | I41: 41.695 | J41: 45318 | K41: 0.0016319444 | L41: 0 | M41: 0 | N41: 0 | O41: 0 | P41: 0 | Q41: 0 | R41: 0 | S41: 0 | T41: 0 | U41: 0 | V41: 0 | W41: 0
A42: 1400000 | B42: 2 | C42: WR00L2L2 | D42: 29016 | E42: 104 | F42: 2 | G42: 8 | H42: 391.17 | I42: 41.638 | J42: 45318 | K42: 0.0068865741 | L42: 0 | M42: 0 | N42: 0 | O42: 0 | P42: 0 | Q42: 0 | R42: 0 | S42: 0 | T42: 0 | U42: 0 | V42: 0 | W42: 0
A43: 1400000 | B43: 3 | C43: WR00L2L2 | D43: 29016 | E43: 104 | F43: 2 | G43: 8 | H43: 391.14 | I43: 41.642 | J43: 45318 | K43: 0.01212963 | L43: 0 | M43: 0 | N43: 0 | O43: 0 | P43: 0 | Q43: 0 | R43: 0 | S43: 0 | T43: 0 | U43: 0 | V43: 0 | W43: 0
A44: 1400000 | B44: 4 | C44: WR00L2L2 | D44: 29016 | E44: 104 | F44: 2 | G44: 8 | H44: 390.57 | I44: 41.702 | J44: 45318 | K44: 0.017384259 | L44: 0 | M44: 0 | N44: 0 | O44: 0 | P44: 0 | Q44: 0 | R44: 0 | S44: 0 | T44: 0 | U44: 0 | V44: 0 | W44: 0
A45: 1500000 | B45: 0 | C45: WR00L2L2 | D45: 29016 | E45: 104 | F45: 2 | G45: 8 | H45: 390.25 | I45: 41.736 | J45: 45318 | K45: 0.034803241 | L45: 0 | M45: 0 | N45: 0 | O45: 0 | P45: 0 | Q45: 0 | R45: 0 | S45: 0 | T45: 0 | U45: 0 | V45: 0 | W45: 0 | X45: =AVERAGE(I45:I49) -> 41.7078
A46: 1500000 | B46: 1 | C46: WR00L2L2 | D46: 29016 | E46: 104 | F46: 2 | G46: 8 | H46: 390.61 | I46: 41.697 | J46: 45318 | K46: 0.040046296 | L46: 0 | M46: 0 | N46: 0 | O46: 0 | P46: 0 | Q46: 0 | R46: 0 | S46: 0 | T46: 0 | U46: 0 | V46: 0 | W46: 0
A47: 1500000 | B47: 2 | C47: WR00L2L2 | D47: 29016 | E47: 104 | F47: 2 | G47: 8 | H47: 390.69 | I47: 41.689 | J47: 45318 | K47: 0.045289352 | L47: 0 | M47: 0 | N47: 0 | O47: 0 | P47: 0 | Q47: 0 | R47: 0 | S47: 0 | T47: 0 | U47: 0 | V47: 0 | W47: 0
A48: 1500000 | B48: 3 | C48: WR00L2L2 | D48: 29016 | E48: 104 | F48: 2 | G48: 8 | H48: 390.55 | I48: 41.704 | J48: 45318 | K48: 0.050532407 | L48: 0 | M48: 0 | N48: 0 | O48: 0 | P48: 0 | Q48: 0 | R48: 0 | S48: 0 | T48: 0 | U48: 0 | V48: 0 | W48: 0
A49: 1500000 | B49: 4 | C49: WR00L2L2 | D49: 29016 | E49: 104 | F49: 2 | G49: 8 | H49: 390.47 | I49: 41.713 | J49: 45318 | K49: 0.055787037 | L49: 0 | M49: 0 | N49: 0 | O49: 0 | P49: 0 | Q49: 0 | R49: 0 | S49: 0 | T49: 0 | U49: 0 | V49: 0 | W49: 0

Sheet 1 node, 825, params, RAW
A2: BEST average: | B2: =MAX(N4:N499) -> 10.5688 | C2: =INDEX(C:C,MATCH(MAX($N:$N),$N:$N,0)) -> 14560 | D2: =INDEX(D:D,MATCH(MAX($N:$N),$N:$N,0)) -> 160 | E2: =INDEX(E:E,MATCH(MAX($N:$N),$N:$N,0)) -> 2 | F2: =INDEX(F:F,MATCH(MAX($N:$N),$N:$N,0)) -> 2 | K2: Odroid10 throttling time [1/100s] | P2: BEST average: | Q2: =MAX(AC4:AC499) -> 11.3374 | R2: =INDEX(R:R,MATCH(MAX($AC:$AC),$AC:$AC,0)) -> 14592 | S2: =INDEX(S:S,MATCH(MAX($AC:$AC),$AC:$AC,0)) -> 96 | T2: =INDEX(T:T,MATCH(MAX($AC:$AC),$AC:$AC,0)) -> 1 | U2: =INDEX(U:U,MATCH(MAX($AC:$AC),$AC:$AC,0)) -> 4 | Z2: Time at a frequency [1/100s]
A3: #run | B3: Flags | C3: N | D3: NB | E3: P | F3: Q | G3: Time | H3: GFLOPS | I3: Date | J3: Time | K3: 1700MHz | L3: 1800MHz | M3: 1900MHz | N3: Average GFLOPS | P3: #run | Q3: Flags | R3: N | S3: NB | T3: P | U3: Q | V3: Time | W3: GFLOPS | X3: Date | Y3: Time | Z3: 1700MHz | AA3: 1800MHz | AB3: 1900MHz | AC3: Average GFLOPS
A4: 0 | B4: WR00L2L2 | C4: 13056 | D4: 32 | E4: 1 | F4: 4 | G4: 171.03 | H4: 8.6765 | I4: 45608 | J4: 0.30931713 | K4: 0 | L4: 0 | M4: 0 | N4: =AVERAGE(H4:H8) -> 8.66528 | P4: 0 | Q4: WR00L2L2 | R4: 13056 | S4: 32 | T4: 1 | U4: 4 | V4: 147.41 | W4: 10.067 | X4: 45608 | Y4: 0.31114583 | Z4: 0 | AA4: 0 | AB4: 0 | AC4: =AVERAGE(W4:W8) -> 10.04074
A5: 1 | B5: WR00L2L2 | C5: 13056 | D5: 32 | E5: 1 | F5: 4 | G5: 171.15 | H5: 8.6705 | I5: 45608 | J5: 0.36436343 | K5: 0 | L5: 0 | M5: 0 | N5: =N4 -> 8.66528 | P5: 1 | Q5: WR00L2L2 | R5: 13056 | S5: 32 | T5: 1 | U5: 4 | V5: 146.94 | W5: 10.099 | X5: 45608 | Y5: 0.37180556 | Z5: 0 | AA5: 0 | AB5: 0 | AC5: =AC4 -> 10.04074
A6: 2 | B6: WR00L2L2 | C6: 13056 | D6: 32 | E6: 1 | F6: 4 | G6: 171.49 | H6: 8.6534 | I6: 45608 | J6: 0.41936343 | K6: 0 | L6: 0 | M6: 0 | N6: =N5 -> 8.66528 | P6: 2 | Q6: WR00L2L2 | R6: 13056 | S6: 32 | T6: 1 | U6: 4 | V6: 148.9 | W6: 9.966 | X6: 45608 | Y6: 0.4325 | Z6: 0 | AA6: 0 | AB6: 0 | AC6: =AC5 -> 10.04074
A7: 3 | B7: WR00L2L2 | C7: 13056 | D7: 32 | E7: 1 | F7: 4 | G7: 171.23 | H7: 8.6662 | I7: 45608 | J7: 0.47436343 | K7: 0 | L7: 0 | M7: 0 | N7: =N6 -> 8.66528 | P7: 3 | Q7: WR00L2L2 | R7: 13056 | S7: 32 | T7: 1 | U7: 4 | V7: 147.03 | W7: 10.093 | X7: 45608 | Y7: 0.49315972 | Z7: 0 | AA7: 0 | AB7: 0 | AC7: =AC6 -> 10.04074
A8: 4 | B8: WR00L2L2 | C8: 13056 | D8: 32 | E8: 1 | F8: 4 | G8: 171.36 | H8: 8.6598 | I8: 45608 | J8: 0.57746528 | K8: 0 | L8: 0 | M8: 0 | N8: =N7 -> 8.66528 | P8: 4 | Q8: WR00L2L2 | R8: 13056 | S8: 32 | T8: 1 | U8: 4 | V8: 148.71 | W8: 9.9787 | X8: 45608 | Y8: 0.60340278 | Z8: 0 | AA8: 0 | AB8: 0 | AC8: =AC7 -> 10.04074
A9: 0 | B9: WR00L2L2 | C9: 13824 | D9: 32 | E9: 1 | F9: 4 | G9: 226.12 | H9: 7.7902 | I9: 45608 | J9: 0.32527778 | K9: 0 | L9: 0 | M9: 0 | N9: =AVERAGE(H9:H13) -> 7.7975 | P9: 0 | Q9: WR00L2L2 | R9: 13824 | S9: 32 | T9: 1 | U9: 4 | V9: 187.63 | W9: 9.388 | X9: 45608 | Y9: 0.32887731 | Z9: 0 | AA9: 0 | AB9: 0 | AC9: =AVERAGE(W9:W13) -> 9.39776
A10: 1 | B10: WR00L2L2 | C10: 13824 | D10: 32 | E10: 1 | F10: 4 | G10: 225.84 | H10: 7.7997 | I10: 45608 | J10: 0.38033565 | K10: 0 | L10: 0 | M10: 0 | N10: =N9 -> 7.7975 | P10: 1 | Q10: WR00L2L2 | R10: 13824 | S10: 32 | T10: 1 | U10: 4 | V10: 187.44 | W10: 9.3974 | X10: 45608 | Y10: 0.38954861 | Z10: 0 | AA10: 0 | AB10: 0 | AC10: =AC9 -> 9.39776
A11: 2 | B11: WR00L2L2 | C11: 13824 | D11: 32 | E11: 1 | F11: 4 | G11: 225.76 | H11: 7.8024 | I11: 45608 | J11: 0.43533565 | K11: 0 | L11: 0 | M11: 0 | N11: =N10 -> 7.7975 | P11: 2 | Q11: WR00L2L2 | R11: 13824 | S11: 32 | T11: 1 | U11: 4 | V11: 187.17 | W11: 9.4113 | X11: 45608 | Y11: 0.45023148 | Z11: 0 | AA11: 0 | AB11: 0 | AC11: =AC10 -> 9.39776
A12: 3 | B12: WR00L2L2 | C12: 13824 | D12: 32 | E12: 1 | F12: 4 | G12: 225.92 | H12: 7.797 | I12: 45608 | J12: 0.49033565 | K12: 0 | L12: 0 | M12: 0 | N12: =N11 -> 7.7975 | P12: 3 | Q12: WR00L2L2 | R12: 13824 | S12: 32 | T12: 1 | U12: 4 | V12: 187.4 | W12: 9.3997 | X12: 45608 | Y12: 0.5108912 | Z12: 0 | AA12: 0 | AB12: 0 | AC12: =AC11 -> 9.39776
A13: 4 | B13: WR00L2L2 | C13: 13824 | D13: 32 | E13: 1 | F13: 4 | G13: 225.89 | H13: 7.7982 | I13: 45608 | J13: 0.59342593 | K13: 0 | L13: 0 | M13: 0 | N13: =N12 -> 7.7975 | P13: 4 | Q13: WR00L2L2 | R13: 13824 | S13: 32 | T13: 1 | U13: 4 | V13: 187.55 | W13: 9.3924 | X13: 45608 | Y13: 0.62113426 | Z13: 0 | AA13: 0 | AB13: 0 | AC13: =AC12 -> 9.39776
A14: 0 | B14: WR00L2L2 | C14: 14592 | D14: 32 | E14: 1 | F14: 4 | G14: 236.49 | H14: 8.7602 | I14: 45608 | J14: 0.3441088 | K14: 0 | L14: 0 | M14: 0 | N14: =AVERAGE(H14:H18) -> 8.76424 | P14: 0 | Q14: WR00L2L2 | R14: 14592 | S14: 32 | T14: 1 | U14: 4 | V14: 203.32 | W14: 10.189 | X14: 45608 | Y14: 0.34938657 | Z14: 0 | AA14: 0 | AB14: 0 | AC14: =AVERAGE(W14:W18) -> 10.1384
A15: 1 | B15: WR00L2L2 | C15: 14592 | D15: 32 | E15: 1 | F15: 4 | G15: 236.68 | H15: 8.7531 | I15: 45608 | J15: 0.39917824 | K15: 0 | L15: 0 | M15: 0 | N15: =N14 -> 8.76424 | P15: 1 | Q15: WR00L2L2 | R15: 14592 | S15: 32 | T15: 1 | U15: 4 | V15: 204.09 | W15: 10.151 | X15: 45608 | Y15: 0.41008102 | Z15: 0 | AA15: 0 | AB15: 0 | AC15: =AC14 -> 10.1384
A16: 2 | B16: WR00L2L2 | C16: 14592 | D16: 32 | E16: 1 | F16: 4 | G16: 236.26 | H16: 8.7686 | I16: 45608 | J16: 0.45415509 | K16: 0 | L16: 0 | M16: 0 | N16: =N15 -> 8.76424 | P16: 2 | Q16: WR00L2L2 | R16: 14592 | S16: 32 | T16: 1 | U16: 4 | V16: 203.71 | W16: 10.17 | X16: 45608 | Y16: 0.47075231 | Z16: 0 | AA16: 0 | AB16: 0 | AC16: =AC15 -> 10.1384
A17: 3 | B17: WR00L2L2 | C17: 14592 | D17: 32 | E17: 1 | F17: 4 | G17: 236.24 | H17: 8.7693 | I17: 45608 | J17: 0.50915509 | K17: 0 | L17: 0 | M17: 0 | N17: =N16 -> 8.76424 | P17: 3 | Q17: WR00L2L2 | R17: 14592 | S17: 32 | T17: 1 | U17: 4 | V17: 206.07 | W17: 10.053 | X17: 45608 | Y17: 0.58097222 | Z17: 0 | AA17: 0 | AB17: 0 | AC17: =AC16 -> 10.1384
A18: 4 | B18: WR00L2L2 | C18: 14592 | D18: 32 | E18: 1 | F18: 4 | G18: 236.22 | H18: 8.77 | I18: 45608 | J18: 0.61225694 | K18: 0 | L18: 0 | M18: 0 | N18: =N17 -> 8.76424 | P18: 4 | Q18: WR00L2L2 | R18: 14592 | S18: 32 | T18: 1 | U18: 4 | V18: 204.52 | W18: 10.129 | X18: 45608 | Y18: 0.64166667 | Z18: 0 | AA18: 0 | AB18: 0 | AC18: =AC17 -> 10.1384
A19: 0 | B19: WR00L2L2 | C19: 13056 | D19: 32 | E19: 2 | F19: 2 | G19: 171.27 | H19: 8.6642 | I19: 45608 | J19: 0.31144676 | K19: 0 | L19: 0 | M19: 0 | N19: =AVERAGE(H19:H23) -> 8.65792 | P19: 0 | Q19: WR00L2L2 | R19: 13056 | S19: 32 | T19: 2 | U19: 2 | V19: 145.68 | W19: 10.186 | X19: 45608 | Y19: 0.3133912 | Z19: 0 | AA19: 0 | AB19: 0 | AC19: =AVERAGE(W19:W23) -> 10.178
A20: 1 | B20: WR00L2L2 | C20: 13056 | D20: 32 | E20: 2 | F20: 2 | G20: 171.71 | H20: 8.6422 | I20: 45608 | J20: 0.36649306 | K20: 0 | L20: 0 | M20: 0 | N20: =N19 -> 8.65792 | P20: 1 | Q20: WR00L2L2 | R20: 13056 | S20: 32 | T20: 2 | U20: 2 | V20: 146.96 | W20: 10.097 | X20: 45608 | Y20: 0.3740625 | Z20: 0 | AA20: 0 | AB20: 0 | AC20: =AC19 -> 10.178
A21: 2 | B21: WR00L2L2 | C21: 13056 | D21: 32 | E21: 2 | F21: 2 | G21: 171.45 | H21: 8.655 | I21: 45608 | J21: 0.42149306 | K21: 0 | L21: 0 | M21: 0 | N21: =N20 -> 8.65792 | P21: 2 | Q21: WR00L2L2 | R21: 13056 | S21: 32 | T21: 2 | U21: 2 | V21: 145.66 | W21: 10.188 | X21: 45608 | Y21: 0.43474537 | Z21: 0 | AA21: 0 | AB21: 0 | AC21: =AC20 -> 10.178
A22: 3 | B22: WR00L2L2 | C22: 13056 | D22: 32 | E22: 2 | F22: 2 | G22: 171.54 | H22: 8.6506 | I22: 45608 | J22: 0.47649306 | K22: 0 | L22: 0 | M22: 0 | N22: =N21 -> 8.65792 | P22: 3 | Q22: WR00L2L2 | R22: 13056 | S22: 32 | T22: 2 | U22: 2 | V22: 145.25 | W22: 10.216 | X22: 45608 | Y22: 0.49540509 | Z22: 0 | AA22: 0 | AB22: 0 | AC22: =AC21 -> 10.178
A23: 4 | B23: WR00L2L2 | C23: 13056 | D23: 32 | E23: 2 | F23: 2 | G23: 171.01 | H23: 8.6776 | I23: 45608 | J23: 0.57959491 | K23: 0 | L23: 0 | M23: 0 | N23: =N22 -> 8.65792 | P23: 4 | Q23: WR00L2L2 | R23: 13056 | S23: 32 | T23: 2 | U23: 2 | V23: 145.44 | W23: 10.203 | X23: 45608 | Y23: 0.60563657 | Z23: 0 | AA23: 0 | AB23: 0 | AC23: =AC22 -> 10.178
A24: 0 | B24: WR00L2L2 | C24: 13824 | D24: 32 | E24: 2 | F24: 2 | G24: 204.03 | H24: 8.6333 | I24: 45608 | J24: 0.3278125 | K24: 0 | L24: 0 | M24: 0 | N24: =AVERAGE(H24:H28) -> 8.62722 | P24: 0 | Q24: WR00L2L2 | R24: 13824 | S24: 32 | T24: 2 | U24: 2 | V24: 172.61 | W24: 10.205 | X24: 45608 | Y24: 0.33150463 | Z24: 0 | AA24: 0 | AB24: 0 | AC24: =AVERAGE(W24:W28) -> 10.1792
A25: 1 | B25: WR00L2L2 | C25: 13824 | D25: 32 | E25: 2 | F25: 2 | G25: 204.13 | H25: 8.6294 | I25: 45608 | J25: 0.3828588 | K25: 0 | L25: 0 | M25: 0 | N25: =N24 -> 8.62722 | P25: 1 | Q25: WR00L2L2 | R25: 13824 | S25: 32 | T25: 2 | U25: 2 | V25: 173.15 | W25: 10.173 | X25: 45608 | Y25: 0.39217593 | Z25: 0 | AA25: 0 | AB25: 0 | AC25: =AC24 -> 10.1792
A26: 2 | B26: WR00L2L2 | C26: 13824 | D26: 32 | E26: 2 | F26: 2 | G26: 204.32 | H26: 8.6213 | I26: 45608 | J26: 0.4378588 | K26: 0 | L26: 0 | M26: 0 | N26: =N25 -> 8.62722 | P26: 2 | Q26: WR00L2L2 | R26: 13824 | S26: 32 | T26: 2 | U26: 2 | V26: 173.03 | W26: 10.18 | X26: 45608 | Y26: 0.4528588 | Z26: 0 | AA26: 0 | AB26: 0 | AC26: =AC25 -> 10.1792
A27: 3 | B27: WR00L2L2 | C27: 13824 | D27: 32 | E27: 2 | F27: 2 | G27: 204.21 | H27: 8.6258 | I27: 45608 | J27: 0.4928588 | K27: 0 | L27: 0 | M27: 0 | N27: =N26 -> 8.62722 | P27: 3 | Q27: WR00L2L2 | R27: 13824 | S27: 32 | T27: 2 | U27: 2 | V27: 173.17 | W27: 10.172 | X27: 45608 | Y27: 0.51353009 | Z27: 0 | AA27: 0 | AB27: 0 | AC27: =AC26 -> 10.1792
A28: 4 | B28: WR00L2L2 | C28: 13824 | D28: 32 | E28: 2 | F28: 2 | G28: 204.2 | H28: 8.6263 | I28: 45608 | J28: 0.59596065 | K28: 0 | L28: 0 | M28: 0 | N28: =N27 -> 8.62722 | P28: 4 | Q28: WR00L2L2 | R28: 13824 | S28: 32 | T28: 2 | U28: 2 | V28: 173.27 | W28: 10.166 | X28: 45608 | Y28: 0.62376157 | Z28: 0 | AA28: 0 | AB28: 0 | AC28: =AC27 -> 10.1792
A29: 0 | B29: WR00L2L2 | C29: 14592 | D29: 32 | E29: 2 | F29: 2 | G29: 236.77 | H29: 8.7495 | I29: 45608 | J29: 0.34702546 | K29: 0 | L29: 0 | M29: 0 | N29: =AVERAGE(H29:H33) -> 8.7491 | P29: 0 | Q29: WR00L2L2 | R29: 14592 | S29: 32 | T29: 2 | U29: 2 | V29: 200.97 | W29: 10.309 | X29: 45608 | Y29: 0.35240741 | Z29: 0 | AA29: 0 | AB29: 0 | AC29: =AVERAGE(W29:W33) -> 10.2962
A30: 1 | B30: WR00L2L2 | C30: 14592 | D30: 32 | E30: 2 | F30: 2 | G30: 236.72 | H30: 8.7515 | I30: 45608 | J30: 0.40209491 | K30: 0 | L30: 0 | M30: 0 | N30: =N29 -> 8.7491 | P30: 1 | Q30: WR00L2L2 | R30: 14592 | S30: 32 | T30: 2 | U30: 2 | V30: 201.21 | W30: 10.296 | X30: 45608 | Y30: 0.41311343 | Z30: 0 | AA30: 0 | AB30: 0 | AC30: =AC29 -> 10.2962
A31: 2 | B31: WR00L2L2 | C31: 14592 | D31: 32 | E31: 2 | F31: 2 | G31: 236.92 | H31: 8.7441 | I31: 45608 | J31: 0.45708333 | K31: 0 | L31: 0 | M31: 0 | N31: =N30 -> 8.7491 | P31: 2 | Q31: WR00L2L2 | R31: 14592 | S31: 32 | T31: 2 | U31: 2 | V31: 200.83 | W31: 10.315 | X31: 45608 | Y31: 0.47377315 | Z31: 0 | AA31: 0 | AB31: 0 | AC31: =AC30 -> 10.2962
A32: 3 | B32: WR00L2L2 | C32: 14592 | D32: 32 | E32: 2 | F32: 2 | G32: 236.82 | H32: 8.7477 | I32: 45608 | J32: 0.51207176 | K32: 0 | L32: 0 | M32: 0 | N32: =N31 -> 8.7491 | P32: 3 | Q32: WR00L2L2 | R32: 14592 | S32: 32 | T32: 2 | U32: 2 | V32: 201.07 | W32: 10.303 | X32: 45608 | Y32: 0.58400463 | Z32: 0 | AA32: 0 | AB32: 0 | AC32: =AC31 -> 10.2962
A33: 4 | B33: WR00L2L2 | C33: 14592 | D33: 32 | E33: 2 | F33: 2 | G33: 236.69 | H33: 8.7527 | I33: 45608 | J33: 0.61517361 | K33: 0 | L33: 0 | M33: 0 | N33: =N32 -> 8.7491 | P33: 4 | Q33: WR00L2L2 | R33: 14592 | S33: 32 | T33: 2 | U33: 2 | V33: 201.96 | W33: 10.258 | X33: 45608 | Y33: 0.64469907 | Z33: 0 | AA33: 0 | AB33: 0 | AC33: =AC32 -> 10.2962
A34: 0 | B34: WR00L2L2 | C34: 13056 | D34: 64 | E34: 1 | F34: 4 | G34: 152.74 | H34: 9.7155 | I34: 45318 | J34: 0.80196759 | K34: 0 | L34: 0 | M34: 0 | N34: =AVERAGE(H34:H38) -> 9.71568 | P34: 0 | Q34: WR00L2L2 | R34: 13056 | S34: 64 | T34: 1 | U34: 4 | V34: 135.52 | W34: 10.95 | X34: 45318 | Y34: 0.46936343 | Z34: 0 | AA34: 0 | AB34: 0 | AC34: =AVERAGE(W34:W38) -> 10.9456
A35: 1 | B35: WR00L2L2 | C35: 13056 | D35: 64 | E35: 1 | F35: 4 | G35: 152.7 | H35: 9.718 | I35: 45318 | J35: 0.85466435 | K35: 0 | L35: 0 | M35: 0 | N35: =N34 -> 9.71568 | P35: 1 | Q35: WR00L2L2 | R35: 13056 | S35: 64 | T35: 1 | U35: 4 | V35: 135.57 | W35: 10.946 | X35: 45318 | Y35: 0.52902778 | Z35: 0 | AA35: 0 | AB35: 0 | AC35: =AC34 -> 10.9456
A36: 2 | B36: WR00L2L2 | C36: 13056 | D36: 64 | E36: 1 | F36: 4 | G36: 152.74 | H36: 9.7152 | I36: 45318 | J36: 0.90739583 | K36: 0 | L36: 0 | M36: 0 | N36: =N35 -> 9.71568 | P36: 2 | Q36: WR00L2L2 | R36: 13056 | S36: 64 | T36: 1 | U36: 4 | V36: 135.42 | W36: 10.958 | X36: 45318 | Y36: 0.58866898 | Z36: 0 | AA36: 0 | AB36: 0 | AC36: =AC35 -> 10.9456
A37: 3 | B37: WR00L2L2 | C37: 13056 | D37: 64 | E37: 1 | F37: 4 | G37: 152.65 | H37: 9.7213 | I37: 45318 | J37: 0.96011574 | K37: 0 | L37: 0 | M37: 0 | N37: =N36 -> 9.71568 | P37: 3 | Q37: WR00L2L2 | R37: 13056 | S37: 64 | T37: 1 | U37: 4 | V37: 135.53 | W37: 10.949 | X37: 45318 | Y37: 0.64833333 | Z37: 0 | AA37: 0 | AB37: 0 | AC37: =AC36 -> 10.9456
A38: 4 | B38: WR00L2L2 | C38: 13056 | D38: 64 | E38: 1 | F38: 4 | G38: 152.85 | H38: 9.7084 | I38: 45319 | J38: 0.012824074 | K38: 0 | L38: 0 | M38: 0 | N38: =N37 -> 9.71568 | P38: 4 | Q38: WR00L2L2 | R38: 13056 | S38: 64 | T38: 1 | U38: 4 | V38: 135.82 | W38: 10.925 | X38: 45318 | Y38: 0.70797454 | Z38: 0 | AA38: 0 | AB38: 0 | AC38: =AC37 -> 10.9456
A39: 0 | B39: WR00L2L2 | C39: 13824 | D39: 64 | E39: 1 | F39: 4 | G39: 200.34 | H39: 8.7925 | I39: 45318 | J39: 0.81717593 | K39: 0 | L39: 0 | M39: 0 | N39: =AVERAGE(H39:H43) -> 8.7855 | P39: 0 | Q39: WR00L2L2 | R39: 13824 | S39: 64 | T39: 1 | U39: 4 | V39: 169.99 | W39: 10.362 | X39: 45318 | Y39: 0.48672454 | Z39: 0 | AA39: 0 | AB39: 0 | AC39: =AVERAGE(W39:W43) -> 10.3784
A40: 1 | B40: WR00L2L2 | C40: 13824 | D40: 64 | E40: 1 | F40: 4 | G40: 200.74 | H40: 8.7748 | I40: 45318 | J40: 0.86989583 | K40: 0 | L40: 0 | M40: 0 | N40: =N39 -> 8.7855 | P40: 1 | Q40: WR00L2L2 | R40: 13824 | S40: 64 | T40: 1 | U40: 4 | V40: 169.59 | W40: 10.387 | X40: 45318 | Y40: 0.54638889 | Z40: 0 | AA40: 0 | AB40: 0 | AC40: =AC39 -> 10.3784
A41: 2 | B41: WR00L2L2 | C41: 13824 | D41: 64 | E41: 1 | F41: 4 | G41: 200.07 | H41: 8.8046 | I41: 45318 | J41: 0.92261574 | K41: 0 | L41: 0 | M41: 0 | N41: =N40 -> 8.7855 | P41: 2 | Q41: WR00L2L2 | R41: 13824 | S41: 64 | T41: 1 | U41: 4 | V41: 169.39 | W41: 10.399 | X41: 45318 | Y41: 0.60603009 | Z41: 0 | AA41: 0 | AB41: 0 | AC41: =AC40 -> 10.3784
A42: 3 | B42: WR00L2L2 | C42: 13824 | D42: 64 | E42: 1 | F42: 4 | G42: 200.45 | H42: 8.7878 | I42: 45318 | J42: 0.97533565 | K42: 0 | L42: 0 | M42: 0 | N42: =N41 -> 8.7855 | P42: 3 | Q42: WR00L2L2 | R42: 13824 | S42: 64 | T42: 1 | U42: 4 | V42: 169.73 | W42: 10.378 | X42: 45318 | Y42: 0.66569444 | Z42: 0 | AA42: 0 | AB42: 0 | AC42: =AC41 -> 10.3784
A43: 4 | B43: WR00L2L2 | C43: 13824 | D43: 64 | E43: 1 | F43: 4 | G43: 200.9 | H43: 8.7678 | I43: 45319 | J43: 0.028043981 | K43: 0 | L43: 0 | M43: 0 | N43: =N42 -> 8.7855 | P43: 4 | Q43: WR00L2L2 | R43: 13824 | S43: 64 | T43: 1 | U43: 4 | V43: 169.92 | W43: 10.366 | X43: 45318 | Y43: 0.72533565 | Z43: 0 | AA43: 0 | AB43: 0 | AC43: =AC42 -> 10.3784
A44: 0 | B44: WR00L2L2 | C44: 14592 | D44: 64 | E44: 1 | F44: 4 | G44: 210.17 | H44: 9.857 | I44: 45318 | J44: 0.83528935 | K44: 0 | L44: 0 | M44: 0 | N44: =AVERAGE(H44:H48) -> 9.8533 | P44: 0 | Q44: WR00L2L2 | R44: 14592 | S44: 64 | T44: 1 | U44: 4 | V44: 187.63 | W44: 11.041 | X44: 45318 | Y44: 0.50699074 | Z44: 0 | AA44: 0 | AB44: 0 | AC44: =AVERAGE(W44:W48) -> 11.0424
A45: 1 | B45: WR00L2L2 | C45: 14592 | D45: 64 | E45: 1 | F45: 4 | G45: 210.35 | H45: 9.8487 | I45: 45318 | J45: 0.88799769 | K45: 0 | L45: 0 | M45: 0 | N45: =N44 -> 9.8533 | P45: 1 | Q45: WR00L2L2 | R45: 14592 | S45: 64 | T45: 1 | U45: 4 | V45: 187.54 | W45: 11.047 | X45: 45318 | Y45: 0.56663194 | Z45: 0 | AA45: 0 | AB45: 0 | AC45: =AC44 -> 11.0424
A46: 2 | B46: WR00L2L2 | C46: 14592 | D46: 64 | E46: 1 | F46: 4 | G46: 210.29 | H46: 9.8515 | I46: 45318 | J46: 0.94072917 | K46: 0 | L46: 0 | M46: 0 | N46: =N45 -> 9.8533 | P46: 2 | Q46: WR00L2L2 | R46: 14592 | S46: 64 | T46: 1 | U46: 4 | V46: 187.84 | W46: 11.029 | X46: 45318 | Y46: 0.6262963 | Z46: 0 | AA46: 0 | AB46: 0 | AC46: =AC45 -> 11.0424
A47: 3 | B47: WR00L2L2 | C47: 14592 | D47: 64 | E47: 1 | F47: 4 | G47: 210.18 | H47: 9.8565 | I47: 45318 | J47: 0.9934375 | K47: 0 | L47: 0 | M47: 0 | N47: =N46 -> 9.8533 | P47: 3 | Q47: WR00L2L2 | R47: 14592 | S47: 64 | T47: 1 | U47: 4 | V47: 187.39 | W47: 11.055 | X47: 45318 | Y47: 0.68594907 | Z47: 0 | AA47: 0 | AB47: 0 | AC47: =AC46 -> 11.0424
A48: 4 | B48: WR00L2L2 | C48: 14592 | D48: 64 | E48: 1 | F48: 4 | G48: 210.26 | H48: 9.8528 | I48: 45319 | J48: 0.046145833 | K48: 0 | L48: 0 | M48: 0 | N48: =N47 -> 9.8533 | P48: 4 | Q48: WR00L2L2 | R48: 14592 | S48: 64 | T48: 1 | U48: 4 | V48: 187.65 | W48: 11.04 | X48: 45318 | Y48: 0.74559028 | Z48: 0 | AA48: 0 | AB48: 0 | AC48: =AC47 -> 11.0424
A49: 0 | B49: WR00L2L2 | C49: 13056 | D49: 64 | E49: 2 | F49: 2 | G49: 151.61 | H49: 9.7879 | I49: 45318 | J49: 0.80386574 | K49: 0 | L49: 0 | M49: 0 | N49: =AVERAGE(H49:H53) -> 9.77322 | P49: 0 | Q49: WR00L2L2 | R49: 13056 | S49: 64 | T49: 2 | U49: 2 | V49: 136.09 | W49: 10.904 | X49: 45318 | Y49: 0.47149306 | Z49: 0 | AA49: 0 | AB49: 0 | AC49: =AVERAGE(W49:W53) -> 10.8896
A50: 1 | B50: WR00L2L2 | C50: 13056 | D50: 64 | E50: 2 | F50: 2 | G50: 152.04 | H50: 9.76 | I50: 45318 | J50: 0.85657407 | K50: 0 | L50: 0 | M50: 0 | N50: =N49 -> 9.77322 | P50: 1 | Q50: WR00L2L2 | R50: 13056 | S50: 64 | T50: 2 | U50: 2 | V50: 136.29 | W50: 10.888 | X50: 45318 | Y50: 0.53115741 | Z50: 0 | AA50: 0 | AB50: 0 | AC50: =AC49 -> 10.8896
A51: 2 | B51: WR00L2L2 | C51: 13056 | D51: 64 | E51: 2 | F51: 2 | G51: 152.12 | H51: 9.7549 | I51: 45318 | J51: 0.90929398 | K51: 0 | L51: 0 | M51: 0 | N51: =N50 -> 9.77322 | P51: 2 | Q51: WR00L2L2 | R51: 13056 | S51: 64 | T51: 2 | U51: 2 | V51: 136.11 | W51: 10.902 | X51: 45318 | Y51: 0.59079861 | Z51: 0 | AA51: 0 | AB51: 0 | AC51: =AC50 -> 10.8896
A52: 3 | B52: WR00L2L2 | C52: 13056 | D52: 64 | E52: 2 | F52: 2 | G52: 151.74 | H52: 9.7792 | I52: 45318 | J52: 0.96201389 | K52: 0 | L52: 0 | M52: 0 | N52: =N51 -> 9.77322 | P52: 3 | Q52: WR00L2L2 | R52: 13056 | S52: 64 | T52: 2 | U52: 2 | V52: 136.74 | W52: 10.852 | X52: 45318 | Y52: 0.65046296 | Z52: 0 | AA52: 0 | AB52: 0 | AC52: =AC51 -> 10.8896
A53: 4 | B53: WR00L2L2 | C53: 13056 | D53: 64 | E53: 2 | F53: 2 | G53: 151.67 | H53: 9.7841 | I53: 45319 | J53: 0.014722222 | K53: 0 | L53: 0 | M53: 0 | N53: =N52 -> 9.77322 | P53: 4 | Q53: WR00L2L2 | R53: 13056 | S53: 64 | T53: 2 | U53: 2 | V53: 136.12 | W53: 10.902 | X53: 45318 | Y53: 0.71010417 | Z53: 0 | AA53: 0 | AB53: 0 | AC53: =AC52 -> 10.8896
A54: 0 | B54: WR00L2L2 | C54: 13824 | D54: 64 | E54: 2 | F54: 2 | G54: 182.95 | H54: 9.6284 | I54: 45318 | J54: 0.81945602 | K54: 0 | L54: 0 | M54: 0 | N54: =AVERAGE(H54:H58) -> 9.62602 | P54: 0 | Q54: WR00L2L2 | R54: 13824 | S54: 64 | T54: 2 | U54: 2 | V54: 161.49 | W54: 10.908 | X54: 45318 | Y54: 0.48921296 | Z54: 0 | AA54: 0 | AB54: 0 | AC54: =AVERAGE(W54:W58) -> 10.911
A55: 1 | B55: WR00L2L2 | C55: 13824 | D55: 64 | E55: 2 | F55: 2 | G55: 182.97 | H55: 9.6272 | I55: 45318 | J55: 0.87216435 | K55: 0 | L55: 0 | M55: 0 | N55: =N54 -> 9.62602 | P55: 1 | Q55: WR00L2L2 | R55: 13824 | S55: 64 | T55: 2 | U55: 2 | V55: 161.34 | W55: 10.918 | X55: 45318 | Y55: 0.54886574 | Z55: 0 | AA55: 0 | AB55: 0 | AC55: =AC54 -> 10.911
A56: 2 | B56: WR00L2L2 | C56: 13824 | D56: 64 | E56: 2 | F56: 2 | G56: 182.86 | H56: 9.633 | I56: 45318 | J56: 0.92489583 | K56: 0 | L56: 0 | M56: 0 | N56: =N55 -> 9.62602 | P56: 2 | Q56: WR00L2L2 | R56: 13824 | S56: 64 | T56: 2 | U56: 2 | V56: 161.34 | W56: 10.918 | X56: 45318 | Y56: 0.60851852 | Z56: 0 | AA56: 0 | AB56: 0 | AC56: =AC55 -> 10.911
A57: 3 | B57: WR00L2L2 | C57: 13824 | D57: 64 | E57: 2 | F57: 2 | G57: 183.24 | H57: 9.6129 | I57: 45318 | J57: 0.97760417 | K57: 0 | L57: 0 | M57: 0 | N57: =N56 -> 9.62602 | P57: 3 | Q57: WR00L2L2 | R57: 13824 | S57: 64 | T57: 2 | U57: 2 | V57: 161.34 | W57: 10.918 | X57: 45318 | Y57: 0.66818287 | Z57: 0 | AA57: 0 | AB57: 0 | AC57: =AC56 -> 10.911
A58: 4 | B58: WR00L2L2 | C58: 13824 | D58: 64 | E58: 2 | F58: 2 | G58: 182.94 | H58: 9.6286 | I58: 45319 | J58: 0.0303125 | K58: 0 | L58: 0 | M58: 0 | N58: =N57 -> 9.62602 | P58: 4 | Q58: WR00L2L2 | R58: 13824 | S58: 64 | T58: 2 | U58: 2 | V58: 161.71 | W58: 10.893 | X58: 45318 | Y58: 0.72782407 | Z58: 0 | AA58: 0 | AB58: 0 | AC58: =AC57 -> 10.911
A59: 0 | B59: WR00L2L2 | C59: 14592 | D59: 64 | E59: 2 | F59: 2 | G59: 209.43 | H59: 9.8921 | I59: 45318 | J59: 0.83788194 | K59: 0 | L59: 0 | M59: 0 | N59: =AVERAGE(H59:H63) -> 9.88564 | P59: 0 | Q59: WR00L2L2 | R59: 14592 | S59: 64 | T59: 2 | U59: 2 | V59: 187.9 | W59: 11.025 | X59: 45318 | Y59: 0.50986111 | Z59: 0 | AA59: 0 | AB59: 0 | AC59: =AVERAGE(W59:W63) -> 11.0258
A60: 1 | B60: WR00L2L2 | C60: 14592 | D60: 64 | E60: 2 | F60: 2 | G60: 209.51 | H60: 9.8884 | I60: 45318 | J60: 0.89060185 | K60: 0 | L60: 0 | M60: 0 | N60: =N59 -> 9.88564 | P60: 1 | Q60: WR00L2L2 | R60: 14592 | S60: 64 | T60: 2 | U60: 2 | V60: 187.78 | W60: 11.033 | X60: 45318 | Y60: 0.56950231 | Z60: 0 | AA60: 0 | AB60: 0 | AC60: =AC59 -> 11.0258
A61: 2 | B61: WR00L2L2 | C61: 14592 | D61: 64 | E61: 2 | F61: 2 | G61: 209.83 | H61: 9.873 | I61: 45318 | J61: 0.94333333 | K61: 0 | L61: 0 | M61: 0 | N61: =N60 -> 9.88564 | P61: 2 | Q61: WR00L2L2 | R61: 14592 | S61: 64 | T61: 2 | U61: 2 | V61: 188.22 | W61: 11.007 | X61: 45318 | Y61: 0.62915509 | Z61: 0 | AA61: 0 | AB61: 0 | AC61: =AC60 -> 11.0258
A62: 3 | B62: WR00L2L2 | C62: 14592 | D62: 64 | E62: 2 | F62: 2 | G62: 209.55 | H62: 9.8864 | I62: 45318 | J62: 0.99603009 | K62: 0 | L62: 0 | M62: 0 | N62: =N61 -> 9.88564 | P62: 3 | Q62: WR00L2L2 | R62: 14592 | S62: 64 | T62: 2 | U62: 2 | V62: 187.77 | W62: 11.033 | X62: 45318 | Y62: 0.68880787 | Z62: 0 | AA62: 0 | AB62: 0 | AC62: =AC61 -> 11.0258
A63: 4 | B63: WR00L2L2 | C63: 14592 | D63: 64 | E63: 2 | F63: 2 | G63: 209.51 | H63: 9.8883 | I63: 45319 | J63: 0.04875 | K63: 0 | L63: 0 | M63: 0 | N63: =N62 -> 9.88564 | P63: 4 | Q63: WR00L2L2 | R63: 14592 | S63: 64 | T63: 2 | U63: 2 | V63: 187.8 | W63: 11.031 | X63: 45318 | Y63: 0.74844907 | Z63: 0 | AA63: 0 | AB63: 0 | AC63: =AC62 -> 11.0258
A64: 0 | B64: WR00L2L2 | C64: 13056 | D64: 96 | E64: 1 | F64: 4 | G64: 152.25 | H64: 9.7468 | I64: 45608 | J64: 0.31335648 | K64: 0 | L64: 0 | M64: 0 | N64: =AVERAGE(H64:H68) -> 9.74202 | P64: 0 | Q64: WR00L2L2 | R64: 13056 | S64: 96 | T64: 1 | U64: 4 | V64: 132.03 | W64: 11.239 | X64: 45608 | Y64: 0.31546296 | Z64: 0 | AA64: 0 | AB64: 0 | AC64: =AVERAGE(W64:W68) -> 11.2166
A65: 1 | B65: WR00L2L2 | C65: 13056 | D65: 96 | E65: 1 | F65: 4 | G65: 152.43 | H65: 9.7355 | I65: 45608 | J65: 0.36840278 | K65: 0 | L65: 0 | M65: 0 | N65: =N64 -> 9.74202 | P65: 1 | Q65: WR00L2L2 | R65: 13056 | S65: 96 | T65: 1 | U65: 4 | V65: 132.39 | W65: 11.209 | X65: 45608 | Y65: 0.37614583 | Z65: 0 | AA65: 0 | AB65: 0 | AC65: =AC64 -> 11.2166
A66: 2 | B66: WR00L2L2 | C66: 13056 | D66: 96 | E66: 1 | F66: 4 | G66: 152.22 | H66: 9.7483 | I66: 45608 | J66: 0.42340278 | K66: 0 | L66: 0 | M66: 0 | N66: =N65 -> 9.74202 | P66: 2 | Q66: WR00L2L2 | R66: 13056 | S66: 96 | T66: 1 | U66: 4 | V66: 132.29 | W66: 11.217 | X66: 45608 | Y66: 0.4368287 | Z66: 0 | AA66: 0 | AB66: 0 | AC66: =AC65 -> 11.2166
A67: 3 | B67: WR00L2L2 | C67: 13056 | D67: 96 | E67: 1 | F67: 4 | G67: 152.39 | H67: 9.7374 | I67: 45608 | J67: 0.47840278 | K67: 0 | L67: 0 | M67: 0 | N67: =N66 -> 9.74202 | P67: 3 | Q67: WR00L2L2 | R67: 13056 | S67: 96 | T67: 1 | U67: 4 | V67: 132.48 | W67: 11.201 | X67: 45608 | Y67: 0.49748843 | Z67: 0 | AA67: 0 | AB67: 0 | AC67: =AC66 -> 11.2166
A68: 4 | B68: WR00L2L2 | C68: 13056 | D68: 96 | E68: 1 | F68: 4 | G68: 152.32 | H68: 9.7421 | I68: 45608 | J68: 0.58150463 | K68: 0 | L68: 0 | M68: 0 | N68: =N67 -> 9.74202 | P68: 4 | Q68: WR00L2L2 | R68: 13056 | S68: 96 | T68: 1 | U68: 4 | V68: 132.29 | W68: 11.217 | X68: 45608 | Y68: 0.60771991 | Z68: 0 | AA68: 0 | AB68: 0 | AC68: =AC67 -> 11.2166
A69: 0 | B69: WR00L2L2 | C69: 13824 | D69: 96 | E69: 1 | F69: 4 | G69: 200.44 | H69: 8.7879 | I69: 45608 | J69: 0.33028935 | K69: 0 | L69: 0 | M69: 0 | N69: =AVERAGE(H69:H73) -> 8.78884 | P69: 0 | Q69: WR00L2L2 | R69: 13824 | S69: 96 | T69: 1 | U69: 4 | V69: 161.03 | W69: 10.939 | X69: 45608 | Y69: 0.33398148 | Z69: 0 | AA69: 0 | AB69: 0 | AC69: =AVERAGE(W69:W73) -> 10.9412
A70: 1 | B70: WR00L2L2 | C70: 13824 | D70: 96 | E70: 1 | F70: 4 | G70: 200.28 | H70: 8.7952 | I70: 45608 | J70: 0.38533565 | K70: 0 | L70: 0 | M70: 0 | N70: =N69 -> 8.78884 | P70: 1 | Q70: WR00L2L2 | R70: 13824 | S70: 96 | T70: 1 | U70: 4 | V70: 160.96 | W70: 10.944 | X70: 45608 | Y70: 0.39465278 | Z70: 0 | AA70: 0 | AB70: 0 | AC70: =AC69 -> 10.9412
A71: 2 | B71: WR00L2L2 | C71: 13824 | D71: 96 | E71: 1 | F71: 4 | G71: 200.6 | H71: 8.7811 | I71: 45608 | J71: 0.44034722 | K71: 0 | L71: 0 | M71: 0 | N71: =N70 -> 8.78884 | P71: 2 | Q71: WR00L2L2 | R71: 13824 | S71: 96 | T71: 1 | U71: 4 | V71: 161.11 | W71: 10.933 | X71: 45608 | Y71: 0.45533565 | Z71: 0 | AA71: 0 | AB71: 0 | AC71: =AC70 -> 10.9412
A72: 3 | B72: WR00L2L2 | C72: 13824 | D72: 96 | E72: 1 | F72: 4 | G72: 200.27 | H72: 8.7955 | I72: 45608 | J72: 0.49533565 | K72: 0 | L72: 0 | M72: 0 | N72: =N71 -> 8.78884 | P72: 3 | Q72: WR00L2L2 | R72: 13824 | S72: 96 | T72: 1 | U72: 4 | V72: 160.98 | W72: 10.943 | X72: 45608 | Y72: 0.56553241 | Z72: 0 | AA72: 0 | AB72: 0 | AC72: =AC71 -> 10.9412
A73: 4 | B73: WR00L2L2 | C73: 13824 | D73: 96 | E73: 1 | F73: 4 | G73: 200.52 | H73: 8.7845 | I73: 45608 | J73: 0.5984375 | K73: 0 | L73: 0 | M73: 0 | N73: =N72 -> 8.78884 | P73: 4 | Q73: WR00L2L2 | R73: 13824 | S73: 96 | T73: 1 | U73: 4 | V73: 160.92 | W73: 10.947 | X73: 45608 | Y73: 0.62625 | Z73: 0 | AA73: 0 | AB73: 0 | AC73: =AC72 -> 10.9412
A74: 0 | B74: WR00L2L2 | C74: 14592 | D74: 96 | E74: 1 | F74: 4 | G74: 209.52 | H74: 9.8878 | I74: 45608 | J74: 0.34962963 | K74: 0 | L74: 0 | M74: 0 | N74: =AVERAGE(H74:H78) -> 9.87718 | P74: 0 | Q74: WR00L2L2 | R74: 14592 | S74: 96 | T74: 1 | U74: 4 | V74: 182.93 | W74: 11.325 | X74: 45608 | Y74: 0.35521991 | Z74: 0 | AA74: 0 | AB74: 0 | AC74: =AVERAGE(W74:W78) -> 11.3374
A75: 1 | B75: WR00L2L2 | C75: 14592 | D75: 96 | E75: 1 | F75: 4 | G75: 209.86 | H75: 9.8715 | I75: 45608 | J75: 0.40471065 | K75: 0 | L75: 0 | M75: 0 | N75: =N74 -> 9.87718 | P75: 1 | Q75: WR00L2L2 | R75: 14592 | S75: 96 | T75: 1 | U75: 4 | V75: 182.48 | W75: 11.353 | X75: 45608 | Y75: 0.41590278 | Z75: 0 | AA75: 0 | AB75: 0 | AC75: =AC74 -> 11.3374
A76: 2 | B76: WR00L2L2 | C76: 14592 | D76: 96 | E76: 1 | F76: 4 | G76: 209.73 | H76: 9.8776 | I76: 45608 | J76: 0.4596875 | K76: 0 | L76: 0 | M76: 0 | N76: =N75 -> 9.87718 | P76: 2 | Q76: WR00L2L2 | R76: 14592 | S76: 96 | T76: 1 | U76: 4 | V76: 182.59 | W76: 11.346 | X76: 45608 | Y76: 0.47657407 | Z76: 0 | AA76: 0 | AB76: 0 | AC76: =AC75 -> 11.3374
A77: 3 | B77: WR00L2L2 | C77: 14592 | D77: 96 | E77: 1 | F77: 4 | G77: 209.94 | H77: 9.8678 | I77: 45608 | J77: 0.5146875 | K77: 0 | L77: 0 | M77: 0 | N77: =N76 -> 9.87718 | P77: 3 | Q77: WR00L2L2 | R77: 14592 | S77: 96 | T77: 1 | U77: 4 | V77: 182.95 | W77: 11.323 | X77: 45608 | Y77: 0.58680556 | Z77: 0 | AA77: 0 | AB77: 0 | AC77: =AC76 -> 11.3374
A78: 4 | B78: WR00L2L2 | C78: 14592 | D78: 96 | E78: 1 | F78: 4 | G78: 209.66 | H78: 9.8812 | I78: 45608 | J78: 0.61777778 | K78: 0 | L78: 0 | M78: 0 | N78: =N77 -> 9.87718 | P78: 4 | Q78: WR00L2L2 | R78: 14592 | S78: 96 | T78: 1 | U78: 4 | V78: 182.69 | W78: 11.34 | X78: 45608 | Y78: 0.6475 | Z78: 0 | AA78: 0 | AB78: 0 | AC78: =AC77 -> 11.3374
A79: 0 | B79: WR00L2L2 | C79: 13056 | D79: 96 | E79: 2 | F79: 2 | G79: 148.45 | H79: 9.9961 | I79: 45608 | J79: 0.31521991 | K79: 0 | L79: 0 | M79: 0 | N79: =AVERAGE(H79:H83) -> 9.99168 | P79: 0 | Q79: WR00L2L2 | R79: 13056 | S79: 96 | T79: 2 | U79: 2 | V79: 132.72 | W79: 11.181 | X79: 45608 | Y79: 0.31755787 | Z79: 0 | AA79: 0 | AB79: 0 | AC79: =AVERAGE(W79:W83) -> 11.1762
A80: 1 | B80: WR00L2L2 | C80: 13056 | D80: 96 | E80: 2 | F80: 2 | G80: 148.47 | H80: 9.995 | I80: 45608 | J80: 0.3702662 | K80: 0 | L80: 0 | M80: 0 | N80: =N79 -> 9.99168 | P80: 1 | Q80: WR00L2L2 | R80: 13056 | S80: 96 | T80: 2 | U80: 2 | V80: 133.03 | W80: 11.155 | X80: 45608 | Y80: 0.37824074 | Z80: 0 | AA80: 0 | AB80: 0 | AC80: =AC79 -> 11.1762
A81: 2 | B81: WR00L2L2 | C81: 13056 | D81: 96 | E81: 2 | F81: 2 | G81: 148.55 | H81: 9.9891 | I81: 45608 | J81: 0.4252662 | K81: 0 | L81: 0 | M81: 0 | N81: =N80 -> 9.99168 | P81: 2 | Q81: WR00L2L2 | R81: 13056 | S81: 96 | T81: 2 | U81: 2 | V81: 132.53 | W81: 11.197 | X81: 45608 | Y81: 0.43891204 | Z81: 0 | AA81: 0 | AB81: 0 | AC81: =AC80 -> 11.1762
A82: 3 | B82: WR00L2L2 | C82: 13056 | D82: 96 | E82: 2 | F82: 2 | G82: 148.58 | H82: 9.9874 | I82: 45608 | J82: 0.4802662 | K82: 0 | L82: 0 | M82: 0 | N82: =N81 -> 9.99168 | P82: 3 | Q82: WR00L2L2 | R82: 13056 | S82: 96 | T82: 2 | U82: 2 | V82: 132.75 | W82: 11.178 | X82: 45608 | Y82: 0.49958333 | Z82: 0 | AA82: 0 | AB82: 0 | AC82: =AC81 -> 11.1762
A83: 4 | B83: WR00L2L2 | C83: 13056 | D83: 96 | E83: 2 | F83: 2 | G83: 148.53 | H83: 9.9908 | I83: 45608 | J83: 0.58336806 | K83: 0 | L83: 0 | M83: 0 | N83: =N82 -> 9.99168 | P83: 4 | Q83: WR00L2L2 | R83: 13056 | S83: 96 | T83: 2 | U83: 2 | V83: 132.84 | W83: 11.17 | X83: 45608 | Y83: 0.60981481 | Z83: 0 | AA83: 0 | AB83: 0 | AC83: =AC82 -> 11.1762
A84: 0 | B84: WR00L2L2 | C84: 13824 | D84: 96 | E84: 2 | F84: 2 | G84: 179.24 | H84: 9.8274 | I84: 45608 | J84: 0.33252315 | K84: 0 | L84: 0 | M84: 0 | N84: =AVERAGE(H84:H88) -> 9.82728 | P84: 0 | Q84: WR00L2L2 | R84: 13824 | S84: 96 | T84: 2 | U84: 2 | V84: 157.56 | W84: 11.18 | X84: 45608 | Y84: 0.33642361 | Z84: 0 | AA84: 0 | AB84: 0 | AC84: =AVERAGE(W84:W88) -> 11.1952
A85: 1 | B85: WR00L2L2 | C85: 13824 | D85: 96 | E85: 2 | F85: 2 | G85: 179.42 | H85: 9.818 | I85: 45608 | J85: 0.38758102 | K85: 0 | L85: 0 | M85: 0 | N85: =N84 -> 9.82728 | P85: 1 | Q85: WR00L2L2 | R85: 13824 | S85: 96 | T85: 2 | U85: 2 | V85: 157.33 | W85: 11.196 | X85: 45608 | Y85: 0.39709491 | Z85: 0 | AA85: 0 | AB85: 0 | AC85: =AC84 -> 11.1952
A86: 2 | B86: WR00L2L2 | C86: 13824 | D86: 96 | E86: 2 | F86: 2 | G86: 179.27 | H86: 9.8258 | I86: 45608 | J86: 0.44258102 | K86: 0 | L86: 0 | M86: 0 | N86: =N85 -> 9.82728 | P86: 2 | Q86: WR00L2L2 | R86: 13824 | S86: 96 | T86: 2 | U86: 2 | V86: 157.32 | W86: 11.197 | X86: 45608 | Y86: 0.45777778 | Z86: 0 | AA86: 0 | AB86: 0 | AC86: =AC85 -> 11.1952
A87: 3 | B87: WR00L2L2 | C87: 13824 | D87: 96 | E87: 2 | F87: 2 | G87: 179.09 | H87: 9.8358 | I87: 45608 | J87: 0.49758102 | K87: 0 | L87: 0 | M87: 0 | N87: =N86 -> 9.82728 | P87: 3 | Q87: WR00L2L2 | R87: 13824 | S87: 96 | T87: 2 | U87: 2 | V87: 157.23 | W87: 11.204 | X87: 45608 | Y87: 0.56797454 | Z87: 0 | AA87: 0 | AB87: 0 | AC87: =AC86 -> 11.1952
A88: 4 | B88: WR00L2L2 | C88: 13824 | D88: 96 | E88: 2 | F88: 2 | G88: 179.21 | H88: 9.8294 | I88: 45608 | J88: 0.60068287 | K88: 0 | L88: 0 | M88: 0 | N88: =N87 -> 9.82728 | P88: 4 | Q88: WR00L2L2 | R88: 13824 | S88: 96 | T88: 2 | U88: 2 | V88: 157.29 | W88: 11.199 | X88: 45608 | Y88: 0.62868056 | Z88: 0 | AA88: 0 | AB88: 0 | AC88: =AC87 -> 11.1952
A89: 0 | B89: WR00L2L2 | C89: 14592 | D89: 96 | E89: 2 | F89: 2 | G89: 205.41 | H89: 10.086 | I89: 45608 | J89: 0.3521875 | K89: 0 | L89: 0 | M89: 0 | N89: =AVERAGE(H89:H93) -> 10.1142 | P89: 0 | Q89: WR00L2L2 | R89: 14592 | S89: 96 | T89: 2 | U89: 2 | V89: 183.37 | W89: 11.298 | X89: 45608 | Y89: 0.35802083 | Z89: 0 | AA89: 0 | AB89: 0 | AC89: =AVERAGE(W89:W93) -> 11.3098
A90: 1 | B90: WR00L2L2 | C90: 14592 | D90: 96 | E90: 2 | F90: 2 | G90: 204.68 | H90: 10.121 | I90: 45608 | J90: 0.40725694 | K90: 0 | L90: 0 | M90: 0 | N90: =N89 -> 10.1142 | P90: 1 | Q90: WR00L2L2 | R90: 14592 | S90: 96 | T90: 2 | U90: 2 | V90: 183.01 | W90: 11.32 | X90: 45608 | Y90: 0.41871528 | Z90: 0 | AA90: 0 | AB90: 0 | AC90: =AC89 -> 11.3098
A91: 2 | B91: WR00L2L2 | C91: 14592 | D91: 96 | E91: 2 | F91: 2 | G91: 204.81 | H91: 10.115 | I91: 45608 | J91: 0.4622338 | K91: 0 | L91: 0 | M91: 0 | N91: =N90 -> 10.1142 | P91: 2 | Q91: WR00L2L2 | R91: 14592 | S91: 96 | T91: 2 | U91: 2 | V91: 182.91 | W91: 11.326 | X91: 45608 | Y91: 0.479375 | Z91: 0 | AA91: 0 | AB91: 0 | AC91: =AC90 -> 11.3098
A92: 3 | B92: WR00L2L2 | C92: 14592 | D92: 96 | E92: 2 | F92: 2 | G92: 204.74 | H92: 10.119 | I92: 45608 | J92: 0.56537037 | K92: 0 | L92: 0 | M92: 0 | N92: =N91 -> 10.1142 | P92: 3 | Q92: WR00L2L2 | R92: 14592 | S92: 96 | T92: 2 | U92: 2 | V92: 183.16 | W92: 11.311 | X92: 45608 | Y92: 0.58960648 | Z92: 0 | AA92: 0 | AB92: 0 | AC92: =AC91 -> 11.3098
A93: 4 | B93: WR00L2L2 | C93: 14592 | D93: 96 | E93: 2 | F93: 2 | G93: 204.51 | H93: 10.13 | I93: 45608 | J93: 0.62032407 | K93: 0 | L93: 0 | M93: 0 | N93: =N92 -> 10.1142 | P93: 4 | Q93: WR00L2L2 | R93: 14592 | S93: 96 | T93: 2 | U93: 2 | V93: 183.43 | W93: 11.294 | X93: 45608 | Y93: 0.6503125 | Z93: 0 | AA93: 0 | AB93: 0 | AC93: =AC92 -> 11.3098
A94: 0 | B94: WR00L2L2 | C94: 13056 | D94: 128 | E94: 1 | F94: 4 | G94: 148.91 | H94: 9.965 | I94: 45318 | J94: 0.80572917 | K94: 0 | L94: 0 | M94: 0 | N94: =AVERAGE(H94:H98) -> 9.96538 | P94: 0 | Q94: WR00L2L2 | R94: 13056 | S94: 128 | T94: 1 | U94: 4 | V94: 136.31 | W94: 10.887 | X94: 45318 | Y94: 0.47362269 | Z94: 0 | AA94: 0 | AB94: 0 | AC94: =AVERAGE(W94:W98) -> 10.8862
A95: 1 | B95: WR00L2L2 | C95: 13056 | D95: 128 | E95: 1 | F95: 4 | G95: 148.81 | H95: 9.9718 | I95: 45318 | J95: 0.8584375 | K95: 0 | L95: 0 | M95: 0 | N95: =N94 -> 9.96538 | P95: 1 | Q95: WR00L2L2 | R95: 13056 | S95: 128 | T95: 1 | U95: 4 | V95: 136.28 | W95: 10.889 | X95: 45318 | Y95: 0.53329861 | Z95: 0 | AA95: 0 | AB95: 0 | AC95: =AC94 -> 10.8862
A96: 2 | B96: WR00L2L2 | C96: 13056 | D96: 128 | E96: 1 | F96: 4 | G96: 149.05 | H96: 9.9561 | I96: 45318 | J96: 0.91115741 | K96: 0 | L96: 0 | M96: 0 | N96: =N95 -> 9.96538 | P96: 2 | Q96: WR00L2L2 | R96: 13056 | S96: 128 | T96: 1 | U96: 4 | V96: 136.32 | W96: 10.886 | X96: 45318 | Y96: 0.59292824 | Z96: 0 | AA96: 0 | AB96: 0 | AC96: =AC95 -> 10.8862
A97: 3 | B97: WR00L2L2 | C97: 13056 | D97: 128 | E97: 1 | F97: 4 | G97: 148.91 | H97: 9.9656 | I97: 45318 | J97: 0.96387731 | K97: 0 | L97: 0 | M97: 0 | N97: =N96 -> 9.96538 | P97: 3 | Q97: WR00L2L2 | R97: 13056 | S97: 128 | T97: 1 | U97: 4 | V97: 136.39 | W97: 10.88 | X97: 45318 | Y97: 0.65260417 | Z97: 0 | AA97: 0 | AB97: 0 | AC97: =AC96 -> 10.8862
A98: 4 | B98: WR00L2L2 | C98: 13056 | D98: 128 | E98: 1 | F98: 4 | G98: 148.86 | H98: 9.9684 | I98: 45319 | J98: 0.016585648 | K98: 0 | L98: 0 | M98: 0 | N98: =N97 -> 9.96538 | P98: 4 | Q98: WR00L2L2 | R98: 13056 | S98: 128 | T98: 1 | U98: 4 | V98: 136.28 | W98: 10.889 | X98: 45318 | Y98: 0.71224537 | Z98: 0 | AA98: 0 | AB98: 0 | AC98: =AC97 -> 10.8862
A99: 0 | B99: WR00L2L2 | C99: 13824 | D99: 128 | E99: 1 | F99: 4 | G99: 193.67 | H99: 9.0953 | I99: 45318 | J99: 0.82185185 | K99: 0 | L99: 0 | M99: 0 | N99: =AVERAGE(H99:H103) -> 9.09558 | P99: 0 | Q99: WR00L2L2 | R99: 13824 | S99: 128 | T99: 1 | U99: 4 | V99: 170.47 | W99: 10.333 | X99: 45318 | Y99: 0.49180556 | Z99: 0 | AA99: 0 | AB99: 0 | AC99: =AVERAGE(W99:W103) -> 10.3288
A100: 1 | B100: WR00L2L2 | C100: 13824 | D100: 128 | E100: 1 | F100: 4 | G100: 193.62 | H100: 9.0979 | I100: 45318 | J100: 0.87457176 | K100: 0 | L100: 0 | M100: 0 | N100: =N99 -> 9.09558 | P100: 1 | Q100: WR00L2L2 | R100: 13824 | S100: 128 | T100: 1 | U100: 4 | V100: 170.73 | W100: 10.317 | X100: 45318 | Y100: 0.55145833 | Z100: 0 | AA100: 0 | AB100: 0 | AC100: =AC99 -> 10.3288
A101: 2 | B101: WR00L2L2 | C101: 13824 | D101: 128 | E101: 1 | F101: 4 | G101: 193.62 | H101: 9.0975 | I101: 45318 | J101: 0.92729167 | K101: 0 | L101: 0 | M101: 0 | N101: =N100 -> 9.09558 | P101: 2 | Q101: WR00L2L2 | R101: 13824 | S101: 128 | T101: 1 | U101: 4 | V101: 170.58 | W101: 10.326 | X101: 45318 | Y101: 0.61109954 | Z101: 0 | AA101: 0 | AB101: 0 | AC101: =AC100 -> 10.3288
...

Sheet 1 node, 825, params
B1: "big" build, 933MHz, (small cores at 1,3GHz for stability), Swap ON, ATLAS | I1: 933MHz, (small cores at 1,3GHz for stability), Swap ON, OpenBLAS
B2: =INDEX(B4:B500,MATCH(MAX(F4:F500),F4:F500,0)) -> 14560 | C2: =INDEX(C4:C500,MATCH(MAX(F4:F500),F4:F500,0)) -> 160 | D2: =INDEX(D4:D500,MATCH(MAX(F4:F500),F4:F500,0)) -> 2 | E2: =INDEX(E4:E500,MATCH(MAX(F4:F500),F4:F500,0)) -> 2 | F2: =MAX(F4:F500) -> 10.7934 | I2: =INDEX(I4:I500,MATCH(MAX(M4:M500),M4:M500,0)) -> 14592 | J2: =INDEX(J4:J500,MATCH(MAX(M4:M500),M4:M500,0)) -> 96 | K2: =INDEX(K4:K500,MATCH(MAX(M4:M500),M4:M500,0)) -> 1 | L2: =INDEX(L4:L500,MATCH(MAX(M4:M500),M4:M500,0)) -> 4 | M2: =MAX(M4:M500) -> 11.3374
A3: N (round) | B3: N | C3: NB | D3: P | E3: Q | F3: Average GFLOP/s | H3: N (round) | I3: N | J3: NB | K3: P | L3: Q | M3: Average GFLOP/s
A4: =CHOOSE(IF(ABS(B4-13056)<=ABS(B4-13824),IF(ABS(B4-13056)<=ABS(B4-14592),1,3),IF(ABS(B4-13824)<=ABS(B4-14592),2,3)),13056,13824,14592) -> 13056 | B4: {=_xlfn.CHOOSECOLS(_xlfn._xlws.FILTER('1 node, 933, params, RAW'!A4:N500,'1 node, 933, params, RAW'!A4:A500=0),3,4,5,6,14)} -> 13056 | C4: 32 | D4: 1 | E4: 4 | F4: 8.95054 | H4: =CHOOSE(IF(ABS(I4-13056)<=ABS(I4-13824),IF(ABS(I4-13056)<=ABS(I4-14592),1,3),IF(ABS(I4-13824)<=ABS(I4-14592),2,3)),13056,13824,14592) -> 13056 | I4: {=_xlfn.CHOOSECOLS(_xlfn._xlws.FILTER('1 node, 825, params, RAW'!P4:AC500,'1 node, 825, params, RAW'!P4:P500=0),3,4,5,6,14)} -> 13056 | J4: 32 | K4: 1 | L4: 4 | M4: 10.04074
A5: =CHOOSE(IF(ABS(B5-13056)<=ABS(B5-13824),IF(ABS(B5-13056)<=ABS(B5-14592),1,3),IF(ABS(B5-13824)<=ABS(B5-14592),2,3)),13056,13824,14592) -> 13824 | B5: 13824 | C5: 32 | D5: 1 | E5: 4 | F5: 8.04716 | H5: =CHOOSE(IF(ABS(I5-13056)<=ABS(I5-13824),IF(ABS(I5-13056)<=ABS(I5-14592),1,3),IF(ABS(I5-13824)<=ABS(I5-14592),2,3)),13056,13824,14592) -> 13824 | I5: 13824 | J5: 32 | K5: 1 | L5: 4 | M5: 9.39776
A6: =CHOOSE(IF(ABS(B6-13056)<=ABS(B6-13824),IF(ABS(B6-13056)<=ABS(B6-14592),1,3),IF(ABS(B6-13824)<=ABS(B6-14592),2,3)),13056,13824,14592) -> 14592 | B6: 14592 | C6: 32 | D6: 1 | E6: 4 | F6: 9.05344 | H6: =CHOOSE(IF(ABS(I6-13056)<=ABS(I6-13824),IF(ABS(I6-13056)<=ABS(I6-14592),1,3),IF(ABS(I6-13824)<=ABS(I6-14592),2,3)),13056,13824,14592) -> 14592 | I6: 14592 | J6: 32 | K6: 1 | L6: 4 | M6: 10.1384
A7: =CHOOSE(IF(ABS(B7-13056)<=ABS(B7-13824),IF(ABS(B7-13056)<=ABS(B7-14592),1,3),IF(ABS(B7-13824)<=ABS(B7-14592),2,3)),13056,13824,14592) -> 13056 | B7: 13056 | C7: 32 | D7: 2 | E7: 2 | F7: 8.94272 | H7: =CHOOSE(IF(ABS(I7-13056)<=ABS(I7-13824),IF(ABS(I7-13056)<=ABS(I7-14592),1,3),IF(ABS(I7-13824)<=ABS(I7-14592),2,3)),13056,13824,14592) -> 13056 | I7: 13056 | J7: 32 | K7: 2 | L7: 2 | M7: 10.178
A8: =CHOOSE(IF(ABS(B8-13056)<=ABS(B8-13824),IF(ABS(B8-13056)<=ABS(B8-14592),1,3),IF(ABS(B8-13824)<=ABS(B8-14592),2,3)),13056,13824,14592) -> 13824 | B8: 13824 | C8: 32 | D8: 2 | E8: 2 | F8: 8.90788 | H8: =CHOOSE(IF(ABS(I8-13056)<=ABS(I8-13824),IF(ABS(I8-13056)<=ABS(I8-14592),1,3),IF(ABS(I8-13824)<=ABS(I8-14592),2,3)),13056,13824,14592) -> 13824 | I8: 13824 | J8: 32 | K8: 2 | L8: 2 | M8: 10.1792
A9: =CHOOSE(IF(ABS(B9-13056)<=ABS(B9-13824),IF(ABS(B9-13056)<=ABS(B9-14592),1,3),IF(ABS(B9-13824)<=ABS(B9-14592),2,3)),13056,13824,14592) -> 14592 | B9: 14592 | C9: 32 | D9: 2 | E9: 2 | F9: 9.0345 | H9: =CHOOSE(IF(ABS(I9-13056)<=ABS(I9-13824),IF(ABS(I9-13056)<=ABS(I9-14592),1,3),IF(ABS(I9-13824)<=ABS(I9-14592),2,3)),13056,13824,14592) -> 14592 | I9: 14592 | J9: 32 | K9: 2 | L9: 2 | M9: 10.2962
A10: =CHOOSE(IF(ABS(B10-13056)<=ABS(B10-13824),IF(ABS(B10-13056)<=ABS(B10-14592),1,3),IF(ABS(B10-13824)<=ABS(B10-14592),2,3)),13056,13824,14592) -> 13056 | B10: 13056 | C10: 64 | D10: 1 | E10: 4 | F10: 9.96582 | H10: =CHOOSE(IF(ABS(I10-13056)<=ABS(I10-13824),IF(ABS(I10-13056)<=ABS(I10-14592),1,3),IF(ABS(I10-13824)<=ABS(I10-14592),2,3)),13056,13824,14592) -> 13056 | I10: 13056 | J10: 64 | K10: 1 | L10: 4 | M10: 10.9456
A11: =CHOOSE(IF(ABS(B11-13056)<=ABS(B11-13824),IF(ABS(B11-13056)<=ABS(B11-14592),1,3),IF(ABS(B11-13824)<=ABS(B11-14592),2,3)),13056,13824,14592) -> 13824 | B11: 13824 | C11: 64 | D11: 1 | E11: 4 | F11: 9.0017 | H11: =CHOOSE(IF(ABS(I11-13056)<=ABS(I11-13824),IF(ABS(I11-13056)<=ABS(I11-14592),1,3),IF(ABS(I11-13824)<=ABS(I11-14592),2,3)),13056,13824,14592) -> 13824 | I11: 13824 | J11: 64 | K11: 1 | L11: 4 | M11: 10.3784
A12: =CHOOSE(IF(ABS(B12-13056)<=ABS(B12-13824),IF(ABS(B12-13056)<=ABS(B12-14592),1,3),IF(ABS(B12-13824)<=ABS(B12-14592),2,3)),13056,13824,14592) -> 14592 | B12: 14592 | C12: 64 | D12: 1 | E12: 4 | F12: 10.07194 | H12: =CHOOSE(IF(ABS(I12-13056)<=ABS(I12-13824),IF(ABS(I12-13056)<=ABS(I12-14592),1,3),IF(ABS(I12-13824)<=ABS(I12-14592),2,3)),13056,13824,14592) -> 14592 | I12: 14592 | J12: 64 | K12: 1 | L12: 4 | M12: 11.0424
A13: =CHOOSE(IF(ABS(B13-13056)<=ABS(B13-13824),IF(ABS(B13-13056)<=ABS(B13-14592),1,3),IF(ABS(B13-13824)<=ABS(B13-14592),2,3)),13056,13824,14592) -> 13056 | B13: 13056 | C13: 64 | D13: 2 | E13: 2 | F13: 10.0122 | H13: =CHOOSE(IF(ABS(I13-13056)<=ABS(I13-13824),IF(ABS(I13-13056)<=ABS(I13-14592),1,3),IF(ABS(I13-13824)<=ABS(I13-14592),2,3)),13056,13824,14592) -> 13056 | I13: 13056 | J13: 64 | K13: 2 | L13: 2 | M13: 10.8896
A14: =CHOOSE(IF(ABS(B14-13056)<=ABS(B14-13824),IF(ABS(B14-13056)<=ABS(B14-14592),1,3),IF(ABS(B14-13824)<=ABS(B14-14592),2,3)),13056,13824,14592) -> 13824 | B14: 13824 | C14: 64 | D14: 2 | E14: 2 | F14: 9.86494 | H14: =CHOOSE(IF(ABS(I14-13056)<=ABS(I14-13824),IF(ABS(I14-13056)<=ABS(I14-14592),1,3),IF(ABS(I14-13824)<=ABS(I14-14592),2,3)),13056,13824,14592) -> 13824 | I14: 13824 | J14: 64 | K14: 2 | L14: 2 | M14: 10.911
A15: =CHOOSE(IF(ABS(B15-13056)<=ABS(B15-13824),IF(ABS(B15-13056)<=ABS(B15-14592),1,3),IF(ABS(B15-13824)<=ABS(B15-14592),2,3)),13056,13824,14592) -> 14592 | B15: 14592 | C15: 64 | D15: 2 | E15: 2 | F15: 10.1334 | H15: =CHOOSE(IF(ABS(I15-13056)<=ABS(I15-13824),IF(ABS(I15-13056)<=ABS(I15-14592),1,3),IF(ABS(I15-13824)<=ABS(I15-14592),2,3)),13056,13824,14592) -> 14592 | I15: 14592 | J15: 64 | K15: 2 | L15: 2 | M15: 11.0258
A16: =CHOOSE(IF(ABS(B16-13056)<=ABS(B16-13824),IF(ABS(B16-13056)<=ABS(B16-14592),1,3),IF(ABS(B16-13824)<=ABS(B16-14592),2,3)),13056,13824,14592) -> 13056 | B16: 13056 | C16: 96 | D16: 1 | E16: 4 | F16: 9.96692 | H16: =CHOOSE(IF(ABS(I16-13056)<=ABS(I16-13824),IF(ABS(I16-13056)<=ABS(I16-14592),1,3),IF(ABS(I16-13824)<=ABS(I16-14592),2,3)),13056,13824,14592) -> 13056 | I16: 13056 | J16: 96 | K16: 1 | L16: 4 | M16: 11.2166
... A276: =CHOOSE(IF(ABS(B276-13056)<=ABS(B276-13824),IF(ABS(B276-13056)<=ABS(B276-14592),1,3),IF(ABS(B276-13824)<=ABS(B276-14592),2,3)),13056,13824,14592) -> 13056 | B276: 0 | C276: 0 | D276: 0 | E276: 0 | F276: 0 | H276: =CHOOSE(IF(ABS(I276-13056)<=ABS(I276-13824),IF(ABS(I276-13056)<=ABS(I276-14592),1,3),IF(ABS(I276-13824)<=ABS(I276-14592),2,3)),13056,13824,14592) -> 13056 | I276: 0 | J276: 0 | K276: 0 | L276: 0 | M276: 0
A277: =CHOOSE(IF(ABS(B277-13056)<=ABS(B277-13824),IF(ABS(B277-13056)<=ABS(B277-14592),1,3),IF(ABS(B277-13824)<=ABS(B277-14592),2,3)),13056,13824,14592) -> 13056 | B277: 0 | C277: 0 | D277: 0 | E277: 0 | F277: 0
A278: =CHOOSE(IF(ABS(B278-13056)<=ABS(B278-13824),IF(ABS(B278-13056)<=ABS(B278-14592),1,3),IF(ABS(B278-13824)<=ABS(B278-14592),2,3)),13056,13824,14592) -> 13056 | B278: 0 | C278: 0 | D278: 0 | E278: 0 | F278: 0
A279: =CHOOSE(IF(ABS(B279-13056)<=ABS(B279-13824),IF(ABS(B279-13056)<=ABS(B279-14592),1,3),IF(ABS(B279-13824)<=ABS(B279-14592),2,3)),13056,13824,14592) -> 13056 | B279: 0 | C279: 0 | D279: 0 | E279: 0 | F279: 0
A280: =CHOOSE(IF(ABS(B280-13056)<=ABS(B280-13824),IF(ABS(B280-13056)<=ABS(B280-14592),1,3),IF(ABS(B280-13824)<=ABS(B280-14592),2,3)),13056,13824,14592) -> 13056 | B280: 0 | C280: 0 | D280: 0 | E280: 0 | F280: 0
A281: =CHOOSE(IF(ABS(B281-13056)<=ABS(B281-13824),IF(ABS(B281-13056)<=ABS(B281-14592),1,3),IF(ABS(B281-13824)<=ABS(B281-14592),2,3)),13056,13824,14592) -> 13056 | B281: 0 | C281: 0 | D281: 0 | E281: 0 | F281: 0
A282: =CHOOSE(IF(ABS(B282-13056)<=ABS(B282-13824),IF(ABS(B282-13056)<=ABS(B282-14592),1,3),IF(ABS(B282-13824)<=ABS(B282-14592),2,3)),13056,13824,14592) -> 13056 | B282: 0 | C282: 0 | D282: 0 | E282: 0 | F282: 0
A283: =CHOOSE(IF(ABS(B283-13056)<=ABS(B283-13824),IF(ABS(B283-13056)<=ABS(B283-14592),1,3),IF(ABS(B283-13824)<=ABS(B283-14592),2,3)),13056,13824,14592) -> 13056 | B283: 0 | C283: 0 | D283: 0 | E283: 0 | F283: 0
A284: =CHOOSE(IF(ABS(B284-13056)<=ABS(B284-13824),IF(ABS(B284-13056)<=ABS(B284-14592),1,3),IF(ABS(B284-13824)<=ABS(B284-14592),2,3)),13056,13824,14592) -> 13056 | B284: 0 | C284: 0 | D284: 0 | E284: 0 | F284: 0
A285: =CHOOSE(IF(ABS(B285-13056)<=ABS(B285-13824),IF(ABS(B285-13056)<=ABS(B285-14592),1,3),IF(ABS(B285-13824)<=ABS(B285-14592),2,3)),13056,13824,14592) -> 13056 | B285: 0 | C285: 0 | D285: 0 | E285: 0 | F285: 0
A286: =CHOOSE(IF(ABS(B286-13056)<=ABS(B286-13824),IF(ABS(B286-13056)<=ABS(B286-14592),1,3),IF(ABS(B286-13824)<=ABS(B286-14592),2,3)),13056,13824,14592) -> 13056 | B286: 0 | C286: 0 | D286: 0 | E286: 0 | F286: 0
A287: =CHOOSE(IF(ABS(B287-13056)<=ABS(B287-13824),IF(ABS(B287-13056)<=ABS(B287-14592),1,3),IF(ABS(B287-13824)<=ABS(B287-14592),2,3)),13056,13824,14592) -> 13056 | B287: 0 | C287: 0 | D287: 0 | E287: 0 | F287: 0
A288: =CHOOSE(IF(ABS(B288-13056)<=ABS(B288-13824),IF(ABS(B288-13056)<=ABS(B288-14592),1,3),IF(ABS(B288-13824)<=ABS(B288-14592),2,3)),13056,13824,14592) -> 13056 | B288: 0 | C288: 0 | D288: 0 | E288: 0 | F288: 0
... A308: =CHOOSE(IF(ABS(B308-13056)<=ABS(B308-13824),IF(ABS(B308-13056)<=ABS(B308-14592),1,3),IF(ABS(B308-13824)<=ABS(B308-14592),2,3)),13056,13824,14592) -> 13056 | B308: 0 | C308: 0 | D308: 0 | E308: 0 | F308: 0
I373: 0 | J373: 0 | K373: 0 | L373: 0 | M373: 0
I374: 0 | J374: 0 | K374: 0 | L374: 0 | M374: 0
I375: 0 | J375: 0 | K375: 0 | L375: 0 | M375: 0
I376: 0 | J376: 0 | K376: 0 | L376: 0 | M376: 0
I377: 0 | J377: 0 | K377: 0 | L377: 0 | M377: 0
I378: 0 | J378: 0 | K378: 0 | L378: 0 | M378: 0
I379: 0 | J379: 0 | K379: 0 | L379: 0 | M379: 0
I380: 0 | J380: 0 | K380: 0 | L380: 0 | M380: 0
I381: 0 | J381: 0 | K381: 0 | L381: 0 | M381: 0
I382: 0 | J382: 0 | K382: 0 | L382: 0 | M382: 0
I383: 0 | J383: 0 | K383: 0 | L383: 0 | M383: 0
I384: 0 | J384: 0 | K384: 0 | L384: 0 | M384: 0
... I403: 0 | J403: 0 | K403: 0 | L403: 0 | M403: 0

Sheet 1 node, 933, params, RAW
AE1: odroid10, "big" build, 933MHz, (small cores at 1,3GHz for stability), Swap ON, ATLAS, Jan 2024 | AU1: odroid13, 933MHz, (small cores at 1,3GHz for stability), Swap ON, OpenBLAS, Jan 2024
A2: BEST average: | B2: =MAX(N4:N499) -> 10.7934 | C2: =INDEX(C:C,MATCH(MAX($N:$N),$N:$N,0)) -> 14560 | D2: =INDEX(D:D,MATCH(MAX($N:$N),$N:$N,0)) -> 160 | E2: =INDEX(E:E,MATCH(MAX($N:$N),$N:$N,0)) -> 2 | F2: =INDEX(F:F,MATCH(MAX($N:$N),$N:$N,0)) -> 2 | K2: Time at a frequency [1/100s] | P2: BEST average: | Q2: =MAX(AC4:AC498) -> 11.5314 | R2: =INDEX(R:R,MATCH(MAX($AC:$AC),$AC:$AC,0)) -> 14592 | S2: =INDEX(S:S,MATCH(MAX($AC:$AC),$AC:$AC,0)) -> 96 | T2: =INDEX(T:T,MATCH(MAX($AC:$AC),$AC:$AC,0)) -> 1 | U2: =INDEX(U:U,MATCH(MAX($AC:$AC),$AC:$AC,0)) -> 4 | Z2: Odroid10 throttling time [1/100s] | AF2: BEST average: | AG2: =MAX(AS4:AS499) -> 10.784 | AH2: =INDEX(AH:AH,MATCH(MAX($AS:$AS),$AS:$AS,0)) -> 14560 | AI2: =INDEX(AI:AI,MATCH(MAX($AS:$AS),$AS:$AS,0)) -> 160 | AJ2: =INDEX(AJ:AJ,MATCH(MAX($AS:$AS),$AS:$AS,0)) -> 2 | AK2: =INDEX(AK:AK,MATCH(MAX($AS:$AS),$AS:$AS,0)) -> 2 | AP2: Time at a frequency [1/100s] | AV2: BEST average: | AW2: =MAX(BI4:BI499) -> 11.421 | AX2: =INDEX(AX:AX,MATCH(MAX($BI:$BI),$BI:$BI,0)) -> 14592 | AY2: =INDEX(AY:AY,MATCH(MAX($BI:$BI),$BI:$BI,0)) -> 192 | AZ2: =INDEX(AZ:AZ,MATCH(MAX($BI:$BI),$BI:$BI,0)) -> 2 | BA2: =INDEX(BA:BA,MATCH(MAX($BI:$BI),$BI:$BI,0)) -> 2 | BF2: Odroid10 throttling time [1/100s]
A3: #run | B3: Flags | C3: N | D3: NB | E3: P | F3: Q | G3: Time | H3: GFLOPS | I3: Date | J3: Time | K3: 1700MHz | L3: 1800MHz | M3: 1900MHz | N3: Average GFLOPS | P3: #run | Q3: Flags | R3: N | S3: NB | T3: P | U3: Q | V3: Time | W3: GFLOPS | X3: Date | Y3: Time | Z3: 1700MHz | AA3: 1800MHz | AB3: 1900MHz | AC3: Average GFLOPS | AE3: Build | AF3: #run | AG3: Flags | AH3: N | AI3: NB | AJ3: P | AK3: Q | AL3: Time | AM3: GFLOPS | AN3: Date | AO3: Time | AP3: 1700MHz | AQ3: 1800MHz | AR3: 1900MHz | AS3: Average GFLOPS | AU3: Build | AV3: #run | AW3: Flags | AX3: N | AY3: NB | AZ3: P | BA3: Q | BB3: Time | BC3: GFLOPS | BD3: Date | BE3: Time | BF3: 1700MHz | BG3: 1800MHz | BH3: 1900MHz | BI3: Average GFLOPS
A4: 0 | B4: WR00L2L2 | C4: 13056 | D4: 32 | E4: 1 | F4: 4 | G4: 165.78 | H4: 8.9513 | I4: 45608 | J4: 0.30876157 | K4: 0 | L4: 0 | M4: 0 | N4: =AVERAGE(H4:H8) -> 8.95054 | P4: 0 | Q4: WR00L2L2 | R4: 13056 | S4: 32 | T4: 1 | U4: 4 | V4: 143.22 | W4: 10.361 | X4: 45608 | Y4: 0.30922454 | Z4: 0 | AA4: 0 | AB4: 0 | AC4: =AVERAGE(W4:W8) -> 10.3496 | AF4: 0 | AG4: WR00L2L2 | AH4: 13056 | AI4: 64 | AJ4: 1 | AK4: 4 | AL4: 149.04 | AM4: 9.9565 | AN4: 45313 | AO4: 0.74716435 | AP4: 0 | AQ4: 0 | AR4: 0 | AS4: =AVERAGE(AM4:AM8) -> 9.95402 | AV4: 0 | AW4: WR00L2L2 | AX4: 13056 | AY4: 64 | AZ4: 1 | BA4: 4 | BB4: 132.83 | BC4: 11.171 | BD4: 45313 | BE4: 0.74952546 | BF4: 0 | BG4: 0 | BH4: 0 | BI4: =AVERAGE(BC4:BC8) -> 11.1822
A5: 1 | B5: WR00L2L2 | C5: 13056 | D5: 32 | E5: 1 | F5: 4 | G5: 165.66 | H5: 8.9579 | I5: 45608 | J5: 0.36251157 | K5: 0 | L5: 0 | M5: 0 | N5: =N4 -> 8.95054 | P5: 1 | Q5: WR00L2L2 | R5: 13056 | S5: 32 | T5: 1 | U5: 4 | V5: 142.98 | W5: 10.378 | X5: 45608 | Y5: 0.39630787 | Z5: 0 | AA5: 0 | AB5: 0 | AC5: =AC4 -> 10.3496 | AF5: 1 | AG5: WR00L2L2 | AH5: 13056 | AI5: 64 | AJ5: 1 | AK5: 4 | AL5: 149.07 | AM5: 9.9543 | AN5: 45313 | AO5: 0.79891204 | AP5: 0 | AQ5: 0 | AR5: 0 | AS5: =AS4 -> 9.95402 | AV5: 1 | AW5: WR00L2L2 | AX5: 13056 | AY5: 64 | AZ5: 1 | BA5: 4 | BB5: 132.74 | BC5: 11.179 | BD5: 45313 | BE5: 0.80825231 | BF5: 0 | BG5: 0 | BH5: 0 | BI5: =BI4 -> 11.1822
A6: 2 | B6: WR00L2L2 | C6: 13056 | D6: 32 | E6: 1 | F6: 4 | G6: 165.81 | H6: 8.9497 | I6: 45608 | J6: 0.41622685 | K6: 0 | L6: 0 | M6: 0 | N6: =N5 -> 8.95054 | P6: 2 | Q6: WR00L2L2 | R6: 13056 | S6: 32 | T6: 1 | U6: 4 | V6: 143.5 | W6: 10.341 | X6: 45608 | Y6: 0.45611111 | Z6: 0 | AA6: 0 | AB6: 0 | AC6: =AC5 -> 10.3496 | AF6: 2 | AG6: WR00L2L2 | AH6: 13056 | AI6: 64 | AJ6: 1 | AK6: 4 | AL6: 149.08 | AM6: 9.9538 | AN6: 45313 | AO6: 0.85063657 | AP6: 0 | AQ6: 0 | AR6: 0 | AS6: =AS5 -> 9.95402 | AV6: 2 | AW6: WR00L2L2 | AX6: 13056 | AY6: 64 | AZ6: 1 | BA6: 4 | BB6: 132.76 | BC6: 11.178 | BD6: 45313 | BE6: 0.86696759 | BF6: 0 | BG6: 0 | BH6: 0 | BI6: =BI5 -> 11.1822
A7: 3 | B7: WR00L2L2 | C7: 13056 | D7: 32 | E7: 1 | F7: 4 | G7: 165.71 | H7: 8.9553 | I7: 45608 | J7: 0.46994213 | K7: 0 | L7: 0 | M7: 0 | N7: =N6 -> 8.95054 | P7: 3 | Q7: WR00L2L2 | R7: 13056 | S7: 32 | T7: 1 | U7: 4 | V7: 143.57 | W7: 10.336 | X7: 45608 | Y7: 0.5649537 | Z7: 0 | AA7: 0 | AB7: 0 | AC7: =AC6 -> 10.3496 | AF7: 3 | AG7: WR00L2L2 | AH7: 13056 | AI7: 64 | AJ7: 1 | AK7: 4 | AL7: 149.14 | AM7: 9.9497 | AN7: 45313 | AO7: 0.90236111 | AP7: 0 | AQ7: 0 | AR7: 0 | AS7: =AS6 -> 9.95402 | AV7: 3 | AW7: WR00L2L2 | AX7: 13056 | AY7: 64 | AZ7: 1 | BA7: 4 | BB7: 132.52 | BC7: 11.198 | BD7: 45313 | BE7: 0.92568287 | BF7: 0 | BG7: 0 | BH7: 0 | BI7: =BI6 -> 11.1822
A8: 4 | B8: WR00L2L2 | C8: 13056 | D8: 32 | E8: 1 | F8: 4 | G8: 166.02 | H8: 8.9385 | I8: 45608 | J8: 0.57208333 | K8: 0 | L8: 0 | M8: 0 | N8: =N7 -> 8.95054 | P8: 4 | Q8: WR00L2L2 | R8: 13056 | S8: 32 | T8: 1 | U8: 4 | V8: 143.63 | W8: 10.332 | X8: 45608 | Y8: 0.62480324 | Z8: 0 | AA8: 0 | AB8: 0 | AC8: =AC7 -> 10.3496 | AF8: 4 | AG8: WR00L2L2 | AH8: 13056 | AI8: 64 | AJ8: 1 | AK8: 4 | AL8: 149.05 | AM8: 9.9558 | AN8: 45313 | AO8: 0.95409722 | AP8: 0 | AQ8: 0 | AR8: 0 | AS8: =AS7 -> 9.95402 | AV8: 4 | AW8: WR00L2L2 | AX8: 13056 | AY8: 64 | AZ8: 1 | BA8: 4 | BB8: 132.67 | BC8: 11.185 | BD8: 45313 | BE8: 0.98440972 | BF8: 0 | BG8: 0 | BH8: 0 | BI8: =BI7 -> 11.1822
A9: 0 | B9: WR00L2L2 | C9: 13824 | D9: 32 | E9: 1 | F9: 4 | G9: 218.81 | H9: 8.0503 | I9: 45608 | J9: 0.32436343 | K9: 0 | L9: 0 | M9: 0 | N9: =AVERAGE(H9:H13) -> 8.04716 | P9: 0 | Q9: WR00L2L2 | R9: 13824 | S9: 32 | T9: 1 | U9: 4 | V9: 182.88 | W9: 9.6319 | X9: 45608 | Y9: 0.3540162 | Z9: 0 | AA9: 0 | AB9: 0 | AC9: =AVERAGE(W9:W13) -> 9.62316 | AF9: 0 | AG9: WR00L2L2 | AH9: 13824 | AI9: 64 | AJ9: 1 | AK9: 4 | AL9: 195.75 | AM9: 8.9986 | AN9: 45313 | AO9: 0.76209491 | AP9: 0 | AQ9: 0 | AR9: 0 | AS9: =AVERAGE(AM9:AM13) -> 8.99022 | AV9: 0 | AW9: WR00L2L2 | AX9: 13824 | AY9: 64 | AZ9: 1 | BA9: 4 | BB9: 167.08 | BC9: 10.543 | BD9: 45313 | BE9: 0.76662037 | BF9: 0 | BG9: 0 | BH9: 0 | BI9: =AVERAGE(BC9:BC13) -> 10.5682
A10: 1 | B10: WR00L2L2 | C10: 13824 | D10: 32 | E10: 1 | F10: 4 | G10: 218.91 | H10: 8.0465 | I10: 45608 | J10: 0.378125 | K10: 0 | L10: 0 | M10: 0 | N10: =N9 -> 8.04716 | P10: 1 | Q10: WR00L2L2 | R10: 13824 | S10: 32 | T10: 1 | U10: 4 | V10: 183.98 | W10: 9.5744 | X10: 45608 | Y10: 0.4137963 | Z10: 0 | AA10: 0 | AB10: 0 | AC10: =AC9 -> 9.62316 | AF10: 1 | AG10: WR00L2L2 | AH10: 13824 | AI10: 64 | AJ10: 1 | AK10: 4 | AL10: 195.7 | AM10: 9.0012 | AN10: 45313 | AO10: 0.81384259 | AP10: 0 | AQ10: 0 | AR10: 0 | AS10: =AS9 -> 8.99022 | AV10: 1 | AW10: WR00L2L2 | AX10: 13824 | AY10: 64 | AZ10: 1 | BA10: 4 | BB10: 165.94 | BC10: 10.615 | BD10: 45313 | BE10: 0.82533565 | BF10: 0 | BG10: 0 | BH10: 0 | BI10: =BI9 -> 10.5682
A11: 2 | B11: WR00L2L2 | C11: 13824 | D11: 32 | E11: 1 | F11: 4 | G11: 218.82 | H11: 8.0498 | I11: 45608 | J11: 0.43181713 | K11: 0 | L11: 0 | M11: 0 | N11: =N10 -> 8.04716 | P11: 2 | Q11: WR00L2L2 | R11: 13824 | S11: 32 | T11: 1 | U11: 4 | V11: 182.61 | W11: 9.6461 | X11: 45608 | Y11: 0.47359954 | Z11: 0 | AA11: 0 | AB11: 0 | AC11: =AC10 -> 9.62316 | AF11: 2 | AG11: WR00L2L2 | AH11: 13824 | AI11: 64 | AJ11: 1 | AK11: 4 | AL11: 196.16 | AM11: 8.98 | AN11: 45313 | AO11: 0.8655787 | AP11: 0 | AQ11: 0 | AR11: 0 | AS11: =AS10 -> 8.99022 | AV11: 2 | AW11: WR00L2L2 | AX11: 13824 | AY11: 64 | AZ11: 1 | BA11: 4 | BB11: 166.31 | BC11: 10.592 | BD11: 45313 | BE11: 0.88405093 | BF11: 0 | BG11: 0 | BH11: 0 | BI11: =BI10 -> 10.5682
A12: 3 | B12: WR00L2L2 | C12: 13824 | D12: 32 | E12: 1 | F12: 4 | G12: 218.94 | H12: 8.0457 | I12: 45608 | J12: 0.48553241 | K12: 0 | L12: 0 | M12: 0 | N12: =N11 -> 8.04716 | P12: 3 | Q12: WR00L2L2 | R12: 13824 | S12: 32 | T12: 1 | U12: 4 | V12: 183.02 | W12: 9.6245 | X12: 45608 | Y12: 0.58243056 | Z12: 0 | AA12: 0 | AB12: 0 | AC12: =AC11 -> 9.62316 | AF12: 3 | AG12: WR00L2L2 | AH12: 13824 | AI12: 64 | AJ12: 1 | AK12: 4 | AL12: 196.15 | AM12: 8.9805 | AN12: 45313 | AO12: 0.91730324 | AP12: 0 | AQ12: 0 | AR12: 0 | AS12: =AS11 -> 8.99022 | AV12: 3 | AW12: WR00L2L2 | AX12: 13824 | AY12: 64 | AZ12: 1 | BA12: 4 | BB12: 167.38 | BC12: 10.524 | BD12: 45313 | BE12: 0.94277778 | BF12: 0 | BG12: 0 | BH12: 0 | BI12: =BI11 -> 10.5682
A13: 4 | B13: WR00L2L2 | C13: 13824 | D13: 32 | E13: 1 | F13: 4 | G13: 219 | H13: 8.0435 | I13: 45608 | J13: 0.58769676 | K13: 0 | L13: 0 | M13: 0 | N13: =N12 -> 8.04716 | P13: 4 | Q13: WR00L2L2 | R13: 13824 | S13: 32 | T13: 1 | U13: 4 | V13: 182.75 | W13: 9.6389 | X13: 45608 | Y13: 0.64228009 | Z13: 0 | AA13: 0 | AB13: 0 | AC13: =AC12 -> 9.62316 | AF13: 4 | AG13: WR00L2L2 | AH13: 13824 | AI13: 64 | AJ13: 1 | AK13: 4 | AL13: 195.92 | AM13: 8.9908 | AN13: 45313 | AO13: 0.96902778 | AP13: 0 | AQ13: 0 | AR13: 0 | AS13: =AS12 -> 8.99022 | AV13: 4 | AW13: WR00L2L2 | AX13: 13824 | AY13: 64 | AZ13: 1 | BA13: 4 | BB13: 166.69 | BC13: 10.567 | BD13: 45314 | BE13: 0.0014930556 | BF13: 0 | BG13: 0 | BH13: 0 | BI13: =BI12 -> 10.5682
A14: 0 | B14: WR00L2L2 | C14: 14592 | D14: 32 | E14: 1 | F14: 4 | G14: 228.93 | H14: 9.0494 | I14: 45608 | J14: 0.34274306 | K14: 0 | L14: 0 | M14: 0 | N14: =AVERAGE(H14:H18) -> 9.05344 | P14: 0 | Q14: WR00L2L2 | R14: 14592 | S14: 32 | T14: 1 | U14: 4 | V14: 198.57 | W14: 10.433 | X14: 45608 | Y14: 0.37424769 | Z14: 0 | AA14: 0 | AB14: 0 | AC14: =AVERAGE(W14:W18) -> 10.3848 | AF14: 0 | AG14: WR00L2L2 | AH14: 14592 | AI14: 64 | AJ14: 1 | AK14: 4 | AL14: 205.17 | AM14: 10.097 | AN14: 45313 | AO14: 0.77986111 | AP14: 0 | AQ14: 0 | AR14: 0 | AS14: =AVERAGE(AM14:AM18) -> 10.0972 | AV14: 0 | AW14: WR00L2L2 | AX14: 14592 | AY14: 64 | AZ14: 1 | BA14: 4 | BB14: 184.15 | BC14: 11.25 | BD14: 45313 | BE14: 0.7865625 | BF14: 0 | BG14: 0 | BH14: 0 | BI14: =AVERAGE(BC14:BC18) -> 11.2762
A15: 1 | B15: WR00L2L2 | C15: 14592 | D15: 32 | E15: 1 | F15: 4 | G15: 228.64 | H15: 9.0608 | I15: 45608 | J15: 0.39650463 | K15: 0 | L15: 0 | M15: 0 | N15: =N14 -> 9.05344 | P15: 1 | Q15: WR00L2L2 | R15: 14592 | S15: 32 | T15: 1 | U15: 4 | V15: 200.07 | W15: 10.355 | X15: 45608 | Y15: 0.43405093 | Z15: 0 | AA15: 0 | AB15: 0 | AC15: =AC14 -> 10.3848 | AF15: 1 | AG15: WR00L2L2 | AH15: 14592 | AI15: 64 | AJ15: 1 | AK15: 4 | AL15: 205.09 | AM15: 10.101 | AN15: 45313 | AO15: 0.8316088 | AP15: 0 | AQ15: 0 | AR15: 0 | AS15: =AS14 -> 10.0972 | AV15: 1 | AW15: WR00L2L2 | AX15: 14592 | AY15: 64 | AZ15: 1 | BA15: 4 | BB15: 183.85 | BC15: 11.268 | BD15: 45313 | BE15: 0.84527778 | BF15: 0 | BG15: 0 | BH15: 0 | BI15: =BI14 -> 11.2762
A16: 2 | B16: WR00L2L2 | C16: 14592 | D16: 32 | E16: 1 | F16: 4 | G16: 228.9 | H16: 9.0507 | I16: 45608 | J16: 0.45020833 | K16: 0 | L16: 0 | M16: 0 | N16: =N15 -> 9.05344 | P16: 2 | Q16: WR00L2L2 | R16: 14592 | S16: 32 | T16: 1 | U16: 4 | V16: 200.6 | W16: 10.327 | X16: 45608 | Y16: 0.49384259 | Z16: 0 | AA16: 0 | AB16: 0 | AC16: =AC15 -> 10.3848 | AF16: 2 | AG16: WR00L2L2 | AH16: 14592 | AI16: 64 | AJ16: 1 | AK16: 4 | AL16: 205.07 | AM16: 10.102 | AN16: 45313 | AO16: 0.88334491 | AP16: 0 | AQ16: 0 | AR16: 0 | AS16: =AS15 -> 10.0972 | AV16: 2 | AW16: WR00L2L2 | AX16: 14592 | AY16: 64 | AZ16: 1 | BA16: 4 | BB16: 183.49 | BC16: 11.29 | BD16: 45313 | BE16: 0.90399306 | BF16: 0 | BG16: 0 | BH16: 0 | BI16: =BI15 -> 11.2762
A17: 3 | B17: WR00L2L2 | C17: 14592 | D17: 32 | E17: 1 | F17: 4 | G17: 228.87 | H17: 9.0518 | I17: 45608 | J17: 0.50392361 | K17: 0 | L17: 0 | M17: 0 | N17: =N16 -> 9.05344 | P17: 3 | Q17: WR00L2L2 | R17: 14592 | S17: 32 | T17: 1 | U17: 4 | V17: 200.53 | W17: 10.331 | X17: 45608 | Y17: 0.60267361 | Z17: 0 | AA17: 0 | AB17: 0 | AC17: =AC16 -> 10.3848 | AF17: 3 | AG17: WR00L2L2 | AH17: 14592 | AI17: 64 | AJ17: 1 | AK17: 4 | AL17: 205.28 | AM17: 10.092 | AN17: 45313 | AO17: 0.93506944 | AP17: 0 | AQ17: 0 | AR17: 0 | AS17: =AS16 -> 10.0972 | AV17: 3 | AW17: WR00L2L2 | AX17: 14592 | AY17: 64 | AZ17: 1 | BA17: 4 | BB17: 183.54 | BC17: 11.287 | BD17: 45313 | BE17: 0.96271991 | BF17: 0 | BG17: 0 | BH17: 0 | BI17: =BI16 -> 11.2762
A18: 4 | B18: WR00L2L2 | C18: 14592 | D18: 32 | E18: 1 | F18: 4 | G18: 228.8 | H18: 9.0545 | I18: 45608 | J18: 0.60607639 | K18: 0 | L18: 0 | M18: 0 | N18: =N17 -> 9.05344 | P18: 4 | Q18: WR00L2L2 | R18: 14592 | S18: 32 | T18: 1 | U18: 4 | V18: 197.72 | W18: 10.478 | X18: 45608 | Y18: 0.72310185 | Z18: 0 | AA18: 0 | AB18: 0 | AC18: =AC17 -> 10.3848 | AF18: 4 | AG18: WR00L2L2 | AH18: 14592 | AI18: 64 | AJ18: 1 | AK18: 4 | AL18: 205.24 | AM18: 10.094 | AN18: 45313 | AO18: 0.98680556 | AP18: 0 | AQ18: 0 | AR18: 0 | AS18: =AS17 -> 10.0972 | AV18: 4 | AW18: WR00L2L2 | AX18: 14592 | AY18: 64 | AZ18: 1 | BA18: 4 | BB18: 183.56 | BC18: 11.286 | BD18: 45314 | BE18: 0.021423611 | BF18: 0 | BG18: 0 | BH18: 0 | BI18: =BI17 -> 11.2762
A19: 0 | B19: WR00L2L2 | C19: 13056 | D19: 32 | E19: 2 | F19: 2 | G19: 166.01 | H19: 8.9385 | I19: 45608 | J19: 0.31083333 | K19: 0 | L19: 0 | M19: 0 | N19: =AVERAGE(H19:H23) -> 8.94272 | P19: 0 | Q19: WR00L2L2 | R19: 13056 | S19: 32 | T19: 2 | U19: 2 | V19: 142.01 | W19: 10.45 | X19: 45608 | Y19: 0.31142361 | Z19: 0 | AA19: 0 | AB19: 0 | AC19: =AVERAGE(W19:W23) -> 10.4482 | AF19: 0 | AG19: WR00L2L2 | AH19: 13056 | AI19: 64 | AJ19: 2 | AK19: 2 | AL19: 148.48 | AM19: 9.9942 | AN19: 45313 | AO19: 0.74902778 | AP19: 0 | AQ19: 0 | AR19: 0 | AS19: =AVERAGE(AM19:AM23) -> 10.0013 | AV19: 0 | AW19: WR00L2L2 | AX19: 13056 | AY19: 64 | AZ19: 2 | BA19: 2 | BB19: 133.34 | BC19: 11.129 | BD19: 45313 | BE19: 0.75162037 | BF19: 0 | BG19: 0 | BH19: 0 | BI19: =AVERAGE(BC19:BC23) -> 11.122
A20: 1 | B20: WR00L2L2 | C20: 13056 | D20: 32 | E20: 2 | F20: 2 | G20: 166.06 | H20: 8.9359 | I20: 45608 | J20: 0.36458333 | K20: 0 | L20: 0 | M20: 0 | N20: =N19 -> 8.94272 | P20: 1 | Q20: WR00L2L2 | R20: 13056 | S20: 32 | T20: 2 | U20: 2 | V20: 141.46 | W20: 10.49 | X20: 45608 | Y20: 0.39850694 | Z20: 0 | AA20: 0 | AB20: 0 | AC20: =AC19 -> 10.4482 | AF20: 1 | AG20: WR00L2L2 | AH20: 13056 | AI20: 64 | AJ20: 2 | AK20: 2 | AL20: 148.2 | AM20: 10.013 | AN20: 45313 | AO20: 0.80077546 | AP20: 0 | AQ20: 0 | AR20: 0 | AS20: =AS19 -> 10.0013 | AV20: 1 | AW20: WR00L2L2 | AX20: 13056 | AY20: 64 | AZ20: 2 | BA20: 2 | BB20: 133.5 | BC20: 11.116 | BD20: 45313 | BE20: 0.81034722 | BF20: 0 | BG20: 0 | BH20: 0 | BI20: =BI19 -> 11.122
A21: 2 | B21: WR00L2L2 | C21: 13056 | D21: 32 | E21: 2 | F21: 2 | G21: 165.71 | H21: 8.955 | I21: 45608 | J21: 0.41828704 | K21: 0 | L21: 0 | M21: 0 | N21: =N20 -> 8.94272 | P21: 2 | Q21: WR00L2L2 | R21: 13056 | S21: 32 | T21: 2 | U21: 2 | V21: 142.85 | W21: 10.388 | X21: 45608 | Y21: 0.45832176 | Z21: 0 | AA21: 0 | AB21: 0 | AC21: =AC20 -> 10.4482 | AF21: 2 | AG21: WR00L2L2 | AH21: 13056 | AI21: 64 | AJ21: 2 | AK21: 2 | AL21: 148.33 | AM21: 10.004 | AN21: 45313 | AO21: 0.8525 | AP21: 0 | AQ21: 0 | AR21: 0 | AS21: =AS20 -> 10.0013 | AV21: 2 | AW21: WR00L2L2 | AX21: 13056 | AY21: 64 | AZ21: 2 | BA21: 2 | BB21: 133.41 | BC21: 11.123 | BD21: 45313 | BE21: 0.8690625 | BF21: 0 | BG21: 0 | BH21: 0 | BI21: =BI20 -> 11.122
A22: 3 | B22: WR00L2L2 | C22: 13056 | D22: 32 | E22: 2 | F22: 2 | G22: 165.79 | H22: 8.9507 | I22: 45608 | J22: 0.47200231 | K22: 0 | L22: 0 | M22: 0 | N22: =N21 -> 8.94272 | P22: 3 | Q22: WR00L2L2 | R22: 13056 | S22: 32 | T22: 2 | U22: 2 | V22: 141.68 | W22: 10.474 | X22: 45608 | Y22: 0.56715278 | Z22: 0 | AA22: 0 | AB22: 0 | AC22: =AC21 -> 10.4482 | AF22: 3 | AG22: WR00L2L2 | AH22: 13056 | AI22: 64 | AJ22: 2 | AK22: 2 | AL22: 148.49 | AM22: 9.9933 | AN22: 45313 | AO22: 0.90422454 | AP22: 0 | AQ22: 0 | AR22: 0 | AS22: =AS21 -> 10.0013 | AV22: 3 | AW22: WR00L2L2 | AX22: 13056 | AY22: 64 | AZ22: 2 | BA22: 2 | BB22: 133.56 | BC22: 11.11 | BD22: 45313 | BE22: 0.92777778 | BF22: 0 | BG22: 0 | BH22: 0 | BI22: =BI21 -> 11.122
A23: 4 | B23: WR00L2L2 | C23: 13056 | D23: 32 | E23: 2 | F23: 2 | G23: 166.11 | H23: 8.9335 | I23: 45608 | J23: 0.57415509 | K23: 0 | L23: 0 | M23: 0 | N23: =N22 -> 8.94272 | P23: 4 | Q23: WR00L2L2 | R23: 13056 | S23: 32 | T23: 2 | U23: 2 | V23: 142.15 | W23: 10.439 | X23: 45608 | Y23: 0.62701389 | Z23: 0 | AA23: 0 | AB23: 0 | AC23: =AC22 -> 10.4482 | AF23: 4 | AG23: WR00L2L2 | AH23: 13056 | AI23: 64 | AJ23: 2 | AK23: 2 | AL23: 148.37 | AM23: 10.002 | AN23: 45313 | AO23: 0.95596065 | AP23: 0 | AQ23: 0 | AR23: 0 | AS23: =AS22 -> 10.0013 | AV23: 4 | AW23: WR00L2L2 | AX23: 13056 | AY23: 64 | AZ23: 2 | BA23: 2 | BB23: 133.3 | BC23: 11.132 | BD23: 45313 | BE23: 0.98650463 | BF23: 0 | BG23: 0 | BH23: 0 | BI23: =BI22 -> 11.122
A24: 0 | B24: WR00L2L2 | C24: 13824 | D24: 32 | E24: 2 | F24: 2 | G24: 197.85 | H24: 8.9033 | I24: 45608 | J24: 0.32681713 | K24: 0 | L24: 0 | M24: 0 | N24: =AVERAGE(H24:H28) -> 8.90788 | P24: 0 | Q24: WR00L2L2 | R24: 13824 | S24: 32 | T24: 2 | U24: 2 | V24: 168.78 | W24: 10.437 | X24: 45608 | Y24: 0.35659722 | Z24: 0 | AA24: 0 | AB24: 0 | AC24: =AVERAGE(W24:W28) -> 10.4068 | AF24: 0 | AG24: WR00L2L2 | AH24: 13824 | AI24: 64 | AJ24: 2 | AK24: 2 | AL24: 178.54 | AM24: 9.8661 | AN24: 45313 | AO24: 0.7643287 | AP24: 0 | AQ24: 0 | AR24: 0 | AS24: =AVERAGE(AM24:AM28) -> 9.8522 | AV24: 0 | AW24: WR00L2L2 | AX24: 13824 | AY24: 64 | AZ24: 2 | BA24: 2 | BB24: 158.44 | BC24: 11.118 | BD24: 45313 | BE24: 0.7690625 | BF24: 0 | BG24: 0 | BH24: 0 | BI24: =AVERAGE(BC24:BC28) -> 11.1216
A25: 1 | B25: WR00L2L2 | C25: 13824 | D25: 32 | E25: 2 | F25: 2 | G25: 197.84 | H25: 8.9034 | I25: 45608 | J25: 0.38056713 | K25: 0 | L25: 0 | M25: 0 | N25: =N24 -> 8.90788 | P25: 1 | Q25: WR00L2L2 | R25: 13824 | S25: 32 | T25: 2 | U25: 2 | V25: 170.7 | W25: 10.319 | X25: 45608 | Y25: 0.41638889 | Z25: 0 | AA25: 0 | AB25: 0 | AC25: =AC24 -> 10.4068 | AF25: 1 | AG25: WR00L2L2 | AH25: 13824 | AI25: 64 | AJ25: 2 | AK25: 2 | AL25: 178.89 | AM25: 9.8467 | AN25: 45313 | AO25: 0.81607639 | AP25: 0 | AQ25: 0 | AR25: 0 | AS25: =AS24 -> 9.8522 | AV25: 1 | AW25: WR00L2L2 | AX25: 13824 | AY25: 64 | AZ25: 2 | BA25: 2 | BB25: 158.4 | BC25: 11.12 | BD25: 45313 | BE25: 0.82777778 | BF25: 0 | BG25: 0 | BH25: 0 | BI25: =BI24 -> 11.1216
A26: 2 | B26: WR00L2L2 | C26: 13824 | D26: 32 | E26: 2 | F26: 2 | G26: 197.59 | H26: 8.9148 | I26: 45608 | J26: 0.43427083 | K26: 0 | L26: 0 | M26: 0 | N26: =N25 -> 8.90788 | P26: 2 | Q26: WR00L2L2 | R26: 13824 | S26: 32 | T26: 2 | U26: 2 | V26: 168.81 | W26: 10.435 | X26: 45608 | Y26: 0.47618056 | Z26: 0 | AA26: 0 | AB26: 0 | AC26: =AC25 -> 10.4068 | AF26: 2 | AG26: WR00L2L2 | AH26: 13824 | AI26: 64 | AJ26: 2 | AK26: 2 | AL26: 179 | AM26: 9.8408 | AN26: 45313 | AO26: 0.86780093 | AP26: 0 | AQ26: 0 | AR26: 0 | AS26: =AS25 -> 9.8522 | AV26: 2 | AW26: WR00L2L2 | AX26: 13824 | AY26: 64 | AZ26: 2 | BA26: 2 | BB26: 158.67 | BC26: 11.101 | BD26: 45313 | BE26: 0.88650463 | BF26: 0 | BG26: 0 | BH26: 0 | BI26: =BI25 -> 11.1216
A27: 3 | B27: WR00L2L2 | C27: 13824 | D27: 32 | E27: 2 | F27: 2 | G27: 197.7 | H27: 8.9098 | I27: 45608 | J27: 0.48798611 | K27: 0 | L27: 0 | M27: 0 | N27: =N26 -> 8.90788 | P27: 3 | Q27: WR00L2L2 | R27: 13824 | S27: 32 | T27: 2 | U27: 2 | V27: 168.91 | W27: 10.429 | X27: 45608 | Y27: 0.58501157 | Z27: 0 | AA27: 0 | AB27: 0 | AC27: =AC26 -> 10.4068 | AF27: 3 | AG27: WR00L2L2 | AH27: 13824 | AI27: 64 | AJ27: 2 | AK27: 2 | AL27: 178.84 | AM27: 9.8496 | AN27: 45313 | AO27: 0.91953704 | AP27: 0 | AQ27: 0 | AR27: 0 | AS27: =AS26 -> 9.8522 | AV27: 3 | AW27: WR00L2L2 | AX27: 13824 | AY27: 64 | AZ27: 2 | BA27: 2 | BB27: 158.12 | BC27: 11.14 | BD27: 45313 | BE27: 0.94523148 | BF27: 0 | BG27: 0 | BH27: 0 | BI27: =BI26 -> 11.1216
A28: 4 | B28: WR00L2L2 | C28: 13824 | D28: 32 | E28: 2 | F28: 2 | G28: 197.74 | H28: 8.9081 | I28: 45608 | J28: 0.59015046 | K28: 0 | L28: 0 | M28: 0 | N28: =N27 -> 8.90788 | P28: 4 | Q28: WR00L2L2 | R28: 13824 | S28: 32 | T28: 2 | U28: 2 | V28: 169.15 | W28: 10.414 | X28: 45608 | Y28: 0.64486111 | Z28: 0 | AA28: 0 | AB28: 0 | AC28: =AC27 -> 10.4068 | AF28: 4 | AG28: WR00L2L2 | AH28: 13824 | AI28: 64 | AJ28: 2 | AK28: 2 | AL28: 178.69 | AM28: 9.8578 | AN28: 45313 | AO28: 0.97126157 | AP28: 0 | AQ28: 0 | AR28: 0 | AS28: =AS27 -> 9.8522 | AV28: 4 | AW28: WR00L2L2 | AX28: 13824 | AY28: 64 | AZ28: 2 | BA28: 2 | BB28: 158.29 | BC28: 11.129 | BD28: 45314 | BE28: 0.0039467593 | BF28: 0 | BG28: 0 | BH28: 0 | BI28: =BI27 -> 11.1216
A29: 0 | B29: WR00L2L2 | C29: 14592 | D29: 32 | E29: 2 | F29: 2 | G29: 229.34 | H29: 9.0332 | I29: 45608 | J29: 0.3455787 | K29: 0 | L29: 0 | M29: 0 | N29: =AVERAGE(H29:H33) -> 9.0345 | P29: 0 | Q29: WR00L2L2 | R29: 14592 | S29: 32 | T29: 2 | U29: 2 | V29: 195.96 | W29: 10.572 | X29: 45608 | Y29: 0.37721065 | Z29: 0 | AA29: 0 | AB29: 0 | AC29: =AVERAGE(W29:W33) -> 10.5428 | AF29: 0 | AG29: WR00L2L2 | AH29: 14592 | AI29: 64 | AJ29: 2 | AK29: 2 | AL29: 204.56 | AM29: 10.127 | AN29: 45313 | AO29: 0.78240741 | AP29: 0 | AQ29: 0 | AR29: 0 | AS29: =AVERAGE(AM29:AM33) -> 10.124 | AV29: 0 | AW29: WR00L2L2 | AX29: 14592 | AY29: 64 | AZ29: 2 | BA29: 2 | BB29: 184.46 | BC29: 11.231 | BD29: 45313 | BE29: 0.789375 | BF29: 0 | BG29: 0 | BH29: 0 | BI29: =AVERAGE(BC29:BC33) -> 11.2464
A30: 1 | B30: WR00L2L2 | C30: 14592 | D30: 32 | E30: 2 | F30: 2 | G30: 229.12 | H30: 9.0417 | I30: 45608 | J30: 0.39934028 | K30: 0 | L30: 0 | M30: 0 | N30: =N29 -> 9.0345 | P30: 1 | Q30: WR00L2L2 | R30: 14592 | S30: 32 | T30: 2 | U30: 2 | V30: 196.11 | W30: 10.564 | X30: 45608 | Y30: 0.43701389 | Z30: 0 | AA30: 0 | AB30: 0 | AC30: =AC29 -> 10.5428 | AF30: 1 | AG30: WR00L2L2 | AH30: 14592 | AI30: 64 | AJ30: 2 | AK30: 2 | AL30: 204.58 | AM30: 10.126 | AN30: 45313 | AO30: 0.83415509 | AP30: 0 | AQ30: 0 | AR30: 0 | AS30: =AS29 -> 10.124 | AV30: 1 | AW30: WR00L2L2 | AX30: 14592 | AY30: 64 | AZ30: 2 | BA30: 2 | BB30: 183.97 | BC30: 11.261 | BD30: 45313 | BE30: 0.84809028 | BF30: 0 | BG30: 0 | BH30: 0 | BI30: =BI29 -> 11.2464
A31: 2 | B31: WR00L2L2 | C31: 14592 | D31: 32 | E31: 2 | F31: 2 | G31: 229.34 | H31: 9.0331 | I31: 45608 | J31: 0.45304398 | K31: 0 | L31: 0 | M31: 0 | N31: =N30 -> 9.0345 | P31: 2 | Q31: WR00L2L2 | R31: 14592 | S31: 32 | T31: 2 | U31: 2 | V31: 196.46 | W31: 10.545 | X31: 45608 | Y31: 0.49681713 | Z31: 0 | AA31: 0 | AB31: 0 | AC31: =AC30 -> 10.5428 | AF31: 2 | AG31: WR00L2L2 | AH31: 14592 | AI31: 64 | AJ31: 2 | AK31: 2 | AL31: 204.5 | AM31: 10.131 | AN31: 45313 | AO31: 0.8858912 | AP31: 0 | AQ31: 0 | AR31: 0 | AS31: =AS30 -> 10.124 | AV31: 2 | AW31: WR00L2L2 | AX31: 14592 | AY31: 64 | AZ31: 2 | BA31: 2 | BB31: 184.2 | BC31: 11.247 | BD31: 45313 | BE31: 0.90680556 | BF31: 0 | BG31: 0 | BH31: 0 | BI31: =BI30 -> 11.2464
A32: 3 | B32: WR00L2L2 | C32: 14592 | D32: 32 | E32: 2 | F32: 2 | G32: 229.06 | H32: 9.0441 | I32: 45608 | J32: 0.50675926 | K32: 0 | L32: 0 | M32: 0 | N32: =N31 -> 9.0345 | P32: 3 | Q32: WR00L2L2 | R32: 14592 | S32: 32 | T32: 2 | U32: 2 | V32: 197.57 | W32: 10.486 | X32: 45608 | Y32: 0.60565972 | Z32: 0 | AA32: 0 | AB32: 0 | AC32: =AC31 -> 10.5428 | AF32: 3 | AG32: WR00L2L2 | AH32: 14592 | AI32: 64 | AJ32: 2 | AK32: 2 | AL32: 204.74 | AM32: 10.119 | AN32: 45313 | AO32: 0.93761574 | AP32: 0 | AQ32: 0 | AR32: 0 | AS32: =AS31 -> 10.124 | AV32: 3 | AW32: WR00L2L2 | AX32: 14592 | AY32: 64 | AZ32: 2 | BA32: 2 | BB32: 184.31 | BC32: 11.24 | BD32: 45313 | BE32: 0.96553241 | BF32: 0 | BG32: 0 | BH32: 0 | BI32: =BI31 -> 11.2464
A33: 4 | B33: WR00L2L2 | C33: 14592 | D33: 32 | E33: 2 | F33: 2 | G33: 229.67 | H33: 9.0204 | I33: 45608 | J33: 0.60892361 | K33: 0 | L33: 0 | M33: 0 | N33: =N32 -> 9.0345 | P33: 4 | Q33: WR00L2L2 | R33: 14592 | S33: 32 | T33: 2 | U33: 2 | V33: 196.43 | W33: 10.547 | X33: 45608 | Y33: 0.72606481 | Z33: 0 | AA33: 0 | AB33: 0 | AC33: =AC32 -> 10.5428 | AF33: 4 | AG33: WR00L2L2 | AH33: 14592 | AI33: 64 | AJ33: 2 | AK33: 2 | AL33: 204.77 | AM33: 10.117 | AN33: 45313 | AO33: 0.98935185 | AP33: 0 | AQ33: 0 | AR33: 0 | AS33: =AS32 -> 10.124 | AV33: 4 | AW33: WR00L2L2 | AX33: 14592 | AY33: 64 | AZ33: 2 | BA33: 2 | BB33: 184.09 | BC33: 11.253 | BD33: 45314 | BE33: 0.024236111 | BF33: 0 | BG33: 0 | BH33: 0 | BI33: =BI32 -> 11.2464
A34: 0 | B34: WR00L2L2 | C34: 13056 | D34: 64 | E34: 1 | F34: 4 | G34: 148.89 | H34: 9.9663 | I34: 45313 | J34: 0.83884259 | K34: 0 | L34: 0 | M34: 0 | N34: =AVERAGE(H34:H38) -> 9.96582 | P34: 0 | Q34: WR00L2L2 | R34: 13056 | S34: 64 | T34: 1 | U34: 4 | V34: 132.96 | W34: 11.161 | X34: 45313 | Y34: 0.75658565 | Z34: 0 | AA34: 0 | AB34: 0 | AC34: =AVERAGE(W34:W38) -> 11.1764 | AF34: 0 | AG34: WR00L2L2 | AH34: 13056 | AI34: 128 | AJ34: 1 | AK34: 4 | AL34: 145.83 | AM34: 10.176 | AN34: 45313 | AO34: 0.75085648 | AP34: 0 | AQ34: 0 | AR34: 0 | AS34: =AVERAGE(AM34:AM38) -> 10.1802 | AV34: 0 | AW34: WR00L2L2 | AX34: 13056 | AY34: 128 | AZ34: 1 | BA34: 4 | BB34: 133.44 | BC34: 11.121 | BD34: 45313 | BE34: 0.75372685 | BF34: 0 | BG34: 0 | BH34: 0 | BI34: =AVERAGE(BC34:BC38) -> 11.111
A35: 1 | B35: WR00L2L2 | C35: 13056 | D35: 64 | E35: 1 | F35: 4 | G35: 148.8 | H35: 9.9728 | I35: 45313 | J35: 0.84070602 | K35: 0 | L35: 0 | M35: 0 | N35: =N34 -> 9.96582 | P35: 1 | Q35: WR00L2L2 | R35: 13056 | S35: 64 | T35: 1 | U35: 4 | V35: 132.76 | W35: 11.178 | X35: 45313 | Y35: 0.78802083 | Z35: 0 | AA35: 0 | AB35: 0 | AC35: =AC34 -> 11.1764 | AF35: 1 | AG35: WR00L2L2 | AH35: 13056 | AI35: 128 | AJ35: 1 | AK35: 4 | AL35: 145.71 | AM35: 10.184 | AN35: 45313 | AO35: 0.80260417 | AP35: 0 | AQ35: 0 | AR35: 0 | AS35: =AS34 -> 10.1802 | AV35: 1 | AW35: WR00L2L2 | AX35: 13056 | AY35: 128 | AZ35: 1 | BA35: 4 | BB35: 133.55 | BC35: 11.112 | BD35: 45313 | BE35: 0.8124537 | BF35: 0 | BG35: 0 | BH35: 0 | BI35: =BI34 -> 11.111
A36: 2 | B36: WR00L2L2 | C36: 13056 | D36: 64 | E36: 1 | F36: 4 | G36: 148.95 | H36: 9.9624 | I36: 45313 | J36: 0.86435185 | K36: 0 | L36: 0 | M36: 0 | N36: =N35 -> 9.96582 | P36: 2 | Q36: WR00L2L2 | R36: 13056 | S36: 64 | T36: 1 | U36: 4 | V36: 132.68 | W36: 11.184 | X36: 45313 | Y36: 0.84672454 | Z36: 0 | AA36: 0 | AB36: 0 | AC36: =AC35 -> 11.1764 | AF36: 2 | AG36: WR00L2L2 | AH36: 13056 | AI36: 128 | AJ36: 1 | AK36: 4 | AL36: 145.72 | AM36: 10.183 | AN36: 45313 | AO36: 0.8543287 | AP36: 0 | AQ36: 0 | AR36: 0 | AS36: =AS35 -> 10.1802 | AV36: 2 | AW36: WR00L2L2 | AX36: 13056 | AY36: 128 | AZ36: 1 | BA36: 4 | BB36: 133.5 | BC36: 11.115 | BD36: 45313 | BE36: 0.87116898 | BF36: 0 | BG36: 0 | BH36: 0 | BI36: =BI35 -> 11.111
A37: 3 | B37: WR00L2L2 | C37: 13056 | D37: 64 | E37: 1 | F37: 4 | G37: 148.97 | H37: 9.9613 | I37: 45313 | J37: 0.91596065 | K37: 0 | L37: 0 | M37: 0 | N37: =N36 -> 9.96582 | P37: 3 | Q37: WR00L2L2 | R37: 13056 | S37: 64 | T37: 1 | U37: 4 | V37: 132.75 | W37: 11.178 | X37: 45313 | Y37: 0.90542824 | Z37: 0 | AA37: 0 | AB37: 0 | AC37: =AC36 -> 11.1764 | AF37: 3 | AG37: WR00L2L2 | AH37: 13056 | AI37: 128 | AJ37: 1 | AK37: 4 | AL37: 145.72 | AM37: 10.183 | AN37: 45313 | AO37: 0.90605324 | AP37: 0 | AQ37: 0 | AR37: 0 | AS37: =AS36 -> 10.1802 | AV37: 3 | AW37: WR00L2L2 | AX37: 13056 | AY37: 128 | AZ37: 1 | BA37: 4 | BB37: 133.8 | BC37: 11.09 | BD37: 45313 | BE37: 0.92988426 | BF37: 0 | BG37: 0 | BH37: 0 | BI37: =BI36 -> 11.111
A38: 4 | B38: WR00L2L2 | C38: 13056 | D38: 64 | E38: 1 | F38: 4 | G38: 148.89 | H38: 9.9663 | I38: 45313 | J38: 0.96756944 | K38: 0 | L38: 0 | M38: 0 | N38: =N37 -> 9.96582 | P38: 4 | Q38: WR00L2L2 | R38: 13056 | S38: 64 | T38: 1 | U38: 4 | V38: 132.72 | W38: 11.181 | X38: 45313 | Y38: 0.96415509 | Z38: 0 | AA38: 0 | AB38: 0 | AC38: =AC37 -> 11.1764 | AF38: 4 | AG38: WR00L2L2 | AH38: 13056 | AI38: 128 | AJ38: 1 | AK38: 4 | AL38: 145.85 | AM38: 10.175 | AN38: 45313 | AO38: 0.95778935 | AP38: 0 | AQ38: 0 | AR38: 0 | AS38: =AS37 -> 10.1802 | AV38: 4 | AW38: WR00L2L2 | AX38: 13056 | AY38: 128 | AZ38: 1 | BA38: 4 | BB38: 133.48 | BC38: 11.117 | BD38: 45313 | BE38: 0.98859954 | BF38: 0 | BG38: 0 | BH38: 0 | BI38: =BI37 -> 11.111
A39: 0 | B39: WR00L2L2 | C39: 13824 | D39: 64 | E39: 1 | F39: 4 | G39: 195.4 | H39: 9.0148 | I39: 45313 | J39: 0.76851852 | K39: 0 | L39: 0 | M39: 0 | N39: =AVERAGE(H39:H43) -> 9.0017 | P39: 0 | Q39: WR00L2L2 | R39: 13824 | S39: 64 | T39: 1 | U39: 4 | V39: 166.98 | W39: 10.549 | X39: 45313 | Y39: 0.74637731 | Z39: 0 | AA39: 0 | AB39: 0 | AC39: =AVERAGE(W39:W43) -> 10.5632 | AF39: 0 | AG39: WR00L2L2 | AH39: 13824 | AI39: 128 | AJ39: 1 | AK39: 4 | AL39: 189.86 | AM39: 9.2777 | AN39: 45313 | AO39: 0.76667824 | AP39: 0 | AQ39: 0 | AR39: 0 | AS39: =AVERAGE(AM39:AM43) -> 9.28626 | AV39: 0 | AW39: WR00L2L2 | AX39: 13824 | AY39: 128 | AZ39: 1 | BA39: 4 | BB39: 167.28 | BC39: 10.53 | BD39: 45313 | BE39: 0.77162037 | BF39: 0 | BG39: 0 | BH39: 0 | BI39: =AVERAGE(BC39:BC43) -> 10.5298
A40: 1 | B40: WR00L2L2 | C40: 13824 | D40: 64 | E40: 1 | F40: 4 | G40: 195.62 | H40: 9.0044 | I40: 45313 | J40: 0.82030093 | K40: 0 | L40: 0 | M40: 0 | N40: =N39 -> 9.0017 | P40: 1 | Q40: WR00L2L2 | R40: 13824 | S40: 64 | T40: 1 | U40: 4 | V40: 166.67 | W40: 10.569 | X40: 45313 | Y40: 0.80510417 | Z40: 0 | AA40: 0 | AB40: 0 | AC40: =AC39 -> 10.5632 | AF40: 1 | AG40: WR00L2L2 | AH40: 13824 | AI40: 128 | AJ40: 1 | AK40: 4 | AL40: 189.81 | AM40: 9.2802 | AN40: 45313 | AO40: 0.81842593 | AP40: 0 | AQ40: 0 | AR40: 0 | AS40: =AS39 -> 9.28626 | AV40: 1 | AW40: WR00L2L2 | AX40: 13824 | AY40: 128 | AZ40: 1 | BA40: 4 | BB40: 167.4 | BC40: 10.523 | BD40: 45313 | BE40: 0.83033565 | BF40: 0 | BG40: 0 | BH40: 0 | BI40: =BI39 -> 10.5298
A41: 2 | B41: WR00L2L2 | C41: 13824 | D41: 64 | E41: 1 | F41: 4 | G41: 195.93 | H41: 8.9902 | I41: 45313 | J41: 0.87925926 | K41: 0 | L41: 0 | M41: 0 | N41: =N40 -> 9.0017 | P41: 2 | Q41: WR00L2L2 | R41: 13824 | S41: 64 | T41: 1 | U41: 4 | V41: 167.12 | W41: 10.54 | X41: 45313 | Y41: 0.86380787 | Z41: 0 | AA41: 0 | AB41: 0 | AC41: =AC40 -> 10.5632 | AF41: 2 | AG41: WR00L2L2 | AH41: 13824 | AI41: 128 | AJ41: 1 | AK41: 4 | AL41: 189.61 | AM41: 9.2903 | AN41: 45313 | AO41: 0.87016204 | AP41: 0 | AQ41: 0 | AR41: 0 | AS41: =AS40 -> 9.28626 | AV41: 2 | AW41: WR00L2L2 | AX41: 13824 | AY41: 128 | AZ41: 1 | BA41: 4 | BB41: 167.1 | BC41: 10.542 | BD41: 45313 | BE41: 0.88905093 | BF41: 0 | BG41: 0 | BH41: 0 | BI41: =BI40 -> 10.5298
A42: 3 | B42: WR00L2L2 | C42: 13824 | D42: 64 | E42: 1 | F42: 4 | G42: 195.71 | H42: 9.0006 | I42: 45313 | J42: 0.93085648 | K42: 0 | L42: 0 | M42: 0 | N42: =N41 -> 9.0017 | P42: 3 | Q42: WR00L2L2 | R42: 13824 | S42: 64 | T42: 1 | U42: 4 | V42: 166.41 | W42: 10.585 | X42: 45313 | Y42: 0.92253472 | Z42: 0 | AA42: 0 | AB42: 0 | AC42: =AC41 -> 10.5632 | AF42: 3 | AG42: WR00L2L2 | AH42: 13824 | AI42: 128 | AJ42: 1 | AK42: 4 | AL42: 189.51 | AM42: 9.2949 | AN42: 45313 | AO42: 0.92188657 | AP42: 0 | AQ42: 0 | AR42: 0 | AS42: =AS41 -> 9.28626 | AV42: 3 | AW42: WR00L2L2 | AX42: 13824 | AY42: 128 | AZ42: 1 | BA42: 4 | BB42: 167.41 | BC42: 10.522 | BD42: 45313 | BE42: 0.94777778 | BF42: 0 | BG42: 0 | BH42: 0 | BI42: =BI41 -> 10.5298
A43: 4 | B43: WR00L2L2 | C43: 13824 | D43: 64 | E43: 1 | F43: 4 | G43: 195.75 | H43: 8.9985 | I43: 45313 | J43: 0.98247685 | K43: 0 | L43: 0 | M43: 0 | N43: =N42 -> 9.0017 | P43: 4 | Q43: WR00L2L2 | R43: 13824 | S43: 64 | T43: 1 | U43: 4 | V43: 166.6 | W43: 10.573 | X43: 45313 | Y43: 0.98126157 | Z43: 0 | AA43: 0 | AB43: 0 | AC43: =AC42 -> 10.5632 | AF43: 4 | AG43: WR00L2L2 | AH43: 13824 | AI43: 128 | AJ43: 1 | AK43: 4 | AL43: 189.65 | AM43: 9.2882 | AN43: 45313 | AO43: 0.97361111 | AP43: 0 | AQ43: 0 | AR43: 0 | AS43: =AS42 -> 9.28626 | AV43: 4 | AW43: WR00L2L2 | AX43: 13824 | AY43: 128 | AZ43: 1 | BA43: 4 | BB43: 167.25 | BC43: 10.532 | BD43: 45314 | BE43: 0.0064930556 | BF43: 0 | BG43: 0 | BH43: 0 | BI43: =BI42 -> 10.5298
A44: 0 | B44: WR00L2L2 | C44: 14592 | D44: 64 | E44: 1 | F44: 4 | G44: 208.17 | H44: 9.9517 | I44: 45313 | J44: 0.7862963 | K44: 0 | L44: 0 | M44: 0 | N44: =AVERAGE(H44:H48) -> 10.07194 | P44: 0 | Q44: WR00L2L2 | R44: 14592 | S44: 64 | T44: 1 | U44: 4 | V44: 183.52 | W44: 11.289 | X44: 45313 | Y44: 0.76630787 | Z44: 0 | AA44: 0 | AB44: 0 | AC44: =AVERAGE(W44:W48) -> 11.2852 | AF44: 0 | AG44: WR00L2L2 | AH44: 14592 | AI44: 128 | AJ44: 1 | AK44: 4 | AL44: 200.21 | AM44: 10.348 | AN44: 45313 | AO44: 0.78489583 | AP44: 0 | AQ44: 0 | AR44: 0 | AS44: =AVERAGE(AM44:AM48) -> 10.342 | AV44: 0 | AW44: WR00L2L2 | AX44: 14592 | AY44: 128 | AZ44: 1 | BA44: 4 | BB44: 184.27 | BC44: 11.243 | BD44: 45313 | BE44: 0.79221065 | BF44: 0 | BG44: 0 | BH44: 0 | BI44: =AVERAGE(BC44:BC48) -> 11.2356
A45: 1 | B45: WR00L2L2 | C45: 14592 | D45: 64 | E45: 1 | F45: 4 | G45: 205.06 | H45: 10.103 | I45: 45313 | J45: 0.84537037 | K45: 0 | L45: 0 | M45: 0 | N45: =N44 -> 10.07194 | P45: 1 | Q45: WR00L2L2 | R45: 14592 | S45: 64 | T45: 1 | U45: 4 | V45: 183.68 | W45: 11.279 | X45: 45313 | Y45: 0.82503472 | Z45: 0 | AA45: 0 | AB45: 0 | AC45: =AC44 -> 11.2852 | AF45: 1 | AG45: WR00L2L2 | AH45: 14592 | AI45: 128 | AJ45: 1 | AK45: 4 | AL45: 200.43 | AM45: 10.336 | AN45: 45313 | AO45: 0.83665509 | AP45: 0 | AQ45: 0 | AR45: 0 | AS45: =AS44 -> 10.342 | AV45: 1 | AW45: WR00L2L2 | AX45: 14592 | AY45: 128 | AZ45: 1 | BA45: 4 | BB45: 184.57 | BC45: 11.224 | BD45: 45313 | BE45: 0.85092593 | BF45: 0 | BG45: 0 | BH45: 0 | BI45: =BI44 -> 11.2356
A46: 2 | B46: WR00L2L2 | C46: 14592 | D46: 64 | E46: 1 | F46: 4 | G46: 205.08 | H46: 10.102 | I46: 45313 | J46: 0.89697917 | K46: 0 | L46: 0 | M46: 0 | N46: =N45 -> 10.07194 | P46: 2 | Q46: WR00L2L2 | R46: 14592 | S46: 64 | T46: 1 | U46: 4 | V46: 183.71 | W46: 11.277 | X46: 45313 | Y46: 0.88375 | Z46: 0 | AA46: 0 | AB46: 0 | AC46: =AC45 -> 11.2852 | AF46: 2 | AG46: WR00L2L2 | AH46: 14592 | AI46: 128 | AJ46: 1 | AK46: 4 | AL46: 200.17 | AM46: 10.35 | AN46: 45313 | AO46: 0.88837963 | AP46: 0 | AQ46: 0 | AR46: 0 | AS46: =AS45 -> 10.342 | AV46: 2 | AW46: WR00L2L2 | AX46: 14592 | AY46: 128 | AZ46: 1 | BA46: 4 | BB46: 184.25 | BC46: 11.244 | BD46: 45313 | BE46: 0.9096412 | BF46: 0 | BG46: 0 | BH46: 0 | BI46: =BI45 -> 11.2356
A47: 3 | B47: WR00L2L2 | C47: 14592 | D47: 64 | E47: 1 | F47: 4 | G47: 205.05 | H47: 10.103 | I47: 45313 | J47: 0.94858796 | K47: 0 | L47: 0 | M47: 0 | N47: =N46 -> 10.07194 | P47: 3 | Q47: WR00L2L2 | R47: 14592 | S47: 64 | T47: 1 | U47: 4 | V47: 183.55 | W47: 11.287 | X47: 45313 | Y47: 0.94247685 | Z47: 0 | AA47: 0 | AB47: 0 | AC47: =AC46 -> 11.2852 | AF47: 3 | AG47: WR00L2L2 | AH47: 14592 | AI47: 128 | AJ47: 1 | AK47: 4 | AL47: 200.34 | AM47: 10.341 | AN47: 45313 | AO47: 0.94010417 | AP47: 0 | AQ47: 0 | AR47: 0 | AS47: =AS46 -> 10.342 | AV47: 3 | AW47: WR00L2L2 | AX47: 14592 | AY47: 128 | AZ47: 1 | BA47: 4 | BB47: 184.4 | BC47: 11.235 | BD47: 45313 | BE47: 0.96836806 | BF47: 0 | BG47: 0 | BH47: 0 | BI47: =BI46 -> 11.2356
A48: 4 | B48: WR00L2L2 | C48: 14592 | D48: 64 | E48: 1 | F48: 4 | G48: 205.11 | H48: 10.1 | I48: 45314 | J48: 0.00020833333 | K48: 0 | L48: 0 | M48: 0 | N48: =N47 -> 10.07194 | P48: 4 | Q48: WR00L2L2 | R48: 14592 | S48: 64 | T48: 1 | U48: 4 | V48: 183.43 | W48: 11.294 | X48: 45314 | Y48: 0.0011921296 | Z48: 0 | AA48: 0 | AB48: 0 | AC48: =AC47 -> 11.2852 | AF48: 4 | AG48: WR00L2L2 | AH48: 14592 | AI48: 128 | AJ48: 1 | AK48: 4 | AL48: 200.46 | AM48: 10.335 | AN48: 45313 | AO48: 0.99184028 | AP48: 0 | AQ48: 0 | AR48: 0 | AS48: =AS47 -> 10.342 | AV48: 4 | AW48: WR00L2L2 | AX48: 14592 | AY48: 128 | AZ48: 1 | BA48: 4 | BB48: 184.44 | BC48: 11.232 | BD48: 45314 | BE48: 0.027071759 | BF48: 0 | BG48: 0 | BH48: 0 | BI48: =BI47 -> 11.2356
A49: 0 | B49: WR00L2L2 | C49: 13056 | D49: 64 | E49: 2 | F49: 2 | G49: 148.28 | H49: 10.008 | I49: 45313 | J49: 0.75543981 | K49: 0 | L49: 0 | M49: 0 | N49: =AVERAGE(H49:H53) -> 10.0122 | P49: 0 | Q49: WR00L2L2 | R49: 13056 | S49: 64 | T49: 2 | U49: 2 | V49: 133.22 | W49: 11.139 | X49: 45313 | Y49: 0.75868056 | Z49: 0 | AA49: 0 | AB49: 0 | AC49: =AVERAGE(W49:W53) -> 11.124 | AF49: 0 | AG49: WR00L2L2 | AH49: 13056 | AI49: 128 | AJ49: 2 | AK49: 2 | AL49: 142.62 | AM49: 10.405 | AN49: 45313 | AO49: 0.75265046 | AP49: 0 | AQ49: 0 | AR49: 0 | AS49: =AVERAGE(AM49:AM53) -> 10.3996 | AV49: 0 | AW49: WR00L2L2 | AX49: 13056 | AY49: 128 | AZ49: 2 | BA49: 2 | BB49: 133.57 | BC49: 11.11 | BD49: 45313 | BE49: 0.75581019 | BF49: 0 | BG49: 0 | BH49: 0 | BI49: =AVERAGE(BC49:BC53) -> 11.128
