Workbook

Sheet Arch details
A1: SBC | B1: Cores | C1: march | D1: mcpu | E1: mtune | F1: fpu | G1: mfloat-abi | H1: mabi | J1: ostalo | K1: ostalo (Thumb)
A2: Rpi 1B | C2: armv6 | D2: arm1176jzf-s | E2: arm1176jzf-s | F2: vfpv2 (alias is vfp) | G2: hard | K2: Thumb | L2: 16KB L1 and no L2
A3: Cubieboard2 | C3: armv7-a | D3: cortex-a7 | E3: cortex-a7 | F3: neon-vfpv4 | G3: hard | J3: -funsafe-math-optimizations | K3: Thumb-2
A4: OdroidU3 | C4: armv7-a | D4: cortex-a9 | E4: cortex-a9 | F4: neon-vfpv3 (alias is neon) | G4: hard | J4: -funsafe-math-optimizations | K4: Thumb or Thumb-2 | L4: 1MB L2 cache total? From paper…
A5: OdroidMC1 | B5: LITTLE | C5: armv7-a | D5: cortex-a7 | E5: cortex-a7 | F5: neon-vfpv4 | G5: hard | J5: -funsafe-math-optimizations | K5: Thumb-2 | L5: 2 sockets, 2,5MB L2 cache per socket
B6: Big | C6: armv7-a | D6: cortex-a15 | E6: cortex-a15 | F6: neon-vfpv4 | G6: hard | J6: -funsafe-math-optimizations | K6: Thumb-2
A7: Rpi 5B | C7: armv8.2-a+crypto+fp16+rcpc+dotprod | D7: cortex-a76+crypto | E7: cortex-a76 | G7: hard | H7: lp64
A12: HPL Runs (fixed parameters) | C12: Number of nodes | D12: Node | E12: Total memory of a node (kB) | F12: N, alpha | G12: N, alpha (NB round) | H12: N, beta | I12: N, beta (NB round) | J12: NB | K12: P | L12: Q | M12: Ns difference | N12: Half of the Ns difference | O12: N1 | P12: N2 | Q12: N3
A13: Number of nodes | B13: 4 | C13: 1 | D13: Raspberry Pi 5 | E13: 8245648 | F13: =$B$14*SQRT(($C13*$E13*1024)/8) -> 25990.065 | G13: =_xlfn.CEILING.MATH(F13/J13)*J13 -> 26048 | H13: =SQRT($B$14*($C13*$E13*1024)/8) -> 29057.776 | I13: =_xlfn.CEILING.MATH(H13/J13)*J13 -> 29120 | J13: 64 | K13: 2 | L13: 2 | M13: =I13-G13 -> 3072 | N13: =M13/2 -> 1536 | O13: =G13 -> 26048 | P13: =_xlfn.CEILING.MATH((O13+N13)/J13)*J13 -> 27584 | Q13: =_xlfn.CEILING.MATH((P13+N13)/J13)*J13 -> 29120
A14: Percentage of mem | B14: 0.8 | C14: 4 | D14: Raspberry Pi 5 | E14: 8245648 | F14: =$B$14*SQRT(($B$13*$E14*1024)/8) -> 51980.13 | G14: =_xlfn.CEILING.MATH(F14/J14)*J14 -> 52000 | H14: =SQRT($B$14*($B$13*$E14*1024)/8) -> 58115.552 | I14: =_xlfn.CEILING.MATH(H14/J14)*J14 -> 58240 | J14: 160 | K14: 2 | L14: 8 | M14: =I14-G14 -> 6240 | N14: =M14/2 -> 3120 | O14: =G14 -> 52000 | P14: =_xlfn.CEILING.MATH((O14+N14)/J14)*J14 -> 55200 | Q14: =_xlfn.CEILING.MATH((P14+N14)/J14)*J14 -> 58400

Sheet ATLAS builds
A1: Raspberry Pi 4B | C1: Repetitive flags | D1: 32/64 build (or none) | E1: Other ATLAS config flags | F1: Compiler append flag | G1: Compiler flags used for building | H1: Main ATLAS flags | I1: Main ATLAS flags after flagsearch | J1: Performance of the build before flagsearch [GFLOP/s] | K1: Performance of the build after flagsearch [GFLOP/s] | L1: Flags used for flagsearching - mandatory | M1: Flags used for flagsearching - optional | N1: Machine originally built on | O1: Flagsearch benchmark results | P1: NOTE | R1: TODO
A2: 1 | B2: atlarch | C2: -D c -DWALL | D2: -b 64 | E2: -A ARM64xgene1 | H2: =D2&E2&F2&G2 -> -b 64-A ARM64xgene1 | I2: -b 64-Fa alg -O2 | J2: =VLOOKUP(B2,'4 nodes, builds, RAW'!$Z$4:$AB$31,3,FALSE) -> 127.786 | K2: 129.378 | L2: -pipe | M2: -march=native -mtune=native -mcpu=native -march=armv8.2-a+crypto+fp16+rcpc+dotprod -mtune=cortex-a76 -mcpu=cortex-a76+crypto -mcpu=cortex-a76+crc+crypto -mabi=lp64 -march=-march=armv8.2-a -mlittle-endian | N2: raspi31 | P2: https://gist.github.com/fm4dd/c663217935dc17f0fc73c9c81b0aa845 | R2: In progress
A3: 2 | B3: atlarch-native | C3: -D c -DWALL | D3: -b 64 | E3: -A ARM64xgene1 | F3: -Fa alg | G3: -march=native -mtune=native -mcpu=native | H3: =D3&E3&F3&G3 -> -b 64-A ARM64xgene1-Fa alg-march=native -mtune=native -mcpu=native | I3: -b 64-Fa alg -O2 -march=native -mtune=native -mcpu=native | J3: =VLOOKUP(B3,'4 nodes, builds, RAW'!$Z$4:$AB$31,3,FALSE) -> 130.522 | K3: 129.854 | L3: -march=native -mtune=native -mcpu=native | N3: raspi32 | R3: Freshly finished
A4: 3 | B4: arch-native | C4: -D c -DWALL | D4: -b 64 | F4: -Fa alg | G4: -march=native -mtune=native -mcpu=native | H4: =D4&E4&F4&G4 -> -b 64-Fa alg-march=native -mtune=native -mcpu=native | I4: -b 64-Fa alg -O2 -march=native -mtune=native -mcpu=native | J4: =VLOOKUP(B4,'4 nodes, builds, RAW'!$Z$4:$AB$31,3,FALSE) -> 129.18 | K4: 127.784 | L4: -march=native -mtune=native -mcpu=native | N4: raspi33 | R4: Done
A5: 4 | B5: all-spec | C5: -D c -DWALL | D5: -b 64 | F5: -Fa alg | G5: -march=armv8.2-a+crypto+fp16+rcpc+dotprod -mtune=cortex-a76 -mcpu=cortex-a76+crypto | H5: =D5&E5&F5&G5 -> -b 64-Fa alg-march=armv8.2-a+crypto+fp16+rcpc+dotprod -mtune=cortex-a76 -mcpu=cortex-a76+crypto | I5: -b 64-Fa alg -O2 -march=armv8.2-a+crypto+fp16+rcpc+dotprod -mtune=cortex-a76 -mcpu=cortex-a76+crypto | J5: =VLOOKUP(B5,'4 nodes, builds, RAW'!$Z$4:$AB$31,3,FALSE) -> 102.922 | K5: 129.732 | L5: -march=armv8.2-a+crypto+fp16+rcpc+dotprod -mtune=cortex-a76 -mcpu=cortex-a76+crypto | N5: raspi34 | R5: TODO with the same settings!
A6: 5 | B6: atlarch-all-spec | C6: -D c -DWALL | D6: -b 64 | E6: -A ARM64xgene1 | F6: -Fa alg | G6: -march=armv8.2-a+crypto+fp16+rcpc+dotprod -mtune=cortex-a76 -mcpu=cortex-a76+crypto | H6: =D6&E6&F6&G6 -> -b 64-A ARM64xgene1-Fa alg-march=armv8.2-a+crypto+fp16+rcpc+dotprod -mtune=cortex-a76 -mcpu=cortex-a76+crypto | I6: -b 64-Fa alg -O2 -march=armv8.2-a+crypto+fp16+rcpc+dotprod -mtune=cortex-a76 -mcpu=cortex-a76+crypto | J6: =VLOOKUP(B6,'4 nodes, builds, RAW'!$Z$4:$AB$31,3,FALSE) -> 130.668 | K6: 129.832 | L6: -march=armv8.2-a+crypto+fp16+rcpc+dotprod -mtune=cortex-a76 -mcpu=cortex-a76+crypto | N6: raspi31 | P6: Čudno da je ovaj najbolji, a uopće nema -O definiran. Jedino ako po defaultu koristi ono što je predefinirano za sve ATLAS kompajlere.
A7: 6 | B7: cpu | C7: -D c -DWALL | D7: -b 64 | F7: -Fa alg | G7: -mcpu=cortex-a76+crypto | H7: =D7&E7&F7&G7 -> -b 64-Fa alg-mcpu=cortex-a76+crypto | I7: -b 64-Fa alg -O2 -mcpu=cortex-a76+crypto | J7: =VLOOKUP(B7,'4 nodes, builds, RAW'!$Z$4:$AB$31,3,FALSE) -> 129.464 | K7: 129.91 | L7: -mcpu=cortex-a76+crypto | N7: raspi32 | P7: According to some reddit posts: https://www.reddit.com/r/Gentoo/comments/1c5y19x/getting_a_pi_5_have_questions/
A8: 7 | B8: cpu-crc | C8: -D c -DWALL | D8: -b 64 | F8: -Fa alg | G8: -mcpu=cortex-a76+crc+crypto | H8: =D8&E8&F8&G8 -> -b 64-Fa alg-mcpu=cortex-a76+crc+crypto | I8: -b 64-Fa alg -O2 -mcpu=cortex-a76+crc+crypto | J8: =VLOOKUP(B8,'4 nodes, builds, RAW'!$Z$4:$AB$31,3,FALSE) -> 129.13 | K8: 129.822 | L8: -mcpu=cortex-a76+crc+crypto | N8: raspi33
A9: 8 | B9: cpu-tune | C9: -D c -DWALL | D9: -b 64 | F9: -Fa alg | G9: -mcpu=cortex-a76+crypto -mtune=cortex-a76 | H9: =D9&E9&F9&G9 -> -b 64-Fa alg-mcpu=cortex-a76+crypto -mtune=cortex-a76 | I9: -b 64-Fa alg -O2 -mcpu=cortex-a76+crypto -mtune=cortex-a76 | J9: =VLOOKUP(B9,'4 nodes, builds, RAW'!$Z$4:$AB$31,3,FALSE) -> 129.36 | K9: 103.114 | L9: -mcpu=cortex-a76+crypto -mtune=cortex-a76 | N9: raspi34 | P9: Malo bolji od cpu-tune-abi, no s flagsima malo veća razlika (cpu-tune-flags vs- cpu-tune-abi-flags)
A10: 9 | B10: cpu-tune-abi | C10: -D c -DWALL | D10: -b 64 | F10: -Fa alg | G10: -mcpu=cortex-a76+crypto -mtune=cortex-a76 -mabi=lp64 | H10: =D10&E10&F10&G10 -> -b 64-Fa alg-mcpu=cortex-a76+crypto -mtune=cortex-a76 -mabi=lp64 | I10: -b 64-Fa alg -O2 -mcpu=cortex-a76+crypto -mtune=cortex-a76 -mabi=lp64 | J10: =VLOOKUP(B10,'4 nodes, builds, RAW'!$Z$4:$AB$31,3,FALSE) -> 129.062 | K10: 129.756 | L10: -mcpu=cortex-a76+crypto -mtune=cortex-a76 -mabi=lp64 | N10: raspi31
A11: 10 | B11: atlarch-cpu | C11: -D c -DWALL | D11: -b 64 | E11: -A ARM64xgene1 | F11: -Fa alg | G11: -mcpu=cortex-a76+crypto | H11: =D11&E11&F11&G11 -> -b 64-A ARM64xgene1-Fa alg-mcpu=cortex-a76+crypto | I11: -b 64-Fa alg -O2 -mcpu=cortex-a76+crypto | J11: =VLOOKUP(B11,'4 nodes, builds, RAW'!$Z$4:$AB$31,3,FALSE) -> 104.594 | K11: 129.698 | L11: -mcpu=cortex-a76+crypto | N11: raspi32
A12: 11 | B12: atlarch-cpu-tune | C12: -D c -DWALL | D12: -b 64 | E12: -A ARM64xgene1 | F12: -Fa alg | G12: -mcpu=cortex-a76+crypto -mtune=cortex-a76 | H12: =D12&E12&F12&G12 -> -b 64-A ARM64xgene1-Fa alg-mcpu=cortex-a76+crypto -mtune=cortex-a76 | I12: -b 64-Fa alg -O2 -mcpu=cortex-a76+crypto -mtune=cortex-a76 | J12: =VLOOKUP(B12,'4 nodes, builds, RAW'!$Z$4:$AB$31,3,FALSE) -> 130.228 | K12: 130.084 | L12: -mcpu=cortex-a76+crypto -mtune=cortex-a76 | N12: raspi33
A13: 12 | B13: cpu-tune-clean-flagsearch | C13: -D c -DWALL | D13: -b 64 | F13: -Fa alg | G13: -mcpu=cortex-a76+crypto -mtune=cortex-a76 | H13: =D13&E13&F13&G13 -> -b 64-Fa alg-mcpu=cortex-a76+crypto -mtune=cortex-a76 | I13: -b 64-Fa alg -O2 -mtune=native | J13: =VLOOKUP(B13,'4 nodes, builds, RAW'!$Z$4:$AB$31,3,FALSE) -> 103.448 | K13: 129.626 | L13: -pipe | N13: raspi34
A14: 13 | B14: generic | C14: -D c -DWALL | E14: -Si archdef 1 | H14: =D14&E14&F14&G14 -> -Si archdef 1 | I14: -b 64-Fa alg -O2 -mtune=native | J14: =VLOOKUP(B14,'4 nodes, builds, RAW'!$Z$4:$AB$31,3,FALSE) -> 103.388 | K14: 129.856 | L14: -pipe | N14: raspi31
A15: 14 | B15: noarch | C15: -D c -DWALL | E15: -Si archdef 0 | H15: =D15&E15&F15&G15 -> -Si archdef 0 | I15: -b 64-Fa alg -O2 -mtune=native | J15: =VLOOKUP(B15,'4 nodes, builds, RAW'!$Z$4:$AB$31,3,FALSE) -> 128.522 | K15: 129.748 | L15: -pipe | N15: raspi32
A16: 15 | B16: atlarch-flags | C16: -D c -DWALL | D16: -b 64 | F16: -Fa alg | G16: -O2 | H16: =D16&E16&F16&G16 -> -b 64-Fa alg -O2 | O16: 877991
A17: 16 | B17: atlarch-native-flags | C17: -D c -DWALL | D17: -b 64 | F17: -Fa alg | G17: -O2 -march=native -mtune=native -mcpu=native | H17: =D17&E17&F17&G17 -> -b 64-Fa alg -O2 -march=native -mtune=native -mcpu=native | O17: 872141
A18: 17 | B18: arch-native-flags | C18: -D c -DWALL | D18: -b 64 | F18: -Fa alg | G18: -O2 -march=native -mtune=native -mcpu=native | H18: =D18&E18&F18&G18 -> -b 64-Fa alg -O2 -march=native -mtune=native -mcpu=native | O18: 880685
A19: 18 | B19: all-spec-flags | C19: -D c -DWALL | D19: -b 64 | F19: -Fa alg | G19: -O2 -march=armv8.2-a+crypto+fp16+rcpc+dotprod -mtune=cortex-a76 -mcpu=cortex-a76+crypto | H19: =D19&E19&F19&G19 -> -b 64-Fa alg -O2 -march=armv8.2-a+crypto+fp16+rcpc+dotprod -mtune=cortex-a76 -mcpu=cortex-a76+crypto | O19: 878809
A20: 19 | B20: atlarch-all-spec-flags | C20: -D c -DWALL | D20: -b 64 | F20: -Fa alg | G20: -O2 -march=armv8.2-a+crypto+fp16+rcpc+dotprod -mtune=cortex-a76 -mcpu=cortex-a76+crypto | H20: =D20&E20&F20&G20 -> -b 64-Fa alg -O2 -march=armv8.2-a+crypto+fp16+rcpc+dotprod -mtune=cortex-a76 -mcpu=cortex-a76+crypto | O20: 873161
A21: 20 | B21: cpu-flags | C21: -D c -DWALL | D21: -b 64 | F21: -Fa alg | G21: -O2 -mcpu=cortex-a76+crypto | H21: =D21&E21&F21&G21 -> -b 64-Fa alg -O2 -mcpu=cortex-a76+crypto | O21: 880663
A22: 21 | B22: cpu-crc-flags | C22: -D c -DWALL | D22: -b 64 | F22: -Fa alg | G22: -O2 -mcpu=cortex-a76+crc+crypto | H22: =D22&E22&F22&G22 -> -b 64-Fa alg -O2 -mcpu=cortex-a76+crc+crypto | O22: 877576
A23: 22 | B23: cpu-tune-flags | C23: -D c -DWALL | D23: -b 64 | F23: -Fa alg | G23: -O2 -mcpu=cortex-a76+crypto -mtune=cortex-a76 | H23: =D23&E23&F23&G23 -> -b 64-Fa alg -O2 -mcpu=cortex-a76+crypto -mtune=cortex-a76 | O23: 877442
A24: 23 | B24: cpu-tune-abi-flags | C24: -D c -DWALL | D24: -b 64 | F24: -Fa alg | G24: -O2 -mcpu=cortex-a76+crypto -mtune=cortex-a76 -mabi=lp64 | H24: =D24&E24&F24&G24 -> -b 64-Fa alg -O2 -mcpu=cortex-a76+crypto -mtune=cortex-a76 -mabi=lp64 | O24: 877622
A25: 24 | B25: atlarch-cpu-flags | C25: -D c -DWALL | D25: -b 64 | F25: -Fa alg | G25: -O2 -mcpu=cortex-a76+crypto | H25: =D25&E25&F25&G25 -> -b 64-Fa alg -O2 -mcpu=cortex-a76+crypto | O25: 879875
A26: 25 | B26: atlarch-cpu-tune-flags | C26: -D c -DWALL | D26: -b 64 | F26: -Fa alg | G26: -O2 -mcpu=cortex-a76+crypto -mtune=cortex-a76 | H26: =D26&E26&F26&G26 -> -b 64-Fa alg -O2 -mcpu=cortex-a76+crypto -mtune=cortex-a76 | O26: 872986
A27: 26 | B27: cpu-tune-clean-flagsearch-flags | C27: -D c -DWALL | D27: -b 64 | F27: -Fa alg | G27: -O2 -mtune=native | H27: =D27&E27&F27&G27 -> -b 64-Fa alg -O2 -mtune=native | O27: 877668
... A29: 28 | B29: noarch-flags | C29: -D c -DWALL | D29: -b 64 | F29: -Fa alg | G29: -O2 -mtune=native | H29: =D29&E29&F29&G29 -> -b 64-Fa alg -O2 -mtune=native | O29: 877641
A35: Build no. | B35: Build name | C35: Main ATLAS flags | D35: ATLAS flags | E35: GCC flags | F35: Performance of the build [GFLOP/s]
A36: 1 | B36: atlarch | C36: -b 64-A ARM64xgene1 | D36: -A ARM64xgene1 | E36: N/A | F36: 127.786
A37: 2 | B37: atlarch-native | C37: -b 64-A ARM64xgene1-Fa alg-march=native -mtune=native -mcpu=native | D37: -A ARM64xgene1 | E37: -march=native -mtune=native -mcpu=native | F37: 130.522
A38: 3 | B38: arch-native | C38: -b 64-Fa alg-march=native -mtune=native -mcpu=native | D38: N/A | E38: -march=native -mtune=native -mcpu=native | F38: 129.18
A39: 4 | B39: all-spec | C39: -b 64-Fa alg-march=armv8.2-a+crypto+fp16+rcpc+dotprod -mtune=cortex-a76 -mcpu=cortex-a76+crypto | D39: N/A | E39: -march=armv8.2-a+crypto+fp16+rcpc+dotprod -mtune=cortex-a76 -mcpu=cortex-a76+crypto | F39: 102.922
A40: 5 | B40: atlarch-all-spec | C40: -b 64-A ARM64xgene1-Fa alg-march=armv8.2-a+crypto+fp16+rcpc+dotprod -mtune=cortex-a76 -mcpu=cortex-a76+crypto | D40: -A ARM64xgene1 | E40: -march=armv8.2-a+crypto+fp16+rcpc+dotprod -mtune=cortex-a76 -mcpu=cortex-a76+crypto | F40: 130.668
A41: 6 | B41: cpu | C41: -b 64-Fa alg-mcpu=cortex-a76+crypto | D41: N/A | E41: -mcpu=cortex-a76+crypto | F41: 129.464
A42: 7 | B42: cpu-crc | C42: -b 64-Fa alg-mcpu=cortex-a76+crc+crypto | D42: N/A | E42: -mcpu=cortex-a76+crc+crypto | F42: 129.13
A43: 8 | B43: cpu-tune | C43: -b 64-Fa alg-mcpu=cortex-a76+crypto -mtune=cortex-a76 | D43: N/A | E43: -mcpu=cortex-a76+crypto -mtune=cortex-a76 | F43: 129.36
A44: 9 | B44: cpu-tune-abi | C44: -b 64-Fa alg-mcpu=cortex-a76+crypto -mtune=cortex-a76 -mabi=lp64 | D44: N/A | E44: -mcpu=cortex-a76+crypto -mtune=cortex-a76 -mabi=lp64 | F44: 129.062
A45: 10 | B45: atlarch-cpu | C45: -b 64-A ARM64xgene1-Fa alg-mcpu=cortex-a76+crypto | D45: -A ARM64xgene1 | E45: -mcpu=cortex-a76+crypto | F45: 104.594
A46: 11 | B46: atlarch-cpu-tune | C46: -b 64-A ARM64xgene1-Fa alg-mcpu=cortex-a76+crypto -mtune=cortex-a76 | D46: -A ARM64xgene1 | E46: -mcpu=cortex-a76+crypto -mtune=cortex-a76 | F46: 130.228
A47: 12 | B47: cpu-tune-clean-flagsearch | C47: -b 64-Fa alg-mcpu=cortex-a76+crypto -mtune=cortex-a76 | D47: N/A | E47: -mcpu=cortex-a76+crypto -mtune=cortex-a76 | F47: 103.448
... A57: 26 | B57: cpu-tune-clean-flagsearch-flags | C57: -b 64-Fa alg -O2 -mtune=native | D57: N/A | E57: -O2 -mtune=native | F57: 129.626
A60: 15 | B60: atlarch-flags | C60: -D c -DWALL -b 64 -Fa alg "-O2 " | D60: -O2 | E60: N/A | F60: -O2 | G60: =VLOOKUP(B60,'4 nodes, builds, RAW'!$Z$4:$AB$31,3,FALSE) -> 129.378
A61: 19 | B61: atlarch-all-spec-flags | C61: -D c -DWALL -b 64 -Fa alg "-O2 -march=armv8.2-a+crypto+fp16+rcpc+dotprod -mtune=cortex-a76 -mcpu=cortex-a76+crypto" | D61: -O2 | E61: N/A | F61: -O2 -march=armv8.2-a+crypto+FP16+rcpc+dotprod -mtune=cortex-A76 -mcpu=cortex-A76+crypto | G61: =VLOOKUP(B61,'4 nodes, builds, RAW'!$Z$4:$AB$31,3,FALSE) -> 129.832
A62: 16 | B62: atlarch-native-flags | C62: -D c -DWALL -b 64 -Fa alg "-O2 -march=native -mtune=native -mcpu=native" | D62: -O2 | E62: N/A | F62: -O2 -march=native -mtune=native -mcpu=native | G62: =VLOOKUP(B62,'4 nodes, builds, RAW'!$Z$4:$AB$31,3,FALSE) -> 129.854
A63: 21 | B63: cpu-crc-flags | C63: -D c -DWALL -b 64 -Fa alg "-O2 -mcpu=cortex-a76+crc+crypto" | D63: -O2 | E63: N/A | F63: -O2 -mcpu=cortex-A76+crc+crypto | G63: =VLOOKUP(B63,'4 nodes, builds, RAW'!$Z$4:$AB$31,3,FALSE) -> 129.822
A64: 23 | B64: cpu-tune-abi-flags | C64: -D c -DWALL -b 64 -Fa alg "-O2 -mcpu=cortex-a76+crypto -mtune=cortex-a76 -mabi=lp64" | D64: -O2 | E64: N/A | F64: -O2 -mcpu=cortex-A76+crypto -mtune=cortex-A76 -mabi=LP64 | G64: =VLOOKUP(B64,'4 nodes, builds, RAW'!$Z$4:$AB$31,3,FALSE) -> 129.756
A65: 25 | B65: atlarch-cpu-tune-flags | C65: -D c -DWALL -b 64 -Fa alg "-O2 -mcpu=cortex-a76+crypto -mtune=cortex-a76" | D65: -O2 | E65: N/A | F65: -O2 -mcpu=cortex-A76+crypto -mtune=cortex-A76 | G65: =VLOOKUP(B65,'4 nodes, builds, RAW'!$Z$4:$AB$31,3,FALSE) -> 130.084
A66: 20 | B66: cpu-flags | C66: -D c -DWALL -b 64 -Fa alg "-O2 -mcpu=cortex-a76+crypto" | D66: -O2 | E66: N/A | F66: -O2 -mcpu=cortex-A76+crypto | G66: =VLOOKUP(B66,'4 nodes, builds, RAW'!$Z$4:$AB$31,3,FALSE) -> 129.91
A67: 27 | B67: generic-flags | C67: -D c -DWALL -b 64 -Fa alg "-O2 -mtune=native" | D67: -O2 | E67: N/A | F67: -O2 -mtune=native | G67: =VLOOKUP(B67,'4 nodes, builds, RAW'!$Z$4:$AB$31,3,FALSE) -> 129.856
A68: 1 | B68: atlarch | C68: -D c -DWALL -b 64 -A ARM64xgene1 | E68: -A ARM64xgene1 | F68: N/A | G68: =VLOOKUP(B68,'4 nodes, builds, RAW'!$Z$4:$AB$31,3,FALSE) -> 127.786
A69: 5 | B69: atlarch-all-spec | C69: -D c -DWALL -b 64 -A ARM64xgene1 -Fa alg "-march=armv8.2-a+crypto+fp16+rcpc+dotprod -mtune=cortex-a76 -mcpu=cortex-a76+crypto" | E69: -A ARM64xgene1 | F69: -march=armv8.2-a+crypto+FP16+rcpc+dotprod -mtune=cortex-A76 -mcpu=cortex-A76+crypto | G69: =VLOOKUP(B69,'4 nodes, builds, RAW'!$Z$4:$AB$31,3,FALSE) -> 130.668
A70: 2 | B70: atlarch-native | C70: -D c -DWALL -b 64 -A ARM64xgene1 -Fa alg "-march=native -mtune=native -mcpu=native" | E70: -A ARM64xgene1 | F70: -march=native -mtune=native -mcpu=native | G70: =VLOOKUP(B70,'4 nodes, builds, RAW'!$Z$4:$AB$31,3,FALSE) -> 130.522
A71: 11 | B71: atlarch-cpu-tune | C71: -D c -DWALL -b 64 -A ARM64xgene1 -Fa alg "-mcpu=cortex-a76+crypto -mtune=cortex-a76" | E71: -A ARM64xgene1 | F71: -mcpu=cortex-A76+crypto -mtune=cortex-A76 | G71: =VLOOKUP(B71,'4 nodes, builds, RAW'!$Z$4:$AB$31,3,FALSE) -> 130.228
A72: 10 | B72: atlarch-cpu | C72: -D c -DWALL -b 64 -A ARM64xgene1 -Fa alg "-mcpu=cortex-a76+crypto" | E72: -A ARM64xgene1 | F72: -mcpu=cortex-A76+crypto | G72: =VLOOKUP(B72,'4 nodes, builds, RAW'!$Z$4:$AB$31,3,FALSE) -> 104.594
A73: 4 | B73: all-spec | C73: -D c -DWALL -b 64 -Fa alg "-march=armv8.2-a+crypto+fp16+rcpc+dotprod -mtune=cortex-a76 -mcpu=cortex-a76+crypto" | E73: N/A | F73: -march=armv8.2-a+crypto+FP16+rcpc+dotprod -mtune=cortex-A76 -mcpu=cortex-A76+crypto | G73: =VLOOKUP(B73,'4 nodes, builds, RAW'!$Z$4:$AB$31,3,FALSE) -> 102.922
A74: 3 | B74: arch-native | C74: -D c -DWALL -b 64 -Fa alg "-march=native -mtune=native -mcpu=native" | E74: N/A | F74: -march=native -mtune=native -mcpu=native | G74: =VLOOKUP(B74,'4 nodes, builds, RAW'!$Z$4:$AB$31,3,FALSE) -> 129.18
A75: 7 | B75: cpu-crc | C75: -D c -DWALL -b 64 -Fa alg "-mcpu=cortex-a76+crc+crypto" | E75: N/A | F75: -mcpu=cortex-A76+crc+crypto | G75: =VLOOKUP(B75,'4 nodes, builds, RAW'!$Z$4:$AB$31,3,FALSE) -> 129.13
A76: 9 | B76: cpu-tune-abi | C76: -D c -DWALL -b 64 -Fa alg "-mcpu=cortex-a76+crypto -mtune=cortex-a76 -mabi=lp64" | E76: N/A | F76: -mcpu=cortex-A76+crypto -mtune=cortex-A76 -mabi=LP64 | G76: =VLOOKUP(B76,'4 nodes, builds, RAW'!$Z$4:$AB$31,3,FALSE) -> 129.062
A77: 8 | B77: cpu-tune | C77: -D c -DWALL -b 64 -Fa alg "-mcpu=cortex-a76+crypto -mtune=cortex-a76" | E77: N/A | F77: -mcpu=cortex-A76+crypto -mtune=cortex-A76 | G77: =VLOOKUP(B77,'4 nodes, builds, RAW'!$Z$4:$AB$31,3,FALSE) -> 129.36
A78: 12 | B78: cpu-tune-clean-flagsearch | C78: -D c -DWALL -b 64 -Fa alg "-mcpu=cortex-a76+crypto -mtune=cortex-a76" | E78: N/A | F78: N/A | G78: =VLOOKUP(B78,'4 nodes, builds, RAW'!$Z$4:$AB$31,3,FALSE) -> 103.448
A79: 6 | B79: cpu | C79: -D c -DWALL -b 64 -Fa alg "-mcpu=cortex-a76+crypto" | E79: N/A | F79: -mcpu=cortex-A76+crypto | G79: =VLOOKUP(B79,'4 nodes, builds, RAW'!$Z$4:$AB$31,3,FALSE) -> 129.464
... A81: 13 | B81: generic | C81: -D c -DWALL -Si archdef 1 | E81: -Si archdef 1 | F81: N/A | G81: =VLOOKUP(B81,'4 nodes, builds, RAW'!$Z$4:$AB$31,3,FALSE) -> 103.388

Sheet Arch flags GFLOPs
C1: ATLAS build | D1: ATLAS config flags | E1: gcc flags
A2: 1 | B2: atlarch | C2: -D c -DWALL -b 64 -A ARM64xgene1 | D2: -A ARM64xgene1 | E2: -O2
A3: 2 | B3: atlarch-native | C3: -D c -DWALL -b 64 -A ARM64xgene1 -Fa alg "-march=native -mtune=native -mcpu=native" | D3: -Si archdef 1 | E3: -march=native
A4: 3 | B4: arch-native | C4: -D c -DWALL -b 64 -Fa alg "-march=native -mtune=native -mcpu=native" | D4: -Si archdef 0 | E4: -mtune=native
A5: 4 | B5: all-spec | C5: -D c -DWALL -b 64 -Fa alg "-march=armv8.2-a+crypto+fp16+rcpc+dotprod -mtune=cortex-a76 -mcpu=cortex-a76+crypto" | E5: -mcpu=native
A6: 5 | B6: atlarch-all-spec | C6: -D c -DWALL -b 64 -A ARM64xgene1 -Fa alg "-march=armv8.2-a+crypto+fp16+rcpc+dotprod -mtune=cortex-a76 -mcpu=cortex-a76+crypto" | E6: -march=armv8.2-a+crypto+fp16+rcpc+dotprod
A7: 6 | B7: cpu | C7: -D c -DWALL -b 64 -Fa alg "-mcpu=cortex-a76+crypto" | E7: -mtune=cortex-a76
A8: 7 | B8: cpu-crc | C8: -D c -DWALL -b 64 -Fa alg "-mcpu=cortex-a76+crc+crypto" | E8: -mcpu=cortex-A76+crypto
A9: 8 | B9: cpu-tune | C9: -D c -DWALL -b 64 -Fa alg "-mcpu=cortex-a76+crypto -mtune=cortex-a76" | E9: -mabi=LP64
A10: 9 | B10: cpu-tune-abi | C10: -D c -DWALL -b 64 -Fa alg "-mcpu=cortex-a76+crypto -mtune=cortex-a76 -mabi=lp64" | E10: -mcpu=cortex-a76+crc+crypto
A11: 10 | B11: atlarch-cpu | C11: -D c -DWALL -b 64 -A ARM64xgene1 -Fa alg "-mcpu=cortex-a76+crypto"
A12: 11 | B12: atlarch-cpu-tune | C12: -D c -DWALL -b 64 -A ARM64xgene1 -Fa alg "-mcpu=cortex-a76+crypto -mtune=cortex-a76"
A13: 12 | B13: cpu-tune-clean-flagsearch | C13: -D c -DWALL -b 64 -Fa alg "-mcpu=cortex-a76+crypto -mtune=cortex-a76"
A14: 13 | B14: generic | C14: -D c -DWALL -Si archdef 1
A15: 14 | B15: noarch | C15: -D c -DWALL -Si archdef 0
A16: 15 | B16: atlarch-flags | C16: -D c -DWALL -b 64 -Fa alg "-O2 -pipe"
A17: 16 | B17: atlarch-native-flags | C17: -D c -DWALL -b 64 -Fa alg "-O2 -march=native -mtune=native -mcpu=native"
A18: 17 | B18: arch-native-flags | C18: -D c -DWALL -b 64 -Fa alg "-O2 -march=native -mtune=native -mcpu=native"
A19: 18 | B19: all-spec-flags | C19: -D c -DWALL -b 64 -Fa alg "-O2 -march=armv8.2-a+crypto+fp16+rcpc+dotprod -mtune=cortex-a76 -mcpu=cortex-a76+crypto"
A20: 19 | B20: atlarch-all-spec-flags | C20: -D c -DWALL -b 64 -Fa alg "-O2 -march=armv8.2-a+crypto+fp16+rcpc+dotprod -mtune=cortex-a76 -mcpu=cortex-a76+crypto"
A21: 20 | B21: cpu-flags | C21: -D c -DWALL -b 64 -Fa alg "-O2 -mcpu=cortex-a76+crypto"
A22: 21 | B22: cpu-crc-flags | C22: -D c -DWALL -b 64 -Fa alg "-O2 -mcpu=cortex-a76+crc+crypto"
... A29: 28 | B29: noarch-flags | C29: -D c -DWALL -b 64 -Fa alg "-O2 -pipe -mtune=native"

Sheet 4 nodes, builds, RAW
A1: Max avg. GFLOPS (and params): | B1: =INDEX(A:A,MATCH(MAX($BE:$BE),$BE:$BE,0)) -> atlarch-all-spec | F1: =MAX(X:X) -> 130.668 | G1: =INDEX(D:D,MATCH(MAX($BE:$BE),$BE:$BE,0)) -> 52000 | H1: =INDEX(E:E,MATCH(MAX($BE:$BE),$BE:$BE,0)) -> 160 | I1: =INDEX(F:F,MATCH(MAX($BE:$BE),$BE:$BE,0)) -> 2 | J1: =INDEX(G:G,MATCH(MAX($BE:$BE),$BE:$BE,0)) -> 8 | L1: ATLAS | X1: Average GFLOPs | AH1: Max avg. GFLOPS (and params): | AI1: =INDEX(AH:AH,MATCH(MAX($BE:$BE),$BE:$BE,0)) -> cpu-crc-flags | AM1: =MAX(BE:BE) -> 100.762 | AN1: =INDEX(AK:AK,MATCH(MAX($BE:$BE),$BE:$BE,0)) -> 26080 | AO1: =INDEX(AL:AL,MATCH(MAX($BE:$BE),$BE:$BE,0)) -> 160 | AP1: =INDEX(AM:AM,MATCH(MAX($BE:$BE),$BE:$BE,0)) -> 2 | AQ1: =INDEX(AN:AN,MATCH(MAX($BE:$BE),$BE:$BE,0)) -> 8 | AS1: ATLAS (small problem size - by mistake) | BE1: Average GFLOPs
A2: MAX GFLOPS: | D2: =MAX(I4:I686) -> 130.85 | L2: raspi31 throttling time [1/100s] | O2: raspi32 throttling time [1/100s] | R2: raspi33 throttling time [1/100s] | U2: raspi34 throttling time [1/100s] | AH2: MAX GFLOPS: | AK2: =MAX(AP4:AP686) -> 100.91 | AS2: raspi31 throttling time [1/100s] | AV2: raspi32 throttling time [1/100s] | AY2: raspi33 throttling time [1/100s] | BB2: raspi34 throttling time [1/100s]
A3: Build | B3: RUN | D3: N | E3: NB | F3: P | G3: Q | H3: Time | I3: GFLOPS | J3: Date | K3: Time | L3: 2100MHz | M3: 2200MHz | N3: 2300MHz | O3: 2100MHz | P3: 2200MHz | Q3: 2300MHz | R3: 2100MHz | S3: 2200MHz | T3: 2300MHz | U3: 2100MHz | V3: 2200MHz | W3: 2300MHz | AH3: Build | AI3: RUN | AK3: N | AL3: NB | AM3: P | AN3: Q | AO3: Time | AP3: GFLOPS | AQ3: Date | AR3: Time | AS3: 2100MHz | AT3: 2200MHz | AU3: 2300MHz | AV3: 2100MHz | AW3: 2200MHz | AX3: 2300MHz | AY3: 2100MHz | AZ3: 2200MHz | BA3: 2300MHz | BB3: 2100MHz | BC3: 2200MHz | BD3: 2300MHz
A4: atlarch-all-spec | B4: 0 | C4: WR00L2L2 | D4: 52000 | E4: 160 | F4: 2 | G4: 8 | H4: 716.86 | I4: 130.77 | J4: 45545 | K4: 0.068726852 | L4: 0 | M4: 0 | N4: 0 | O4: 0 | P4: 0 | Q4: 0 | R4: 0 | S4: 0 | T4: 0 | U4: 0 | V4: 0 | W4: 0 | X4: =AVERAGE(I4:I8) -> 130.668 | Z4: {=_xlfn.CHOOSECOLS(_xlfn._xlws.FILTER(A4:X500,B4:B500=0),1,8,24)} -> atlarch-all-spec | AA4: 716.86 | AB4: 130.668 | AC4: =IF(VLOOKUP($Z4,'ATLAS builds'!$B$2:$G$50,4,FALSE)=0,"",IFERROR(VLOOKUP($Z4,'ATLAS builds'!$B$2:$G$50,4,FALSE),"")) -> -A ARM64xgene1 | AD4: =IF(VLOOKUP($Z4,'ATLAS builds'!$B$2:$G$50,6,FALSE)=0,"",IFERROR(VLOOKUP($Z4,'ATLAS builds'!$B$2:$G$50,6,FALSE),"")) -> -march=armv8.2-a+crypto+fp16+rcpc+dotprod -mtune=cortex-a76 -mcpu=cortex-a76+crypto | AH4: cpu-crc-flags | AI4: 0 | AJ4: WR00L2L2 | AK4: 26080 | AL4: 160 | AM4: 2 | AN4: 8 | AO4: 117.2 | AP4: 100.91 | AQ4: 45544 | AR4: 0.64509259 | AS4: 0 | AT4: 0 | AU4: 0 | AV4: 0 | AW4: 0 | AX4: 0 | AY4: 0 | AZ4: 0 | BA4: 0 | BB4: 0 | BC4: 0 | BD4: 0 | BE4: =AVERAGE(AP4:AP8) -> 100.762 | BF4: =BE4 -> 100.762
A5: atlarch-all-spec | B5: 1 | C5: WR00L2L2 | D5: 52000 | E5: 160 | F5: 2 | G5: 8 | H5: 719.98 | I5: 130.2 | J5: 45545 | K5: 0.077731481 | L5: 0 | M5: 0 | N5: 0 | O5: 0 | P5: 0 | Q5: 0 | R5: 0 | S5: 0 | T5: 0 | U5: 0 | V5: 0 | W5: 0 | X5: =X4 -> 130.668 | Z5: atlarch-native | AA5: 718.56 | AB5: 130.522 | AC5: =IF(VLOOKUP(Z5,'ATLAS builds'!$B$2:$G$50,4,FALSE)=0,"",IFERROR(VLOOKUP(Z5,'ATLAS builds'!$B$2:$G$50,4,FALSE),"")) -> -A ARM64xgene1 | AD5: =IF(VLOOKUP($Z5,'ATLAS builds'!$B$2:$G$50,6,FALSE)=0,"",IFERROR(VLOOKUP($Z5,'ATLAS builds'!$B$2:$G$50,6,FALSE),"")) -> -march=native -mtune=native -mcpu=native | AH5: cpu-crc-flags | AI5: 1 | AJ5: WR00L2L2 | AK5: 26080 | AL5: 160 | AM5: 2 | AN5: 8 | AO5: 117.52 | AP5: 100.63 | AQ5: 45544 | AR5: 0.64652778 | AS5: 0 | AT5: 0 | AU5: 0 | AV5: 0 | AW5: 0 | AX5: 0 | AY5: 0 | AZ5: 0 | BA5: 0 | BB5: 0 | BC5: 0 | BD5: 0 | BF5: =BE4 -> 100.762
A6: atlarch-all-spec | B6: 2 | C6: WR00L2L2 | D6: 52000 | E6: 160 | F6: 2 | G6: 8 | H6: 717.22 | I6: 130.7 | J6: 45545 | K6: 0.086712963 | L6: 0 | M6: 0 | N6: 0 | O6: 0 | P6: 0 | Q6: 0 | R6: 0 | S6: 0 | T6: 0 | U6: 0 | V6: 0 | W6: 0 | X6: =X5 -> 130.668 | Z6: atlarch-cpu-tune | AA6: 720.87 | AB6: 130.228 | AC6: =IF(VLOOKUP(Z6,'ATLAS builds'!$B$2:$G$50,4,FALSE)=0,"",IFERROR(VLOOKUP(Z6,'ATLAS builds'!$B$2:$G$50,4,FALSE),"")) -> -A ARM64xgene1 | AD6: =IF(VLOOKUP($Z6,'ATLAS builds'!$B$2:$G$50,6,FALSE)=0,"",IFERROR(VLOOKUP($Z6,'ATLAS builds'!$B$2:$G$50,6,FALSE),"")) -> -mcpu=cortex-a76+crypto -mtune=cortex-a76 | AH6: cpu-crc-flags | AI6: 2 | AJ6: WR00L2L2 | AK6: 26080 | AL6: 160 | AM6: 2 | AN6: 8 | AO6: 117.22 | AP6: 100.9 | AQ6: 45544 | AR6: 0.64796296 | AS6: 0 | AT6: 0 | AU6: 0 | AV6: 0 | AW6: 0 | AX6: 0 | AY6: 0 | AZ6: 0 | BA6: 0 | BB6: 0 | BC6: 0 | BD6: 0 | BF6: =BE4 -> 100.762
A7: atlarch-all-spec | B7: 3 | C7: WR00L2L2 | D7: 52000 | E7: 160 | F7: 2 | G7: 8 | H7: 716.43 | I7: 130.85 | J7: 45545 | K7: 0.095671296 | L7: 0 | M7: 0 | N7: 0 | O7: 0 | P7: 0 | Q7: 0 | R7: 0 | S7: 0 | T7: 0 | U7: 0 | V7: 0 | W7: 0 | X7: =X6 -> 130.668 | Z7: atlarch-cpu-tune-flags | AA7: 718.53 | AB7: 130.084 | AC7: =IF(VLOOKUP(Z7,'ATLAS builds'!$B$2:$G$50,4,FALSE)=0,"",IFERROR(VLOOKUP(Z7,'ATLAS builds'!$B$2:$G$50,4,FALSE),"")) | AD7: =IF(VLOOKUP($Z7,'ATLAS builds'!$B$2:$G$50,6,FALSE)=0,"",IFERROR(VLOOKUP($Z7,'ATLAS builds'!$B$2:$G$50,6,FALSE),"")) -> -O2 -mcpu=cortex-a76+crypto -mtune=cortex-a76 | AH7: cpu-crc-flags | AI7: 3 | AJ7: WR00L2L2 | AK7: 26080 | AL7: 160 | AM7: 2 | AN7: 8 | AO7: 117.47 | AP7: 100.68 | AQ7: 45544 | AR7: 0.64939815 | AS7: 0 | AT7: 0 | AU7: 0 | AV7: 0 | AW7: 0 | AX7: 0 | AY7: 0 | AZ7: 0 | BA7: 0 | BB7: 0 | BC7: 0 | BD7: 0 | BF7: =BE4 -> 100.762
A8: atlarch-all-spec | B8: 4 | C8: WR00L2L2 | D8: 52000 | E8: 160 | F8: 2 | G8: 8 | H8: 716.57 | I8: 130.82 | J8: 45545 | K8: 0.1046412 | L8: 0 | M8: 0 | N8: 0 | O8: 0 | P8: 0 | Q8: 0 | R8: 0 | S8: 0 | T8: 0 | U8: 0 | V8: 0 | W8: 0 | X8: =X7 -> 130.668 | Z8: cpu-flags | AA8: 722.32 | AB8: 129.91 | AC8: =IF(VLOOKUP(Z8,'ATLAS builds'!$B$2:$G$50,4,FALSE)=0,"",IFERROR(VLOOKUP(Z8,'ATLAS builds'!$B$2:$G$50,4,FALSE),"")) | AD8: =IF(VLOOKUP($Z8,'ATLAS builds'!$B$2:$G$50,6,FALSE)=0,"",IFERROR(VLOOKUP($Z8,'ATLAS builds'!$B$2:$G$50,6,FALSE),"")) -> -O2 -mcpu=cortex-a76+crypto | AH8: cpu-crc-flags | AI8: 4 | AJ8: WR00L2L2 | AK8: 26080 | AL8: 160 | AM8: 2 | AN8: 8 | AO8: 117.46 | AP8: 100.69 | AQ8: 45544 | AR8: 0.65083333 | AS8: 0 | AT8: 0 | AU8: 0 | AV8: 0 | AW8: 0 | AX8: 0 | AY8: 0 | AZ8: 0 | BA8: 0 | BB8: 0 | BC8: 0 | BD8: 0 | BF8: =BE4 -> 100.762
A9: atlarch-native | B9: 0 | C9: WR00L2L2 | D9: 52000 | E9: 160 | F9: 2 | G9: 8 | H9: 718.56 | I9: 130.46 | J9: 45544 | K9: 0.92234954 | L9: 0 | M9: 0 | N9: 0 | O9: 0 | P9: 0 | Q9: 0 | R9: 0 | S9: 0 | T9: 0 | U9: 0 | V9: 0 | W9: 0 | X9: =AVERAGE(I9:I13) -> 130.522 | Z9: generic-flags | AA9: 720.67 | AB9: 129.856 | AC9: =IF(VLOOKUP(Z9,'ATLAS builds'!$B$2:$G$50,4,FALSE)=0,"",IFERROR(VLOOKUP(Z9,'ATLAS builds'!$B$2:$G$50,4,FALSE),"")) | AD9: =IF(VLOOKUP($Z9,'ATLAS builds'!$B$2:$G$50,6,FALSE)=0,"",IFERROR(VLOOKUP($Z9,'ATLAS builds'!$B$2:$G$50,6,FALSE),"")) -> -O2 -mtune=native | AH9: atlarch-native-flags | AI9: 0 | AJ9: WR00L2L2 | AK9: 26080 | AL9: 160 | AM9: 2 | AN9: 8 | AO9: 117.27 | AP9: 100.85 | AQ9: 45544 | AR9: 0.60892361 | AS9: 0 | AT9: 0 | AU9: 0 | AV9: 0 | AW9: 0 | AX9: 0 | AY9: 0 | AZ9: 0 | BA9: 0 | BB9: 0 | BC9: 0 | BD9: 0 | BE9: =AVERAGE(AP9:AP13) -> 100.712 | BF9: =BE9 -> 100.712
A10: atlarch-native | B10: 1 | C10: WR00L2L2 | D10: 52000 | E10: 160 | F10: 2 | G10: 8 | H10: 719.18 | I10: 130.35 | J10: 45544 | K10: 0.93134259 | L10: 0 | M10: 0 | N10: 0 | O10: 0 | P10: 0 | Q10: 0 | R10: 0 | S10: 0 | T10: 0 | U10: 0 | V10: 0 | W10: 0 | X10: =X9 -> 130.522 | Z10: atlarch-native-flags | AA10: 723.13 | AB10: 129.854 | AC10: =IF(VLOOKUP(Z10,'ATLAS builds'!$B$2:$G$50,4,FALSE)=0,"",IFERROR(VLOOKUP(Z10,'ATLAS builds'!$B$2:$G$50,4,FALSE),"")) | AD10: =IF(VLOOKUP($Z10,'ATLAS builds'!$B$2:$G$50,6,FALSE)=0,"",IFERROR(VLOOKUP($Z10,'ATLAS builds'!$B$2:$G$50,6,FALSE),"")) -> -O2 -march=native -mtune=native -mcpu=native | AH10: atlarch-native-flags | AI10: 1 | AJ10: WR00L2L2 | AK10: 26080 | AL10: 160 | AM10: 2 | AN10: 8 | AO10: 117.53 | AP10: 100.63 | AQ10: 45544 | AR10: 0.6103588 | AS10: 0 | AT10: 0 | AU10: 0 | AV10: 0 | AW10: 0 | AX10: 0 | AY10: 0 | AZ10: 0 | BA10: 0 | BB10: 0 | BC10: 0 | BD10: 0 | BF10: =BE9 -> 100.712
A11: atlarch-native | B11: 2 | C11: WR00L2L2 | D11: 52000 | E11: 160 | F11: 2 | G11: 8 | H11: 718.21 | I11: 130.52 | J11: 45544 | K11: 0.94033565 | L11: 0 | M11: 0 | N11: 0 | O11: 0 | P11: 0 | Q11: 0 | R11: 0 | S11: 0 | T11: 0 | U11: 0 | V11: 0 | W11: 0 | X11: =X10 -> 130.522 | Z11: atlarch-all-spec-flags | AA11: 721.23 | AB11: 129.832 | AC11: =IF(VLOOKUP(Z11,'ATLAS builds'!$B$2:$G$50,4,FALSE)=0,"",IFERROR(VLOOKUP(Z11,'ATLAS builds'!$B$2:$G$50,4,FALSE),"")) | AD11: =IF(VLOOKUP($Z11,'ATLAS builds'!$B$2:$G$50,6,FALSE)=0,"",IFERROR(VLOOKUP($Z11,'ATLAS builds'!$B$2:$G$50,6,FALSE),"")) -> -O2 -march=armv8.2-a+crypto+fp16+rcpc+dotprod -mtune=cortex-a76 -mcpu=cortex-a76+crypto | AH11: atlarch-native-flags | AI11: 2 | AJ11: WR00L2L2 | AK11: 26080 | AL11: 160 | AM11: 2 | AN11: 8 | AO11: 117.23 | AP11: 100.89 | AQ11: 45544 | AR11: 0.61179398 | AS11: 0 | AT11: 0 | AU11: 0 | AV11: 0 | AW11: 0 | AX11: 0 | AY11: 0 | AZ11: 0 | BA11: 0 | BB11: 0 | BC11: 0 | BD11: 0 | BF11: =BE9 -> 100.712
A12: atlarch-native | B12: 3 | C12: WR00L2L2 | D12: 52000 | E12: 160 | F12: 2 | G12: 8 | H12: 718.03 | I12: 130.56 | J12: 45544 | K12: 0.94931713 | L12: 0 | M12: 0 | N12: 0 | O12: 0 | P12: 0 | Q12: 0 | R12: 0 | S12: 0 | T12: 0 | U12: 0 | V12: 0 | W12: 0 | X12: =X11 -> 130.522 | Z12: cpu-crc-flags | AA12: 722.52 | AB12: 129.822 | AC12: =IF(VLOOKUP(Z12,'ATLAS builds'!$B$2:$G$50,4,FALSE)=0,"",IFERROR(VLOOKUP(Z12,'ATLAS builds'!$B$2:$G$50,4,FALSE),"")) | AD12: =IF(VLOOKUP($Z12,'ATLAS builds'!$B$2:$G$50,6,FALSE)=0,"",IFERROR(VLOOKUP($Z12,'ATLAS builds'!$B$2:$G$50,6,FALSE),"")) -> -O2 -mcpu=cortex-a76+crc+crypto | AH12: atlarch-native-flags | AI12: 3 | AJ12: WR00L2L2 | AK12: 26080 | AL12: 160 | AM12: 2 | AN12: 8 | AO12: 117.69 | AP12: 100.5 | AQ12: 45544 | AR12: 0.61324074 | AS12: 0 | AT12: 0 | AU12: 0 | AV12: 0 | AW12: 0 | AX12: 0 | AY12: 0 | AZ12: 0 | BA12: 0 | BB12: 0 | BC12: 0 | BD12: 0 | BF12: =BE9 -> 100.712
A13: atlarch-native | B13: 4 | C13: WR00L2L2 | D13: 52000 | E13: 160 | F13: 2 | G13: 8 | H13: 717.12 | I13: 130.72 | J13: 45544 | K13: 0.95828704 | L13: 0 | M13: 0 | N13: 0 | O13: 0 | P13: 0 | Q13: 0 | R13: 0 | S13: 0 | T13: 0 | U13: 0 | V13: 0 | W13: 0 | X13: =X12 -> 130.522 | Z13: cpu-tune-abi-flags | AA13: 723.28 | AB13: 129.756 | AC13: =IF(VLOOKUP(Z13,'ATLAS builds'!$B$2:$G$50,4,FALSE)=0,"",IFERROR(VLOOKUP(Z13,'ATLAS builds'!$B$2:$G$50,4,FALSE),"")) | AD13: =IF(VLOOKUP($Z13,'ATLAS builds'!$B$2:$G$50,6,FALSE)=0,"",IFERROR(VLOOKUP($Z13,'ATLAS builds'!$B$2:$G$50,6,FALSE),"")) -> -O2 -mcpu=cortex-a76+crypto -mtune=cortex-a76 -mabi=lp64 | AH13: atlarch-native-flags | AI13: 4 | AJ13: WR00L2L2 | AK13: 26080 | AL13: 160 | AM13: 2 | AN13: 8 | AO13: 117.45 | AP13: 100.69 | AQ13: 45544 | AR13: 0.61467593 | AS13: 0 | AT13: 0 | AU13: 0 | AV13: 0 | AW13: 0 | AX13: 0 | AY13: 0 | AZ13: 0 | BA13: 0 | BB13: 0 | BC13: 0 | BD13: 0 | BF13: =BE9 -> 100.712
A14: atlarch-cpu-tune | B14: 0 | C14: WR00L2L2 | D14: 52000 | E14: 160 | F14: 2 | G14: 8 | H14: 720.87 | I14: 130.04 | J14: 45545 | K14: 0.35030093 | L14: 0 | M14: 0 | N14: 0 | O14: 0 | P14: 0 | Q14: 0 | R14: 0 | S14: 0 | T14: 0 | U14: 0 | V14: 0 | W14: 0 | X14: =AVERAGE(I14:I18) -> 130.228 | Z14: noarch-flags | AA14: 721.94 | AB14: 129.748 | AC14: =IF(VLOOKUP(Z14,'ATLAS builds'!$B$2:$G$50,4,FALSE)=0,"",IFERROR(VLOOKUP(Z14,'ATLAS builds'!$B$2:$G$50,4,FALSE),"")) | AD14: =IF(VLOOKUP($Z14,'ATLAS builds'!$B$2:$G$50,6,FALSE)=0,"",IFERROR(VLOOKUP($Z14,'ATLAS builds'!$B$2:$G$50,6,FALSE),"")) -> -O2 -mtune=native | AH14: cpu-flags | AI14: 0 | AJ14: WR00L2L2 | AK14: 26080 | AL14: 160 | AM14: 2 | AN14: 8 | AO14: 117.91 | AP14: 100.3 | AQ14: 45544 | AR14: 0.63790509 | AS14: 0 | AT14: 0 | AU14: 0 | AV14: 0 | AW14: 0 | AX14: 0 | AY14: 0 | AZ14: 0 | BA14: 0 | BB14: 0 | BC14: 0 | BD14: 0 | BE14: =AVERAGE(AP14:AP18) -> 100.538 | BF14: =BE14 -> 100.538
A15: atlarch-cpu-tune | B15: 1 | C15: WR00L2L2 | D15: 52000 | E15: 160 | F15: 2 | G15: 8 | H15: 717.68 | I15: 130.62 | J15: 45545 | K15: 0.35928241 | L15: 0 | M15: 0 | N15: 0 | O15: 0 | P15: 0 | Q15: 0 | R15: 0 | S15: 0 | T15: 0 | U15: 0 | V15: 0 | W15: 0 | X15: =X14 -> 130.228 | Z15: all-spec-flags | AA15: 720.69 | AB15: 129.732 | AC15: =IF(VLOOKUP(Z15,'ATLAS builds'!$B$2:$G$50,4,FALSE)=0,"",IFERROR(VLOOKUP(Z15,'ATLAS builds'!$B$2:$G$50,4,FALSE),"")) | AD15: =IF(VLOOKUP($Z15,'ATLAS builds'!$B$2:$G$50,6,FALSE)=0,"",IFERROR(VLOOKUP($Z15,'ATLAS builds'!$B$2:$G$50,6,FALSE),"")) -> -O2 -march=armv8.2-a+crypto+fp16+rcpc+dotprod -mtune=cortex-a76 -mcpu=cortex-a76+crypto | AH15: cpu-flags | AI15: 1 | AJ15: WR00L2L2 | AK15: 26080 | AL15: 160 | AM15: 2 | AN15: 8 | AO15: 117.35 | AP15: 100.79 | AQ15: 45544 | AR15: 0.63934028 | AS15: 0 | AT15: 0 | AU15: 0 | AV15: 0 | AW15: 0 | AX15: 0 | AY15: 0 | AZ15: 0 | BA15: 0 | BB15: 0 | BC15: 0 | BD15: 0 | BF15: =BE14 -> 100.538
A16: atlarch-cpu-tune | B16: 2 | C16: WR00L2L2 | D16: 52000 | E16: 160 | F16: 2 | G16: 8 | H16: 720.04 | I16: 130.19 | J16: 45545 | K16: 0.36828704 | L16: 0 | M16: 0 | N16: 0 | O16: 0 | P16: 0 | Q16: 0 | R16: 0 | S16: 0 | T16: 0 | U16: 0 | V16: 0 | W16: 0 | X16: =X15 -> 130.228 | Z16: atlarch-cpu-flags | AA16: 721.99 | AB16: 129.698 | AC16: =IF(VLOOKUP(Z16,'ATLAS builds'!$B$2:$G$50,4,FALSE)=0,"",IFERROR(VLOOKUP(Z16,'ATLAS builds'!$B$2:$G$50,4,FALSE),"")) | AD16: =IF(VLOOKUP($Z16,'ATLAS builds'!$B$2:$G$50,6,FALSE)=0,"",IFERROR(VLOOKUP($Z16,'ATLAS builds'!$B$2:$G$50,6,FALSE),"")) -> -O2 -mcpu=cortex-a76+crypto | AH16: cpu-flags | AI16: 2 | AJ16: WR00L2L2 | AK16: 26080 | AL16: 160 | AM16: 2 | AN16: 8 | AO16: 117.37 | AP16: 100.77 | AQ16: 45544 | AR16: 0.64077546 | AS16: 0 | AT16: 0 | AU16: 0 | AV16: 0 | AW16: 0 | AX16: 0 | AY16: 0 | AZ16: 0 | BA16: 0 | BB16: 0 | BC16: 0 | BD16: 0 | BF16: =BE14 -> 100.538
A17: atlarch-cpu-tune | B17: 3 | C17: WR00L2L2 | D17: 52000 | E17: 160 | F17: 2 | G17: 8 | H17: 720.27 | I17: 130.15 | J17: 45545 | K17: 0.37730324 | L17: 0 | M17: 0 | N17: 0 | O17: 0 | P17: 0 | Q17: 0 | R17: 0 | S17: 0 | T17: 0 | U17: 0 | V17: 0 | W17: 0 | X17: =X16 -> 130.228 | Z17: cpu-tune-clean-flagsearch-flags | AA17: 722.15 | AB17: 129.626 | AC17: =IF(VLOOKUP(Z17,'ATLAS builds'!$B$2:$G$50,4,FALSE)=0,"",IFERROR(VLOOKUP(Z17,'ATLAS builds'!$B$2:$G$50,4,FALSE),"")) | AD17: =IF(VLOOKUP($Z17,'ATLAS builds'!$B$2:$G$50,6,FALSE)=0,"",IFERROR(VLOOKUP($Z17,'ATLAS builds'!$B$2:$G$50,6,FALSE),"")) -> -O2 -mtune=native | AH17: cpu-flags | AI17: 3 | AJ17: WR00L2L2 | AK17: 26080 | AL17: 160 | AM17: 2 | AN17: 8 | AO17: 118.01 | AP17: 100.22 | AQ17: 45544 | AR17: 0.64222222 | AS17: 0 | AT17: 0 | AU17: 0 | AV17: 0 | AW17: 0 | AX17: 0 | AY17: 0 | AZ17: 0 | BA17: 0 | BB17: 0 | BC17: 0 | BD17: 0 | BF17: =BE14 -> 100.538
A18: atlarch-cpu-tune | B18: 4 | C18: WR00L2L2 | D18: 52000 | E18: 160 | F18: 2 | G18: 8 | H18: 720.3 | I18: 130.14 | J18: 45545 | K18: 0.38630787 | L18: 0 | M18: 0 | N18: 0 | O18: 0 | P18: 0 | Q18: 0 | R18: 0 | S18: 0 | T18: 0 | U18: 0 | V18: 0 | W18: 0 | X18: =X17 -> 130.228 | Z18: cpu | AA18: 724.23 | AB18: 129.464 | AC18: =IF(VLOOKUP(Z18,'ATLAS builds'!$B$2:$G$50,4,FALSE)=0,"",IFERROR(VLOOKUP(Z18,'ATLAS builds'!$B$2:$G$50,4,FALSE),"")) | AD18: =IF(VLOOKUP($Z18,'ATLAS builds'!$B$2:$G$50,6,FALSE)=0,"",IFERROR(VLOOKUP($Z18,'ATLAS builds'!$B$2:$G$50,6,FALSE),"")) -> -mcpu=cortex-a76+crypto | AH18: cpu-flags | AI18: 4 | AJ18: WR00L2L2 | AK18: 26080 | AL18: 160 | AM18: 2 | AN18: 8 | AO18: 117.55 | AP18: 100.61 | AQ18: 45544 | AR18: 0.64365741 | AS18: 0 | AT18: 0 | AU18: 0 | AV18: 0 | AW18: 0 | AX18: 0 | AY18: 0 | AZ18: 0 | BA18: 0 | BB18: 0 | BC18: 0 | BD18: 0 | BF18: =BE14 -> 100.538
A19: atlarch-cpu-tune-flags | B19: 0 | C19: WR00L2L2 | D19: 52000 | E19: 160 | F19: 2 | G19: 8 | H19: 718.53 | I19: 130.47 | J19: 45545 | K19: 0.99353009 | L19: 0 | M19: 0 | N19: 0 | O19: 0 | P19: 0 | Q19: 0 | R19: 0 | S19: 0 | T19: 0 | U19: 0 | V19: 0 | W19: 0 | X19: =AVERAGE(I19:I23) -> 130.084 | Z19: atlarch-flags | AA19: 724.79 | AB19: 129.378 | AC19: =IF(VLOOKUP(Z19,'ATLAS builds'!$B$2:$G$50,4,FALSE)=0,"",IFERROR(VLOOKUP(Z19,'ATLAS builds'!$B$2:$G$50,4,FALSE),"")) | AD19: =IF(VLOOKUP($Z19,'ATLAS builds'!$B$2:$G$50,6,FALSE)=0,"",IFERROR(VLOOKUP($Z19,'ATLAS builds'!$B$2:$G$50,6,FALSE),"")) -> -O2 | AH19: atlarch-cpu-tune-flags | AI19: 0 | AJ19: WR00L2L2 | AK19: 26080 | AL19: 160 | AM19: 2 | AN19: 8 | AO19: 117.83 | AP19: 100.38 | AQ19: 45544 | AR19: 0.67605324 | AS19: 0 | AT19: 0 | AU19: 0 | AV19: 0 | AW19: 0 | AX19: 0 | AY19: 0 | AZ19: 0 | BA19: 0 | BB19: 0 | BC19: 0 | BD19: 0 | BE19: =AVERAGE(AP19:AP23) -> 100.466 | BF19: =BE19 -> 100.466
A20: atlarch-cpu-tune-flags | B20: 1 | C20: WR00L2L2 | D20: 52000 | E20: 160 | F20: 2 | G20: 8 | H20: 720.9 | I20: 130.04 | J20: 45546 | K20: 0.0020949074 | L20: 0 | M20: 0 | N20: 0 | O20: 0 | P20: 0 | Q20: 0 | R20: 0 | S20: 0 | T20: 0 | U20: 0 | V20: 0 | W20: 0 | X20: =X19 -> 130.084 | Z20: cpu-tune | AA20: 724.37 | AB20: 129.36 | AC20: =IF(VLOOKUP(Z20,'ATLAS builds'!$B$2:$G$50,4,FALSE)=0,"",IFERROR(VLOOKUP(Z20,'ATLAS builds'!$B$2:$G$50,4,FALSE),"")) | AD20: =IF(VLOOKUP($Z20,'ATLAS builds'!$B$2:$G$50,6,FALSE)=0,"",IFERROR(VLOOKUP($Z20,'ATLAS builds'!$B$2:$G$50,6,FALSE),"")) -> -mcpu=cortex-a76+crypto -mtune=cortex-a76 | AH20: atlarch-cpu-tune-flags | AI20: 1 | AJ20: WR00L2L2 | AK20: 26080 | AL20: 160 | AM20: 2 | AN20: 8 | AO20: 117.65 | AP20: 100.53 | AQ20: 45544 | AR20: 0.67748843 | AS20: 0 | AT20: 0 | AU20: 0 | AV20: 0 | AW20: 0 | AX20: 0 | AY20: 0 | AZ20: 0 | BA20: 0 | BB20: 0 | BC20: 0 | BD20: 0 | BF20: =BE19 -> 100.466
A21: atlarch-cpu-tune-flags | B21: 2 | C21: WR00L2L2 | D21: 52000 | E21: 160 | F21: 2 | G21: 8 | H21: 719.86 | I21: 130.22 | J21: 45546 | K21: 0.010648148 | L21: 0 | M21: 0 | N21: 0 | O21: 0 | P21: 0 | Q21: 0 | R21: 0 | S21: 0 | T21: 0 | U21: 0 | V21: 0 | W21: 0 | X21: =X20 -> 130.084 | Z21: arch-native | AA21: 725.29 | AB21: 129.18 | AC21: =IF(VLOOKUP(Z21,'ATLAS builds'!$B$2:$G$50,4,FALSE)=0,"",IFERROR(VLOOKUP(Z21,'ATLAS builds'!$B$2:$G$50,4,FALSE),"")) | AD21: =IF(VLOOKUP($Z21,'ATLAS builds'!$B$2:$G$50,6,FALSE)=0,"",IFERROR(VLOOKUP($Z21,'ATLAS builds'!$B$2:$G$50,6,FALSE),"")) -> -march=native -mtune=native -mcpu=native | AH21: atlarch-cpu-tune-flags | AI21: 2 | AJ21: WR00L2L2 | AK21: 26080 | AL21: 160 | AM21: 2 | AN21: 8 | AO21: 118.01 | AP21: 100.22 | AQ21: 45544 | AR21: 0.67893519 | AS21: 0 | AT21: 0 | AU21: 0 | AV21: 0 | AW21: 0 | AX21: 0 | AY21: 0 | AZ21: 0 | BA21: 0 | BB21: 0 | BC21: 0 | BD21: 0 | BF21: =BE19 -> 100.466
A22: atlarch-cpu-tune-flags | B22: 3 | C22: WR00L2L2 | D22: 52000 | E22: 160 | F22: 2 | G22: 8 | H22: 721.98 | I22: 129.84 | J22: 45546 | K22: 0.019224537 | L22: 0 | M22: 0 | N22: 0 | O22: 0 | P22: 0 | Q22: 0 | R22: 0 | S22: 0 | T22: 0 | U22: 0 | V22: 0 | W22: 0 | X22: =X21 -> 130.084 | Z22: cpu-crc | AA22: 726.07 | AB22: 129.13 | AC22: =IF(VLOOKUP(Z22,'ATLAS builds'!$B$2:$G$50,4,FALSE)=0,"",IFERROR(VLOOKUP(Z22,'ATLAS builds'!$B$2:$G$50,4,FALSE),"")) | AD22: =IF(VLOOKUP($Z22,'ATLAS builds'!$B$2:$G$50,6,FALSE)=0,"",IFERROR(VLOOKUP($Z22,'ATLAS builds'!$B$2:$G$50,6,FALSE),"")) -> -mcpu=cortex-a76+crc+crypto | AH22: atlarch-cpu-tune-flags | AI22: 3 | AJ22: WR00L2L2 | AK22: 26080 | AL22: 160 | AM22: 2 | AN22: 8 | AO22: 117.24 | AP22: 100.88 | AQ22: 45544 | AR22: 0.68037037 | AS22: 0 | AT22: 0 | AU22: 0 | AV22: 0 | AW22: 0 | AX22: 0 | AY22: 0 | AZ22: 0 | BA22: 0 | BB22: 0 | BC22: 0 | BD22: 0 | BF22: =BE19 -> 100.466
A23: atlarch-cpu-tune-flags | B23: 4 | C23: WR00L2L2 | D23: 52000 | E23: 160 | F23: 2 | G23: 8 | H23: 721.93 | I23: 129.85 | J23: 45546 | K23: 0.027800926 | L23: 0 | M23: 0 | N23: 0 | O23: 0 | P23: 0 | Q23: 0 | R23: 0 | S23: 0 | T23: 0 | U23: 0 | V23: 0 | W23: 0 | X23: =X22 -> 130.084 | Z23: cpu-tune-abi | AA23: 726.53 | AB23: 129.062 | AC23: =IF(VLOOKUP(Z23,'ATLAS builds'!$B$2:$G$50,4,FALSE)=0,"",IFERROR(VLOOKUP(Z23,'ATLAS builds'!$B$2:$G$50,4,FALSE),"")) | AD23: =IF(VLOOKUP($Z23,'ATLAS builds'!$B$2:$G$50,6,FALSE)=0,"",IFERROR(VLOOKUP($Z23,'ATLAS builds'!$B$2:$G$50,6,FALSE),"")) -> -mcpu=cortex-a76+crypto -mtune=cortex-a76 -mabi=lp64 | AH23: atlarch-cpu-tune-flags | AI23: 4 | AJ23: WR00L2L2 | AK23: 26080 | AL23: 160 | AM23: 2 | AN23: 8 | AO23: 117.89 | AP23: 100.32 | AQ23: 45544 | AR23: 0.68181713 | AS23: 0 | AT23: 0 | AU23: 0 | AV23: 0 | AW23: 0 | AX23: 0 | AY23: 0 | AZ23: 0 | BA23: 0 | BB23: 0 | BC23: 0 | BD23: 0 | BF23: =BE19 -> 100.466
A24: cpu-flags | B24: 0 | C24: WR00L2L2 | D24: 52000 | E24: 160 | F24: 2 | G24: 8 | H24: 722.32 | I24: 129.78 | J24: 45545 | K24: 0.76826389 | L24: 0 | M24: 0 | N24: 0 | O24: 0 | P24: 0 | Q24: 0 | R24: 0 | S24: 0 | T24: 0 | U24: 0 | V24: 0 | W24: 0 | X24: =AVERAGE(I24:I28) -> 129.91 | Z24: noarch | AA24: 730.11 | AB24: 128.522 | AC24: =IF(VLOOKUP(Z24,'ATLAS builds'!$B$2:$G$50,4,FALSE)=0,"",IFERROR(VLOOKUP(Z24,'ATLAS builds'!$B$2:$G$50,4,FALSE),"")) -> -Si archdef 0 | AD24: =IF(VLOOKUP($Z24,'ATLAS builds'!$B$2:$G$50,6,FALSE)=0,"",IFERROR(VLOOKUP($Z24,'ATLAS builds'!$B$2:$G$50,6,FALSE),"")) | AH24: cpu-tune-abi-flags | AI24: 0 | AJ24: WR00L2L2 | AK24: 26080 | AL24: 160 | AM24: 2 | AN24: 8 | AO24: 117.88 | AP24: 100.33 | AQ24: 45544 | AR24: 0.6616088 | AS24: 0 | AT24: 0 | AU24: 0 | AV24: 0 | AW24: 0 | AX24: 0 | AY24: 0 | AZ24: 0 | BA24: 0 | BB24: 0 | BC24: 0 | BD24: 0 | BE24: =AVERAGE(AP24:AP28) -> 100.3492 | BF24: =BE24 -> 100.3492
A25: cpu-flags | B25: 1 | C25: WR00L2L2 | D25: 52000 | E25: 160 | F25: 2 | G25: 8 | H25: 721.58 | I25: 129.91 | J25: 45545 | K25: 0.7768287 | L25: 0 | M25: 0 | N25: 0 | O25: 0 | P25: 0 | Q25: 0 | R25: 0 | S25: 0 | T25: 0 | U25: 0 | V25: 0 | W25: 0 | X25: =X24 -> 129.91 | Z25: atlarch | AA25: 731.89 | AB25: 127.786 | AC25: =IF(VLOOKUP(Z25,'ATLAS builds'!$B$2:$G$50,4,FALSE)=0,"",IFERROR(VLOOKUP(Z25,'ATLAS builds'!$B$2:$G$50,4,FALSE),"")) -> -A ARM64xgene1 | AD25: =IF(VLOOKUP($Z25,'ATLAS builds'!$B$2:$G$50,6,FALSE)=0,"",IFERROR(VLOOKUP($Z25,'ATLAS builds'!$B$2:$G$50,6,FALSE),"")) | AH25: cpu-tune-abi-flags | AI25: 1 | AJ25: WR00L2L2 | AK25: 26080 | AL25: 160 | AM25: 2 | AN25: 8 | AO25: 118.32 | AP25: 99.956 | AQ25: 45544 | AR25: 0.66305556 | AS25: 0 | AT25: 0 | AU25: 0 | AV25: 0 | AW25: 0 | AX25: 0 | AY25: 0 | AZ25: 0 | BA25: 0 | BB25: 0 | BC25: 0 | BD25: 0 | BF25: =BE24 -> 100.3492
A26: cpu-flags | B26: 2 | C26: WR00L2L2 | D26: 52000 | E26: 160 | F26: 2 | G26: 8 | H26: 721.61 | I26: 129.91 | J26: 45545 | K26: 0.78540509 | L26: 0 | M26: 0 | N26: 0 | O26: 0 | P26: 0 | Q26: 0 | R26: 0 | S26: 0 | T26: 0 | U26: 0 | V26: 0 | W26: 0 | X26: =X25 -> 129.91 | Z26: arch-native-flags | AA26: 734.4 | AB26: 127.784 | AC26: =IF(VLOOKUP(Z26,'ATLAS builds'!$B$2:$G$50,4,FALSE)=0,"",IFERROR(VLOOKUP(Z26,'ATLAS builds'!$B$2:$G$50,4,FALSE),"")) | AD26: =IF(VLOOKUP($Z26,'ATLAS builds'!$B$2:$G$50,6,FALSE)=0,"",IFERROR(VLOOKUP($Z26,'ATLAS builds'!$B$2:$G$50,6,FALSE),"")) -> -O2 -march=native -mtune=native -mcpu=native | AH26: cpu-tune-abi-flags | AI26: 2 | AJ26: WR00L2L2 | AK26: 26080 | AL26: 160 | AM26: 2 | AN26: 8 | AO26: 117.93 | AP26: 100.29 | AQ26: 45544 | AR26: 0.66450231 | AS26: 0 | AT26: 0 | AU26: 0 | AV26: 0 | AW26: 0 | AX26: 0 | AY26: 0 | AZ26: 0 | BA26: 0 | BB26: 0 | BC26: 0 | BD26: 0 | BF26: =BE24 -> 100.3492
A27: cpu-flags | B27: 3 | C27: WR00L2L2 | D27: 52000 | E27: 160 | F27: 2 | G27: 8 | H27: 721.11 | I27: 130 | J27: 45545 | K27: 0.79396991 | L27: 0 | M27: 0 | N27: 0 | O27: 0 | P27: 0 | Q27: 0 | R27: 0 | S27: 0 | T27: 0 | U27: 0 | V27: 0 | W27: 0 | X27: =X26 -> 129.91 | Z27: atlarch-cpu | AA27: 897.67 | AB27: 104.594 | AC27: =IF(VLOOKUP(Z27,'ATLAS builds'!$B$2:$G$50,4,FALSE)=0,"",IFERROR(VLOOKUP(Z27,'ATLAS builds'!$B$2:$G$50,4,FALSE),"")) -> -A ARM64xgene1 | AD27: =IF(VLOOKUP($Z27,'ATLAS builds'!$B$2:$G$50,6,FALSE)=0,"",IFERROR(VLOOKUP($Z27,'ATLAS builds'!$B$2:$G$50,6,FALSE),"")) -> -mcpu=cortex-a76+crypto | AH27: cpu-tune-abi-flags | AI27: 3 | AJ27: WR00L2L2 | AK27: 26080 | AL27: 160 | AM27: 2 | AN27: 8 | AO27: 117.79 | AP27: 100.41 | AQ27: 45544 | AR27: 0.6659375 | AS27: 0 | AT27: 0 | AU27: 0 | AV27: 0 | AW27: 0 | AX27: 0 | AY27: 0 | AZ27: 0 | BA27: 0 | BB27: 0 | BC27: 0 | BD27: 0 | BF27: =BE24 -> 100.3492
A28: cpu-flags | B28: 4 | C28: WR00L2L2 | D28: 52000 | E28: 160 | F28: 2 | G28: 8 | H28: 721.36 | I28: 129.95 | J28: 45545 | K28: 0.80253472 | L28: 0 | M28: 0 | N28: 0 | O28: 0 | P28: 0 | Q28: 0 | R28: 0 | S28: 0 | T28: 0 | U28: 0 | V28: 0 | W28: 0 | X28: =X27 -> 129.91 | Z28: cpu-tune-clean-flagsearch | AA28: 904.45 | AB28: 103.448 | AC28: =IF(VLOOKUP(Z28,'ATLAS builds'!$B$2:$G$50,4,FALSE)=0,"",IFERROR(VLOOKUP(Z28,'ATLAS builds'!$B$2:$G$50,4,FALSE),"")) | AD28: =IF(VLOOKUP($Z28,'ATLAS builds'!$B$2:$G$50,6,FALSE)=0,"",IFERROR(VLOOKUP($Z28,'ATLAS builds'!$B$2:$G$50,6,FALSE),"")) -> -mcpu=cortex-a76+crypto -mtune=cortex-a76 | AH28: cpu-tune-abi-flags | AI28: 4 | AJ28: WR00L2L2 | AK28: 26080 | AL28: 160 | AM28: 2 | AN28: 8 | AO28: 117.37 | AP28: 100.76 | AQ28: 45544 | AR28: 0.66737269 | AS28: 0 | AT28: 0 | AU28: 0 | AV28: 0 | AW28: 0 | AX28: 0 | AY28: 0 | AZ28: 0 | BA28: 0 | BB28: 0 | BC28: 0 | BD28: 0 | BF28: =BE24 -> 100.3492
A29: generic-flags | B29: 0 | C29: WR00L2L2 | D29: 52000 | E29: 160 | F29: 2 | G29: 8 | H29: 720.67 | I29: 130.08 | J29: 45546 | K29: 0.079340278 | L29: 0 | M29: 0 | N29: 0 | O29: 0 | P29: 0 | Q29: 0 | R29: 0 | S29: 0 | T29: 0 | U29: 0 | V29: 0 | W29: 0 | X29: =AVERAGE(I29:I33) -> 129.856 | Z29: generic | AA29: 902.33 | AB29: 103.388 | AC29: =IF(VLOOKUP(Z29,'ATLAS builds'!$B$2:$G$50,4,FALSE)=0,"",IFERROR(VLOOKUP(Z29,'ATLAS builds'!$B$2:$G$50,4,FALSE),"")) -> -Si archdef 1 | AD29: =IF(VLOOKUP($Z29,'ATLAS builds'!$B$2:$G$50,6,FALSE)=0,"",IFERROR(VLOOKUP($Z29,'ATLAS builds'!$B$2:$G$50,6,FALSE),"")) | AH29: generic-flags | AI29: 0 | AJ29: WR00L2L2 | AK29: 26080 | AL29: 160 | AM29: 2 | AN29: 8 | AO29: 117.76 | AP29: 100.43 | AQ29: 45544 | AR29: 0.69050926 | AS29: 0 | AT29: 0 | AU29: 0 | AV29: 0 | AW29: 0 | AX29: 0 | AY29: 0 | AZ29: 0 | BA29: 0 | BB29: 0 | BC29: 0 | BD29: 0 | BE29: =AVERAGE(AP29:AP33) -> 100.2888 | BF29: =BE29 -> 100.2888
A30: generic-flags | B30: 1 | C30: WR00L2L2 | D30: 52000 | E30: 160 | F30: 2 | G30: 8 | H30: 721.75 | I30: 129.88 | J30: 45546 | K30: 0.087916667 | L30: 0 | M30: 0 | N30: 0 | O30: 0 | P30: 0 | Q30: 0 | R30: 0 | S30: 0 | T30: 0 | U30: 0 | V30: 0 | W30: 0 | X30: =X29 -> 129.856 | Z30: cpu-tune-flags | AA30: 911.46 | AB30: 103.114 | AC30: =IF(VLOOKUP(Z30,'ATLAS builds'!$B$2:$G$50,4,FALSE)=0,"",IFERROR(VLOOKUP(Z30,'ATLAS builds'!$B$2:$G$50,4,FALSE),"")) | AD30: =IF(VLOOKUP($Z30,'ATLAS builds'!$B$2:$G$50,6,FALSE)=0,"",IFERROR(VLOOKUP($Z30,'ATLAS builds'!$B$2:$G$50,6,FALSE),"")) -> -O2 -mcpu=cortex-a76+crypto -mtune=cortex-a76 | AH30: generic-flags | AI30: 1 | AJ30: WR00L2L2 | AK30: 26080 | AL30: 160 | AM30: 2 | AN30: 8 | AO30: 117.5 | AP30: 100.65 | AQ30: 45544 | AR30: 0.69195602 | AS30: 0 | AT30: 0 | AU30: 0 | AV30: 0 | AW30: 0 | AX30: 0 | AY30: 0 | AZ30: 0 | BA30: 0 | BB30: 0 | BC30: 0 | BD30: 0 | BF30: =BE29 -> 100.2888
A31: generic-flags | B31: 2 | C31: WR00L2L2 | D31: 52000 | E31: 160 | F31: 2 | G31: 8 | H31: 721.31 | I31: 129.96 | J31: 45546 | K31: 0.096493056 | L31: 0 | M31: 0 | N31: 0 | O31: 0 | P31: 0 | Q31: 0 | R31: 0 | S31: 0 | T31: 0 | U31: 0 | V31: 0 | W31: 0 | X31: =X30 -> 129.856 | Z31: all-spec | AA31: 912.39 | AB31: 102.922 | AC31: =IF(VLOOKUP(Z31,'ATLAS builds'!$B$2:$G$50,4,FALSE)=0,"",IFERROR(VLOOKUP(Z31,'ATLAS builds'!$B$2:$G$50,4,FALSE),"")) | AD31: =IF(VLOOKUP($Z31,'ATLAS builds'!$B$2:$G$50,6,FALSE)=0,"",IFERROR(VLOOKUP($Z31,'ATLAS builds'!$B$2:$G$50,6,FALSE),"")) -> -march=armv8.2-a+crypto+fp16+rcpc+dotprod -mtune=cortex-a76 -mcpu=cortex-a76+crypto | AH31: generic-flags | AI31: 2 | AJ31: WR00L2L2 | AK31: 26080 | AL31: 160 | AM31: 2 | AN31: 8 | AO31: 117.87 | AP31: 100.34 | AQ31: 45544 | AR31: 0.6933912 | AS31: 0 | AT31: 0 | AU31: 0 | AV31: 0 | AW31: 0 | AX31: 0 | AY31: 0 | AZ31: 0 | BA31: 0 | BB31: 0 | BC31: 0 | BD31: 0 | BF31: =BE29 -> 100.2888
A32: generic-flags | B32: 3 | C32: WR00L2L2 | D32: 52000 | E32: 160 | F32: 2 | G32: 8 | H32: 724.32 | I32: 129.42 | J32: 45546 | K32: 0.10510417 | L32: 0 | M32: 0 | N32: 0 | O32: 0 | P32: 0 | Q32: 0 | R32: 0 | S32: 0 | T32: 0 | U32: 0 | V32: 0 | W32: 0 | X32: =X31 -> 129.856 | Z32: 0 | AA32: 0 | AB32: 0 | AH32: generic-flags | AI32: 3 | AJ32: WR00L2L2 | AK32: 26080 | AL32: 160 | AM32: 2 | AN32: 8 | AO32: 118.19 | AP32: 100.07 | AQ32: 45544 | AR32: 0.69483796 | AS32: 0 | AT32: 0 | AU32: 0 | AV32: 0 | AW32: 0 | AX32: 0 | AY32: 0 | AZ32: 0 | BA32: 0 | BB32: 0 | BC32: 0 | BD32: 0 | BF32: =BE29 -> 100.2888
A33: generic-flags | B33: 4 | C33: WR00L2L2 | D33: 52000 | E33: 160 | F33: 2 | G33: 8 | H33: 721.42 | I33: 129.94 | J33: 45546 | K33: 0.11368056 | L33: 0 | M33: 0 | N33: 0 | O33: 0 | P33: 0 | Q33: 0 | R33: 0 | S33: 0 | T33: 0 | U33: 0 | V33: 0 | W33: 0 | X33: =X32 -> 129.856 | Z33: 0 | AA33: 0 | AB33: 0 | AH33: generic-flags | AI33: 4 | AJ33: WR00L2L2 | AK33: 26080 | AL33: 160 | AM33: 2 | AN33: 8 | AO33: 118.32 | AP33: 99.954 | AQ33: 45544 | AR33: 0.69628472 | AS33: 0 | AT33: 0 | AU33: 0 | AV33: 0 | AW33: 0 | AX33: 0 | AY33: 0 | AZ33: 0 | BA33: 0 | BB33: 0 | BC33: 0 | BD33: 0 | BF33: =BE29 -> 100.2888
A34: atlarch-native-flags | B34: 0 | C34: WR00L2L2 | D34: 52000 | E34: 160 | F34: 2 | G34: 8 | H34: 723.13 | I34: 129.63 | J34: 45545 | K34: 0.59597222 | L34: 0 | M34: 0 | N34: 0 | O34: 0 | P34: 0 | Q34: 0 | R34: 0 | S34: 0 | T34: 0 | U34: 0 | V34: 0 | W34: 0 | X34: =AVERAGE(I34:I38) -> 129.854 | Z34: 0 | AA34: 0 | AB34: 0 | AH34: atlarch-all-spec-flags | AI34: 0 | AJ34: WR00L2L2 | AK34: 26080 | AL34: 160 | AM34: 2 | AN34: 8 | AO34: 118.16 | AP34: 100.09 | AQ34: 45544 | AR34: 0.6306713 | AS34: 0 | AT34: 0 | AU34: 0 | AV34: 0 | AW34: 0 | AX34: 0 | AY34: 0 | AZ34: 0 | BA34: 0 | BB34: 0 | BC34: 0 | BD34: 0 | BE34: =AVERAGE(AP34:AP38) -> 100.0586 | BF34: =BE34 -> 100.0586
A35: atlarch-native-flags | B35: 1 | C35: WR00L2L2 | D35: 52000 | E35: 160 | F35: 2 | G35: 8 | H35: 722.34 | I35: 129.78 | J35: 45545 | K35: 0.60454861 | L35: 0 | M35: 0 | N35: 0 | O35: 0 | P35: 0 | Q35: 0 | R35: 0 | S35: 0 | T35: 0 | U35: 0 | V35: 0 | W35: 0 | X35: =X34 -> 129.854 | Z35: 0 | AA35: 0 | AB35: 0 | AH35: atlarch-all-spec-flags | AI35: 1 | AJ35: WR00L2L2 | AK35: 26080 | AL35: 160 | AM35: 2 | AN35: 8 | AO35: 118.12 | AP35: 100.12 | AQ35: 45544 | AR35: 0.63211806 | AS35: 0 | AT35: 0 | AU35: 0 | AV35: 0 | AW35: 0 | AX35: 0 | AY35: 0 | AZ35: 0 | BA35: 0 | BB35: 0 | BC35: 0 | BD35: 0 | BF35: =BE34 -> 100.0586
A36: atlarch-native-flags | B36: 2 | C36: WR00L2L2 | D36: 52000 | E36: 160 | F36: 2 | G36: 8 | H36: 721.93 | I36: 129.85 | J36: 45545 | K36: 0.613125 | L36: 0 | M36: 0 | N36: 0 | O36: 0 | P36: 0 | Q36: 0 | R36: 0 | S36: 0 | T36: 0 | U36: 0 | V36: 0 | W36: 0 | X36: =X35 -> 129.854 | Z36: 0 | AA36: 0 | AB36: 0 | AH36: atlarch-all-spec-flags | AI36: 2 | AJ36: WR00L2L2 | AK36: 26080 | AL36: 160 | AM36: 2 | AN36: 8 | AO36: 118.14 | AP36: 100.1 | AQ36: 45544 | AR36: 0.63356481 | AS36: 0 | AT36: 0 | AU36: 0 | AV36: 0 | AW36: 0 | AX36: 0 | AY36: 0 | AZ36: 0 | BA36: 0 | BB36: 0 | BC36: 0 | BD36: 0 | BF36: =BE34 -> 100.0586
A37: atlarch-native-flags | B37: 3 | C37: WR00L2L2 | D37: 52000 | E37: 160 | F37: 2 | G37: 8 | H37: 720.91 | I37: 130.03 | J37: 45545 | K37: 0.62168981 | L37: 0 | M37: 0 | N37: 0 | O37: 0 | P37: 0 | Q37: 0 | R37: 0 | S37: 0 | T37: 0 | U37: 0 | V37: 0 | W37: 0 | X37: =X36 -> 129.854 | Z37: 0 | AA37: 0 | AB37: 0 | AH37: atlarch-all-spec-flags | AI37: 3 | AJ37: WR00L2L2 | AK37: 26080 | AL37: 160 | AM37: 2 | AN37: 8 | AO37: 118.31 | AP37: 99.963 | AQ37: 45544 | AR37: 0.63501157 | AS37: 0 | AT37: 0 | AU37: 0 | AV37: 0 | AW37: 0 | AX37: 0 | AY37: 0 | AZ37: 0 | BA37: 0 | BB37: 0 | BC37: 0 | BD37: 0 | BF37: =BE34 -> 100.0586
A38: atlarch-native-flags | B38: 4 | C38: WR00L2L2 | D38: 52000 | E38: 160 | F38: 2 | G38: 8 | H38: 721.23 | I38: 129.98 | J38: 45545 | K38: 0.6302662 | L38: 0 | M38: 0 | N38: 0 | O38: 0 | P38: 0 | Q38: 0 | R38: 0 | S38: 0 | T38: 0 | U38: 0 | V38: 0 | W38: 0 | X38: =X37 -> 129.854 | Z38: 0 | AA38: 0 | AB38: 0 | AH38: atlarch-all-spec-flags | AI38: 4 | AJ38: WR00L2L2 | AK38: 26080 | AL38: 160 | AM38: 2 | AN38: 8 | AO38: 118.24 | AP38: 100.02 | AQ38: 45544 | AR38: 0.63645833 | AS38: 0 | AT38: 0 | AU38: 0 | AV38: 0 | AW38: 0 | AX38: 0 | AY38: 0 | AZ38: 0 | BA38: 0 | BB38: 0 | BC38: 0 | BD38: 0 | BF38: =BE34 -> 100.0586
A39: atlarch-all-spec-flags | B39: 0 | C39: WR00L2L2 | D39: 52000 | E39: 160 | F39: 2 | G39: 8 | H39: 721.23 | I39: 129.98 | J39: 45545 | K39: 0.7253588 | L39: 0 | M39: 0 | N39: 0 | O39: 0 | P39: 0 | Q39: 0 | R39: 0 | S39: 0 | T39: 0 | U39: 0 | V39: 0 | W39: 0 | X39: =AVERAGE(I39:I43) -> 129.832 | Z39: 0 | AA39: 0 | AB39: 0 | AH39: atlarch-cpu-flags | AI39: 0 | AJ39: WR00L2L2 | AK39: 26080 | AL39: 160 | AM39: 2 | AN39: 8 | AO39: 118.55 | AP39: 99.764 | AQ39: 45544 | AR39: 0.66883102 | AS39: 0 | AT39: 0 | AU39: 0 | AV39: 0 | AW39: 0 | AX39: 0 | AY39: 0 | AZ39: 0 | BA39: 0 | BB39: 0 | BC39: 0 | BD39: 0 | BE39: =AVERAGE(AP39:AP43) -> 100.0542 | BF39: =BE39 -> 100.0542
A40: atlarch-all-spec-flags | B40: 1 | C40: WR00L2L2 | D40: 52000 | E40: 160 | F40: 2 | G40: 8 | H40: 721.39 | I40: 129.95 | J40: 45545 | K40: 0.73393519 | L40: 0 | M40: 0 | N40: 0 | O40: 0 | P40: 0 | Q40: 0 | R40: 0 | S40: 0 | T40: 0 | U40: 0 | V40: 0 | W40: 0 | X40: =X39 -> 129.832 | Z40: 0 | AA40: 0 | AB40: 0 | AH40: atlarch-cpu-flags | AI40: 1 | AJ40: WR00L2L2 | AK40: 26080 | AL40: 160 | AM40: 2 | AN40: 8 | AO40: 117.85 | AP40: 100.36 | AQ40: 45544 | AR40: 0.6702662 | AS40: 0 | AT40: 0 | AU40: 0 | AV40: 0 | AW40: 0 | AX40: 0 | AY40: 0 | AZ40: 0 | BA40: 0 | BB40: 0 | BC40: 0 | BD40: 0 | BF40: =BE39 -> 100.0542
A41: atlarch-all-spec-flags | B41: 2 | C41: WR00L2L2 | D41: 52000 | E41: 160 | F41: 2 | G41: 8 | H41: 721.75 | I41: 129.88 | J41: 45545 | K41: 0.7425 | L41: 0 | M41: 0 | N41: 0 | O41: 0 | P41: 0 | Q41: 0 | R41: 0 | S41: 0 | T41: 0 | U41: 0 | V41: 0 | W41: 0 | X41: =X40 -> 129.832 | Z41: 0 | AA41: 0 | AB41: 0 | AH41: atlarch-cpu-flags | AI41: 2 | AJ41: WR00L2L2 | AK41: 26080 | AL41: 160 | AM41: 2 | AN41: 8 | AO41: 117.94 | AP41: 100.28 | AQ41: 45544 | AR41: 0.67171296 | AS41: 0 | AT41: 0 | AU41: 0 | AV41: 0 | AW41: 0 | AX41: 0 | AY41: 0 | AZ41: 0 | BA41: 0 | BB41: 0 | BC41: 0 | BD41: 0 | BF41: =BE39 -> 100.0542
A42: atlarch-all-spec-flags | B42: 3 | C42: WR00L2L2 | D42: 52000 | E42: 160 | F42: 2 | G42: 8 | H42: 722.99 | I42: 129.66 | J42: 45545 | K42: 0.75108796 | L42: 0 | M42: 0 | N42: 0 | O42: 0 | P42: 0 | Q42: 0 | R42: 0 | S42: 0 | T42: 0 | U42: 0 | V42: 0 | W42: 0 | X42: =X41 -> 129.832 | Z42: 0 | AA42: 0 | AB42: 0 | AH42: atlarch-cpu-flags | AI42: 3 | AJ42: WR00L2L2 | AK42: 26080 | AL42: 160 | AM42: 2 | AN42: 8 | AO42: 118.17 | AP42: 100.08 | AQ42: 45544 | AR42: 0.67315972 | AS42: 0 | AT42: 0 | AU42: 0 | AV42: 0 | AW42: 0 | AX42: 0 | AY42: 0 | AZ42: 0 | BA42: 0 | BB42: 0 | BC42: 0 | BD42: 0 | BF42: =BE39 -> 100.0542
A43: atlarch-all-spec-flags | B43: 4 | C43: WR00L2L2 | D43: 52000 | E43: 160 | F43: 2 | G43: 8 | H43: 722.81 | I43: 129.69 | J43: 45545 | K43: 0.75967593 | L43: 0 | M43: 0 | N43: 0 | O43: 0 | P43: 0 | Q43: 0 | R43: 0 | S43: 0 | T43: 0 | U43: 0 | V43: 0 | W43: 0 | X43: =X42 -> 129.832 | Z43: 0 | AA43: 0 | AB43: 0 | AH43: atlarch-cpu-flags | AI43: 4 | AJ43: WR00L2L2 | AK43: 26080 | AL43: 160 | AM43: 2 | AN43: 8 | AO43: 118.52 | AP43: 99.787 | AQ43: 45544 | AR43: 0.67460648 | AS43: 0 | AT43: 0 | AU43: 0 | AV43: 0 | AW43: 0 | AX43: 0 | AY43: 0 | AZ43: 0 | BA43: 0 | BB43: 0 | BC43: 0 | BD43: 0 | BF43: =BE39 -> 100.0542
A44: cpu-crc-flags | B44: 0 | C44: WR00L2L2 | D44: 52000 | E44: 160 | F44: 2 | G44: 8 | H44: 722.52 | I44: 129.74 | J44: 45545 | K44: 0.81111111 | L44: 0 | M44: 0 | N44: 0 | O44: 0 | P44: 0 | Q44: 0 | R44: 0 | S44: 0 | T44: 0 | U44: 0 | V44: 0 | W44: 0 | X44: =AVERAGE(I44:I48) -> 129.822 | Z44: 0 | AA44: 0 | AB44: 0 | AH44: all-spec-flags | AI44: 0 | AJ44: WR00L2L2 | AK44: 26080 | AL44: 160 | AM44: 2 | AN44: 8 | AO44: 118.55 | AP44: 99.761 | AQ44: 45544 | AR44: 0.6234375 | AS44: 0 | AT44: 0 | AU44: 0 | AV44: 0 | AW44: 0 | AX44: 0 | AY44: 0 | AZ44: 0 | BA44: 0 | BB44: 0 | BC44: 0 | BD44: 0 | BE44: =AVERAGE(AP44:AP48) -> 100.046 | BF44: =BE44 -> 100.046
A45: cpu-crc-flags | B45: 1 | C45: WR00L2L2 | D45: 52000 | E45: 160 | F45: 2 | G45: 8 | H45: 721.43 | I45: 129.94 | J45: 45545 | K45: 0.8196875 | L45: 0 | M45: 0 | N45: 0 | O45: 0 | P45: 0 | Q45: 0 | R45: 0 | S45: 0 | T45: 0 | U45: 0 | V45: 0 | W45: 0 | X45: =X44 -> 129.822 | Z45: 0 | AA45: 0 | AB45: 0 | AH45: all-spec-flags | AI45: 1 | AJ45: WR00L2L2 | AK45: 26080 | AL45: 160 | AM45: 2 | AN45: 8 | AO45: 117.86 | AP45: 100.35 | AQ45: 45544 | AR45: 0.62488426 | AS45: 0 | AT45: 0 | AU45: 0 | AV45: 0 | AW45: 0 | AX45: 0 | AY45: 0 | AZ45: 0 | BA45: 0 | BB45: 0 | BC45: 0 | BD45: 0 | BF45: =BE44 -> 100.046
A46: cpu-crc-flags | B46: 2 | C46: WR00L2L2 | D46: 52000 | E46: 160 | F46: 2 | G46: 8 | H46: 722.11 | I46: 129.82 | J46: 45545 | K46: 0.82826389 | L46: 0 | M46: 0 | N46: 0 | O46: 0 | P46: 0 | Q46: 0 | R46: 0 | S46: 0 | T46: 0 | U46: 0 | V46: 0 | W46: 0 | X46: =X45 -> 129.822 | Z46: 0 | AA46: 0 | AB46: 0 | AH46: all-spec-flags | AI46: 2 | AJ46: WR00L2L2 | AK46: 26080 | AL46: 160 | AM46: 2 | AN46: 8 | AO46: 118.36 | AP46: 99.921 | AQ46: 45544 | AR46: 0.62633102 | AS46: 0 | AT46: 0 | AU46: 0 | AV46: 0 | AW46: 0 | AX46: 0 | AY46: 0 | AZ46: 0 | BA46: 0 | BB46: 0 | BC46: 0 | BD46: 0 | BF46: =BE44 -> 100.046
A47: cpu-crc-flags | B47: 3 | C47: WR00L2L2 | D47: 52000 | E47: 160 | F47: 2 | G47: 8 | H47: 721.94 | I47: 129.85 | J47: 45545 | K47: 0.83684028 | L47: 0 | M47: 0 | N47: 0 | O47: 0 | P47: 0 | Q47: 0 | R47: 0 | S47: 0 | T47: 0 | U47: 0 | V47: 0 | W47: 0 | X47: =X46 -> 129.822 | Z47: 0 | AA47: 0 | AB47: 0 | AH47: all-spec-flags | AI47: 3 | AJ47: WR00L2L2 | AK47: 26080 | AL47: 160 | AM47: 2 | AN47: 8 | AO47: 117.95 | AP47: 100.27 | AQ47: 45544 | AR47: 0.62777778 | AS47: 0 | AT47: 0 | AU47: 0 | AV47: 0 | AW47: 0 | AX47: 0 | AY47: 0 | AZ47: 0 | BA47: 0 | BB47: 0 | BC47: 0 | BD47: 0 | BF47: =BE44 -> 100.046
A48: cpu-crc-flags | B48: 4 | C48: WR00L2L2 | D48: 52000 | E48: 160 | F48: 2 | G48: 8 | H48: 722.42 | I48: 129.76 | J48: 45545 | K48: 0.84542824 | L48: 0 | M48: 0 | N48: 0 | O48: 0 | P48: 0 | Q48: 0 | R48: 0 | S48: 0 | T48: 0 | U48: 0 | V48: 0 | W48: 0 | X48: =X47 -> 129.822 | Z48: 0 | AA48: 0 | AB48: 0 | AH48: all-spec-flags | AI48: 4 | AJ48: WR00L2L2 | AK48: 26080 | AL48: 160 | AM48: 2 | AN48: 8 | AO48: 118.35 | AP48: 99.928 | AQ48: 45544 | AR48: 0.62922454 | AS48: 0 | AT48: 0 | AU48: 0 | AV48: 0 | AW48: 0 | AX48: 0 | AY48: 0 | AZ48: 0 | BA48: 0 | BB48: 0 | BC48: 0 | BD48: 0 | BF48: =BE44 -> 100.046
A49: cpu-tune-abi-flags | B49: 0 | C49: WR00L2L2 | D49: 52000 | E49: 160 | F49: 2 | G49: 8 | H49: 723.28 | I49: 129.61 | J49: 45545 | K49: 0.90774306 | L49: 0 | M49: 0 | N49: 0 | O49: 0 | P49: 0 | Q49: 0 | R49: 0 | S49: 0 | T49: 0 | U49: 0 | V49: 0 | W49: 0 | X49: =AVERAGE(I49:I53) -> 129.756 | Z49: 0 | AA49: 0 | AB49: 0 | AH49: noarch-flags | AI49: 0 | AJ49: WR00L2L2 | AK49: 26080 | AL49: 160 | AM49: 2 | AN49: 8 | AO49: 118.35 | AP49: 99.933 | AQ49: 45544 | AR49: 0.69773148 | AS49: 0 | AT49: 0 | AU49: 0 | AV49: 0 | AW49: 0 | AX49: 0 | AY49: 0 | AZ49: 0 | BA49: 0 | BB49: 0 | BC49: 0 | BD49: 0 | BE49: =AVERAGE(AP49:AP53) -> 100.0286 | BF49: =BE49 -> 100.0286
A50: cpu-tune-abi-flags | B50: 1 | C50: WR00L2L2 | D50: 52000 | E50: 160 | F50: 2 | G50: 8 | H50: 721.91 | I50: 129.85 | J50: 45545 | K50: 0.91630787 | L50: 0 | M50: 0 | N50: 0 | O50: 0 | P50: 0 | Q50: 0 | R50: 0 | S50: 0 | T50: 0 | U50: 0 | V50: 0 | W50: 0 | X50: =X49 -> 129.756 | Z50: 0 | AA50: 0 | AB50: 0 | AH50: noarch-flags | AI50: 1 | AJ50: WR00L2L2 | AK50: 26080 | AL50: 160 | AM50: 2 | AN50: 8 | AO50: 118.26 | AP50: 100.01 | AQ50: 45544 | AR50: 0.69918981 | AS50: 0 | AT50: 0 | AU50: 0 | AV50: 0 | AW50: 0 | AX50: 0 | AY50: 0 | AZ50: 0 | BA50: 0 | BB50: 0 | BC50: 0 | BD50: 0 | BF50: =BE49 -> 100.0286
A51: cpu-tune-abi-flags | B51: 2 | C51: WR00L2L2 | D51: 52000 | E51: 160 | F51: 2 | G51: 8 | H51: 722.78 | I51: 129.7 | J51: 45545 | K51: 0.92489583 | L51: 0 | M51: 0 | N51: 0 | O51: 0 | P51: 0 | Q51: 0 | R51: 0 | S51: 0 | T51: 0 | U51: 0 | V51: 0 | W51: 0 | X51: =X50 -> 129.756 | Z51: 0 | AA51: 0 | AB51: 0 | AH51: noarch-flags | AI51: 2 | AJ51: WR00L2L2 | AK51: 26080 | AL51: 160 | AM51: 2 | AN51: 8 | AO51: 118.1 | AP51: 100.14 | AQ51: 45544 | AR51: 0.700625 | AS51: 0 | AT51: 0 | AU51: 0 | AV51: 0 | AW51: 0 | AX51: 0 | AY51: 0 | AZ51: 0 | BA51: 0 | BB51: 0 | BC51: 0 | BD51: 0 | BF51: =BE49 -> 100.0286
A52: cpu-tune-abi-flags | B52: 3 | C52: WR00L2L2 | D52: 52000 | E52: 160 | F52: 2 | G52: 8 | H52: 722.74 | I52: 129.7 | J52: 45545 | K52: 0.9334838 | L52: 0 | M52: 0 | N52: 0 | O52: 0 | P52: 0 | Q52: 0 | R52: 0 | S52: 0 | T52: 0 | U52: 0 | V52: 0 | W52: 0 | X52: =X51 -> 129.756 | Z52: 0 | AA52: 0 | AB52: 0 | AH52: noarch-flags | AI52: 3 | AJ52: WR00L2L2 | AK52: 26080 | AL52: 160 | AM52: 2 | AN52: 8 | AO52: 118.23 | AP52: 100.03 | AQ52: 45544 | AR52: 0.70207176 | AS52: 0 | AT52: 0 | AU52: 0 | AV52: 0 | AW52: 0 | AX52: 0 | AY52: 0 | AZ52: 0 | BA52: 0 | BB52: 0 | BC52: 0 | BD52: 0 | BF52: =BE49 -> 100.0286
A53: cpu-tune-abi-flags | B53: 4 | C53: WR00L2L2 | D53: 52000 | E53: 160 | F53: 2 | G53: 8 | H53: 721.52 | I53: 129.92 | J53: 45545 | K53: 0.94204861 | L53: 0 | M53: 0 | N53: 0 | O53: 0 | P53: 0 | Q53: 0 | R53: 0 | S53: 0 | T53: 0 | U53: 0 | V53: 0 | W53: 0 | X53: =X52 -> 129.756 | Z53: 0 | AA53: 0 | AB53: 0 | AH53: noarch-flags | AI53: 4 | AJ53: WR00L2L2 | AK53: 26080 | AL53: 160 | AM53: 2 | AN53: 8 | AO53: 118.23 | AP53: 100.03 | AQ53: 45544 | AR53: 0.70351852 | AS53: 0 | AT53: 0 | AU53: 0 | AV53: 0 | AW53: 0 | AX53: 0 | AY53: 0 | AZ53: 0 | BA53: 0 | BB53: 0 | BC53: 0 | BD53: 0 | BF53: =BE49 -> 100.0286
A54: noarch-flags | B54: 0 | C54: WR00L2L2 | D54: 52000 | E54: 160 | F54: 2 | G54: 8 | H54: 721.94 | I54: 129.85 | J54: 45546 | K54: 0.12225694 | L54: 0 | M54: 0 | N54: 0 | O54: 0 | P54: 0 | Q54: 0 | R54: 0 | S54: 0 | T54: 0 | U54: 0 | V54: 0 | W54: 0 | X54: =AVERAGE(I54:I58) -> 129.748 | Z54: 0 | AA54: 0 | AB54: 0 | AH54: atlarch-native | AI54: 0 | AJ54: WR00L2L2 | AK54: 26080 | AL54: 160 | AM54: 2 | AN54: 8 | AO54: 118.1 | AP54: 100.14 | AQ54: 45544 | AR54: 0.49081019 | AS54: 0 | AT54: 0 | AU54: 0 | AV54: 0 | AW54: 0 | AX54: 0 | AY54: 0 | AZ54: 0 | BA54: 0 | BB54: 0 | BC54: 0 | BD54: 0 | BE54: =AVERAGE(AP54:AP58) -> 99.97 | BF54: =BE54 -> 99.97
A55: noarch-flags | B55: 1 | C55: WR00L2L2 | D55: 52000 | E55: 160 | F55: 2 | G55: 8 | H55: 722.74 | I55: 129.71 | J55: 45546 | K55: 0.13084491 | L55: 0 | M55: 0 | N55: 0 | O55: 0 | P55: 0 | Q55: 0 | R55: 0 | S55: 0 | T55: 0 | U55: 0 | V55: 0 | W55: 0 | X55: =X54 -> 129.748 | Z55: 0 | AA55: 0 | AB55: 0 | AH55: atlarch-native | AI55: 1 | AJ55: WR00L2L2 | AK55: 26080 | AL55: 160 | AM55: 2 | AN55: 8 | AO55: 118.22 | AP55: 100.04 | AQ55: 45544 | AR55: 0.49237269 | AS55: 0 | AT55: 0 | AU55: 0 | AV55: 0 | AW55: 0 | AX55: 0 | AY55: 0 | AZ55: 0 | BA55: 0 | BB55: 0 | BC55: 0 | BD55: 0 | BF55: =BE54 -> 99.97
A56: noarch-flags | B56: 2 | C56: WR00L2L2 | D56: 52000 | E56: 160 | F56: 2 | G56: 8 | H56: 721.63 | I56: 129.9 | J56: 45546 | K56: 0.1394213 | L56: 0 | M56: 0 | N56: 0 | O56: 0 | P56: 0 | Q56: 0 | R56: 0 | S56: 0 | T56: 0 | U56: 0 | V56: 0 | W56: 0 | X56: =X55 -> 129.748 | Z56: 0 | AA56: 0 | AB56: 0 | AH56: atlarch-native | AI56: 2 | AJ56: WR00L2L2 | AK56: 26080 | AL56: 160 | AM56: 2 | AN56: 8 | AO56: 118.29 | AP56: 99.981 | AQ56: 45544 | AR56: 0.49394676 | AS56: 0 | AT56: 0 | AU56: 0 | AV56: 0 | AW56: 0 | AX56: 0 | AY56: 0 | AZ56: 0 | BA56: 0 | BB56: 0 | BC56: 0 | BD56: 0 | BF56: =BE54 -> 99.97
A57: noarch-flags | B57: 3 | C57: WR00L2L2 | D57: 52000 | E57: 160 | F57: 2 | G57: 8 | H57: 722.71 | I57: 129.71 | J57: 45546 | K57: 0.14800926 | L57: 0 | M57: 0 | N57: 0 | O57: 0 | P57: 0 | Q57: 0 | R57: 0 | S57: 0 | T57: 0 | U57: 0 | V57: 0 | W57: 0 | X57: =X56 -> 129.748 | Z57: 0 | AA57: 0 | AB57: 0 | AH57: atlarch-native | AI57: 3 | AJ57: WR00L2L2 | AK57: 26080 | AL57: 160 | AM57: 2 | AN57: 8 | AO57: 118.74 | AP57: 99.599 | AQ57: 45544 | AR57: 0.49550926 | AS57: 0 | AT57: 0 | AU57: 0 | AV57: 0 | AW57: 0 | AX57: 0 | AY57: 0 | AZ57: 0 | BA57: 0 | BB57: 0 | BC57: 0 | BD57: 0 | BF57: =BE54 -> 99.97
A58: noarch-flags | B58: 4 | C58: WR00L2L2 | D58: 52000 | E58: 160 | F58: 2 | G58: 8 | H58: 723.47 | I58: 129.57 | J58: 45546 | K58: 0.15659722 | L58: 0 | M58: 0 | N58: 0 | O58: 0 | P58: 0 | Q58: 0 | R58: 0 | S58: 0 | T58: 0 | U58: 0 | V58: 0 | W58: 0 | X58: =X57 -> 129.748 | Z58: 0 | AA58: 0 | AB58: 0 | AH58: atlarch-native | AI58: 4 | AJ58: WR00L2L2 | AK58: 26080 | AL58: 160 | AM58: 2 | AN58: 8 | AO58: 118.16 | AP58: 100.09 | AQ58: 45544 | AR58: 0.49707176 | AS58: 0 | AT58: 0 | AU58: 0 | AV58: 0 | AW58: 0 | AX58: 0 | AY58: 0 | AZ58: 0 | BA58: 0 | BB58: 0 | BC58: 0 | BD58: 0 | BF58: =BE54 -> 99.97
A59: all-spec-flags | B59: 0 | C59: WR00L2L2 | D59: 52000 | E59: 160 | F59: 2 | G59: 8 | H59: 720.69 | I59: 130.07 | J59: 45545 | K59: 0.68240741 | L59: 0 | M59: 0 | N59: 0 | O59: 0 | P59: 0 | Q59: 0 | R59: 0 | S59: 0 | T59: 0 | U59: 0 | V59: 0 | W59: 0 | X59: =AVERAGE(I59:I63) -> 129.732 | Z59: 0 | AA59: 0 | AB59: 0 | AH59: atlarch-all-spec | AI59: 0 | AJ59: WR00L2L2 | AK59: 26080 | AL59: 160 | AM59: 2 | AN59: 8 | AO59: 119.24 | AP59: 99.187 | AQ59: 45544 | AR59: 0.51664352 | AS59: 0 | AT59: 0 | AU59: 0 | AV59: 0 | AW59: 0 | AX59: 0 | AY59: 0 | AZ59: 0 | BA59: 0 | BB59: 0 | BC59: 0 | BD59: 0 | BE59: =AVERAGE(AP59:AP63) -> 99.7686 | BF59: =BE59 -> 99.7686
A60: all-spec-flags | B60: 1 | C60: WR00L2L2 | D60: 52000 | E60: 160 | F60: 2 | G60: 8 | H60: 721.71 | I60: 129.89 | J60: 45545 | K60: 0.69099537 | L60: 0 | M60: 0 | N60: 0 | O60: 0 | P60: 0 | Q60: 0 | R60: 0 | S60: 0 | T60: 0 | U60: 0 | V60: 0 | W60: 0 | X60: =X59 -> 129.732 | Z60: 0 | AA60: 0 | AB60: 0 | AH60: atlarch-all-spec | AI60: 1 | AJ60: WR00L2L2 | AK60: 26080 | AL60: 160 | AM60: 2 | AN60: 8 | AO60: 117.87 | AP60: 100.34 | AQ60: 45544 | AR60: 0.51820602 | AS60: 0 | AT60: 0 | AU60: 0 | AV60: 0 | AW60: 0 | AX60: 0 | AY60: 0 | AZ60: 0 | BA60: 0 | BB60: 0 | BC60: 0 | BD60: 0 | BF60: =BE59 -> 99.7686
A61: all-spec-flags | B61: 2 | C61: WR00L2L2 | D61: 52000 | E61: 160 | F61: 2 | G61: 8 | H61: 723.6 | I61: 129.55 | J61: 45545 | K61: 0.69959491 | L61: 0 | M61: 0 | N61: 0 | O61: 0 | P61: 0 | Q61: 0 | R61: 0 | S61: 0 | T61: 0 | U61: 0 | V61: 0 | W61: 0 | X61: =X60 -> 129.732 | Z61: 0 | AA61: 0 | AB61: 0 | AH61: atlarch-all-spec | AI61: 2 | AJ61: WR00L2L2 | AK61: 26080 | AL61: 160 | AM61: 2 | AN61: 8 | AO61: 118.55 | AP61: 99.766 | AQ61: 45544 | AR61: 0.51976852 | AS61: 0 | AT61: 0 | AU61: 0 | AV61: 0 | AW61: 0 | AX61: 0 | AY61: 0 | AZ61: 0 | BA61: 0 | BB61: 0 | BC61: 0 | BD61: 0 | BF61: =BE59 -> 99.7686
A62: all-spec-flags | B62: 3 | C62: WR00L2L2 | D62: 52000 | E62: 160 | F62: 2 | G62: 8 | H62: 723.46 | I62: 129.57 | J62: 45545 | K62: 0.70819444 | L62: 0 | M62: 0 | N62: 0 | O62: 0 | P62: 0 | Q62: 0 | R62: 0 | S62: 0 | T62: 0 | U62: 0 | V62: 0 | W62: 0 | X62: =X61 -> 129.732 | Z62: 0 | AA62: 0 | AB62: 0 | AH62: atlarch-all-spec | AI62: 3 | AJ62: WR00L2L2 | AK62: 26080 | AL62: 160 | AM62: 2 | AN62: 8 | AO62: 118.21 | AP62: 100.05 | AQ62: 45544 | AR62: 0.52134259 | AS62: 0 | AT62: 0 | AU62: 0 | AV62: 0 | AW62: 0 | AX62: 0 | AY62: 0 | AZ62: 0 | BA62: 0 | BB62: 0 | BC62: 0 | BD62: 0 | BF62: =BE59 -> 99.7686
A63: all-spec-flags | B63: 4 | C63: WR00L2L2 | D63: 52000 | E63: 160 | F63: 2 | G63: 8 | H63: 723.41 | I63: 129.58 | J63: 45545 | K63: 0.71679398 | L63: 0 | M63: 0 | N63: 0 | O63: 0 | P63: 0 | Q63: 0 | R63: 0 | S63: 0 | T63: 0 | U63: 0 | V63: 0 | W63: 0 | X63: =X62 -> 129.732 | Z63: 0 | AA63: 0 | AB63: 0 | AH63: atlarch-all-spec | AI63: 4 | AJ63: WR00L2L2 | AK63: 26080 | AL63: 160 | AM63: 2 | AN63: 8 | AO63: 118.86 | AP63: 99.5 | AQ63: 45544 | AR63: 0.52290509 | AS63: 0 | AT63: 0 | AU63: 0 | AV63: 0 | AW63: 0 | AX63: 0 | AY63: 0 | AZ63: 0 | BA63: 0 | BB63: 0 | BC63: 0 | BD63: 0 | BF63: =BE59 -> 99.7686
A64: atlarch-cpu-flags | B64: 0 | C64: WR00L2L2 | D64: 52000 | E64: 160 | F64: 2 | G64: 8 | H64: 721.99 | I64: 129.84 | J64: 45545 | K64: 0.95063657 | L64: 0 | M64: 0 | N64: 0 | O64: 0 | P64: 0 | Q64: 0 | R64: 0 | S64: 0 | T64: 0 | U64: 0 | V64: 0 | W64: 0 | X64: =AVERAGE(I64:I68) -> 129.698 | Z64: 0 | AA64: 0 | AB64: 0 | AH64: atlarch-cpu-tune | AI64: 0 | AJ64: WR00L2L2 | AK64: 26080 | AL64: 160 | AM64: 2 | AN64: 8 | AO64: 117.73 | AP64: 100.45 | AQ64: 45544 | AR64: 0.56608796 | AS64: 0 | AT64: 0 | AU64: 0 | AV64: 0 | AW64: 0 | AX64: 0 | AY64: 0 | AZ64: 0 | BA64: 0 | BB64: 0 | BC64: 0 | BD64: 0 | BE64: =AVERAGE(AP64:AP68) -> 99.7526 | BF64: =BE64 -> 99.7526
A65: atlarch-cpu-flags | B65: 1 | C65: WR00L2L2 | D65: 52000 | E65: 160 | F65: 2 | G65: 8 | H65: 722.57 | I65: 129.74 | J65: 45545 | K65: 0.95921296 | L65: 0 | M65: 0 | N65: 0 | O65: 0 | P65: 0 | Q65: 0 | R65: 0 | S65: 0 | T65: 0 | U65: 0 | V65: 0 | W65: 0 | X65: =X64 -> 129.698 | Z65: 0 | AA65: 0 | AB65: 0 | AH65: atlarch-cpu-tune | AI65: 1 | AJ65: WR00L2L2 | AK65: 26080 | AL65: 160 | AM65: 2 | AN65: 8 | AO65: 119.01 | AP65: 99.378 | AQ65: 45544 | AR65: 0.56766204 | AS65: 0 | AT65: 0 | AU65: 0 | AV65: 0 | AW65: 0 | AX65: 0 | AY65: 0 | AZ65: 0 | BA65: 0 | BB65: 0 | BC65: 0 | BD65: 0 | BF65: =BE64 -> 99.7526
A66: atlarch-cpu-flags | B66: 2 | C66: WR00L2L2 | D66: 52000 | E66: 160 | F66: 2 | G66: 8 | H66: 723.83 | I66: 129.51 | J66: 45545 | K66: 0.9678125 | L66: 0 | M66: 0 | N66: 0 | O66: 0 | P66: 0 | Q66: 0 | R66: 0 | S66: 0 | T66: 0 | U66: 0 | V66: 0 | W66: 0 | X66: =X65 -> 129.698 | Z66: 0 | AA66: 0 | AB66: 0 | AH66: atlarch-cpu-tune | AI66: 2 | AJ66: WR00L2L2 | AK66: 26080 | AL66: 160 | AM66: 2 | AN66: 8 | AO66: 118.65 | AP66: 99.683 | AQ66: 45544 | AR66: 0.56922454 | AS66: 0 | AT66: 0 | AU66: 0 | AV66: 0 | AW66: 0 | AX66: 0 | AY66: 0 | AZ66: 0 | BA66: 0 | BB66: 0 | BC66: 0 | BD66: 0 | BF66: =BE64 -> 99.7526
A67: atlarch-cpu-flags | B67: 3 | C67: WR00L2L2 | D67: 52000 | E67: 160 | F67: 2 | G67: 8 | H67: 722.79 | I67: 129.7 | J67: 45545 | K67: 0.97640046 | L67: 0 | M67: 0 | N67: 0 | O67: 0 | P67: 0 | Q67: 0 | R67: 0 | S67: 0 | T67: 0 | U67: 0 | V67: 0 | W67: 0 | X67: =X66 -> 129.698 | Z67: 0 | AA67: 0 | AB67: 0 | AH67: atlarch-cpu-tune | AI67: 3 | AJ67: WR00L2L2 | AK67: 26080 | AL67: 160 | AM67: 2 | AN67: 8 | AO67: 118.44 | AP67: 99.856 | AQ67: 45544 | AR67: 0.57078704 | AS67: 0 | AT67: 0 | AU67: 0 | AV67: 0 | AW67: 0 | AX67: 0 | AY67: 0 | AZ67: 0 | BA67: 0 | BB67: 0 | BC67: 0 | BD67: 0 | BF67: =BE64 -> 99.7526
A68: atlarch-cpu-flags | B68: 4 | C68: WR00L2L2 | D68: 52000 | E68: 160 | F68: 2 | G68: 8 | H68: 722.76 | I68: 129.7 | J68: 45545 | K68: 0.98498843 | L68: 0 | M68: 0 | N68: 0 | O68: 0 | P68: 0 | Q68: 0 | R68: 0 | S68: 0 | T68: 0 | U68: 0 | V68: 0 | W68: 0 | X68: =X67 -> 129.698 | Z68: 0 | AA68: 0 | AB68: 0 | AH68: atlarch-cpu-tune | AI68: 4 | AJ68: WR00L2L2 | AK68: 26080 | AL68: 160 | AM68: 2 | AN68: 8 | AO68: 118.99 | AP68: 99.396 | AQ68: 45544 | AR68: 0.57236111 | AS68: 0 | AT68: 0 | AU68: 0 | AV68: 0 | AW68: 0 | AX68: 0 | AY68: 0 | AZ68: 0 | BA68: 0 | BB68: 0 | BC68: 0 | BD68: 0 | BF68: =BE64 -> 99.7526
A69: cpu-tune-clean-flagsearch-flags | B69: 0 | C69: WR00L2L2 | D69: 52000 | E69: 160 | F69: 2 | G69: 8 | H69: 722.15 | I69: 129.81 | J69: 45546 | K69: 0.036388889 | L69: 0 | M69: 0 | N69: 0 | O69: 0 | P69: 0 | Q69: 0 | R69: 0 | S69: 0 | T69: 0 | U69: 0 | V69: 0 | W69: 0 | X69: =AVERAGE(I69:I73) -> 129.626 | Z69: 0 | AA69: 0 | AB69: 0 | AH69: cpu-tune-clean-flagsearch-flags | AI69: 0 | AJ69: WR00L2L2 | AK69: 26080 | AL69: 160 | AM69: 2 | AN69: 8 | AO69: 118.46 | AP69: 99.84 | AQ69: 45544 | AR69: 0.68326389 | AS69: 0 | AT69: 0 | AU69: 0 | AV69: 0 | AW69: 0 | AX69: 0 | AY69: 0 | AZ69: 0 | BA69: 0 | BB69: 0 | BC69: 0 | BD69: 0 | BE69: =AVERAGE(AP69:AP73) -> 99.7314 | BF69: =BE69 -> 99.7314
A70: cpu-tune-clean-flagsearch-flags | B70: 1 | C70: WR00L2L2 | D70: 52000 | E70: 160 | F70: 2 | G70: 8 | H70: 722.23 | I70: 129.8 | J70: 45546 | K70: 0.044965278 | L70: 0 | M70: 0 | N70: 0 | O70: 0 | P70: 0 | Q70: 0 | R70: 0 | S70: 0 | T70: 0 | U70: 0 | V70: 0 | W70: 0 | X70: =X69 -> 129.626 | Z70: 0 | AA70: 0 | AB70: 0 | AH70: cpu-tune-clean-flagsearch-flags | AI70: 1 | AJ70: WR00L2L2 | AK70: 26080 | AL70: 160 | AM70: 2 | AN70: 8 | AO70: 119.16 | AP70: 99.252 | AQ70: 45544 | AR70: 0.68472222 | AS70: 0 | AT70: 0 | AU70: 0 | AV70: 0 | AW70: 0 | AX70: 0 | AY70: 0 | AZ70: 0 | BA70: 0 | BB70: 0 | BC70: 0 | BD70: 0 | BF70: =BE69 -> 99.7314
A71: cpu-tune-clean-flagsearch-flags | B71: 2 | C71: WR00L2L2 | D71: 52000 | E71: 160 | F71: 2 | G71: 8 | H71: 725.22 | I71: 129.26 | J71: 45546 | K71: 0.053587963 | L71: 0 | M71: 0 | N71: 0 | O71: 0 | P71: 0 | Q71: 0 | R71: 0 | S71: 0 | T71: 0 | U71: 0 | V71: 0 | W71: 0 | X71: =X70 -> 129.626 | Z71: 0 | AA71: 0 | AB71: 0 | AH71: cpu-tune-clean-flagsearch-flags | AI71: 2 | AJ71: WR00L2L2 | AK71: 26080 | AL71: 160 | AM71: 2 | AN71: 8 | AO71: 118.56 | AP71: 99.751 | AQ71: 45544 | AR71: 0.68616898 | AS71: 0 | AT71: 0 | AU71: 0 | AV71: 0 | AW71: 0 | AX71: 0 | AY71: 0 | AZ71: 0 | BA71: 0 | BB71: 0 | BC71: 0 | BD71: 0 | BF71: =BE69 -> 99.7314
A72: cpu-tune-clean-flagsearch-flags | B72: 3 | C72: WR00L2L2 | D72: 52000 | E72: 160 | F72: 2 | G72: 8 | H72: 722.83 | I72: 129.69 | J72: 45546 | K72: 0.062175926 | L72: 0 | M72: 0 | N72: 0 | O72: 0 | P72: 0 | Q72: 0 | R72: 0 | S72: 0 | T72: 0 | U72: 0 | V72: 0 | W72: 0 | X72: =X71 -> 129.626 | Z72: 0 | AA72: 0 | AB72: 0 | AH72: cpu-tune-clean-flagsearch-flags | AI72: 3 | AJ72: WR00L2L2 | AK72: 26080 | AL72: 160 | AM72: 2 | AN72: 8 | AO72: 118.03 | AP72: 100.2 | AQ72: 45544 | AR72: 0.68761574 | AS72: 0 | AT72: 0 | AU72: 0 | AV72: 0 | AW72: 0 | AX72: 0 | AY72: 0 | AZ72: 0 | BA72: 0 | BB72: 0 | BC72: 0 | BD72: 0 | BF72: =BE69 -> 99.7314
A73: cpu-tune-clean-flagsearch-flags | B73: 4 | C73: WR00L2L2 | D73: 52000 | E73: 160 | F73: 2 | G73: 8 | H73: 723.51 | I73: 129.57 | J73: 45546 | K73: 0.070787037 | L73: 0 | M73: 0 | N73: 0 | O73: 0 | P73: 0 | Q73: 0 | R73: 0 | S73: 0 | T73: 0 | U73: 0 | V73: 0 | W73: 0 | X73: =X72 -> 129.626 | Z73: 0 | AA73: 0 | AB73: 0 | AH73: cpu-tune-clean-flagsearch-flags | AI73: 4 | AJ73: WR00L2L2 | AK73: 26080 | AL73: 160 | AM73: 2 | AN73: 8 | AO73: 118.73 | AP73: 99.614 | AQ73: 45544 | AR73: 0.68907407 | AS73: 0 | AT73: 0 | AU73: 0 | AV73: 0 | AW73: 0 | AX73: 0 | AY73: 0 | AZ73: 0 | BA73: 0 | BB73: 0 | BC73: 0 | BD73: 0 | BF73: =BE69 -> 99.7314
A74: cpu | B74: 0 | C74: WR00L2L2 | D74: 52000 | E74: 160 | F74: 2 | G74: 8 | H74: 724.23 | I74: 129.44 | J74: 45545 | K74: 0.1137037 | L74: 0 | M74: 0 | N74: 0 | O74: 0 | P74: 0 | Q74: 0 | R74: 0 | S74: 0 | T74: 0 | U74: 0 | V74: 0 | W74: 0 | X74: =AVERAGE(I74:I78) -> 129.464 | Z74: 0 | AA74: 0 | AB74: 0 | AH74: atlarch-flags | AI74: 0 | AJ74: WR00L2L2 | AK74: 26080 | AL74: 160 | AM74: 2 | AN74: 8 | AO74: 118.39 | AP74: 99.899 | AQ74: 45544 | AR74: 0.60166667 | AS74: 0 | AT74: 0 | AU74: 0 | AV74: 0 | AW74: 0 | AX74: 0 | AY74: 0 | AZ74: 0 | BA74: 0 | BB74: 0 | BC74: 0 | BD74: 0 | BE74: =AVERAGE(AP74:AP78) -> 99.6432 | BF74: =BE74 -> 99.6432
A75: cpu | B75: 1 | C75: WR00L2L2 | D75: 52000 | E75: 160 | F75: 2 | G75: 8 | H75: 724.41 | I75: 129.41 | J75: 45545 | K75: 0.12275463 | L75: 0 | M75: 0 | N75: 0 | O75: 0 | P75: 0 | Q75: 0 | R75: 0 | S75: 0 | T75: 0 | U75: 0 | V75: 0 | W75: 0 | X75: =X74 -> 129.464 | Z75: 0 | AA75: 0 | AB75: 0 | AH75: atlarch-flags | AI75: 1 | AJ75: WR00L2L2 | AK75: 26080 | AL75: 160 | AM75: 2 | AN75: 8 | AO75: 118.74 | AP75: 99.602 | AQ75: 45544 | AR75: 0.603125 | AS75: 0 | AT75: 0 | AU75: 0 | AV75: 0 | AW75: 0 | AX75: 0 | AY75: 0 | AZ75: 0 | BA75: 0 | BB75: 0 | BC75: 0 | BD75: 0 | BF75: =BE74 -> 99.6432
A76: cpu | B76: 2 | C76: WR00L2L2 | D76: 52000 | E76: 160 | F76: 2 | G76: 8 | H76: 722.36 | I76: 129.77 | J76: 45545 | K76: 0.13179398 | L76: 0 | M76: 0 | N76: 0 | O76: 0 | P76: 0 | Q76: 0 | R76: 0 | S76: 0 | T76: 0 | U76: 0 | V76: 0 | W76: 0 | X76: =X75 -> 129.464 | Z76: 0 | AA76: 0 | AB76: 0 | AH76: atlarch-flags | AI76: 2 | AJ76: WR00L2L2 | AK76: 26080 | AL76: 160 | AM76: 2 | AN76: 8 | AO76: 118.55 | AP76: 99.763 | AQ76: 45544 | AR76: 0.60457176 | AS76: 0 | AT76: 0 | AU76: 0 | AV76: 0 | AW76: 0 | AX76: 0 | AY76: 0 | AZ76: 0 | BA76: 0 | BB76: 0 | BC76: 0 | BD76: 0 | BF76: =BE74 -> 99.6432
A77: cpu | B77: 3 | C77: WR00L2L2 | D77: 52000 | E77: 160 | F77: 2 | G77: 8 | H77: 724.08 | I77: 129.47 | J77: 45545 | K77: 0.14085648 | L77: 0 | M77: 0 | N77: 0 | O77: 0 | P77: 0 | Q77: 0 | R77: 0 | S77: 0 | T77: 0 | U77: 0 | V77: 0 | W77: 0 | X77: =X76 -> 129.464 | Z77: 0 | AA77: 0 | AB77: 0 | AH77: atlarch-flags | AI77: 3 | AJ77: WR00L2L2 | AK77: 26080 | AL77: 160 | AM77: 2 | AN77: 8 | AO77: 118.1 | AP77: 100.14 | AQ77: 45544 | AR77: 0.60601852 | AS77: 0 | AT77: 0 | AU77: 0 | AV77: 0 | AW77: 0 | AX77: 0 | AY77: 0 | AZ77: 0 | BA77: 0 | BB77: 0 | BC77: 0 | BD77: 0 | BF77: =BE74 -> 99.6432
A78: cpu | B78: 4 | C78: WR00L2L2 | D78: 52000 | E78: 160 | F78: 2 | G78: 8 | H78: 725.41 | I78: 129.23 | J78: 45545 | K78: 0.14991898 | L78: 0 | M78: 0 | N78: 0 | O78: 0 | P78: 0 | Q78: 0 | R78: 0 | S78: 0 | T78: 0 | U78: 0 | V78: 0 | W78: 0 | X78: =X77 -> 129.464 | Z78: 0 | AA78: 0 | AB78: 0 | AH78: atlarch-flags | AI78: 4 | AJ78: WR00L2L2 | AK78: 26080 | AL78: 160 | AM78: 2 | AN78: 8 | AO78: 119.69 | AP78: 98.812 | AQ78: 45544 | AR78: 0.60748843 | AS78: 0 | AT78: 0 | AU78: 0 | AV78: 0 | AW78: 0 | AX78: 0 | AY78: 0 | AZ78: 0 | BA78: 0 | BB78: 0 | BC78: 0 | BD78: 0 | BF78: =BE74 -> 99.6432
A79: atlarch-flags | B79: 0 | C79: WR00L2L2 | D79: 52000 | E79: 160 | F79: 2 | G79: 8 | H79: 724.79 | I79: 129.34 | J79: 45545 | K79: 0.55292824 | L79: 0 | M79: 0 | N79: 0 | O79: 0 | P79: 0 | Q79: 0 | R79: 0 | S79: 0 | T79: 0 | U79: 0 | V79: 0 | W79: 0 | X79: =AVERAGE(I79:I83) -> 129.378 | Z79: 0 | AA79: 0 | AB79: 0 | AH79: arch-native-flags | AI79: 0 | AJ79: WR00L2L2 | AK79: 26080 | AL79: 160 | AM79: 2 | AN79: 8 | AO79: 120.01 | AP79: 98.551 | AQ79: 45544 | AR79: 0.61614583 | AS79: 0 | AT79: 0 | AU79: 0 | AV79: 0 | AW79: 0 | AX79: 0 | AY79: 0 | AZ79: 0 | BA79: 0 | BB79: 0 | BC79: 0 | BD79: 0 | BE79: =AVERAGE(AP79:AP83) -> 98.8968 | BF79: =BE79 -> 98.8968
A80: atlarch-flags | B80: 1 | C80: WR00L2L2 | D80: 52000 | E80: 160 | F80: 2 | G80: 8 | H80: 724.93 | I80: 129.31 | J80: 45545 | K80: 0.56155093 | L80: 0 | M80: 0 | N80: 0 | O80: 0 | P80: 0 | Q80: 0 | R80: 0 | S80: 0 | T80: 0 | U80: 0 | V80: 0 | W80: 0 | X80: =X79 -> 129.378 | Z80: 0 | AA80: 0 | AB80: 0 | AH80: arch-native-flags | AI80: 1 | AJ80: WR00L2L2 | AK80: 26080 | AL80: 160 | AM80: 2 | AN80: 8 | AO80: 119.81 | AP80: 98.715 | AQ80: 45544 | AR80: 0.61760417 | AS80: 0 | AT80: 0 | AU80: 0 | AV80: 0 | AW80: 0 | AX80: 0 | AY80: 0 | AZ80: 0 | BA80: 0 | BB80: 0 | BC80: 0 | BD80: 0 | BF80: =BE79 -> 98.8968
A81: atlarch-flags | B81: 2 | C81: WR00L2L2 | D81: 52000 | E81: 160 | F81: 2 | G81: 8 | H81: 724.76 | I81: 129.34 | J81: 45545 | K81: 0.57016204 | L81: 0 | M81: 0 | N81: 0 | O81: 0 | P81: 0 | Q81: 0 | R81: 0 | S81: 0 | T81: 0 | U81: 0 | V81: 0 | W81: 0 | X81: =X80 -> 129.378 | Z81: 0 | AA81: 0 | AB81: 0 | AH81: arch-native-flags | AI81: 2 | AJ81: WR00L2L2 | AK81: 26080 | AL81: 160 | AM81: 2 | AN81: 8 | AO81: 119.22 | AP81: 99.203 | AQ81: 45544 | AR81: 0.61907407 | AS81: 0 | AT81: 0 | AU81: 0 | AV81: 0 | AW81: 0 | AX81: 0 | AY81: 0 | AZ81: 0 | BA81: 0 | BB81: 0 | BC81: 0 | BD81: 0 | BF81: =BE79 -> 98.8968
A82: atlarch-flags | B82: 3 | C82: WR00L2L2 | D82: 52000 | E82: 160 | F82: 2 | G82: 8 | H82: 725.08 | I82: 129.29 | J82: 45545 | K82: 0.57878472 | L82: 0 | M82: 0 | N82: 0 | O82: 0 | P82: 0 | Q82: 0 | R82: 0 | S82: 0 | T82: 0 | U82: 0 | V82: 0 | W82: 0 | X82: =X81 -> 129.378 | Z82: 0 | AA82: 0 | AB82: 0 | AH82: arch-native-flags | AI82: 3 | AJ82: WR00L2L2 | AK82: 26080 | AL82: 160 | AM82: 2 | AN82: 8 | AO82: 119.75 | AP82: 98.767 | AQ82: 45544 | AR82: 0.62053241 | AS82: 0 | AT82: 0 | AU82: 0 | AV82: 0 | AW82: 0 | AX82: 0 | AY82: 0 | AZ82: 0 | BA82: 0 | BB82: 0 | BC82: 0 | BD82: 0 | BF82: =BE79 -> 98.8968
A83: atlarch-flags | B83: 4 | C83: WR00L2L2 | D83: 52000 | E83: 160 | F83: 2 | G83: 8 | H83: 723.25 | I83: 129.61 | J83: 45545 | K83: 0.58737269 | L83: 0 | M83: 0 | N83: 0 | O83: 0 | P83: 0 | Q83: 0 | R83: 0 | S83: 0 | T83: 0 | U83: 0 | V83: 0 | W83: 0 | X83: =X82 -> 129.378 | Z83: 0 | AA83: 0 | AB83: 0 | AH83: arch-native-flags | AI83: 4 | AJ83: WR00L2L2 | AK83: 26080 | AL83: 160 | AM83: 2 | AN83: 8 | AO83: 119.17 | AP83: 99.248 | AQ83: 45544 | AR83: 0.62199074 | AS83: 0 | AT83: 0 | AU83: 0 | AV83: 0 | AW83: 0 | AX83: 0 | AY83: 0 | AZ83: 0 | BA83: 0 | BB83: 0 | BC83: 0 | BD83: 0 | BF83: =BE79 -> 98.8968
A84: cpu-tune | B84: 0 | C84: WR00L2L2 | D84: 52000 | E84: 160 | F84: 2 | G84: 8 | H84: 724.37 | I84: 129.41 | J84: 45545 | K84: 0.204375 | L84: 0 | M84: 0 | N84: 0 | O84: 0 | P84: 0 | Q84: 0 | R84: 0 | S84: 0 | T84: 0 | U84: 0 | V84: 0 | W84: 0 | X84: =AVERAGE(I84:I88) -> 129.36 | Z84: 0 | AA84: 0 | AB84: 0 | AH84: cpu | AI84: 0 | AJ84: WR00L2L2 | AK84: 26080 | AL84: 160 | AM84: 2 | AN84: 8 | AO84: 120.33 | AP84: 98.288 | AQ84: 45544 | AR84: 0.52450231 | AS84: 0 | AT84: 0 | AU84: 0 | AV84: 0 | AW84: 0 | AX84: 0 | AY84: 0 | AZ84: 0 | BA84: 0 | BB84: 0 | BC84: 0 | BD84: 0 | BE84: =AVERAGE(AP84:AP88) -> 98.6202 | BF84: =BE84 -> 98.6202
A85: cpu-tune | B85: 1 | C85: WR00L2L2 | D85: 52000 | E85: 160 | F85: 2 | G85: 8 | H85: 724.95 | I85: 129.31 | J85: 45545 | K85: 0.2134375 | L85: 0 | M85: 0 | N85: 0 | O85: 0 | P85: 0 | Q85: 0 | R85: 0 | S85: 0 | T85: 0 | U85: 0 | V85: 0 | W85: 0 | X85: =X84 -> 129.36 | Z85: 0 | AA85: 0 | AB85: 0 | AH85: cpu | AI85: 1 | AJ85: WR00L2L2 | AK85: 26080 | AL85: 160 | AM85: 2 | AN85: 8 | AO85: 119.57 | AP85: 98.912 | AQ85: 45544 | AR85: 0.52607639 | AS85: 0 | AT85: 0 | AU85: 0 | AV85: 0 | AW85: 0 | AX85: 0 | AY85: 0 | AZ85: 0 | BA85: 0 | BB85: 0 | BC85: 0 | BD85: 0 | BF85: =BE84 -> 98.6202
A86: cpu-tune | B86: 2 | C86: WR00L2L2 | D86: 52000 | E86: 160 | F86: 2 | G86: 8 | H86: 725.24 | I86: 129.26 | J86: 45545 | K86: 0.22251157 | L86: 0 | M86: 0 | N86: 0 | O86: 0 | P86: 0 | Q86: 0 | R86: 0 | S86: 0 | T86: 0 | U86: 0 | V86: 0 | W86: 0 | X86: =X85 -> 129.36 | Z86: 0 | AA86: 0 | AB86: 0 | AH86: cpu | AI86: 2 | AJ86: WR00L2L2 | AK86: 26080 | AL86: 160 | AM86: 2 | AN86: 8 | AO86: 119.68 | AP86: 98.823 | AQ86: 45544 | AR86: 0.52766204 | AS86: 0 | AT86: 0 | AU86: 0 | AV86: 0 | AW86: 0 | AX86: 0 | AY86: 0 | AZ86: 0 | BA86: 0 | BB86: 0 | BC86: 0 | BD86: 0 | BF86: =BE84 -> 98.6202
A87: cpu-tune | B87: 3 | C87: WR00L2L2 | D87: 52000 | E87: 160 | F87: 2 | G87: 8 | H87: 725.13 | I87: 129.28 | J87: 45545 | K87: 0.23157407 | L87: 0 | M87: 0 | N87: 0 | O87: 0 | P87: 0 | Q87: 0 | R87: 0 | S87: 0 | T87: 0 | U87: 0 | V87: 0 | W87: 0 | X87: =X86 -> 129.36 | Z87: 0 | AA87: 0 | AB87: 0 | AH87: cpu | AI87: 3 | AJ87: WR00L2L2 | AK87: 26080 | AL87: 160 | AM87: 2 | AN87: 8 | AO87: 119.96 | AP87: 98.587 | AQ87: 45544 | AR87: 0.52924769 | AS87: 0 | AT87: 0 | AU87: 0 | AV87: 0 | AW87: 0 | AX87: 0 | AY87: 0 | AZ87: 0 | BA87: 0 | BB87: 0 | BC87: 0 | BD87: 0 | BF87: =BE84 -> 98.6202
A88: cpu-tune | B88: 4 | C88: WR00L2L2 | D88: 52000 | E88: 160 | F88: 2 | G88: 8 | H88: 723.65 | I88: 129.54 | J88: 45545 | K88: 0.240625 | L88: 0 | M88: 0 | N88: 0 | O88: 0 | P88: 0 | Q88: 0 | R88: 0 | S88: 0 | T88: 0 | U88: 0 | V88: 0 | W88: 0 | X88: =X87 -> 129.36 | Z88: 0 | AA88: 0 | AB88: 0 | AH88: cpu | AI88: 4 | AJ88: WR00L2L2 | AK88: 26080 | AL88: 160 | AM88: 2 | AN88: 8 | AO88: 120.08 | AP88: 98.491 | AQ88: 45544 | AR88: 0.53083333 | AS88: 0 | AT88: 0 | AU88: 0 | AV88: 0 | AW88: 0 | AX88: 0 | AY88: 0 | AZ88: 0 | BA88: 0 | BB88: 0 | BC88: 0 | BD88: 0 | BF88: =BE84 -> 98.6202
A89: arch-native | B89: 0 | C89: WR00L2L2 | D89: 52000 | E89: 160 | F89: 2 | G89: 8 | H89: 725.29 | I89: 129.25 | J89: 45544 | K89: 0.96736111 | L89: 0 | M89: 0 | N89: 0 | O89: 0 | P89: 0 | Q89: 0 | R89: 0 | S89: 0 | T89: 0 | U89: 0 | V89: 0 | W89: 0 | X89: =AVERAGE(I89:I93) -> 129.18 | Z89: 0 | AA89: 0 | AB89: 0 | AH89: noarch | AI89: 0 | AJ89: WR00L2L2 | AK89: 26080 | AL89: 160 | AM89: 2 | AN89: 8 | AO89: 119.79 | AP89: 98.727 | AQ89: 45544 | AR89: 0.59387731 | AS89: 0 | AT89: 0 | AU89: 0 | AV89: 0 | AW89: 0 | AX89: 0 | AY89: 0 | AZ89: 0 | BA89: 0 | BB89: 0 | BC89: 0 | BD89: 0 | BE89: =AVERAGE(AP89:AP93) -> 98.5332 | BF89: =BE89 -> 98.5332
A90: arch-native | B90: 1 | C90: WR00L2L2 | D90: 52000 | E90: 160 | F90: 2 | G90: 8 | H90: 728.34 | I90: 128.71 | J90: 45544 | K90: 0.97646991 | L90: 0 | M90: 0 | N90: 0 | O90: 0 | P90: 0 | Q90: 0 | R90: 0 | S90: 0 | T90: 0 | U90: 0 | V90: 0 | W90: 0 | X90: =X89 -> 129.18 | Z90: 0 | AA90: 0 | AB90: 0 | AH90: noarch | AI90: 1 | AJ90: WR00L2L2 | AK90: 26080 | AL90: 160 | AM90: 2 | AN90: 8 | AO90: 120.37 | AP90: 98.257 | AQ90: 45544 | AR90: 0.59546296 | AS90: 0 | AT90: 0 | AU90: 0 | AV90: 0 | AW90: 0 | AX90: 0 | AY90: 0 | AZ90: 0 | BA90: 0 | BB90: 0 | BC90: 0 | BD90: 0 | BF90: =BE89 -> 98.5332
A91: arch-native | B91: 2 | C91: WR00L2L2 | D91: 52000 | E91: 160 | F91: 2 | G91: 8 | H91: 723.5 | I91: 129.57 | J91: 45544 | K91: 0.98552083 | L91: 0 | M91: 0 | N91: 0 | O91: 0 | P91: 0 | Q91: 0 | R91: 0 | S91: 0 | T91: 0 | U91: 0 | V91: 0 | W91: 0 | X91: =X90 -> 129.18 | Z91: 0 | AA91: 0 | AB91: 0 | AH91: noarch | AI91: 2 | AJ91: WR00L2L2 | AK91: 26080 | AL91: 160 | AM91: 2 | AN91: 8 | AO91: 120.62 | AP91: 98.048 | AQ91: 45544 | AR91: 0.59706019 | AS91: 0 | AT91: 0 | AU91: 0 | AV91: 0 | AW91: 0 | AX91: 0 | AY91: 0 | AZ91: 0 | BA91: 0 | BB91: 0 | BC91: 0 | BD91: 0 | BF91: =BE89 -> 98.5332
A92: arch-native | B92: 3 | C92: WR00L2L2 | D92: 52000 | E92: 160 | F92: 2 | G92: 8 | H92: 724.81 | I92: 129.33 | J92: 45544 | K92: 0.99458333 | L92: 0 | M92: 0 | N92: 0 | O92: 0 | P92: 0 | Q92: 0 | R92: 0 | S92: 0 | T92: 0 | U92: 0 | V92: 0 | W92: 0 | X92: =X91 -> 129.18 | Z92: 0 | AA92: 0 | AB92: 0 | AH92: noarch | AI92: 3 | AJ92: WR00L2L2 | AK92: 26080 | AL92: 160 | AM92: 2 | AN92: 8 | AO92: 119.74 | AP92: 98.769 | AQ92: 45544 | AR92: 0.59863426 | AS92: 0 | AT92: 0 | AU92: 0 | AV92: 0 | AW92: 0 | AX92: 0 | AY92: 0 | AZ92: 0 | BA92: 0 | BB92: 0 | BC92: 0 | BD92: 0 | BF92: =BE89 -> 98.5332
A93: arch-native | B93: 4 | C93: WR00L2L2 | D93: 52000 | E93: 160 | F93: 2 | G93: 8 | H93: 726.46 | I93: 129.04 | J93: 45545 | K93: 0.0036689815 | L93: 0 | M93: 0 | N93: 0 | O93: 0 | P93: 0 | Q93: 0 | R93: 0 | S93: 0 | T93: 0 | U93: 0 | V93: 0 | W93: 0 | X93: =X92 -> 129.18 | Z93: 0 | AA93: 0 | AB93: 0 | AH93: noarch | AI93: 4 | AJ93: WR00L2L2 | AK93: 26080 | AL93: 160 | AM93: 2 | AN93: 8 | AO93: 119.63 | AP93: 98.865 | AQ93: 45544 | AR93: 0.60021991 | AS93: 0 | AT93: 0 | AU93: 0 | AV93: 0 | AW93: 0 | AX93: 0 | AY93: 0 | AZ93: 0 | BA93: 0 | BB93: 0 | BC93: 0 | BD93: 0 | BF93: =BE89 -> 98.5332
A94: cpu-crc | B94: 0 | C94: WR00L2L2 | D94: 52000 | E94: 160 | F94: 2 | G94: 8 | H94: 726.07 | I94: 129.11 | J94: 45545 | K94: 0.15900463 | L94: 0 | M94: 0 | N94: 0 | O94: 0 | P94: 0 | Q94: 0 | R94: 0 | S94: 0 | T94: 0 | U94: 0 | V94: 0 | W94: 0 | X94: =AVERAGE(I94:I98) -> 129.13 | Z94: 0 | AA94: 0 | AB94: 0 | AH94: cpu-tune-abi | AI94: 0 | AJ94: WR00L2L2 | AK94: 26080 | AL94: 160 | AM94: 2 | AN94: 8 | AO94: 119.32 | AP94: 99.116 | AQ94: 45544 | AR94: 0.54832176 | AS94: 0 | AT94: 0 | AU94: 0 | AV94: 0 | AW94: 0 | AX94: 0 | AY94: 0 | AZ94: 0 | BA94: 0 | BB94: 0 | BC94: 0 | BD94: 0 | BE94: =AVERAGE(AP94:AP98) -> 98.3358 | BF94: =BE94 -> 98.3358
A95: cpu-crc | B95: 1 | C95: WR00L2L2 | D95: 52000 | E95: 160 | F95: 2 | G95: 8 | H95: 725.62 | I95: 129.19 | J95: 45545 | K95: 0.1680787 | L95: 0 | M95: 0 | N95: 0 | O95: 0 | P95: 0 | Q95: 0 | R95: 0 | S95: 0 | T95: 0 | U95: 0 | V95: 0 | W95: 0 | X95: =X94 -> 129.13 | Z95: 0 | AA95: 0 | AB95: 0 | AH95: cpu-tune-abi | AI95: 1 | AJ95: WR00L2L2 | AK95: 26080 | AL95: 160 | AM95: 2 | AN95: 8 | AO95: 120.53 | AP95: 98.122 | AQ95: 45544 | AR95: 0.54991898 | AS95: 0 | AT95: 0 | AU95: 0 | AV95: 0 | AW95: 0 | AX95: 0 | AY95: 0 | AZ95: 0 | BA95: 0 | BB95: 0 | BC95: 0 | BD95: 0 | BF95: =BE94 -> 98.3358
A96: cpu-crc | B96: 2 | C96: WR00L2L2 | D96: 52000 | E96: 160 | F96: 2 | G96: 8 | H96: 726.16 | I96: 129.09 | J96: 45545 | K96: 0.17715278 | L96: 0 | M96: 0 | N96: 0 | O96: 0 | P96: 0 | Q96: 0 | R96: 0 | S96: 0 | T96: 0 | U96: 0 | V96: 0 | W96: 0 | X96: =X95 -> 129.13 | Z96: 0 | AA96: 0 | AB96: 0 | AH96: cpu-tune-abi | AI96: 2 | AJ96: WR00L2L2 | AK96: 26080 | AL96: 160 | AM96: 2 | AN96: 8 | AO96: 119.41 | AP96: 99.048 | AQ96: 45544 | AR96: 0.55149306 | AS96: 0 | AT96: 0 | AU96: 0 | AV96: 0 | AW96: 0 | AX96: 0 | AY96: 0 | AZ96: 0 | BA96: 0 | BB96: 0 | BC96: 0 | BD96: 0 | BF96: =BE94 -> 98.3358
A97: cpu-crc | B97: 3 | C97: WR00L2L2 | D97: 52000 | E97: 160 | F97: 2 | G97: 8 | H97: 723.41 | I97: 129.58 | J97: 45545 | K97: 0.1862037 | L97: 0 | M97: 0 | N97: 0 | O97: 0 | P97: 0 | Q97: 0 | R97: 0 | S97: 0 | T97: 0 | U97: 0 | V97: 0 | W97: 0 | X97: =X96 -> 129.13 | Z97: 0 | AA97: 0 | AB97: 0 | AH97: cpu-tune-abi | AI97: 3 | AJ97: WR00L2L2 | AK97: 26080 | AL97: 160 | AM97: 2 | AN97: 8 | AO97: 121.09 | AP97: 97.673 | AQ97: 45544 | AR97: 0.55309028 | AS97: 0 | AT97: 0 | AU97: 0 | AV97: 0 | AW97: 0 | AX97: 0 | AY97: 0 | AZ97: 0 | BA97: 0 | BB97: 0 | BC97: 0 | BD97: 0 | BF97: =BE94 -> 98.3358
A98: cpu-crc | B98: 4 | C98: WR00L2L2 | D98: 52000 | E98: 160 | F98: 2 | G98: 8 | H98: 728.51 | I98: 128.68 | J98: 45545 | K98: 0.1953125 | L98: 0 | M98: 0 | N98: 0 | O98: 0 | P98: 0 | Q98: 0 | R98: 0 | S98: 0 | T98: 0 | U98: 0 | V98: 0 | W98: 0 | X98: =X97 -> 129.13 | Z98: 0 | AA98: 0 | AB98: 0 | AH98: cpu-tune-abi | AI98: 4 | AJ98: WR00L2L2 | AK98: 26080 | AL98: 160 | AM98: 2 | AN98: 8 | AO98: 121.03 | AP98: 97.72 | AQ98: 45544 | AR98: 0.5546875 | AS98: 0 | AT98: 0 | AU98: 0 | AV98: 0 | AW98: 0 | AX98: 0 | AY98: 0 | AZ98: 0 | BA98: 0 | BB98: 0 | BC98: 0 | BD98: 0 | BF98: =BE94 -> 98.3358
A99: cpu-tune-abi | B99: 0 | C99: WR00L2L2 | D99: 52000 | E99: 160 | F99: 2 | G99: 8 | H99: 726.53 | I99: 129.03 | J99: 45545 | K99: 0.24971065 | L99: 0 | M99: 0 | N99: 0 | O99: 0 | P99: 0 | Q99: 0 | R99: 0 | S99: 0 | T99: 0 | U99: 0 | V99: 0 | W99: 0 | X99: =AVERAGE(I99:I103) -> 129.062 | Z99: 0 | AA99: 0 | AB99: 0 | AH99: cpu-tune | AI99: 0 | AJ99: WR00L2L2 | AK99: 26080 | AL99: 160 | AM99: 2 | AN99: 8 | AO99: 120.4 | AP99: 98.226 | AQ99: 45544 | AR99: 0.54039352 | AS99: 0 | AT99: 0 | AU99: 0 | AV99: 0 | AW99: 0 | AX99: 0 | AY99: 0 | AZ99: 0 | BA99: 0 | BB99: 0 | BC99: 0 | BD99: 0 | BE99: =AVERAGE(AP99:AP103) -> 98.3322 | BF99: =BE99 -> 98.3322
A100: cpu-tune-abi | B100: 1 | C100: WR00L2L2 | D100: 52000 | E100: 160 | F100: 2 | G100: 8 | H100: 726.73 | I100: 128.99 | J100: 45545 | K100: 0.2587963 | L100: 0 | M100: 0 | N100: 0 | O100: 0 | P100: 0 | Q100: 0 | R100: 0 | S100: 0 | T100: 0 | U100: 0 | V100: 0 | W100: 0 | X100: =X99 -> 129.062 | Z100: 0 | AA100: 0 | AB100: 0 | AH100: cpu-tune | AI100: 1 | AJ100: WR00L2L2 | AK100: 26080 | AL100: 160 | AM100: 2 | AN100: 8 | AO100: 120.31 | AP100: 98.299 | AQ100: 45544 | AR100: 0.54197917 | AS100: 0 | AT100: 0 | AU100: 0 | AV100: 0 | AW100: 0 | AX100: 0 | AY100: 0 | AZ100: 0 | BA100: 0 | BB100: 0 | BC100: 0 | BD100: 0 | BF100: =BE99 -> 98.3322
...

Sheet 1 node, params, RAW
A1: Max avg. GFLOPS (and params): | F1: =MAX(O:O) -> 36.4022 | G1: =INDEX(D:D,MATCH(MAX($O:$O),$O:$O,0)) -> 26080 | H1: =INDEX(E:E,MATCH(MAX($O:$O),$O:$O,0)) -> 160 | I1: =INDEX(F:F,MATCH(MAX($O:$O),$O:$O,0)) -> 1 | J1: =INDEX(G:G,MATCH(MAX($O:$O),$O:$O,0)) -> 4 | K1: ATLAS - no OMP modifications | O1: Average GFLOP/s | R1: Max avg. GFLOPS (and params): | W1: =MAX(AF:AF) -> 35.9878 | X1: =INDEX(U:U,MATCH(MAX($AF:$AF),$AF:$AF,0)) -> 26080 | Y1: =INDEX(V:V,MATCH(MAX($AF:$AF),$AF:$AF,0)) -> 160 | Z1: =INDEX(W:W,MATCH(MAX($AF:$AF),$AF:$AF,0)) -> 1 | AA1: =INDEX(X:X,MATCH(MAX($AF:$AF),$AF:$AF,0)) -> 4 | AB1: ATLAS, OMP flags | AF1: Average GFLOP/s | AI1: Max avg. GFLOPS (and params): | AN1: =MAX(AW:AW) -> 42.326 | AO1: =INDEX(AL:AL,MATCH(MAX($AW:$AW),$AW:$AW,0)) -> 29120 | AP1: =INDEX(AM:AM,MATCH(MAX($AW:$AW),$AW:$AW,0)) -> 224 | AQ1: =INDEX(AN:AN,MATCH(MAX($AW:$AW),$AW:$AW,0)) -> 1 | AR1: =INDEX(AO:AO,MATCH(MAX($AW:$AW),$AW:$AW,0)) -> 4 | AS1: OpenBLAS, OMP flags | AW1: Average GFLOP/s | AZ1: Max avg. GFLOPS (and params): | BE1: =MAX(BN:BN) -> 39.2054 | BF1: =INDEX(BC:BC,MATCH(MAX($BN:$BN),$BN:$BN,0)) -> 29120 | BG1: =INDEX(BD:BD,MATCH(MAX($BN:$BN),$BN:$BN,0)) -> 224 | BH1: =INDEX(BE:BE,MATCH(MAX($BN:$BN),$BN:$BN,0)) -> 1 | BI1: =INDEX(BF:BF,MATCH(MAX($BN:$BN),$BN:$BN,0)) -> 4 | BJ1: OpenBLAS | BN1: Average GFLOP/s
A2: MAX GFLOPS: | D2: =MAX(I4:I856) -> 36.47 | L2: raspi11 throttling time [1/100s] | R2: MAX GFLOPS: | U2: =MAX(Z4:Z856) -> 36.117 | AC2: raspi11 throttling time [1/100s] | AI2: MAX GFLOPS: | AL2: =MAX(AQ4:AQ856) -> 42.69 | AT2: raspi11 throttling time [1/100s] | AZ2: MAX GFLOPS: | BC2: =MAX(BH4:BH856) -> 39.362 | BK2: raspi11 throttling time [1/100s]
A3: Build | B3: RUN | D3: N | E3: NB | F3: P | G3: Q | H3: Time | I3: GFLOPS | J3: Date | K3: Time | L3: 900MHz | M3: 1000MHz | N3: 1100MHz | R3: Build | S3: RUN | U3: N | V3: NB | W3: P | X3: Q | Y3: Time | Z3: GFLOPS | AA3: Date | AB3: Time | AC3: 900MHz | AD3: 1000MHz | AE3: 1100MHz | AI3: Build | AJ3: RUN | AL3: N | AM3: NB | AN3: P | AO3: Q | AP3: Time | AQ3: GFLOPS | AR3: Date | AS3: Time | AT3: 900MHz | AU3: 1000MHz | AV3: 1100MHz | AZ3: Build | BA3: RUN | BC3: N | BD3: NB | BE3: P | BF3: Q | BG3: Time | BH3: GFLOPS | BI3: Date | BJ3: Time | BK3: 900MHz | BL3: 1000MHz | BM3: 1100MHz
A4: atlarch-all-spec | B4: 0 | C4: WR00L2L2 | D4: 26048 | E4: 32 | F4: 1 | G4: 4 | H4: 940.5 | I4: 12.529 | J4: 45558 | K4: 0.28829861 | L4: 0 | M4: 0 | N4: 0 | O4: =AVERAGE(I4:I8) -> 12.5252 | R4: atlarch-all-spec | S4: 0 | T4: WR00L2L2 | U4: 26048 | V4: 32 | W4: 1 | X4: 4 | Y4: 935.38 | Z4: 12.597 | AA4: 45558 | AB4: 0.28655093 | AC4: 0 | AD4: 0 | AE4: 0 | AF4: =AVERAGE(Z4:Z8) -> 12.5358 | AI4: linux_OpenBLAS | AJ4: 0 | AK4: WR00L2L2 | AL4: 26048 | AM4: 32 | AN4: 1 | AO4: 4 | AP4: 934.1 | AQ4: 12.615 | AR4: 45558 | AS4: 0.28670139 | AT4: 0 | AU4: 0 | AV4: 0 | AW4: =AVERAGE(AQ4:AQ8) -> 12.6218 | AZ4: linux_OpenBLAS | BA4: 0 | BB4: WR00L2L2 | BC4: 26048 | BD4: 32 | BE4: 1 | BF4: 4 | BG4: 956.18 | BH4: 12.323 | BI4: 45558 | BJ4: 0.28813657 | BK4: 0 | BL4: 0 | BM4: 0 | BN4: =AVERAGE(BH4:BH8) -> 12.3224
A5: atlarch-all-spec | B5: 1 | C5: WR00L2L2 | D5: 26048 | E5: 32 | F5: 1 | G5: 4 | H5: 941.08 | I5: 12.521 | J5: 45558 | K5: 0.63039352 | L5: 0 | M5: 0 | N5: 0 | O5: =O4 -> 12.5252 | R5: atlarch-all-spec | S5: 1 | T5: WR00L2L2 | U5: 26048 | V5: 32 | W5: 1 | X5: 4 | Y5: 942.37 | Z5: 12.504 | AA5: 45558 | AB5: 0.62961806 | AC5: 0 | AD5: 0 | AE5: 0 | AF5: =AF4 -> 12.5358 | AI5: linux_OpenBLAS | AJ5: 1 | AK5: WR00L2L2 | AL5: 26048 | AM5: 32 | AN5: 1 | AO5: 4 | AP5: 933.46 | AQ5: 12.623 | AR5: 45558 | AS5: 0.46234954 | AT5: 0 | AU5: 0 | AV5: 0 | AW5: =AW4 -> 12.6218 | AZ5: linux_OpenBLAS | BA5: 1 | BB5: WR00L2L2 | BC5: 26048 | BD5: 32 | BE5: 1 | BF5: 4 | BG5: 957.85 | BH5: 12.302 | BI5: 45558 | BJ5: 0.60902778 | BK5: 0 | BL5: 0 | BM5: 0 | BN5: =BN4 -> 12.3224
A6: atlarch-all-spec | B6: 2 | C6: WR00L2L2 | D6: 26048 | E6: 32 | F6: 1 | G6: 4 | H6: 939.72 | I6: 12.539 | J6: 45558 | K6: 0.97256944 | L6: 0 | M6: 0 | N6: 0 | O6: =O5 -> 12.5252 | R6: atlarch-all-spec | S6: 2 | T6: WR00L2L2 | U6: 26048 | V6: 32 | W6: 1 | X6: 4 | Y6: 940.92 | Z6: 12.523 | AA6: 45558 | AB6: 0.97268519 | AC6: 0 | AD6: 0 | AE6: 0 | AF6: =AF5 -> 12.5358 | AI6: linux_OpenBLAS | AJ6: 2 | AK6: WR00L2L2 | AL6: 26048 | AM6: 32 | AN6: 1 | AO6: 4 | AP6: 935.99 | AQ6: 12.589 | AR6: 45558 | AS6: 0.86827546 | AT6: 0 | AU6: 0 | AV6: 0 | AW6: =AW5 -> 12.6218 | AZ6: linux_OpenBLAS | BA6: 2 | BB6: WR00L2L2 | BC6: 26048 | BD6: 32 | BE6: 1 | BF6: 4 | BG6: 955.99 | BH6: 12.326 | BI6: 45558 | BJ6: 0.91773148 | BK6: 0 | BL6: 0 | BM6: 0 | BN6: =BN5 -> 12.3224
A7: atlarch-all-spec | B7: 3 | C7: WR00L2L2 | D7: 26048 | E7: 32 | F7: 1 | G7: 4 | H7: 940.66 | I7: 12.527 | J7: 45559 | K7: 0.31483796 | L7: 0 | M7: 0 | N7: 0 | O7: =O6 -> 12.5252 | R7: atlarch-all-spec | S7: 3 | T7: WR00L2L2 | U7: 26048 | V7: 32 | W7: 1 | X7: 4 | Y7: 940.39 | Z7: 12.53 | AA7: 45559 | AB7: 0.31576389 | AC7: 0 | AD7: 0 | AE7: 0 | AF7: =AF6 -> 12.5358 | AI7: linux_OpenBLAS | AJ7: 3 | AK7: WR00L2L2 | AL7: 26048 | AM7: 32 | AN7: 1 | AO7: 4 | AP7: 933.49 | AQ7: 12.623 | AR7: 45559 | AS7: 0.15710648 | AT7: 0 | AU7: 0 | AV7: 0 | AW7: =AW6 -> 12.6218 | AZ7: linux_OpenBLAS | BA7: 3 | BB7: WR00L2L2 | BC7: 26048 | BD7: 32 | BE7: 1 | BF7: 4 | BG7: 954.49 | BH7: 12.345 | BI7: 45559 | BJ7: 0.22628472 | BK7: 0 | BL7: 0 | BM7: 0 | BN7: =BN6 -> 12.3224
A8: atlarch-all-spec | B8: 4 | C8: WR00L2L2 | D8: 26048 | E8: 32 | F8: 1 | G8: 4 | H8: 941.94 | I8: 12.51 | J8: 45559 | K8: 0.65717593 | L8: 0 | M8: 0 | N8: 0 | O8: =O7 -> 12.5252 | R8: atlarch-all-spec | S8: 4 | T8: WR00L2L2 | U8: 26048 | V8: 32 | W8: 1 | X8: 4 | Y8: 940.75 | Z8: 12.525 | AA8: 45559 | AB8: 0.65900463 | AC8: 0 | AD8: 0 | AE8: 0 | AF8: =AF7 -> 12.5358 | AI8: linux_OpenBLAS | AJ8: 4 | AK8: WR00L2L2 | AL8: 26048 | AM8: 32 | AN8: 1 | AO8: 4 | AP8: 930.85 | AQ8: 12.659 | AR8: 45559 | AS8: 0.44637731 | AT8: 0 | AU8: 0 | AV8: 0 | AW8: =AW7 -> 12.6218 | AZ8: linux_OpenBLAS | BA8: 4 | BB8: WR00L2L2 | BC8: 26048 | BD8: 32 | BE8: 1 | BF8: 4 | BG8: 956.76 | BH8: 12.316 | BI8: 45559 | BJ8: 0.53479167 | BK8: 0 | BL8: 0 | BM8: 0 | BN8: =BN7 -> 12.3224
A9: atlarch-all-spec | B9: 0 | C9: WR00L2L2 | D9: 27584 | E9: 32 | F9: 1 | G9: 4 | H9: 1142.62 | I9: 12.247 | J9: 45558 | K9: 0.38539352 | L9: 0 | M9: 0 | N9: 0 | O9: =AVERAGE(I9:I13) -> 12.228 | R9: atlarch-all-spec | S9: 0 | T9: WR00L2L2 | U9: 27584 | V9: 32 | W9: 1 | X9: 4 | Y9: 1140.03 | Z9: 12.274 | AA9: 45558 | AB9: 0.38394676 | AC9: 0 | AD9: 0 | AE9: 0 | AF9: =AVERAGE(Z9:Z13) -> 12.2678 | AI9: linux_OpenBLAS | AJ9: 0 | AK9: WR00L2L2 | AL9: 27584 | AM9: 32 | AN9: 1 | AO9: 4 | AP9: 1130.23 | AQ9: 12.381 | AR9: 45558 | AS9: 0.36899306 | AT9: 0 | AU9: 0 | AV9: 0 | AW9: =AVERAGE(AQ9:AQ13) -> 12.3568 | AZ9: linux_OpenBLAS | BA9: 0 | BB9: WR00L2L2 | BC9: 27584 | BD9: 32 | BE9: 1 | BF9: 4 | BG9: 1144.72 | BH9: 12.224 | BI9: 45558 | BJ9: 0.37717593 | BK9: 0 | BL9: 0 | BM9: 0 | BN9: =AVERAGE(BH9:BH13) -> 12.2214
A10: atlarch-all-spec | B10: 1 | C10: WR00L2L2 | D10: 27584 | E10: 32 | F10: 1 | G10: 4 | H10: 1146.43 | I10: 12.206 | J10: 45558 | K10: 0.72755787 | L10: 0 | M10: 0 | N10: 0 | O10: =O9 -> 12.228 | R10: atlarch-all-spec | S10: 1 | T10: WR00L2L2 | U10: 27584 | V10: 32 | W10: 1 | X10: 4 | Y10: 1145.18 | Z10: 12.219 | AA10: 45558 | AB10: 0.72711806 | AC10: 0 | AD10: 0 | AE10: 0 | AF10: =AF9 -> 12.2678 | AI10: linux_OpenBLAS | AJ10: 1 | AK10: WR00L2L2 | AL10: 27584 | AM10: 32 | AN10: 1 | AO10: 4 | AP10: 1130.91 | AQ10: 12.373 | AR10: 45558 | AS10: 0.66153935 | AT10: 0 | AU10: 0 | AV10: 0 | AW10: =AW9 -> 12.3568 | AZ10: linux_OpenBLAS | BA10: 1 | BB10: WR00L2L2 | BC10: 27584 | BD10: 32 | BE10: 1 | BF10: 4 | BG10: 1144.61 | BH10: 12.225 | BI10: 45558 | BJ10: 0.69796296 | BK10: 0 | BL10: 0 | BM10: 0 | BN10: =BN9 -> 12.2214
A11: atlarch-all-spec | B11: 2 | C11: WR00L2L2 | D11: 27584 | E11: 32 | F11: 1 | G11: 4 | H11: 1146.82 | I11: 12.202 | J11: 45559 | K11: 0.069733796 | L11: 0 | M11: 0 | N11: 0 | O11: =O10 -> 12.228 | R11: atlarch-all-spec | S11: 2 | T11: WR00L2L2 | U11: 27584 | V11: 32 | W11: 1 | X11: 4 | Y11: 1138.9 | Z11: 12.287 | AA11: 45559 | AB11: 0.070138889 | AC11: 0 | AD11: 0 | AE11: 0 | AF11: =AF10 -> 12.2678 | AI11: linux_OpenBLAS | AJ11: 2 | AK11: WR00L2L2 | AL11: 27584 | AM11: 32 | AN11: 1 | AO11: 4 | AP11: 1135.68 | AQ11: 12.321 | AR11: 45558 | AS11: 0.95070602 | AT11: 0 | AU11: 0 | AV11: 0 | AW11: =AW10 -> 12.3568 | AZ11: linux_OpenBLAS | BA11: 2 | BB11: WR00L2L2 | BC11: 27584 | BD11: 32 | BE11: 1 | BF11: 4 | BG11: 1146.83 | BH11: 12.202 | BI11: 45559 | BJ11: 0.0066319444 | BK11: 0 | BL11: 0 | BM11: 0 | BN11: =BN10 -> 12.2214
A12: atlarch-all-spec | B12: 3 | C12: WR00L2L2 | D12: 27584 | E12: 32 | F12: 1 | G12: 4 | H12: 1142.67 | I12: 12.246 | J12: 45559 | K12: 0.41209491 | L12: 0 | M12: 0 | N12: 0 | O12: =O11 -> 12.228 | R12: atlarch-all-spec | S12: 3 | T12: WR00L2L2 | U12: 27584 | V12: 32 | W12: 1 | X12: 4 | Y12: 1137.32 | Z12: 12.304 | AA12: 45559 | AB12: 0.41325231 | AC12: 0 | AD12: 0 | AE12: 0 | AF12: =AF11 -> 12.2678 | AI12: linux_OpenBLAS | AJ12: 3 | AK12: WR00L2L2 | AL12: 27584 | AM12: 32 | AN12: 1 | AO12: 4 | AP12: 1130.25 | AQ12: 12.381 | AR12: 45559 | AS12: 0.23966435 | AT12: 0 | AU12: 0 | AV12: 0 | AW12: =AW11 -> 12.3568 | AZ12: linux_OpenBLAS | BA12: 3 | BB12: WR00L2L2 | BC12: 27584 | BD12: 32 | BE12: 1 | BF12: 4 | BG12: 1144.83 | BH12: 12.223 | BI12: 45559 | BJ12: 0.31515046 | BK12: 0 | BL12: 0 | BM12: 0 | BN12: =BN11 -> 12.2214
A13: atlarch-all-spec | B13: 4 | C13: WR00L2L2 | D13: 27584 | E13: 32 | F13: 1 | G13: 4 | H13: 1143.3 | I13: 12.239 | J13: 45559 | K13: 0.75436343 | L13: 0 | M13: 0 | N13: 0 | O13: =O12 -> 12.228 | R13: atlarch-all-spec | S13: 4 | T13: WR00L2L2 | U13: 27584 | V13: 32 | W13: 1 | X13: 4 | Y13: 1141.8 | Z13: 12.255 | AA13: 45559 | AB13: 0.75634259 | AC13: 0 | AD13: 0 | AE13: 0 | AF13: =AF12 -> 12.2678 | AI13: linux_OpenBLAS | AJ13: 4 | AK13: WR00L2L2 | AL13: 27584 | AM13: 32 | AN13: 1 | AO13: 4 | AP13: 1135.12 | AQ13: 12.328 | AR13: 45559 | AS13: 0.52898148 | AT13: 0 | AU13: 0 | AV13: 0 | AW13: =AW12 -> 12.3568 | AZ13: linux_OpenBLAS | BA13: 4 | BB13: WR00L2L2 | BC13: 27584 | BD13: 32 | BE13: 1 | BF13: 4 | BG13: 1143.88 | BH13: 12.233 | BI13: 45559 | BJ13: 0.62356481 | BK13: 0 | BL13: 0 | BM13: 0 | BN13: =BN12 -> 12.2214
A14: atlarch-all-spec | B14: 0 | C14: WR00L2L2 | D14: 29120 | E14: 32 | F14: 1 | G14: 4 | H14: 1347.01 | I14: 12.222 | J14: 45558 | K14: 0.50171296 | L14: 0 | M14: 0 | N14: 0 | O14: =AVERAGE(I14:I18) -> 12.2238 | R14: atlarch-all-spec | S14: 0 | T14: WR00L2L2 | U14: 29120 | V14: 32 | W14: 1 | X14: 4 | Y14: 1342.01 | Z14: 12.268 | AA14: 45558 | AB14: 0.50048611 | AC14: 0 | AD14: 0 | AE14: 0 | AF14: =AVERAGE(Z14:Z18) -> 12.2618 | AI14: linux_OpenBLAS | AJ14: 0 | AK14: WR00L2L2 | AL14: 29120 | AM14: 32 | AN14: 1 | AO14: 4 | AP14: 1315.06 | AQ14: 12.519 | AR14: 45558 | AS14: 0.49303241 | AT14: 0 | AU14: 0 | AV14: 0 | AW14: =AVERAGE(AQ14:AQ18) -> 12.5048 | AZ14: linux_OpenBLAS | BA14: 0 | BB14: WR00L2L2 | BC14: 29120 | BD14: 32 | BE14: 1 | BF14: 4 | BG14: 1325.18 | BH14: 12.423 | BI14: 45558 | BJ14: 0.49318287 | BK14: 0 | BL14: 0 | BM14: 0 | BN14: =AVERAGE(BH14:BH18) -> 12.4278
A15: atlarch-all-spec | B15: 1 | C15: WR00L2L2 | D15: 29120 | E15: 32 | F15: 1 | G15: 4 | H15: 1349.61 | I15: 12.199 | J15: 45558 | K15: 0.84396991 | L15: 0 | M15: 0 | N15: 0 | O15: =O14 -> 12.2238 | R15: atlarch-all-spec | S15: 1 | T15: WR00L2L2 | U15: 29120 | V15: 32 | W15: 1 | X15: 4 | Y15: 1346 | Z15: 12.231 | AA15: 45558 | AB15: 0.84365741 | AC15: 0 | AD15: 0 | AE15: 0 | AF15: =AF14 -> 12.2618 | AI15: linux_OpenBLAS | AJ15: 1 | AK15: WR00L2L2 | AL15: 29120 | AM15: 32 | AN15: 1 | AO15: 4 | AP15: 1321.79 | AQ15: 12.455 | AR15: 45558 | AS15: 0.75931713 | AT15: 0 | AU15: 0 | AV15: 0 | AW15: =AW14 -> 12.5048 | AZ15: linux_OpenBLAS | BA15: 1 | BB15: WR00L2L2 | BC15: 29120 | BD15: 32 | BE15: 1 | BF15: 4 | BG15: 1324.34 | BH15: 12.431 | BI15: 45558 | BJ15: 0.80209491 | BK15: 0 | BL15: 0 | BM15: 0 | BN15: =BN14 -> 12.4278
A16: atlarch-all-spec | B16: 2 | C16: WR00L2L2 | D16: 29120 | E16: 32 | F16: 1 | G16: 4 | H16: 1345.4 | I16: 12.237 | J16: 45559 | K16: 0.18604167 | L16: 0 | M16: 0 | N16: 0 | O16: =O15 -> 12.2238 | R16: atlarch-all-spec | S16: 2 | T16: WR00L2L2 | U16: 29120 | V16: 32 | W16: 1 | X16: 4 | Y16: 1338.65 | Z16: 12.298 | AA16: 45559 | AB16: 0.18659722 | AC16: 0 | AD16: 0 | AE16: 0 | AF16: =AF15 -> 12.2618 | AI16: linux_OpenBLAS | AJ16: 2 | AK16: WR00L2L2 | AL16: 29120 | AM16: 32 | AN16: 1 | AO16: 4 | AP16: 1311.79 | AQ16: 12.55 | AR16: 45559 | AS16: 0.048206019 | AT16: 0 | AU16: 0 | AV16: 0 | AW16: =AW15 -> 12.5048 | AZ16: linux_OpenBLAS | BA16: 2 | BB16: WR00L2L2 | BC16: 29120 | BD16: 32 | BE16: 1 | BF16: 4 | BG16: 1324.31 | BH16: 12.432 | BI16: 45559 | BJ16: 0.11075231 | BK16: 0 | BL16: 0 | BM16: 0 | BN16: =BN15 -> 12.4278
A17: atlarch-all-spec | B17: 3 | C17: WR00L2L2 | D17: 29120 | E17: 32 | F17: 1 | G17: 4 | H17: 1346.44 | I17: 12.227 | J17: 45559 | K17: 0.5283912 | L17: 0 | M17: 0 | N17: 0 | O17: =O16 -> 12.2238 | R17: atlarch-all-spec | S17: 3 | T17: WR00L2L2 | U17: 29120 | V17: 32 | W17: 1 | X17: 4 | Y17: 1342.63 | Z17: 12.262 | AA17: 45559 | AB17: 0.52984954 | AC17: 0 | AD17: 0 | AE17: 0 | AF17: =AF16 -> 12.2618 | AI17: linux_OpenBLAS | AJ17: 3 | AK17: WR00L2L2 | AL17: 29120 | AM17: 32 | AN17: 1 | AO17: 4 | AP17: 1313.91 | AQ17: 12.53 | AR17: 45559 | AS17: 0.33728009 | AT17: 0 | AU17: 0 | AV17: 0 | AW17: =AW16 -> 12.5048 | AZ17: linux_OpenBLAS | BA17: 3 | BB17: WR00L2L2 | BC17: 29120 | BD17: 32 | BE17: 1 | BF17: 4 | BG17: 1325.15 | BH17: 12.424 | BI17: 45559 | BJ17: 0.41912037 | BK17: 0 | BL17: 0 | BM17: 0 | BN17: =BN16 -> 12.4278
A18: atlarch-all-spec | B18: 4 | C18: WR00L2L2 | D18: 29120 | E18: 32 | F18: 1 | G18: 4 | H18: 1345.66 | I18: 12.234 | J18: 45559 | K18: 0.87063657 | L18: 0 | M18: 0 | N18: 0 | O18: =O17 -> 12.2238 | R18: atlarch-all-spec | S18: 4 | T18: WR00L2L2 | U18: 29120 | V18: 32 | W18: 1 | X18: 4 | Y18: 1343.98 | Z18: 12.25 | AA18: 45559 | AB18: 0.87275463 | AC18: 0 | AD18: 0 | AE18: 0 | AF18: =AF17 -> 12.2618 | AI18: linux_OpenBLAS | AJ18: 4 | AK18: WR00L2L2 | AL18: 29120 | AM18: 32 | AN18: 1 | AO18: 4 | AP18: 1320.23 | AQ18: 12.47 | AR18: 45559 | AS18: 0.62706019 | AT18: 0 | AU18: 0 | AV18: 0 | AW18: =AW17 -> 12.5048 | AZ18: linux_OpenBLAS | BA18: 4 | BB18: WR00L2L2 | BC18: 29120 | BD18: 32 | BE18: 1 | BF18: 4 | BG18: 1324.61 | BH18: 12.429 | BI18: 45559 | BJ18: 0.72756944 | BK18: 0 | BL18: 0 | BM18: 0 | BN18: =BN17 -> 12.4278
A19: atlarch-all-spec | B19: 0 | C19: WR00L2L2 | D19: 26048 | E19: 32 | F19: 2 | G19: 2 | H19: 959.8 | I19: 12.277 | J19: 45558 | K19: 0.30006944 | L19: 0 | M19: 0 | N19: 0 | O19: =AVERAGE(I19:I23) -> 12.2918 | R19: atlarch-all-spec | S19: 0 | T19: WR00L2L2 | U19: 26048 | V19: 32 | W19: 2 | X19: 2 | Y19: 955.78 | Z19: 12.329 | AA19: 45558 | AB19: 0.29826389 | AC19: 0 | AD19: 0 | AE19: 0 | AF19: =AVERAGE(Z19:Z23) -> 12.3296 | AI19: linux_OpenBLAS | AJ19: 0 | AK19: WR00L2L2 | AL19: 26048 | AM19: 32 | AN19: 2 | AO19: 2 | AP19: 1012.12 | AQ19: 11.642 | AR19: 45558 | AS19: 0.29861111 | AT19: 0 | AU19: 0 | AV19: 0 | AW19: =AVERAGE(AQ19:AQ23) -> 11.6788 | AZ19: linux_OpenBLAS | BA19: 0 | BB19: WR00L2L2 | BC19: 26048 | BD19: 32 | BE19: 2 | BF19: 2 | BG19: 994.72 | BH19: 11.846 | BI19: 45558 | BJ19: 0.29986111 | BK19: 0 | BL19: 0 | BM19: 0 | BN19: =AVERAGE(BH19:BH23) -> 11.819
A20: atlarch-all-spec | B20: 1 | C20: WR00L2L2 | D20: 26048 | E20: 32 | F20: 2 | G20: 2 | H20: 957.67 | I20: 12.304 | J20: 45558 | K20: 0.6421412 | L20: 0 | M20: 0 | N20: 0 | O20: =O19 -> 12.2918 | R20: atlarch-all-spec | S20: 1 | T20: WR00L2L2 | U20: 26048 | V20: 32 | W20: 2 | X20: 2 | Y20: 957.03 | Z20: 12.312 | AA20: 45558 | AB20: 0.64135417 | AC20: 0 | AD20: 0 | AE20: 0 | AF20: =AF19 -> 12.3296 | AI20: linux_OpenBLAS | AJ20: 1 | AK20: WR00L2L2 | AL20: 26048 | AM20: 32 | AN20: 2 | AO20: 2 | AP20: 1005.24 | AQ20: 11.722 | AR20: 45558 | AS20: 0.47418981 | AT20: 0 | AU20: 0 | AV20: 0 | AW20: =AW19 -> 11.6788 | AZ20: linux_OpenBLAS | BA20: 1 | BB20: WR00L2L2 | BC20: 26048 | BD20: 32 | BE20: 2 | BF20: 2 | BG20: 999.17 | BH20: 11.793 | BI20: 45558 | BJ20: 0.62079861 | BK20: 0 | BL20: 0 | BM20: 0 | BN20: =BN19 -> 11.819
A21: atlarch-all-spec | B21: 2 | C21: WR00L2L2 | D21: 26048 | E21: 32 | F21: 2 | G21: 2 | H21: 958.59 | I21: 12.292 | J21: 45558 | K21: 0.9843287 | L21: 0 | M21: 0 | N21: 0 | O21: =O20 -> 12.2918 | R21: atlarch-all-spec | S21: 2 | T21: WR00L2L2 | U21: 26048 | V21: 32 | W21: 2 | X21: 2 | Y21: 954.2 | Z21: 12.349 | AA21: 45558 | AB21: 0.98438657 | AC21: 0 | AD21: 0 | AE21: 0 | AF21: =AF20 -> 12.3296 | AI21: linux_OpenBLAS | AJ21: 2 | AK21: WR00L2L2 | AL21: 26048 | AM21: 32 | AN21: 2 | AO21: 2 | AP21: 1007.46 | AQ21: 11.696 | AR21: 45558 | AS21: 0.88013889 | AT21: 0 | AU21: 0 | AV21: 0 | AW21: =AW20 -> 11.6788 | AZ21: linux_OpenBLAS | BA21: 2 | BB21: WR00L2L2 | BC21: 26048 | BD21: 32 | BE21: 2 | BF21: 2 | BG21: 994.62 | BH21: 11.847 | BI21: 45558 | BJ21: 0.92944444 | BK21: 0 | BL21: 0 | BM21: 0 | BN21: =BN20 -> 11.819
A22: atlarch-all-spec | B22: 3 | C22: WR00L2L2 | D22: 26048 | E22: 32 | F22: 2 | G22: 2 | H22: 959.92 | I22: 12.275 | J22: 45559 | K22: 0.32662037 | L22: 0 | M22: 0 | N22: 0 | O22: =O21 -> 12.2918 | R22: atlarch-all-spec | S22: 3 | T22: WR00L2L2 | U22: 26048 | V22: 32 | W22: 2 | X22: 2 | Y22: 956.98 | Z22: 12.313 | AA22: 45559 | AB22: 0.3275 | AC22: 0 | AD22: 0 | AE22: 0 | AF22: =AF21 -> 12.3296 | AI22: linux_OpenBLAS | AJ22: 3 | AK22: WR00L2L2 | AL22: 26048 | AM22: 32 | AN22: 2 | AO22: 2 | AP22: 1010.17 | AQ22: 11.665 | AR22: 45559 | AS22: 0.16900463 | AT22: 0 | AU22: 0 | AV22: 0 | AW22: =AW21 -> 11.6788 | AZ22: linux_OpenBLAS | BA22: 3 | BB22: WR00L2L2 | BC22: 26048 | BD22: 32 | BE22: 2 | BF22: 2 | BG22: 1000.54 | BH22: 11.777 | BI22: 45559 | BJ22: 0.23806713 | BK22: 0 | BL22: 0 | BM22: 0 | BN22: =BN21 -> 11.819
A23: atlarch-all-spec | B23: 4 | C23: WR00L2L2 | D23: 26048 | E23: 32 | F23: 2 | G23: 2 | H23: 957.13 | I23: 12.311 | J23: 45559 | K23: 0.66892361 | L23: 0 | M23: 0 | N23: 0 | O23: =O22 -> 12.2918 | R23: atlarch-all-spec | S23: 4 | T23: WR00L2L2 | U23: 26048 | V23: 32 | W23: 2 | X23: 2 | Y23: 954.49 | Z23: 12.345 | AA23: 45559 | AB23: 0.67070602 | AC23: 0 | AD23: 0 | AE23: 0 | AF23: =AF22 -> 12.3296 | AI23: linux_OpenBLAS | AJ23: 4 | AK23: WR00L2L2 | AL23: 26048 | AM23: 32 | AN23: 2 | AO23: 2 | AP23: 1009.8 | AQ23: 11.669 | AR23: 45559 | AS23: 0.45827546 | AT23: 0 | AU23: 0 | AV23: 0 | AW23: =AW22 -> 11.6788 | AZ23: linux_OpenBLAS | BA23: 4 | BB23: WR00L2L2 | BC23: 26048 | BD23: 32 | BE23: 2 | BF23: 2 | BG23: 995.85 | BH23: 11.832 | BI23: 45559 | BJ23: 0.54652778 | BK23: 0 | BL23: 0 | BM23: 0 | BN23: =BN22 -> 11.819
A24: atlarch-all-spec | B24: 0 | C24: WR00L2L2 | D24: 27584 | E24: 32 | F24: 2 | G24: 2 | H24: 1148.45 | I24: 12.184 | J24: 45558 | K24: 0.39943287 | L24: 0 | M24: 0 | N24: 0 | O24: =AVERAGE(I24:I28) -> 12.1714 | R24: atlarch-all-spec | S24: 0 | T24: WR00L2L2 | U24: 27584 | V24: 32 | W24: 2 | X24: 2 | Y24: 1145.9 | Z24: 12.211 | AA24: 45558 | AB24: 0.39795139 | AC24: 0 | AD24: 0 | AE24: 0 | AF24: =AVERAGE(Z24:Z28) -> 12.2104 | AI24: linux_OpenBLAS | AJ24: 0 | AK24: WR00L2L2 | AL24: 27584 | AM24: 32 | AN24: 2 | AO24: 2 | AP24: 1179.71 | AQ24: 11.861 | AR24: 45558 | AS24: 0.38288194 | AT24: 0 | AU24: 0 | AV24: 0 | AW24: =AVERAGE(AQ24:AQ28) -> 11.844 | AZ24: linux_OpenBLAS | BA24: 0 | BB24: WR00L2L2 | BC24: 27584 | BD24: 32 | BE24: 2 | BF24: 2 | BG24: 1152.16 | BH24: 12.145 | BI24: 45558 | BJ24: 0.39074074 | BK24: 0 | BL24: 0 | BM24: 0 | BN24: =AVERAGE(BH24:BH28) -> 12.125
A25: atlarch-all-spec | B25: 1 | C25: WR00L2L2 | D25: 27584 | E25: 32 | F25: 2 | G25: 2 | H25: 1150.84 | I25: 12.159 | J25: 45558 | K25: 0.74162037 | L25: 0 | M25: 0 | N25: 0 | O25: =O24 -> 12.1714 | R25: atlarch-all-spec | S25: 1 | T25: WR00L2L2 | U25: 27584 | V25: 32 | W25: 2 | X25: 2 | Y25: 1145.3 | Z25: 12.218 | AA25: 45558 | AB25: 0.74111111 | AC25: 0 | AD25: 0 | AE25: 0 | AF25: =AF24 -> 12.2104 | AI25: linux_OpenBLAS | AJ25: 1 | AK25: WR00L2L2 | AL25: 27584 | AM25: 32 | AN25: 2 | AO25: 2 | AP25: 1181.05 | AQ25: 11.848 | AR25: 45558 | AS25: 0.67543981 | AT25: 0 | AU25: 0 | AV25: 0 | AW25: =AW24 -> 11.844 | AZ25: linux_OpenBLAS | BA25: 1 | BB25: WR00L2L2 | BC25: 27584 | BD25: 32 | BE25: 2 | BF25: 2 | BG25: 1150.29 | BH25: 12.165 | BI25: 45558 | BJ25: 0.71150463 | BK25: 0 | BL25: 0 | BM25: 0 | BN25: =BN24 -> 12.125
A26: atlarch-all-spec | B26: 2 | C26: WR00L2L2 | D26: 27584 | E26: 32 | F26: 2 | G26: 2 | H26: 1150.37 | I26: 12.164 | J26: 45559 | K26: 0.083784722 | L26: 0 | M26: 0 | N26: 0 | O26: =O25 -> 12.1714 | R26: atlarch-all-spec | S26: 2 | T26: WR00L2L2 | U26: 27584 | V26: 32 | W26: 2 | X26: 2 | Y26: 1145.49 | Z26: 12.216 | AA26: 45559 | AB26: 0.084143519 | AC26: 0 | AD26: 0 | AE26: 0 | AF26: =AF25 -> 12.2104 | AI26: linux_OpenBLAS | AJ26: 2 | AK26: WR00L2L2 | AL26: 27584 | AM26: 32 | AN26: 2 | AO26: 2 | AP26: 1179.89 | AQ26: 11.86 | AR26: 45558 | AS26: 0.96459491 | AT26: 0 | AU26: 0 | AV26: 0 | AW26: =AW25 -> 11.844 | AZ26: linux_OpenBLAS | BA26: 2 | BB26: WR00L2L2 | BC26: 27584 | BD26: 32 | BE26: 2 | BF26: 2 | BG26: 1156.66 | BH26: 12.098 | BI26: 45559 | BJ26: 0.020243056 | BK26: 0 | BL26: 0 | BM26: 0 | BN26: =BN25 -> 12.125
A27: atlarch-all-spec | B27: 3 | C27: WR00L2L2 | D27: 27584 | E27: 32 | F27: 2 | G27: 2 | H27: 1149.19 | I27: 12.177 | J27: 45559 | K27: 0.42613426 | L27: 0 | M27: 0 | N27: 0 | O27: =O26 -> 12.1714 | R27: atlarch-all-spec | S27: 3 | T27: WR00L2L2 | U27: 27584 | V27: 32 | W27: 2 | X27: 2 | Y27: 1144.37 | Z27: 12.228 | AA27: 45559 | AB27: 0.4272338 | AC27: 0 | AD27: 0 | AE27: 0 | AF27: =AF26 -> 12.2104 | AI27: linux_OpenBLAS | AJ27: 3 | AK27: WR00L2L2 | AL27: 27584 | AM27: 32 | AN27: 2 | AO27: 2 | AP27: 1182.16 | AQ27: 11.837 | AR27: 45559 | AS27: 0.25357639 | AT27: 0 | AU27: 0 | AV27: 0 | AW27: =AW26 -> 11.844 | AZ27: linux_OpenBLAS | BA27: 3 | BB27: WR00L2L2 | BC27: 27584 | BD27: 32 | BE27: 2 | BF27: 2 | BG27: 1154.16 | BH27: 12.124 | BI27: 45559 | BJ27: 0.32873843 | BK27: 0 | BL27: 0 | BM27: 0 | BN27: =BN26 -> 12.125
A28: atlarch-all-spec | B28: 4 | C28: WR00L2L2 | D28: 27584 | E28: 32 | F28: 2 | G28: 2 | H28: 1149.52 | I28: 12.173 | J28: 45559 | K28: 0.76841435 | L28: 0 | M28: 0 | N28: 0 | O28: =O27 -> 12.1714 | R28: atlarch-all-spec | S28: 4 | T28: WR00L2L2 | U28: 27584 | V28: 32 | W28: 2 | X28: 2 | Y28: 1148.95 | Z28: 12.179 | AA28: 45559 | AB28: 0.77038194 | AC28: 0 | AD28: 0 | AE28: 0 | AF28: =AF27 -> 12.2104 | AI28: linux_OpenBLAS | AJ28: 4 | AK28: WR00L2L2 | AL28: 27584 | AM28: 32 | AN28: 2 | AO28: 2 | AP28: 1184.48 | AQ28: 11.814 | AR28: 45559 | AS28: 0.54292824 | AT28: 0 | AU28: 0 | AV28: 0 | AW28: =AW27 -> 11.844 | AZ28: linux_OpenBLAS | BA28: 4 | BB28: WR00L2L2 | BC28: 27584 | BD28: 32 | BE28: 2 | BF28: 2 | BG28: 1157.13 | BH28: 12.093 | BI28: 45559 | BJ28: 0.6371875 | BK28: 0 | BL28: 0 | BM28: 0 | BN28: =BN27 -> 12.125
A29: atlarch-all-spec | B29: 0 | C29: WR00L2L2 | D29: 29120 | E29: 32 | F29: 2 | G29: 2 | H29: 1366.63 | I29: 12.047 | J29: 45558 | K29: 0.51835648 | L29: 0 | M29: 0 | N29: 0 | O29: =AVERAGE(I29:I33) -> 12.0378 | R29: atlarch-all-spec | S29: 0 | T29: WR00L2L2 | U29: 29120 | V29: 32 | W29: 2 | X29: 2 | Y29: 1369.56 | Z29: 12.021 | AA29: 45558 | AB29: 0.51717593 | AC29: 0 | AD29: 0 | AE29: 0 | AF29: =AVERAGE(Z29:Z33) -> 12.0376 | AI29: linux_OpenBLAS | AJ29: 0 | AK29: WR00L2L2 | AL29: 29120 | AM29: 32 | AN29: 2 | AO29: 2 | AP29: 1454.69 | AQ29: 11.317 | AR29: 45558 | AS29: 0.51012731 | AT29: 0 | AU29: 0 | AV29: 0 | AW29: =AVERAGE(AQ29:AQ33) -> 11.325 | AZ29: linux_OpenBLAS | BA29: 0 | BB29: WR00L2L2 | BC29: 29120 | BD29: 32 | BE29: 2 | BF29: 2 | BG29: 1408.03 | BH29: 11.692 | BI29: 45558 | BJ29: 0.5097338 | BK29: 0 | BL29: 0 | BM29: 0 | BN29: =AVERAGE(BH29:BH33) -> 11.6706
A30: atlarch-all-spec | B30: 1 | C30: WR00L2L2 | D30: 29120 | E30: 32 | F30: 2 | G30: 2 | H30: 1365.62 | I30: 12.056 | J30: 45558 | K30: 0.86060185 | L30: 0 | M30: 0 | N30: 0 | O30: =O29 -> 12.0378 | R30: atlarch-all-spec | S30: 1 | T30: WR00L2L2 | U30: 29120 | V30: 32 | W30: 2 | X30: 2 | Y30: 1368.54 | Z30: 12.03 | AA30: 45558 | AB30: 0.86032407 | AC30: 0 | AD30: 0 | AE30: 0 | AF30: =AF29 -> 12.0376 | AI30: linux_OpenBLAS | AJ30: 1 | AK30: WR00L2L2 | AL30: 29120 | AM30: 32 | AN30: 2 | AO30: 2 | AP30: 1453.75 | AQ30: 11.325 | AR30: 45558 | AS30: 0.77640046 | AT30: 0 | AU30: 0 | AV30: 0 | AW30: =AW29 -> 11.325 | AZ30: linux_OpenBLAS | BA30: 1 | BB30: WR00L2L2 | BC30: 29120 | BD30: 32 | BE30: 2 | BF30: 2 | BG30: 1409.19 | BH30: 11.683 | BI30: 45558 | BJ30: 0.81865741 | BK30: 0 | BL30: 0 | BM30: 0 | BN30: =BN29 -> 11.6706
A31: atlarch-all-spec | B31: 2 | C31: WR00L2L2 | D31: 29120 | E31: 32 | F31: 2 | G31: 2 | H31: 1374.83 | I31: 11.975 | J31: 45559 | K31: 0.20277778 | L31: 0 | M31: 0 | N31: 0 | O31: =O30 -> 12.0378 | R31: atlarch-all-spec | S31: 2 | T31: WR00L2L2 | U31: 29120 | V31: 32 | W31: 2 | X31: 2 | Y31: 1368.28 | Z31: 12.032 | AA31: 45559 | AB31: 0.20326389 | AC31: 0 | AD31: 0 | AE31: 0 | AF31: =AF30 -> 12.0376 | AI31: linux_OpenBLAS | AJ31: 2 | AK31: WR00L2L2 | AL31: 29120 | AM31: 32 | AN31: 2 | AO31: 2 | AP31: 1453.63 | AQ31: 11.326 | AR31: 45559 | AS31: 0.065289352 | AT31: 0 | AU31: 0 | AV31: 0 | AW31: =AW30 -> 11.325 | AZ31: linux_OpenBLAS | BA31: 2 | BB31: WR00L2L2 | BC31: 29120 | BD31: 32 | BE31: 2 | BF31: 2 | BG31: 1409.61 | BH31: 11.679 | BI31: 45559 | BJ31: 0.12732639 | BK31: 0 | BL31: 0 | BM31: 0 | BN31: =BN30 -> 11.6706
A32: atlarch-all-spec | B32: 3 | C32: WR00L2L2 | D32: 29120 | E32: 32 | F32: 2 | G32: 2 | H32: 1366.21 | I32: 12.05 | J32: 45559 | K32: 0.54503472 | L32: 0 | M32: 0 | N32: 0 | O32: =O31 -> 12.0378 | R32: atlarch-all-spec | S32: 3 | T32: WR00L2L2 | U32: 29120 | V32: 32 | W32: 2 | X32: 2 | Y32: 1365.01 | Z32: 12.061 | AA32: 45559 | AB32: 0.54646991 | AC32: 0 | AD32: 0 | AE32: 0 | AF32: =AF31 -> 12.0376 | AI32: linux_OpenBLAS | AJ32: 3 | AK32: WR00L2L2 | AL32: 29120 | AM32: 32 | AN32: 2 | AO32: 2 | AP32: 1453.94 | AQ32: 11.323 | AR32: 45559 | AS32: 0.35436343 | AT32: 0 | AU32: 0 | AV32: 0 | AW32: =AW31 -> 11.325 | AZ32: linux_OpenBLAS | BA32: 3 | BB32: WR00L2L2 | BC32: 29120 | BD32: 32 | BE32: 2 | BF32: 2 | BG32: 1415.78 | BH32: 11.628 | BI32: 45559 | BJ32: 0.43576389 | BK32: 0 | BL32: 0 | BM32: 0 | BN32: =BN31 -> 11.6706
A33: atlarch-all-spec | B33: 4 | C33: WR00L2L2 | D33: 29120 | E33: 32 | F33: 2 | G33: 2 | H33: 1364.98 | I33: 12.061 | J33: 45559 | K33: 0.88725694 | L33: 0 | M33: 0 | N33: 0 | O33: =O32 -> 12.0378 | R33: atlarch-all-spec | S33: 4 | T33: WR00L2L2 | U33: 29120 | V33: 32 | W33: 2 | X33: 2 | Y33: 1366.96 | Z33: 12.044 | AA33: 45559 | AB33: 0.88939815 | AC33: 0 | AD33: 0 | AE33: 0 | AF33: =AF32 -> 12.0376 | AI33: linux_OpenBLAS | AJ33: 4 | AK33: WR00L2L2 | AL33: 29120 | AM33: 32 | AN33: 2 | AO33: 2 | AP33: 1452.61 | AQ33: 11.334 | AR33: 45559 | AS33: 0.64413194 | AT33: 0 | AU33: 0 | AV33: 0 | AW33: =AW32 -> 11.325 | AZ33: linux_OpenBLAS | BA33: 4 | BB33: WR00L2L2 | BC33: 29120 | BD33: 32 | BE33: 2 | BF33: 2 | BG33: 1410.6 | BH33: 11.671 | BI33: 45559 | BJ33: 0.74414352 | BK33: 0 | BL33: 0 | BM33: 0 | BN33: =BN32 -> 11.6706
A34: atlarch-all-spec | B34: 0 | C34: WR00L2L2 | D34: 26048 | E34: 64 | F34: 1 | G34: 4 | H34: 502.23 | I34: 23.462 | J34: 45558 | K34: 0.30653935 | L34: 0 | M34: 0 | N34: 0 | O34: =AVERAGE(I34:I38) -> 23.4892 | R34: atlarch-all-spec | S34: 0 | T34: WR00L2L2 | U34: 26048 | V34: 64 | W34: 1 | X34: 4 | Y34: 501.48 | Z34: 23.497 | AA34: 45558 | AB34: 0.30472222 | AC34: 0 | AD34: 0 | AE34: 0 | AF34: =AVERAGE(Z34:Z38) -> 23.4752 | AI34: linux_OpenBLAS | AJ34: 0 | AK34: WR00L2L2 | AL34: 26048 | AM34: 64 | AN34: 1 | AO34: 4 | AP34: 492.82 | AQ34: 23.91 | AR34: 45558 | AS34: 0.30453704 | AT34: 0 | AU34: 0 | AV34: 0 | AW34: =AVERAGE(AQ34:AQ38) -> 24.1426 | AZ34: linux_OpenBLAS | BA34: 0 | BB34: WR00L2L2 | BC34: 26048 | BD34: 64 | BE34: 1 | BF34: 4 | BG34: 517.41 | BH34: 22.774 | BI34: 45558 | BJ34: 0.30605324 | BK34: 0 | BL34: 0 | BM34: 0 | BN34: =AVERAGE(BH34:BH38) -> 22.8454
A35: atlarch-all-spec | B35: 1 | C35: WR00L2L2 | D35: 26048 | E35: 64 | F35: 1 | G35: 4 | H35: 502.11 | I35: 23.467 | J35: 45558 | K35: 0.64861111 | L35: 0 | M35: 0 | N35: 0 | O35: =O34 -> 23.4892 | R35: atlarch-all-spec | S35: 1 | T35: WR00L2L2 | U35: 26048 | V35: 64 | W35: 1 | X35: 4 | Y35: 500.85 | Z35: 23.527 | AA35: 45558 | AB35: 0.64780093 | AC35: 0 | AD35: 0 | AE35: 0 | AF35: =AF34 -> 23.4752 | AI35: linux_OpenBLAS | AJ35: 1 | AK35: WR00L2L2 | AL35: 26048 | AM35: 64 | AN35: 1 | AO35: 4 | AP35: 484.38 | AQ35: 24.327 | AR35: 45558 | AS35: 0.59674769 | AT35: 0 | AU35: 0 | AV35: 0 | AW35: =AW34 -> 24.1426 | AZ35: linux_OpenBLAS | BA35: 1 | BB35: WR00L2L2 | BC35: 26048 | BD35: 64 | BE35: 1 | BF35: 4 | BG35: 515.44 | BH35: 22.861 | BI35: 45558 | BJ35: 0.62696759 | BK35: 0 | BL35: 0 | BM35: 0 | BN35: =BN34 -> 22.8454
A36: atlarch-all-spec | B36: 2 | C36: WR00L2L2 | D36: 26048 | E36: 64 | F36: 1 | G36: 4 | H36: 501.79 | I36: 23.483 | J36: 45558 | K36: 0.99078704 | L36: 0 | M36: 0 | N36: 0 | O36: =O35 -> 23.4892 | R36: atlarch-all-spec | S36: 2 | T36: WR00L2L2 | U36: 26048 | V36: 64 | W36: 1 | X36: 4 | Y36: 502.8 | Z36: 23.435 | AA36: 45558 | AB36: 0.99085648 | AC36: 0 | AD36: 0 | AE36: 0 | AF36: =AF35 -> 23.4752 | AI36: linux_OpenBLAS | AJ36: 2 | AK36: WR00L2L2 | AL36: 26048 | AM36: 64 | AN36: 1 | AO36: 4 | AP36: 486.86 | AQ36: 24.203 | AR36: 45558 | AS36: 0.88599537 | AT36: 0 | AU36: 0 | AV36: 0 | AW36: =AW35 -> 24.1426 | AZ36: linux_OpenBLAS | BA36: 2 | BB36: WR00L2L2 | BC36: 26048 | BD36: 64 | BE36: 1 | BF36: 4 | BG36: 516.17 | BH36: 22.829 | BI36: 45558 | BJ36: 0.935625 | BK36: 0 | BL36: 0 | BM36: 0 | BN36: =BN35 -> 22.8454
A37: atlarch-all-spec | B37: 3 | C37: WR00L2L2 | D37: 26048 | E37: 64 | F37: 1 | G37: 4 | H37: 501.15 | I37: 23.513 | J37: 45559 | K37: 0.3330787 | L37: 0 | M37: 0 | N37: 0 | O37: =O36 -> 23.4892 | R37: atlarch-all-spec | S37: 3 | T37: WR00L2L2 | U37: 26048 | V37: 64 | W37: 1 | X37: 4 | Y37: 503.21 | Z37: 23.417 | AA37: 45559 | AB37: 0.33398148 | AC37: 0 | AD37: 0 | AE37: 0 | AF37: =AF36 -> 23.4752 | AI37: linux_OpenBLAS | AJ37: 3 | AK37: WR00L2L2 | AL37: 26048 | AM37: 64 | AN37: 1 | AO37: 4 | AP37: 489.32 | AQ37: 24.081 | AR37: 45559 | AS37: 0.17488426 | AT37: 0 | AU37: 0 | AV37: 0 | AW37: =AW36 -> 24.1426 | AZ37: linux_OpenBLAS | BA37: 3 | BB37: WR00L2L2 | BC37: 26048 | BD37: 64 | BE37: 1 | BF37: 4 | BG37: 514.84 | BH37: 22.888 | BI37: 45559 | BJ37: 0.24423611 | BK37: 0 | BL37: 0 | BM37: 0 | BN37: =BN36 -> 22.8454
A38: atlarch-all-spec | B38: 4 | C38: WR00L2L2 | D38: 26048 | E38: 64 | F38: 1 | G38: 4 | H38: 500.98 | I38: 23.521 | J38: 45559 | K38: 0.67538194 | L38: 0 | M38: 0 | N38: 0 | O38: =O37 -> 23.4892 | R38: atlarch-all-spec | S38: 4 | T38: WR00L2L2 | U38: 26048 | V38: 64 | W38: 1 | X38: 4 | Y38: 501.43 | Z38: 23.5 | AA38: 45559 | AB38: 0.67716435 | AC38: 0 | AD38: 0 | AE38: 0 | AF38: =AF37 -> 23.4752 | AI38: linux_OpenBLAS | AJ38: 4 | AK38: WR00L2L2 | AL38: 26048 | AM38: 64 | AN38: 1 | AO38: 4 | AP38: 487.08 | AQ38: 24.192 | AR38: 45559 | AS38: 0.46413194 | AT38: 0 | AU38: 0 | AV38: 0 | AW38: =AW37 -> 24.1426 | AZ38: linux_OpenBLAS | BA38: 4 | BB38: WR00L2L2 | BC38: 26048 | BD38: 64 | BE38: 1 | BF38: 4 | BG38: 515.11 | BH38: 22.875 | BI38: 45559 | BJ38: 0.55269676 | BK38: 0 | BL38: 0 | BM38: 0 | BN38: =BN37 -> 22.8454
A39: atlarch-all-spec | B39: 0 | C39: WR00L2L2 | D39: 27584 | E39: 64 | F39: 1 | G39: 4 | H39: 608.97 | I39: 22.979 | J39: 45558 | K39: 0.40721065 | L39: 0 | M39: 0 | N39: 0 | O39: =AVERAGE(I39:I43) -> 22.9766 | R39: atlarch-all-spec | S39: 0 | T39: WR00L2L2 | U39: 27584 | V39: 64 | W39: 1 | X39: 4 | Y39: 609.79 | Z39: 22.947 | AA39: 45558 | AB39: 0.40574074 | AC39: 0 | AD39: 0 | AE39: 0 | AF39: =AVERAGE(Z39:Z43) -> 22.9912 | AI39: linux_OpenBLAS | AJ39: 0 | AK39: WR00L2L2 | AL39: 27584 | AM39: 64 | AN39: 1 | AO39: 4 | AP39: 597.34 | AQ39: 23.426 | AR39: 45558 | AS39: 0.39003472 | AT39: 0 | AU39: 0 | AV39: 0 | AW39: =AVERAGE(AQ39:AQ43) -> 23.3396 | AZ39: linux_OpenBLAS | BA39: 0 | BB39: WR00L2L2 | BC39: 27584 | BD39: 64 | BE39: 1 | BF39: 4 | BG39: 620.71 | BH39: 22.544 | BI39: 45558 | BJ39: 0.39815972 | BK39: 0 | BL39: 0 | BM39: 0 | BN39: =AVERAGE(BH39:BH43) -> 22.5358
A40: atlarch-all-spec | B40: 1 | C40: WR00L2L2 | D40: 27584 | E40: 64 | F40: 1 | G40: 4 | H40: 608.67 | I40: 22.99 | J40: 45558 | K40: 0.74939815 | L40: 0 | M40: 0 | N40: 0 | O40: =O39 -> 22.9766 | R40: atlarch-all-spec | S40: 1 | T40: WR00L2L2 | U40: 27584 | V40: 64 | W40: 1 | X40: 4 | Y40: 607.31 | Z40: 23.041 | AA40: 45558 | AB40: 0.74886574 | AC40: 0 | AD40: 0 | AE40: 0 | AF40: =AF39 -> 22.9912 | AI40: linux_OpenBLAS | AJ40: 1 | AK40: WR00L2L2 | AL40: 27584 | AM40: 64 | AN40: 1 | AO40: 4 | AP40: 599.15 | AQ40: 23.355 | AR40: 45558 | AS40: 0.68261574 | AT40: 0 | AU40: 0 | AV40: 0 | AW40: =AW39 -> 23.3396 | AZ40: linux_OpenBLAS | BA40: 1 | BB40: WR00L2L2 | BC40: 27584 | BD40: 64 | BE40: 1 | BF40: 4 | BG40: 620.3 | BH40: 22.559 | BI40: 45558 | BJ40: 0.71892361 | BK40: 0 | BL40: 0 | BM40: 0 | BN40: =BN39 -> 22.5358
A41: atlarch-all-spec | B41: 2 | C41: WR00L2L2 | D41: 27584 | E41: 64 | F41: 1 | G41: 4 | H41: 607.79 | I41: 23.023 | J41: 45559 | K41: 0.091550926 | L41: 0 | M41: 0 | N41: 0 | O41: =O40 -> 22.9766 | R41: atlarch-all-spec | S41: 2 | T41: WR00L2L2 | U41: 27584 | V41: 64 | W41: 1 | X41: 4 | Y41: 608.23 | Z41: 23.006 | AA41: 45559 | AB41: 0.091909722 | AC41: 0 | AD41: 0 | AE41: 0 | AF41: =AF40 -> 22.9912 | AI41: linux_OpenBLAS | AJ41: 2 | AK41: WR00L2L2 | AL41: 27584 | AM41: 64 | AN41: 1 | AO41: 4 | AP41: 600.19 | AQ41: 23.315 | AR41: 45558 | AS41: 0.97178241 | AT41: 0 | AU41: 0 | AV41: 0 | AW41: =AW40 -> 23.3396 | AZ41: linux_OpenBLAS | BA41: 2 | BB41: WR00L2L2 | BC41: 27584 | BD41: 64 | BE41: 1 | BF41: 4 | BG41: 622 | BH41: 22.497 | BI41: 45559 | BJ41: 0.027673611 | BK41: 0 | BL41: 0 | BM41: 0 | BN41: =BN40 -> 22.5358
A42: atlarch-all-spec | B42: 3 | C42: WR00L2L2 | D42: 27584 | E42: 64 | F42: 1 | G42: 4 | H42: 608.99 | I42: 22.978 | J42: 45559 | K42: 0.43392361 | L42: 0 | M42: 0 | N42: 0 | O42: =O41 -> 22.9766 | R42: atlarch-all-spec | S42: 3 | T42: WR00L2L2 | U42: 27584 | V42: 64 | W42: 1 | X42: 4 | Y42: 608.84 | Z42: 22.983 | AA42: 45559 | AB42: 0.43501157 | AC42: 0 | AD42: 0 | AE42: 0 | AF42: =AF41 -> 22.9912 | AI42: linux_OpenBLAS | AJ42: 3 | AK42: WR00L2L2 | AL42: 27584 | AM42: 64 | AN42: 1 | AO42: 4 | AP42: 599.88 | AQ42: 23.326 | AR42: 45559 | AS42: 0.26075231 | AT42: 0 | AU42: 0 | AV42: 0 | AW42: =AW41 -> 23.3396 | AZ42: linux_OpenBLAS | BA42: 3 | BB42: WR00L2L2 | BC42: 27584 | BD42: 64 | BE42: 1 | BF42: 4 | BG42: 621.1 | BH42: 22.53 | BI42: 45559 | BJ42: 0.33615741 | BK42: 0 | BL42: 0 | BM42: 0 | BN42: =BN41 -> 22.5358
A43: atlarch-all-spec | B43: 4 | C43: WR00L2L2 | D43: 27584 | E43: 64 | F43: 1 | G43: 4 | H43: 610.7 | I43: 22.913 | J43: 45559 | K43: 0.77621528 | L43: 0 | M43: 0 | N43: 0 | O43: =O42 -> 22.9766 | R43: atlarch-all-spec | S43: 4 | T43: WR00L2L2 | U43: 27584 | V43: 64 | W43: 1 | X43: 4 | Y43: 608.96 | Z43: 22.979 | AA43: 45559 | AB43: 0.77815972 | AC43: 0 | AD43: 0 | AE43: 0 | AF43: =AF42 -> 22.9912 | AI43: linux_OpenBLAS | AJ43: 4 | AK43: WR00L2L2 | AL43: 27584 | AM43: 64 | AN43: 1 | AO43: 4 | AP43: 601.19 | AQ43: 23.276 | AR43: 45559 | AS43: 0.55012731 | AT43: 0 | AU43: 0 | AV43: 0 | AW43: =AW42 -> 23.3396 | AZ43: linux_OpenBLAS | BA43: 4 | BB43: WR00L2L2 | BC43: 27584 | BD43: 64 | BE43: 1 | BF43: 4 | BG43: 620.56 | BH43: 22.549 | BI43: 45559 | BJ43: 0.64460648 | BK43: 0 | BL43: 0 | BM43: 0 | BN43: =BN42 -> 22.5358
A44: atlarch-all-spec | B44: 0 | C44: WR00L2L2 | D44: 29120 | E44: 64 | F44: 1 | G44: 4 | H44: 722.47 | I44: 22.787 | J44: 45558 | K44: 0.52753472 | L44: 0 | M44: 0 | N44: 0 | O44: =AVERAGE(I44:I48) -> 22.8004 | R44: atlarch-all-spec | S44: 0 | T44: WR00L2L2 | U44: 29120 | V44: 64 | W44: 1 | X44: 4 | Y44: 719.72 | Z44: 22.874 | AA44: 45558 | AB44: 0.52631944 | AC44: 0 | AD44: 0 | AE44: 0 | AF44: =AVERAGE(Z44:Z48) -> 22.8414 | AI44: linux_OpenBLAS | AJ44: 0 | AK44: WR00L2L2 | AL44: 29120 | AM44: 64 | AN44: 1 | AO44: 4 | AP44: 693.39 | AQ44: 23.743 | AR44: 45558 | AS44: 0.51842593 | AT44: 0 | AU44: 0 | AV44: 0 | AW44: =AVERAGE(AQ44:AQ48) -> 23.6836 | AZ44: linux_OpenBLAS | BA44: 0 | BB44: WR00L2L2 | BC44: 29120 | BD44: 64 | BE44: 1 | BF44: 4 | BG44: 717.73 | BH44: 22.938 | BI44: 45558 | BJ44: 0.51831019 | BK44: 0 | BL44: 0 | BM44: 0 | BN44: =AVERAGE(BH44:BH48) -> 22.9378
A45: atlarch-all-spec | B45: 1 | C45: WR00L2L2 | D45: 29120 | E45: 64 | F45: 1 | G45: 4 | H45: 720.27 | I45: 22.857 | J45: 45558 | K45: 0.86974537 | L45: 0 | M45: 0 | N45: 0 | O45: =O44 -> 22.8004 | R45: atlarch-all-spec | S45: 1 | T45: WR00L2L2 | U45: 29120 | V45: 64 | W45: 1 | X45: 4 | Y45: 719.93 | Z45: 22.868 | AA45: 45558 | AB45: 0.86946759 | AC45: 0 | AD45: 0 | AE45: 0 | AF45: =AF44 -> 22.8414 | AI45: linux_OpenBLAS | AJ45: 1 | AK45: WR00L2L2 | AL45: 29120 | AM45: 64 | AN45: 1 | AO45: 4 | AP45: 695.46 | AQ45: 23.672 | AR45: 45558 | AS45: 0.78472222 | AT45: 0 | AU45: 0 | AV45: 0 | AW45: =AW44 -> 23.6836 | AZ45: linux_OpenBLAS | BA45: 1 | BB45: WR00L2L2 | BC45: 29120 | BD45: 64 | BE45: 1 | BF45: 4 | BG45: 718.93 | BH45: 22.9 | BI45: 45558 | BJ45: 0.8272338 | BK45: 0 | BL45: 0 | BM45: 0 | BN45: =BN44 -> 22.9378
A46: atlarch-all-spec | B46: 2 | C46: WR00L2L2 | D46: 29120 | E46: 64 | F46: 1 | G46: 4 | H46: 722.12 | I46: 22.798 | J46: 45559 | K46: 0.21195602 | L46: 0 | M46: 0 | N46: 0 | O46: =O45 -> 22.8004 | R46: atlarch-all-spec | S46: 2 | T46: WR00L2L2 | U46: 29120 | V46: 64 | W46: 1 | X46: 4 | Y46: 721.3 | Z46: 22.824 | AA46: 45559 | AB46: 0.21243056 | AC46: 0 | AD46: 0 | AE46: 0 | AF46: =AF45 -> 22.8414 | AI46: linux_OpenBLAS | AJ46: 2 | AK46: WR00L2L2 | AL46: 29120 | AM46: 64 | AN46: 1 | AO46: 4 | AP46: 693.43 | AQ46: 23.742 | AR46: 45559 | AS46: 0.073587963 | AT46: 0 | AU46: 0 | AV46: 0 | AW46: =AW45 -> 23.6836 | AZ46: linux_OpenBLAS | BA46: 2 | BB46: WR00L2L2 | BC46: 29120 | BD46: 64 | BE46: 1 | BF46: 4 | BG46: 715.5 | BH46: 23.01 | BI46: 45559 | BJ46: 0.13586806 | BK46: 0 | BL46: 0 | BM46: 0 | BN46: =BN45 -> 22.9378
A47: atlarch-all-spec | B47: 3 | C47: WR00L2L2 | D47: 29120 | E47: 64 | F47: 1 | G47: 4 | H47: 723.86 | I47: 22.744 | J47: 45559 | K47: 0.55422454 | L47: 0 | M47: 0 | N47: 0 | O47: =O46 -> 22.8004 | R47: atlarch-all-spec | S47: 3 | T47: WR00L2L2 | U47: 29120 | V47: 64 | W47: 1 | X47: 4 | Y47: 720.69 | Z47: 22.844 | AA47: 45559 | AB47: 0.555625 | AC47: 0 | AD47: 0 | AE47: 0 | AF47: =AF46 -> 22.8414 | AI47: linux_OpenBLAS | AJ47: 3 | AK47: WR00L2L2 | AL47: 29120 | AM47: 64 | AN47: 1 | AO47: 4 | AP47: 697.53 | AQ47: 23.602 | AR47: 45559 | AS47: 0.36270833 | AT47: 0 | AU47: 0 | AV47: 0 | AW47: =AW46 -> 23.6836 | AZ47: linux_OpenBLAS | BA47: 3 | BB47: WR00L2L2 | BC47: 29120 | BD47: 64 | BE47: 1 | BF47: 4 | BG47: 717.91 | BH47: 22.932 | BI47: 45559 | BJ47: 0.44434028 | BK47: 0 | BL47: 0 | BM47: 0 | BN47: =BN46 -> 22.9378
A48: atlarch-all-spec | B48: 4 | C48: WR00L2L2 | D48: 29120 | E48: 64 | F48: 1 | G48: 4 | H48: 721.56 | I48: 22.816 | J48: 45559 | K48: 0.89642361 | L48: 0 | M48: 0 | N48: 0 | O48: =O47 -> 22.8004 | R48: atlarch-all-spec | S48: 4 | T48: WR00L2L2 | U48: 29120 | V48: 64 | W48: 1 | X48: 4 | Y48: 722.16 | Z48: 22.797 | AA48: 45559 | AB48: 0.89856481 | AC48: 0 | AD48: 0 | AE48: 0 | AF48: =AF47 -> 22.8414 | AI48: linux_OpenBLAS | AJ48: 4 | AK48: WR00L2L2 | AL48: 29120 | AM48: 64 | AN48: 1 | AO48: 4 | AP48: 695.85 | AQ48: 23.659 | AR48: 45559 | AS48: 0.65246528 | AT48: 0 | AU48: 0 | AV48: 0 | AW48: =AW47 -> 23.6836 | AZ48: linux_OpenBLAS | BA48: 4 | BB48: WR00L2L2 | BC48: 29120 | BD48: 64 | BE48: 1 | BF48: 4 | BG48: 718.64 | BH48: 22.909 | BI48: 45559 | BJ48: 0.75273148 | BK48: 0 | BL48: 0 | BM48: 0 | BN48: =BN47 -> 22.9378
A49: atlarch-all-spec | B49: 0 | C49: WR00L2L2 | D49: 26048 | E49: 64 | F49: 2 | G49: 2 | H49: 521.12 | I49: 22.611 | J49: 45558 | K49: 0.31322917 | L49: 0 | M49: 0 | N49: 0 | O49: =AVERAGE(I49:I53) -> 22.5558 | R49: atlarch-all-spec | S49: 0 | T49: WR00L2L2 | U49: 26048 | V49: 64 | W49: 2 | X49: 2 | Y49: 519.98 | Z49: 22.661 | AA49: 45558 | AB49: 0.31140046 | AC49: 0 | AD49: 0 | AE49: 0 | AF49: =AVERAGE(Z49:Z53) -> 22.6238 | AI49: linux_OpenBLAS | AJ49: 0 | AK49: WR00L2L2 | AL49: 26048 | AM49: 64 | AN49: 2 | AO49: 2 | AP49: 528.3 | AQ49: 22.304 | AR49: 45558 | AS49: 0.31085648 | AT49: 0 | AU49: 0 | AV49: 0 | AW49: =AVERAGE(AQ49:AQ53) -> 22.2876 | AZ49: linux_OpenBLAS | BA49: 0 | BB49: WR00L2L2 | BC49: 26048 | BD49: 64 | BE49: 2 | BF49: 2 | BG49: 558.71 | BH49: 21.09 | BI49: 45558 | BJ49: 0.31271991 | BK49: 0 | BL49: 0 | BM49: 0 | BN49: =AVERAGE(BH49:BH53) -> 21.136
A50: atlarch-all-spec | B50: 1 | C50: WR00L2L2 | D50: 26048 | E50: 64 | F50: 2 | G50: 2 | H50: 520.59 | I50: 22.635 | J50: 45558 | K50: 0.65528935 | L50: 0 | M50: 0 | N50: 0 | O50: =O49 -> 22.5558 | R50: atlarch-all-spec | S50: 1 | T50: WR00L2L2 | U50: 26048 | V50: 64 | W50: 2 | X50: 2 | Y50: 521.55 | Z50: 22.593 | AA50: 45558 | AB50: 0.65449074 | AC50: 0 | AD50: 0 | AE50: 0 | AF50: =AF49 -> 22.6238 | AI50: linux_OpenBLAS | AJ50: 1 | AK50: WR00L2L2 | AL50: 26048 | AM50: 64 | AN50: 2 | AO50: 2 | AP50: 528.69 | AQ50: 22.288 | AR50: 45558 | AS50: 0.60306713 | AT50: 0 | AU50: 0 | AV50: 0 | AW50: =AW49 -> 22.2876 | AZ50: linux_OpenBLAS | BA50: 1 | BB50: WR00L2L2 | BC50: 26048 | BD50: 64 | BE50: 2 | BF50: 2 | BG50: 557.92 | BH50: 21.12 | BI50: 45558 | BJ50: 0.63363426 | BK50: 0 | BL50: 0 | BM50: 0 | BN50: =BN49 -> 21.136
A51: atlarch-all-spec | B51: 2 | C51: WR00L2L2 | D51: 26048 | E51: 64 | F51: 2 | G51: 2 | H51: 522.98 | I51: 22.531 | J51: 45558 | K51: 0.9975 | L51: 0 | M51: 0 | N51: 0 | O51: =O50 -> 22.5558 | R51: atlarch-all-spec | S51: 2 | T51: WR00L2L2 | U51: 26048 | V51: 64 | W51: 2 | X51: 2 | Y51: 520.49 | Z51: 22.639 | AA51: 45558 | AB51: 0.99753472 | AC51: 0 | AD51: 0 | AE51: 0 | AF51: =AF50 -> 22.6238 | AI51: linux_OpenBLAS | AJ51: 2 | AK51: WR00L2L2 | AL51: 26048 | AM51: 64 | AN51: 2 | AO51: 2 | AP51: 527.99 | AQ51: 22.318 | AR51: 45558 | AS51: 0.89231481 | AT51: 0 | AU51: 0 | AV51: 0 | AW51: =AW50 -> 22.2876 | AZ51: linux_OpenBLAS | BA51: 2 | BB51: WR00L2L2 | BC51: 26048 | BD51: 64 | BE51: 2 | BF51: 2 | BG51: 555.71 | BH51: 21.204 | BI51: 45558 | BJ51: 0.94225694 | BK51: 0 | BL51: 0 | BM51: 0 | BN51: =BN50 -> 21.136
A52: atlarch-all-spec | B52: 3 | C52: WR00L2L2 | D52: 26048 | E52: 64 | F52: 2 | G52: 2 | H52: 525.34 | I52: 22.43 | J52: 45559 | K52: 0.33981481 | L52: 0 | M52: 0 | N52: 0 | O52: =O51 -> 22.5558 | R52: atlarch-all-spec | S52: 3 | T52: WR00L2L2 | U52: 26048 | V52: 64 | W52: 2 | X52: 2 | Y52: 521.51 | Z52: 22.595 | AA52: 45559 | AB52: 0.3406713 | AC52: 0 | AD52: 0 | AE52: 0 | AF52: =AF51 -> 22.6238 | AI52: linux_OpenBLAS | AJ52: 3 | AK52: WR00L2L2 | AL52: 26048 | AM52: 64 | AN52: 2 | AO52: 2 | AP52: 529.32 | AQ52: 22.261 | AR52: 45559 | AS52: 0.18122685 | AT52: 0 | AU52: 0 | AV52: 0 | AW52: =AW51 -> 22.2876 | AZ52: linux_OpenBLAS | BA52: 3 | BB52: WR00L2L2 | BC52: 26048 | BD52: 64 | BE52: 2 | BF52: 2 | BG52: 557.37 | BH52: 21.141 | BI52: 45559 | BJ52: 0.2508912 | BK52: 0 | BL52: 0 | BM52: 0 | BN52: =BN51 -> 21.136
A53: atlarch-all-spec | B53: 4 | C53: WR00L2L2 | D53: 26048 | E53: 64 | F53: 2 | G53: 2 | H53: 522.03 | I53: 22.572 | J53: 45559 | K53: 0.68208333 | L53: 0 | M53: 0 | N53: 0 | O53: =O52 -> 22.5558 | R53: atlarch-all-spec | S53: 4 | T53: WR00L2L2 | U53: 26048 | V53: 64 | W53: 2 | X53: 2 | Y53: 520.67 | Z53: 22.631 | AA53: 45559 | AB53: 0.68384259 | AC53: 0 | AD53: 0 | AE53: 0 | AF53: =AF52 -> 22.6238 | AI53: linux_OpenBLAS | AJ53: 4 | AK53: WR00L2L2 | AL53: 26048 | AM53: 64 | AN53: 2 | AO53: 2 | AP53: 529.18 | AQ53: 22.267 | AR53: 45559 | AS53: 0.47045139 | AT53: 0 | AU53: 0 | AV53: 0 | AW53: =AW52 -> 22.2876 | AZ53: linux_OpenBLAS | BA53: 4 | BB53: WR00L2L2 | BC53: 26048 | BD53: 64 | BE53: 2 | BF53: 2 | BG53: 557.8 | BH53: 21.125 | BI53: 45559 | BJ53: 0.55935185 | BK53: 0 | BL53: 0 | BM53: 0 | BN53: =BN52 -> 21.136
A54: atlarch-all-spec | B54: 0 | C54: WR00L2L2 | D54: 27584 | E54: 64 | F54: 2 | G54: 2 | H54: 622.49 | I54: 22.479 | J54: 45558 | K54: 0.41515046 | L54: 0 | M54: 0 | N54: 0 | O54: =AVERAGE(I54:I58) -> 22.4584 | R54: atlarch-all-spec | S54: 0 | T54: WR00L2L2 | U54: 27584 | V54: 64 | W54: 2 | X54: 2 | Y54: 620.95 | Z54: 22.535 | AA54: 45558 | AB54: 0.41365741 | AC54: 0 | AD54: 0 | AE54: 0 | AF54: =AVERAGE(Z54:Z58) -> 22.4904 | AI54: linux_OpenBLAS | AJ54: 0 | AK54: WR00L2L2 | AL54: 27584 | AM54: 64 | AN54: 2 | AO54: 2 | AP54: 618.31 | AQ54: 22.631 | AR54: 45558 | AS54: 0.39743056 | AT54: 0 | AU54: 0 | AV54: 0 | AW54: =AVERAGE(AQ54:AQ58) -> 22.6382 | AZ54: linux_OpenBLAS | BA54: 0 | BB54: WR00L2L2 | BC54: 27584 | BD54: 64 | BE54: 2 | BF54: 2 | BG54: 645.05 | BH54: 21.693 | BI54: 45558 | BJ54: 0.40584491 | BK54: 0 | BL54: 0 | BM54: 0 | BN54: =AVERAGE(BH54:BH58) -> 21.7006
A55: atlarch-all-spec | B55: 1 | C55: WR00L2L2 | D55: 27584 | E55: 64 | F55: 2 | G55: 2 | H55: 624.34 | I55: 22.413 | J55: 45558 | K55: 0.75736111 | L55: 0 | M55: 0 | N55: 0 | O55: =O54 -> 22.4584 | R55: atlarch-all-spec | S55: 1 | T55: WR00L2L2 | U55: 27584 | V55: 64 | W55: 2 | X55: 2 | Y55: 624.36 | Z55: 22.412 | AA55: 45558 | AB55: 0.7568287 | AC55: 0 | AD55: 0 | AE55: 0 | AF55: =AF54 -> 22.4904 | AI55: linux_OpenBLAS | AJ55: 1 | AK55: WR00L2L2 | AL55: 27584 | AM55: 64 | AN55: 2 | AO55: 2 | AP55: 618.09 | AQ55: 22.639 | AR55: 45558 | AS55: 0.69 | AT55: 0 | AU55: 0 | AV55: 0 | AW55: =AW54 -> 22.6382 | AZ55: linux_OpenBLAS | BA55: 1 | BB55: WR00L2L2 | BC55: 27584 | BD55: 64 | BE55: 2 | BF55: 2 | BG55: 644.65 | BH55: 21.706 | BI55: 45558 | BJ55: 0.7266088 | BK55: 0 | BL55: 0 | BM55: 0 | BN55: =BN54 -> 21.7006
A56: atlarch-all-spec | B56: 2 | C56: WR00L2L2 | D56: 27584 | E56: 64 | F56: 2 | G56: 2 | H56: 621.25 | I56: 22.524 | J56: 45559 | K56: 0.099467593 | L56: 0 | M56: 0 | N56: 0 | O56: =O55 -> 22.4584 | R56: atlarch-all-spec | S56: 2 | T56: WR00L2L2 | U56: 27584 | V56: 64 | W56: 2 | X56: 2 | Y56: 621.9 | Z56: 22.501 | AA56: 45559 | AB56: 0.099849537 | AC56: 0 | AD56: 0 | AE56: 0 | AF56: =AF55 -> 22.4904 | AI56: linux_OpenBLAS | AJ56: 2 | AK56: WR00L2L2 | AL56: 27584 | AM56: 64 | AN56: 2 | AO56: 2 | AP56: 618.19 | AQ56: 22.636 | AR56: 45558 | AS56: 0.97917824 | AT56: 0 | AU56: 0 | AV56: 0 | AW56: =AW55 -> 22.6382 | AZ56: linux_OpenBLAS | BA56: 2 | BB56: WR00L2L2 | BC56: 27584 | BD56: 64 | BE56: 2 | BF56: 2 | BG56: 644.2 | BH56: 21.722 | BI56: 45559 | BJ56: 0.035358796 | BK56: 0 | BL56: 0 | BM56: 0 | BN56: =BN55 -> 21.7006
A57: atlarch-all-spec | B57: 3 | C57: WR00L2L2 | D57: 27584 | E57: 64 | F57: 2 | G57: 2 | H57: 625.74 | I57: 22.363 | J57: 45559 | K57: 0.44189815 | L57: 0 | M57: 0 | N57: 0 | O57: =O56 -> 22.4584 | R57: atlarch-all-spec | S57: 3 | T57: WR00L2L2 | U57: 27584 | V57: 64 | W57: 2 | X57: 2 | Y57: 620.72 | Z57: 22.543 | AA57: 45559 | AB57: 0.44292824 | AC57: 0 | AD57: 0 | AE57: 0 | AF57: =AF56 -> 22.4904 | AI57: linux_OpenBLAS | AJ57: 3 | AK57: WR00L2L2 | AL57: 27584 | AM57: 64 | AN57: 2 | AO57: 2 | AP57: 619.11 | AQ57: 22.602 | AR57: 45559 | AS57: 0.26814815 | AT57: 0 | AU57: 0 | AV57: 0 | AW57: =AW56 -> 22.6382 | AZ57: linux_OpenBLAS | BA57: 3 | BB57: WR00L2L2 | BC57: 27584 | BD57: 64 | BE57: 2 | BF57: 2 | BG57: 643.13 | BH57: 21.758 | BI57: 45559 | BJ57: 0.34383102 | BK57: 0 | BL57: 0 | BM57: 0 | BN57: =BN56 -> 21.7006
A58: atlarch-all-spec | B58: 4 | C58: WR00L2L2 | D58: 27584 | E58: 64 | F58: 2 | G58: 2 | H58: 621.55 | I58: 22.513 | J58: 45559 | K58: 0.78414352 | L58: 0 | M58: 0 | N58: 0 | O58: =O57 -> 22.4584 | R58: atlarch-all-spec | S58: 4 | T58: WR00L2L2 | U58: 27584 | V58: 64 | W58: 2 | X58: 2 | Y58: 623.01 | Z58: 22.461 | AA58: 45559 | AB58: 0.78609954 | AC58: 0 | AD58: 0 | AE58: 0 | AF58: =AF57 -> 22.4904 | AI58: linux_OpenBLAS | AJ58: 4 | AK58: WR00L2L2 | AL58: 27584 | AM58: 64 | AN58: 2 | AO58: 2 | AP58: 616.9 | AQ58: 22.683 | AR58: 45559 | AS58: 0.5575 | AT58: 0 | AU58: 0 | AV58: 0 | AW58: =AW57 -> 22.6382 | AZ58: linux_OpenBLAS | BA58: 4 | BB58: WR00L2L2 | BC58: 27584 | BD58: 64 | BE58: 2 | BF58: 2 | BG58: 647.13 | BH58: 21.624 | BI58: 45559 | BJ58: 0.65231481 | BK58: 0 | BL58: 0 | BM58: 0 | BN58: =BN57 -> 21.7006
A59: atlarch-all-spec | B59: 0 | C59: WR00L2L2 | D59: 29120 | E59: 64 | F59: 2 | G59: 2 | H59: 754.16 | I59: 21.83 | J59: 45558 | K59: 0.53708333 | L59: 0 | M59: 0 | N59: 0 | O59: =AVERAGE(I59:I63) -> 21.7672 | R59: atlarch-all-spec | S59: 0 | T59: WR00L2L2 | U59: 29120 | V59: 64 | W59: 2 | X59: 2 | Y59: 754.84 | Z59: 21.81 | AA59: 45558 | AB59: 0.53586806 | AC59: 0 | AD59: 0 | AE59: 0 | AF59: =AVERAGE(Z59:Z63) -> 21.8066 | AI59: linux_OpenBLAS | AJ59: 0 | AK59: WR00L2L2 | AL59: 29120 | AM59: 64 | AN59: 2 | AO59: 2 | AP59: 769.72 | AQ59: 21.389 | AR59: 45558 | AS59: 0.52759259 | AT59: 0 | AU59: 0 | AV59: 0 | AW59: =AVERAGE(AQ59:AQ63) -> 21.438 | AZ59: linux_OpenBLAS | BA59: 0 | BB59: WR00L2L2 | BC59: 29120 | BD59: 64 | BE59: 2 | BF59: 2 | BG59: 789.42 | BH59: 20.855 | BI59: 45558 | BJ59: 0.52769676 | BK59: 0 | BL59: 0 | BM59: 0 | BN59: =AVERAGE(BH59:BH63) -> 20.8644
A60: atlarch-all-spec | B60: 1 | C60: WR00L2L2 | D60: 29120 | E60: 64 | F60: 2 | G60: 2 | H60: 755.11 | I60: 21.802 | J60: 45558 | K60: 0.87930556 | L60: 0 | M60: 0 | N60: 0 | O60: =O59 -> 21.7672 | R60: atlarch-all-spec | S60: 1 | T60: WR00L2L2 | U60: 29120 | V60: 64 | W60: 2 | X60: 2 | Y60: 755.37 | Z60: 21.795 | AA60: 45558 | AB60: 0.87902778 | AC60: 0 | AD60: 0 | AE60: 0 | AF60: =AF59 -> 21.8066 | AI60: linux_OpenBLAS | AJ60: 1 | AK60: WR00L2L2 | AL60: 29120 | AM60: 64 | AN60: 2 | AO60: 2 | AP60: 769.29 | AQ60: 21.4 | AR60: 45558 | AS60: 0.79388889 | AT60: 0 | AU60: 0 | AV60: 0 | AW60: =AW59 -> 21.438 | AZ60: linux_OpenBLAS | BA60: 1 | BB60: WR00L2L2 | BC60: 29120 | BD60: 64 | BE60: 2 | BF60: 2 | BG60: 788.46 | BH60: 20.88 | BI60: 45558 | BJ60: 0.83662037 | BK60: 0 | BL60: 0 | BM60: 0 | BN60: =BN59 -> 20.8644
A61: atlarch-all-spec | B61: 2 | C61: WR00L2L2 | D61: 29120 | E61: 64 | F61: 2 | G61: 2 | H61: 757.13 | I61: 21.744 | J61: 45559 | K61: 0.22153935 | L61: 0 | M61: 0 | N61: 0 | O61: =O60 -> 21.7672 | R61: atlarch-all-spec | S61: 2 | T61: WR00L2L2 | U61: 29120 | V61: 64 | W61: 2 | X61: 2 | Y61: 754.72 | Z61: 21.814 | AA61: 45559 | AB61: 0.22197917 | AC61: 0 | AD61: 0 | AE61: 0 | AF61: =AF60 -> 21.8066 | AI61: linux_OpenBLAS | AJ61: 2 | AK61: WR00L2L2 | AL61: 29120 | AM61: 64 | AN61: 2 | AO61: 2 | AP61: 767.27 | AQ61: 21.457 | AR61: 45559 | AS61: 0.082731481 | AT61: 0 | AU61: 0 | AV61: 0 | AW61: =AW60 -> 21.438 | AZ61: linux_OpenBLAS | BA61: 2 | BB61: WR00L2L2 | BC61: 29120 | BD61: 64 | BE61: 2 | BF61: 2 | BG61: 788.13 | BH61: 20.889 | BI61: 45559 | BJ61: 0.14523148 | BK61: 0 | BL61: 0 | BM61: 0 | BN61: =BN60 -> 20.8644
A62: atlarch-all-spec | B62: 3 | C62: WR00L2L2 | D62: 29120 | E62: 64 | F62: 2 | G62: 2 | H62: 759.55 | I62: 21.675 | J62: 45559 | K62: 0.56383102 | L62: 0 | M62: 0 | N62: 0 | O62: =O61 -> 21.7672 | R62: atlarch-all-spec | S62: 3 | T62: WR00L2L2 | U62: 29120 | V62: 64 | W62: 2 | X62: 2 | Y62: 755.44 | Z62: 21.793 | AA62: 45559 | AB62: 0.56518519 | AC62: 0 | AD62: 0 | AE62: 0 | AF62: =AF61 -> 21.8066 | AI62: linux_OpenBLAS | AJ62: 3 | AK62: WR00L2L2 | AL62: 29120 | AM62: 64 | AN62: 2 | AO62: 2 | AP62: 767.26 | AQ62: 21.457 | AR62: 45559 | AS62: 0.37185185 | AT62: 0 | AU62: 0 | AV62: 0 | AW62: =AW61 -> 21.438 | AZ62: linux_OpenBLAS | BA62: 3 | BB62: WR00L2L2 | BC62: 29120 | BD62: 64 | BE62: 2 | BF62: 2 | BG62: 790.64 | BH62: 20.823 | BI62: 45559 | BJ62: 0.45373843 | BK62: 0 | BL62: 0 | BM62: 0 | BN62: =BN61 -> 20.8644
A63: atlarch-all-spec | B63: 4 | C63: WR00L2L2 | D63: 29120 | E63: 64 | F63: 2 | G63: 2 | H63: 755.72 | I63: 21.785 | J63: 45559 | K63: 0.90599537 | L63: 0 | M63: 0 | N63: 0 | O63: =O62 -> 21.7672 | R63: atlarch-all-spec | S63: 4 | T63: WR00L2L2 | U63: 29120 | V63: 64 | W63: 2 | X63: 2 | Y63: 754.45 | Z63: 21.821 | AA63: 45559 | AB63: 0.90811343 | AC63: 0 | AD63: 0 | AE63: 0 | AF63: =AF62 -> 21.8066 | AI63: linux_OpenBLAS | AJ63: 4 | AK63: WR00L2L2 | AL63: 29120 | AM63: 64 | AN63: 2 | AO63: 2 | AP63: 766.2 | AQ63: 21.487 | AR63: 45559 | AS63: 0.66158565 | AT63: 0 | AU63: 0 | AV63: 0 | AW63: =AW62 -> 21.438 | AZ63: linux_OpenBLAS | BA63: 4 | BB63: WR00L2L2 | BC63: 29120 | BD63: 64 | BE63: 2 | BF63: 2 | BG63: 788.66 | BH63: 20.875 | BI63: 45559 | BJ63: 0.76210648 | BK63: 0 | BL63: 0 | BM63: 0 | BN63: =BN62 -> 20.8644
A64: atlarch-all-spec | B64: 0 | C64: WR00L2L2 | D64: 26016 | E64: 96 | F64: 1 | G64: 4 | H64: 448.48 | I64: 26.178 | J64: 45558 | K64: 0.31907407 | L64: 0 | M64: 0 | N64: 0 | O64: =AVERAGE(I64:I68) -> 26.1854 | R64: atlarch-all-spec | S64: 0 | T64: WR00L2L2 | U64: 26016 | V64: 96 | W64: 1 | X64: 4 | Y64: 446.57 | Z64: 26.289 | AA64: 45558 | AB64: 0.31721065 | AC64: 0 | AD64: 0 | AE64: 0 | AF64: =AVERAGE(Z64:Z68) -> 26.1736 | AI64: linux_OpenBLAS | AJ64: 0 | AK64: WR00L2L2 | AL64: 26016 | AM64: 96 | AN64: 1 | AO64: 4 | AP64: 354.36 | AQ64: 33.13 | AR64: 45558 | AS64: 0.31517361 | AT64: 0 | AU64: 0 | AV64: 0 | AW64: =AVERAGE(AQ64:AQ68) -> 33.067 | AZ64: linux_OpenBLAS | BA64: 0 | BB64: WR00L2L2 | BC64: 26016 | BD64: 96 | BE64: 1 | BF64: 4 | BG64: 392.15 | BH64: 29.938 | BI64: 45558 | BJ64: 0.31746528 | BK64: 0 | BL64: 0 | BM64: 0 | BN64: =AVERAGE(BH64:BH68) -> 30.0058
A65: atlarch-all-spec | B65: 1 | C65: WR00L2L2 | D65: 26016 | E65: 96 | F65: 1 | G65: 4 | H65: 447.84 | I65: 26.215 | J65: 45558 | K65: 0.66112269 | L65: 0 | M65: 0 | N65: 0 | O65: =O64 -> 26.1854 | R65: atlarch-all-spec | S65: 1 | T65: WR00L2L2 | U65: 26016 | V65: 96 | W65: 1 | X65: 4 | Y65: 448.9 | Z65: 26.153 | AA65: 45558 | AB65: 0.66033565 | AC65: 0 | AD65: 0 | AE65: 0 | AF65: =AF64 -> 26.1736 | AI65: linux_OpenBLAS | AJ65: 1 | AK65: WR00L2L2 | AL65: 26016 | AM65: 96 | AN65: 1 | AO65: 4 | AP65: 355.39 | AQ65: 33.034 | AR65: 45558 | AS65: 0.60739583 | AT65: 0 | AU65: 0 | AV65: 0 | AW65: =AW64 -> 33.067 | AZ65: linux_OpenBLAS | BA65: 1 | BB65: WR00L2L2 | BC65: 26016 | BD65: 96 | BE65: 1 | BF65: 4 | BG65: 390.88 | BH65: 30.034 | BI65: 45558 | BJ65: 0.63836806 | BK65: 0 | BL65: 0 | BM65: 0 | BN65: =BN64 -> 30.0058
A66: atlarch-all-spec | B66: 2 | C66: WR00L2L2 | D66: 26016 | E66: 96 | F66: 1 | G66: 4 | H66: 447.24 | I66: 26.25 | J66: 45559 | K66: 0.0033217593 | L66: 0 | M66: 0 | N66: 0 | O66: =O65 -> 26.1854 | R66: atlarch-all-spec | S66: 2 | T66: WR00L2L2 | U66: 26016 | V66: 96 | W66: 1 | X66: 4 | Y66: 451.4 | Z66: 26.008 | AA66: 45559 | AB66: 0.0034143519 | AC66: 0 | AD66: 0 | AE66: 0 | AF66: =AF65 -> 26.1736 | AI66: linux_OpenBLAS | AJ66: 2 | AK66: WR00L2L2 | AL66: 26016 | AM66: 96 | AN66: 1 | AO66: 4 | AP66: 353.13 | AQ66: 33.245 | AR66: 45558 | AS66: 0.8966088 | AT66: 0 | AU66: 0 | AV66: 0 | AW66: =AW65 -> 33.067 | AZ66: linux_OpenBLAS | BA66: 2 | BB66: WR00L2L2 | BC66: 26016 | BD66: 96 | BE66: 1 | BF66: 4 | BG66: 390.85 | BH66: 30.037 | BI66: 45558 | BJ66: 0.94699074 | BK66: 0 | BL66: 0 | BM66: 0 | BN66: =BN65 -> 30.0058
A67: atlarch-all-spec | B67: 3 | C67: WR00L2L2 | D67: 26016 | E67: 96 | F67: 1 | G67: 4 | H67: 449.49 | I67: 26.118 | J67: 45559 | K67: 0.34565972 | L67: 0 | M67: 0 | N67: 0 | O67: =O66 -> 26.1854 | R67: atlarch-all-spec | S67: 3 | T67: WR00L2L2 | U67: 26016 | V67: 96 | W67: 1 | X67: 4 | Y67: 448.11 | Z67: 26.199 | AA67: 45559 | AB67: 0.34650463 | AC67: 0 | AD67: 0 | AE67: 0 | AF67: =AF66 -> 26.1736 | AI67: linux_OpenBLAS | AJ67: 3 | AK67: WR00L2L2 | AL67: 26016 | AM67: 96 | AN67: 1 | AO67: 4 | AP67: 356.92 | AQ67: 32.892 | AR67: 45559 | AS67: 0.1855787 | AT67: 0 | AU67: 0 | AV67: 0 | AW67: =AW66 -> 33.067 | AZ67: linux_OpenBLAS | BA67: 3 | BB67: WR00L2L2 | BC67: 26016 | BD67: 96 | BE67: 1 | BF67: 4 | BG67: 391.65 | BH67: 29.975 | BI67: 45559 | BJ67: 0.255625 | BK67: 0 | BL67: 0 | BM67: 0 | BN67: =BN66 -> 30.0058
A68: atlarch-all-spec | B68: 4 | C68: WR00L2L2 | D68: 26016 | E68: 96 | F68: 1 | G68: 4 | H68: 448.67 | I68: 26.166 | J68: 45559 | K68: 0.68792824 | L68: 0 | M68: 0 | N68: 0 | O68: =O67 -> 26.1854 | R68: atlarch-all-spec | S68: 4 | T68: WR00L2L2 | U68: 26016 | V68: 96 | W68: 1 | X68: 4 | Y68: 447.76 | Z68: 26.219 | AA68: 45559 | AB68: 0.68967593 | AC68: 0 | AD68: 0 | AE68: 0 | AF68: =AF67 -> 26.1736 | AI68: linux_OpenBLAS | AJ68: 4 | AK68: WR00L2L2 | AL68: 26016 | AM68: 96 | AN68: 1 | AO68: 4 | AP68: 355.39 | AQ68: 33.034 | AR68: 45559 | AS68: 0.47478009 | AT68: 0 | AU68: 0 | AV68: 0 | AW68: =AW67 -> 33.067 | AZ68: linux_OpenBLAS | BA68: 4 | BB68: WR00L2L2 | BC68: 26016 | BD68: 96 | BE68: 1 | BF68: 4 | BG68: 390.75 | BH68: 30.045 | BI68: 45559 | BJ68: 0.56408565 | BK68: 0 | BL68: 0 | BM68: 0 | BN68: =BN67 -> 30.0058
A69: atlarch-all-spec | B69: 0 | C69: WR00L2L2 | D69: 27552 | E69: 96 | F69: 1 | G69: 4 | H69: 542.38 | I69: 25.71 | J69: 45558 | K69: 0.42215278 | L69: 0 | M69: 0 | N69: 0 | O69: =AVERAGE(I69:I73) -> 25.7072 | R69: atlarch-all-spec | S69: 0 | T69: WR00L2L2 | U69: 27552 | V69: 96 | W69: 1 | X69: 4 | Y69: 541.63 | Z69: 25.746 | AA69: 45558 | AB69: 0.42065972 | AC69: 0 | AD69: 0 | AE69: 0 | AF69: =AVERAGE(Z69:Z73) -> 25.796 | AI69: linux_OpenBLAS | AJ69: 0 | AK69: WR00L2L2 | AL69: 27552 | AM69: 96 | AN69: 1 | AO69: 4 | AP69: 428.5 | AQ69: 32.543 | AR69: 45558 | AS69: 0.40262731 | AT69: 0 | AU69: 0 | AV69: 0 | AW69: =AVERAGE(AQ69:AQ73) -> 32.5594 | AZ69: linux_OpenBLAS | BA69: 0 | BB69: WR00L2L2 | BC69: 27552 | BD69: 96 | BE69: 1 | BF69: 4 | BG69: 465.07 | BH69: 29.984 | BI69: 45558 | BJ69: 0.41145833 | BK69: 0 | BL69: 0 | BM69: 0 | BN69: =AVERAGE(BH69:BH73) -> 30.092
A70: atlarch-all-spec | B70: 1 | C70: WR00L2L2 | D70: 27552 | E70: 96 | F70: 1 | G70: 4 | H70: 542.1 | I70: 25.723 | J70: 45558 | K70: 0.76436343 | L70: 0 | M70: 0 | N70: 0 | O70: =O69 -> 25.7072 | R70: atlarch-all-spec | S70: 1 | T70: WR00L2L2 | U70: 27552 | V70: 96 | W70: 1 | X70: 4 | Y70: 539.23 | Z70: 25.86 | AA70: 45558 | AB70: 0.7637963 | AC70: 0 | AD70: 0 | AE70: 0 | AF70: =AF69 -> 25.796 | AI70: linux_OpenBLAS | AJ70: 1 | AK70: WR00L2L2 | AL70: 27552 | AM70: 96 | AN70: 1 | AO70: 4 | AP70: 428.89 | AQ70: 32.513 | AR70: 45558 | AS70: 0.69520833 | AT70: 0 | AU70: 0 | AV70: 0 | AW70: =AW69 -> 32.5594 | AZ70: linux_OpenBLAS | BA70: 1 | BB70: WR00L2L2 | BC70: 27552 | BD70: 96 | BE70: 1 | BF70: 4 | BG70: 463.37 | BH70: 30.094 | BI70: 45558 | BJ70: 0.73221065 | BK70: 0 | BL70: 0 | BM70: 0 | BN70: =BN69 -> 30.092
A71: atlarch-all-spec | B71: 2 | C71: WR00L2L2 | D71: 27552 | E71: 96 | F71: 1 | G71: 4 | H71: 542.83 | I71: 25.688 | J71: 45559 | K71: 0.10648148 | L71: 0 | M71: 0 | N71: 0 | O71: =O70 -> 25.7072 | R71: atlarch-all-spec | S71: 2 | T71: WR00L2L2 | U71: 27552 | V71: 96 | W71: 1 | X71: 4 | Y71: 540.09 | Z71: 25.819 | AA71: 45559 | AB71: 0.1068287 | AC71: 0 | AD71: 0 | AE71: 0 | AF71: =AF70 -> 25.796 | AI71: linux_OpenBLAS | AJ71: 2 | AK71: WR00L2L2 | AL71: 27552 | AM71: 96 | AN71: 1 | AO71: 4 | AP71: 428.78 | AQ71: 32.522 | AR71: 45558 | AS71: 0.984375 | AT71: 0 | AU71: 0 | AV71: 0 | AW71: =AW70 -> 32.5594 | AZ71: linux_OpenBLAS | BA71: 2 | BB71: WR00L2L2 | BC71: 27552 | BD71: 96 | BE71: 1 | BF71: 4 | BG71: 462.24 | BH71: 30.167 | BI71: 45559 | BJ71: 0.0409375 | BK71: 0 | BL71: 0 | BM71: 0 | BN71: =BN70 -> 30.092
A72: atlarch-all-spec | B72: 3 | C72: WR00L2L2 | D72: 27552 | E72: 96 | F72: 1 | G72: 4 | H72: 544.09 | I72: 25.629 | J72: 45559 | K72: 0.44892361 | L72: 0 | M72: 0 | N72: 0 | O72: =O71 -> 25.7072 | R72: atlarch-all-spec | S72: 3 | T72: WR00L2L2 | U72: 27552 | V72: 96 | W72: 1 | X72: 4 | Y72: 541.41 | Z72: 25.756 | AA72: 45559 | AB72: 0.44991898 | AC72: 0 | AD72: 0 | AE72: 0 | AF72: =AF71 -> 25.796 | AI72: linux_OpenBLAS | AJ72: 3 | AK72: WR00L2L2 | AL72: 27552 | AM72: 96 | AN72: 1 | AO72: 4 | AP72: 426.6 | AQ72: 32.688 | AR72: 45559 | AS72: 0.27333333 | AT72: 0 | AU72: 0 | AV72: 0 | AW72: =AW71 -> 32.5594 | AZ72: linux_OpenBLAS | BA72: 3 | BB72: WR00L2L2 | BC72: 27552 | BD72: 96 | BE72: 1 | BF72: 4 | BG72: 463.6 | BH72: 30.079 | BI72: 45559 | BJ72: 0.34943287 | BK72: 0 | BL72: 0 | BM72: 0 | BN72: =BN71 -> 30.092
A73: atlarch-all-spec | B73: 4 | C73: WR00L2L2 | D73: 27552 | E73: 96 | F73: 1 | G73: 4 | H73: 540.77 | I73: 25.786 | J73: 45559 | K73: 0.79113426 | L73: 0 | M73: 0 | N73: 0 | O73: =O72 -> 25.7072 | R73: atlarch-all-spec | S73: 4 | T73: WR00L2L2 | U73: 27552 | V73: 96 | W73: 1 | X73: 4 | Y73: 540.51 | Z73: 25.799 | AA73: 45559 | AB73: 0.79309028 | AC73: 0 | AD73: 0 | AE73: 0 | AF73: =AF72 -> 25.796 | AI73: linux_OpenBLAS | AJ73: 4 | AK73: WR00L2L2 | AL73: 27552 | AM73: 96 | AN73: 1 | AO73: 4 | AP73: 428.65 | AQ73: 32.531 | AR73: 45559 | AS73: 0.56269676 | AT73: 0 | AU73: 0 | AV73: 0 | AW73: =AW72 -> 32.5594 | AZ73: linux_OpenBLAS | BA73: 4 | BB73: WR00L2L2 | BC73: 27552 | BD73: 96 | BE73: 1 | BF73: 4 | BG73: 462.73 | BH73: 30.136 | BI73: 45559 | BJ73: 0.65791667 | BK73: 0 | BL73: 0 | BM73: 0 | BN73: =BN72 -> 30.092
A74: atlarch-all-spec | B74: 0 | C74: WR00L2L2 | D74: 29088 | E74: 96 | F74: 1 | G74: 4 | H74: 646.65 | I74: 25.376 | J74: 45558 | K74: 0.54538194 | L74: 0 | M74: 0 | N74: 0 | O74: =AVERAGE(I74:I78) -> 25.3448 | R74: atlarch-all-spec | S74: 0 | T74: WR00L2L2 | U74: 29088 | V74: 96 | W74: 1 | X74: 4 | Y74: 646.13 | Z74: 25.396 | AA74: 45558 | AB74: 0.54415509 | AC74: 0 | AD74: 0 | AE74: 0 | AF74: =AVERAGE(Z74:Z78) -> 25.3742 | AI74: linux_OpenBLAS | AJ74: 0 | AK74: WR00L2L2 | AL74: 29088 | AM74: 96 | AN74: 1 | AO74: 4 | AP74: 508.16 | AQ74: 32.291 | AR74: 45558 | AS74: 0.53375 | AT74: 0 | AU74: 0 | AV74: 0 | AW74: =AVERAGE(AQ74:AQ78) -> 32.365 | AZ74: linux_OpenBLAS | BA74: 0 | BB74: WR00L2L2 | BC74: 29088 | BD74: 96 | BE74: 1 | BF74: 4 | BG74: 543.55 | BH74: 30.189 | BI74: 45558 | BJ74: 0.53424769 | BK74: 0 | BL74: 0 | BM74: 0 | BN74: =AVERAGE(BH74:BH78) -> 30.2564
A75: atlarch-all-spec | B75: 1 | C75: WR00L2L2 | D75: 29088 | E75: 96 | F75: 1 | G75: 4 | H75: 649.03 | I75: 25.282 | J75: 45558 | K75: 0.88762731 | L75: 0 | M75: 0 | N75: 0 | O75: =O74 -> 25.3448 | R75: atlarch-all-spec | S75: 1 | T75: WR00L2L2 | U75: 29088 | V75: 96 | W75: 1 | X75: 4 | Y75: 645.76 | Z75: 25.41 | AA75: 45558 | AB75: 0.88731481 | AC75: 0 | AD75: 0 | AE75: 0 | AF75: =AF74 -> 25.3742 | AI75: linux_OpenBLAS | AJ75: 1 | AK75: WR00L2L2 | AL75: 29088 | AM75: 96 | AN75: 1 | AO75: 4 | AP75: 502.37 | AQ75: 32.663 | AR75: 45558 | AS75: 0.79997685 | AT75: 0 | AU75: 0 | AV75: 0 | AW75: =AW74 -> 32.365 | AZ75: linux_OpenBLAS | BA75: 1 | BB75: WR00L2L2 | BC75: 29088 | BD75: 96 | BE75: 1 | BF75: 4 | BG75: 542.53 | BH75: 30.245 | BI75: 45558 | BJ75: 0.84315972 | BK75: 0 | BL75: 0 | BM75: 0 | BN75: =BN74 -> 30.2564
A76: atlarch-all-spec | B76: 2 | C76: WR00L2L2 | D76: 29088 | E76: 96 | F76: 1 | G76: 4 | H76: 648.21 | I76: 25.314 | J76: 45559 | K76: 0.22984954 | L76: 0 | M76: 0 | N76: 0 | O76: =O75 -> 25.3448 | R76: atlarch-all-spec | S76: 2 | T76: WR00L2L2 | U76: 29088 | V76: 96 | W76: 1 | X76: 4 | Y76: 646.16 | Z76: 25.395 | AA76: 45559 | AB76: 0.2302662 | AC76: 0 | AD76: 0 | AE76: 0 | AF76: =AF75 -> 25.3742 | AI76: linux_OpenBLAS | AJ76: 2 | AK76: WR00L2L2 | AL76: 29088 | AM76: 96 | AN76: 1 | AO76: 4 | AP76: 507.78 | AQ76: 32.316 | AR76: 45559 | AS76: 0.088877315 | AT76: 0 | AU76: 0 | AV76: 0 | AW76: =AW75 -> 32.365 | AZ76: linux_OpenBLAS | BA76: 2 | BB76: WR00L2L2 | BC76: 29088 | BD76: 96 | BE76: 1 | BF76: 4 | BG76: 541.61 | BH76: 30.297 | BI76: 45559 | BJ76: 0.15175926 | BK76: 0 | BL76: 0 | BM76: 0 | BN76: =BN75 -> 30.2564
A77: atlarch-all-spec | B77: 3 | C77: WR00L2L2 | D77: 29088 | E77: 96 | F77: 1 | G77: 4 | H77: 648.08 | I77: 25.319 | J77: 45559 | K77: 0.57215278 | L77: 0 | M77: 0 | N77: 0 | O77: =O76 -> 25.3448 | R77: atlarch-all-spec | S77: 3 | T77: WR00L2L2 | U77: 29088 | V77: 96 | W77: 1 | X77: 4 | Y77: 646.11 | Z77: 25.397 | AA77: 45559 | AB77: 0.57347222 | AC77: 0 | AD77: 0 | AE77: 0 | AF77: =AF76 -> 25.3742 | AI77: linux_OpenBLAS | AJ77: 3 | AK77: WR00L2L2 | AL77: 29088 | AM77: 96 | AN77: 1 | AO77: 4 | AP77: 508.42 | AQ77: 32.274 | AR77: 45559 | AS77: 0.37799769 | AT77: 0 | AU77: 0 | AV77: 0 | AW77: =AW76 -> 32.365 | AZ77: linux_OpenBLAS | BA77: 3 | BB77: WR00L2L2 | BC77: 29088 | BD77: 96 | BE77: 1 | BF77: 4 | BG77: 541.69 | BH77: 30.293 | BI77: 45559 | BJ77: 0.4602662 | BK77: 0 | BL77: 0 | BM77: 0 | BN77: =BN76 -> 30.2564
A78: atlarch-all-spec | B78: 4 | C78: WR00L2L2 | D78: 29088 | E78: 96 | F78: 1 | G78: 4 | H78: 645.18 | I78: 25.433 | J78: 45559 | K78: 0.91427083 | L78: 0 | M78: 0 | N78: 0 | O78: =O77 -> 25.3448 | R78: atlarch-all-spec | S78: 4 | T78: WR00L2L2 | U78: 29088 | V78: 96 | W78: 1 | X78: 4 | Y78: 649.28 | Z78: 25.273 | AA78: 45559 | AB78: 0.91644676 | AC78: 0 | AD78: 0 | AE78: 0 | AF78: =AF77 -> 25.3742 | AI78: linux_OpenBLAS | AJ78: 4 | AK78: WR00L2L2 | AL78: 29088 | AM78: 96 | AN78: 1 | AO78: 4 | AP78: 508.32 | AQ78: 32.281 | AR78: 45559 | AS78: 0.66774306 | AT78: 0 | AU78: 0 | AV78: 0 | AW78: =AW77 -> 32.365 | AZ78: linux_OpenBLAS | BA78: 4 | BB78: WR00L2L2 | BC78: 29088 | BD78: 96 | BE78: 1 | BF78: 4 | BG78: 542.31 | BH78: 30.258 | BI78: 45559 | BJ78: 0.76864583 | BK78: 0 | BL78: 0 | BM78: 0 | BN78: =BN77 -> 30.2564
A79: atlarch-all-spec | B79: 0 | C79: WR00L2L2 | D79: 26016 | E79: 96 | F79: 2 | G79: 2 | H79: 462.12 | I79: 25.404 | J79: 45558 | K79: 0.32506944 | L79: 0 | M79: 0 | N79: 0 | O79: =AVERAGE(I79:I83) -> 25.45 | R79: atlarch-all-spec | S79: 0 | T79: WR00L2L2 | U79: 26016 | V79: 96 | W79: 2 | X79: 2 | Y79: 462.56 | Z79: 25.381 | AA79: 45558 | AB79: 0.32321759 | AC79: 0 | AD79: 0 | AE79: 0 | AF79: =AVERAGE(Z79:Z83) -> 25.4212 | AI79: linux_OpenBLAS | AJ79: 0 | AK79: WR00L2L2 | AL79: 26016 | AM79: 96 | AN79: 2 | AO79: 2 | AP79: 378.43 | AQ79: 31.023 | AR79: 45558 | AS79: 0.31975694 | AT79: 0 | AU79: 0 | AV79: 0 | AW79: =AVERAGE(AQ79:AQ83) -> 30.9066 | AZ79: linux_OpenBLAS | BA79: 0 | BB79: WR00L2L2 | BC79: 26016 | BD79: 96 | BE79: 2 | BF79: 2 | BG79: 424.06 | BH79: 27.685 | BI79: 45558 | BJ79: 0.32256944 | BK79: 0 | BL79: 0 | BM79: 0 | BN79: =AVERAGE(BH79:BH83) -> 27.6452
A80: atlarch-all-spec | B80: 1 | C80: WR00L2L2 | D80: 26016 | E80: 96 | F80: 2 | G80: 2 | H80: 461.04 | I80: 25.464 | J80: 45558 | K80: 0.66711806 | L80: 0 | M80: 0 | N80: 0 | O80: =O79 -> 25.45 | R80: atlarch-all-spec | S80: 1 | T80: WR00L2L2 | U80: 26016 | V80: 96 | W80: 2 | X80: 2 | Y80: 461.61 | Z80: 25.433 | AA80: 45558 | AB80: 0.66633102 | AC80: 0 | AD80: 0 | AE80: 0 | AF80: =AF79 -> 25.4212 | AI80: linux_OpenBLAS | AJ80: 1 | AK80: WR00L2L2 | AL80: 26016 | AM80: 96 | AN80: 2 | AO80: 2 | AP80: 378.43 | AQ80: 31.023 | AR80: 45558 | AS80: 0.61197917 | AT80: 0 | AU80: 0 | AV80: 0 | AW80: =AW79 -> 30.9066 | AZ80: linux_OpenBLAS | BA80: 1 | BB80: WR00L2L2 | BC80: 26016 | BD80: 96 | BE80: 2 | BF80: 2 | BG80: 425.49 | BH80: 27.592 | BI80: 45558 | BJ80: 0.64349537 | BK80: 0 | BL80: 0 | BM80: 0 | BN80: =BN79 -> 27.6452
A81: atlarch-all-spec | B81: 2 | C81: WR00L2L2 | D81: 26016 | E81: 96 | F81: 2 | G81: 2 | H81: 461.51 | I81: 25.438 | J81: 45559 | K81: 0.0093171296 | L81: 0 | M81: 0 | N81: 0 | O81: =O80 -> 25.45 | R81: atlarch-all-spec | S81: 2 | T81: WR00L2L2 | U81: 26016 | V81: 96 | W81: 2 | X81: 2 | Y81: 460.42 | Z81: 25.498 | AA81: 45559 | AB81: 0.0093981481 | AC81: 0 | AD81: 0 | AE81: 0 | AF81: =AF80 -> 25.4212 | AI81: linux_OpenBLAS | AJ81: 2 | AK81: WR00L2L2 | AL81: 26016 | AM81: 96 | AN81: 2 | AO81: 2 | AP81: 380.74 | AQ81: 30.835 | AR81: 45558 | AS81: 0.90122685 | AT81: 0 | AU81: 0 | AV81: 0 | AW81: =AW80 -> 30.9066 | AZ81: linux_OpenBLAS | BA81: 2 | BB81: WR00L2L2 | BC81: 26016 | BD81: 96 | BE81: 2 | BF81: 2 | BG81: 425.68 | BH81: 27.58 | BI81: 45558 | BJ81: 0.95211806 | BK81: 0 | BL81: 0 | BM81: 0 | BN81: =BN80 -> 27.6452
A82: atlarch-all-spec | B82: 3 | C82: WR00L2L2 | D82: 26016 | E82: 96 | F82: 2 | G82: 2 | H82: 460.52 | I82: 25.493 | J82: 45559 | K82: 0.35164352 | L82: 0 | M82: 0 | N82: 0 | O82: =O81 -> 25.45 | R82: atlarch-all-spec | S82: 3 | T82: WR00L2L2 | U82: 26016 | V82: 96 | W82: 2 | X82: 2 | Y82: 462.14 | Z82: 25.404 | AA82: 45559 | AB82: 0.3525 | AC82: 0 | AD82: 0 | AE82: 0 | AF82: =AF81 -> 25.4212 | AI82: linux_OpenBLAS | AJ82: 3 | AK82: WR00L2L2 | AL82: 26016 | AM82: 96 | AN82: 2 | AO82: 2 | AP82: 380.66 | AQ82: 30.841 | AR82: 45559 | AS82: 0.19018519 | AT82: 0 | AU82: 0 | AV82: 0 | AW82: =AW81 -> 30.9066 | AZ82: linux_OpenBLAS | BA82: 3 | BB82: WR00L2L2 | BC82: 26016 | BD82: 96 | BE82: 2 | BF82: 2 | BG82: 425.09 | BH82: 27.618 | BI82: 45559 | BJ82: 0.26074074 | BK82: 0 | BL82: 0 | BM82: 0 | BN82: =BN81 -> 27.6452
A83: atlarch-all-spec | B83: 4 | C83: WR00L2L2 | D83: 26016 | E83: 96 | F83: 2 | G83: 2 | H83: 461.27 | I83: 25.451 | J83: 45559 | K83: 0.69391204 | L83: 0 | M83: 0 | N83: 0 | O83: =O82 -> 25.45 | R83: atlarch-all-spec | S83: 4 | T83: WR00L2L2 | U83: 26016 | V83: 96 | W83: 2 | X83: 2 | Y83: 462.39 | Z83: 25.39 | AA83: 45559 | AB83: 0.69568287 | AC83: 0 | AD83: 0 | AE83: 0 | AF83: =AF82 -> 25.4212 | AI83: linux_OpenBLAS | AJ83: 4 | AK83: WR00L2L2 | AL83: 26016 | AM83: 96 | AN83: 2 | AO83: 2 | AP83: 381.03 | AQ83: 30.811 | AR83: 45559 | AS83: 0.47939815 | AT83: 0 | AU83: 0 | AV83: 0 | AW83: =AW82 -> 30.9066 | AZ83: linux_OpenBLAS | BA83: 4 | BB83: WR00L2L2 | BC83: 26016 | BD83: 96 | BE83: 2 | BF83: 2 | BG83: 423.05 | BH83: 27.751 | BI83: 45559 | BJ83: 0.56917824 | BK83: 0 | BL83: 0 | BM83: 0 | BN83: =BN82 -> 27.6452
A84: atlarch-all-spec | B84: 0 | C84: WR00L2L2 | D84: 27552 | E84: 96 | F84: 2 | G84: 2 | H84: 548.42 | I84: 25.427 | J84: 45558 | K84: 0.42923611 | L84: 0 | M84: 0 | N84: 0 | O84: =AVERAGE(I84:I88) -> 25.5644 | R84: atlarch-all-spec | S84: 0 | T84: WR00L2L2 | U84: 27552 | V84: 96 | W84: 2 | X84: 2 | Y84: 546.26 | Z84: 25.527 | AA84: 45558 | AB84: 0.42770833 | AC84: 0 | AD84: 0 | AE84: 0 | AF84: =AVERAGE(Z84:Z88) -> 25.6004 | AI84: linux_OpenBLAS | AJ84: 0 | AK84: WR00L2L2 | AL84: 27552 | AM84: 96 | AN84: 2 | AO84: 2 | AP84: 444.56 | AQ84: 31.367 | AR84: 45558 | AS84: 0.40800926 | AT84: 0 | AU84: 0 | AV84: 0 | AW84: =AVERAGE(AQ84:AQ88) -> 31.145 | AZ84: linux_OpenBLAS | BA84: 0 | BB84: WR00L2L2 | BC84: 27552 | BD84: 96 | BE84: 2 | BF84: 2 | BG84: 491.42 | BH84: 28.376 | BI84: 45558 | BJ84: 0.41737269 | BK84: 0 | BL84: 0 | BM84: 0 | BN84: =AVERAGE(BH84:BH88) -> 28.3192
A85: atlarch-all-spec | B85: 1 | C85: WR00L2L2 | D85: 27552 | E85: 96 | F85: 2 | G85: 2 | H85: 544.82 | I85: 25.595 | J85: 45558 | K85: 0.77140046 | L85: 0 | M85: 0 | N85: 0 | O85: =O84 -> 25.5644 | R85: atlarch-all-spec | S85: 1 | T85: WR00L2L2 | U85: 27552 | V85: 96 | W85: 2 | X85: 2 | Y85: 545.31 | Z85: 25.572 | AA85: 45558 | AB85: 0.77083333 | AC85: 0 | AD85: 0 | AE85: 0 | AF85: =AF84 -> 25.6004 | AI85: linux_OpenBLAS | AJ85: 1 | AK85: WR00L2L2 | AL85: 27552 | AM85: 96 | AN85: 2 | AO85: 2 | AP85: 446.12 | AQ85: 31.257 | AR85: 45558 | AS85: 0.70060185 | AT85: 0 | AU85: 0 | AV85: 0 | AW85: =AW84 -> 31.145 | AZ85: linux_OpenBLAS | BA85: 1 | BB85: WR00L2L2 | BC85: 27552 | BD85: 96 | BE85: 2 | BF85: 2 | BG85: 492.59 | BH85: 28.309 | BI85: 45558 | BJ85: 0.73813657 | BK85: 0 | BL85: 0 | BM85: 0 | BN85: =BN84 -> 28.3192
A86: atlarch-all-spec | B86: 2 | C86: WR00L2L2 | D86: 27552 | E86: 96 | F86: 2 | G86: 2 | H86: 545.15 | I86: 25.579 | J86: 45559 | K86: 0.11351852 | L86: 0 | M86: 0 | N86: 0 | O86: =O85 -> 25.5644 | R86: atlarch-all-spec | S86: 2 | T86: WR00L2L2 | U86: 27552 | V86: 96 | W86: 2 | X86: 2 | Y86: 542.38 | Z86: 25.71 | AA86: 45559 | AB86: 0.11383102 | AC86: 0 | AD86: 0 | AE86: 0 | AF86: =AF85 -> 25.6004 | AI86: linux_OpenBLAS | AJ86: 2 | AK86: WR00L2L2 | AL86: 27552 | AM86: 96 | AN86: 2 | AO86: 2 | AP86: 448.09 | AQ86: 31.12 | AR86: 45558 | AS86: 0.98979167 | AT86: 0 | AU86: 0 | AV86: 0 | AW86: =AW85 -> 31.145 | AZ86: linux_OpenBLAS | BA86: 2 | BB86: WR00L2L2 | BC86: 27552 | BD86: 96 | BE86: 2 | BF86: 2 | BG86: 493.53 | BH86: 28.255 | BI86: 45559 | BJ86: 0.046875 | BK86: 0 | BL86: 0 | BM86: 0 | BN86: =BN85 -> 28.3192
A87: atlarch-all-spec | B87: 3 | C87: WR00L2L2 | D87: 27552 | E87: 96 | F87: 2 | G87: 2 | H87: 544.28 | I87: 25.62 | J87: 45559 | K87: 0.45596065 | L87: 0 | M87: 0 | N87: 0 | O87: =O86 -> 25.5644 | R87: atlarch-all-spec | S87: 3 | T87: WR00L2L2 | U87: 27552 | V87: 96 | W87: 2 | X87: 2 | Y87: 544.24 | Z87: 25.622 | AA87: 45559 | AB87: 0.45695602 | AC87: 0 | AD87: 0 | AE87: 0 | AF87: =AF86 -> 25.6004 | AI87: linux_OpenBLAS | AJ87: 3 | AK87: WR00L2L2 | AL87: 27552 | AM87: 96 | AN87: 2 | AO87: 2 | AP87: 445.06 | AQ87: 31.331 | AR87: 45559 | AS87: 0.2787037 | AT87: 0 | AU87: 0 | AV87: 0 | AW87: =AW86 -> 31.145 | AZ87: linux_OpenBLAS | BA87: 3 | BB87: WR00L2L2 | BC87: 27552 | BD87: 96 | BE87: 2 | BF87: 2 | BG87: 492.54 | BH87: 28.311 | BI87: 45559 | BJ87: 0.3553588 | BK87: 0 | BL87: 0 | BM87: 0 | BN87: =BN86 -> 28.3192
A88: atlarch-all-spec | B88: 4 | C88: WR00L2L2 | D88: 27552 | E88: 96 | F88: 2 | G88: 2 | H88: 544.69 | I88: 25.601 | J88: 45559 | K88: 0.7981713 | L88: 0 | M88: 0 | N88: 0 | O88: =O87 -> 25.5644 | R88: atlarch-all-spec | S88: 4 | T88: WR00L2L2 | U88: 27552 | V88: 96 | W88: 2 | X88: 2 | Y88: 545.33 | Z88: 25.571 | AA88: 45559 | AB88: 0.80012731 | AC88: 0 | AD88: 0 | AE88: 0 | AF88: =AF87 -> 25.6004 | AI88: linux_OpenBLAS | AJ88: 4 | AK88: WR00L2L2 | AL88: 27552 | AM88: 96 | AN88: 2 | AO88: 2 | AP88: 454.97 | AQ88: 30.65 | AR88: 45559 | AS88: 0.56819444 | AT88: 0 | AU88: 0 | AV88: 0 | AW88: =AW87 -> 31.145 | AZ88: linux_OpenBLAS | BA88: 4 | BB88: WR00L2L2 | BC88: 27552 | BD88: 96 | BE88: 2 | BF88: 2 | BG88: 491.96 | BH88: 28.345 | BI88: 45559 | BJ88: 0.66383102 | BK88: 0 | BL88: 0 | BM88: 0 | BN88: =BN87 -> 28.3192
A89: atlarch-all-spec | B89: 0 | C89: WR00L2L2 | D89: 29088 | E89: 96 | F89: 2 | G89: 2 | H89: 664.69 | I89: 24.687 | J89: 45558 | K89: 0.55388889 | L89: 0 | M89: 0 | N89: 0 | O89: =AVERAGE(I89:I93) -> 24.7794 | R89: atlarch-all-spec | S89: 0 | T89: WR00L2L2 | U89: 29088 | V89: 96 | W89: 2 | X89: 2 | Y89: 659.41 | Z89: 24.884 | AA89: 45558 | AB89: 0.55259259 | AC89: 0 | AD89: 0 | AE89: 0 | AF89: =AVERAGE(Z89:Z93) -> 24.7854 | AI89: linux_OpenBLAS | AJ89: 0 | AK89: WR00L2L2 | AL89: 29088 | AM89: 96 | AN89: 2 | AO89: 2 | AP89: 554.2 | AQ89: 29.609 | AR89: 45558 | AS89: 0.54041667 | AT89: 0 | AU89: 0 | AV89: 0 | AW89: =AVERAGE(AQ89:AQ93) -> 29.7856 | AZ89: linux_OpenBLAS | BA89: 0 | BB89: WR00L2L2 | BC89: 29088 | BD89: 96 | BE89: 2 | BF89: 2 | BG89: 593.49 | BH89: 27.649 | BI89: 45558 | BJ89: 0.54136574 | BK89: 0 | BL89: 0 | BM89: 0 | BN89: =AVERAGE(BH89:BH93) -> 27.6082
A90: atlarch-all-spec | B90: 1 | C90: WR00L2L2 | D90: 29088 | E90: 96 | F90: 2 | G90: 2 | H90: 661.68 | I90: 24.799 | J90: 45558 | K90: 0.89609954 | L90: 0 | M90: 0 | N90: 0 | O90: =O89 -> 24.7794 | R90: atlarch-all-spec | S90: 1 | T90: WR00L2L2 | U90: 29088 | V90: 96 | W90: 2 | X90: 2 | Y90: 662.76 | Z90: 24.759 | AA90: 45558 | AB90: 0.89579861 | AC90: 0 | AD90: 0 | AE90: 0 | AF90: =AF89 -> 24.7854 | AI90: linux_OpenBLAS | AJ90: 1 | AK90: WR00L2L2 | AL90: 29088 | AM90: 96 | AN90: 2 | AO90: 2 | AP90: 556.93 | AQ90: 29.463 | AR90: 45558 | AS90: 0.80666667 | AT90: 0 | AU90: 0 | AV90: 0 | AW90: =AW89 -> 29.7856 | AZ90: linux_OpenBLAS | BA90: 1 | BB90: WR00L2L2 | BC90: 29088 | BD90: 96 | BE90: 2 | BF90: 2 | BG90: 594.49 | BH90: 27.602 | BI90: 45558 | BJ90: 0.85028935 | BK90: 0 | BL90: 0 | BM90: 0 | BN90: =BN89 -> 27.6082
A91: atlarch-all-spec | B91: 2 | C91: WR00L2L2 | D91: 29088 | E91: 96 | F91: 2 | G91: 2 | H91: 661.9 | I91: 24.791 | J91: 45559 | K91: 0.23832176 | L91: 0 | M91: 0 | N91: 0 | O91: =O90 -> 24.7794 | R91: atlarch-all-spec | S91: 2 | T91: WR00L2L2 | U91: 29088 | V91: 96 | W91: 2 | X91: 2 | Y91: 661.62 | Z91: 24.801 | AA91: 45559 | AB91: 0.23873843 | AC91: 0 | AD91: 0 | AE91: 0 | AF91: =AF90 -> 24.7854 | AI91: linux_OpenBLAS | AJ91: 2 | AK91: WR00L2L2 | AL91: 29088 | AM91: 96 | AN91: 2 | AO91: 2 | AP91: 546.26 | AQ91: 30.039 | AR91: 45559 | AS91: 0.095451389 | AT91: 0 | AU91: 0 | AV91: 0 | AW91: =AW90 -> 29.7856 | AZ91: linux_OpenBLAS | BA91: 2 | BB91: WR00L2L2 | BC91: 29088 | BD91: 96 | BE91: 2 | BF91: 2 | BG91: 596.45 | BH91: 27.511 | BI91: 45559 | BJ91: 0.15891204 | BK91: 0 | BL91: 0 | BM91: 0 | BN91: =BN90 -> 27.6082
A92: atlarch-all-spec | B92: 3 | C92: WR00L2L2 | D92: 29088 | E92: 96 | F92: 2 | G92: 2 | H92: 661.72 | I92: 24.798 | J92: 45559 | K92: 0.580625 | L92: 0 | M92: 0 | N92: 0 | O92: =O91 -> 24.7794 | R92: atlarch-all-spec | S92: 3 | T92: WR00L2L2 | U92: 29088 | V92: 96 | W92: 2 | X92: 2 | Y92: 661.53 | Z92: 24.805 | AA92: 45559 | AB92: 0.58194444 | AC92: 0 | AD92: 0 | AE92: 0 | AF92: =AF91 -> 24.7854 | AI92: linux_OpenBLAS | AJ92: 3 | AK92: WR00L2L2 | AL92: 29088 | AM92: 96 | AN92: 2 | AO92: 2 | AP92: 549.5 | AQ92: 29.862 | AR92: 45559 | AS92: 0.38461806 | AT92: 0 | AU92: 0 | AV92: 0 | AW92: =AW91 -> 29.7856 | AZ92: linux_OpenBLAS | BA92: 3 | BB92: WR00L2L2 | BC92: 29088 | BD92: 96 | BE92: 2 | BF92: 2 | BG92: 594.64 | BH92: 27.595 | BI92: 45559 | BJ92: 0.46739583 | BK92: 0 | BL92: 0 | BM92: 0 | BN92: =BN91 -> 27.6082
A93: atlarch-all-spec | B93: 4 | C93: WR00L2L2 | D93: 29088 | E93: 96 | F93: 2 | G93: 2 | H93: 661.06 | I93: 24.822 | J93: 45559 | K93: 0.92274306 | L93: 0 | M93: 0 | N93: 0 | O93: =O92 -> 24.7794 | R93: atlarch-all-spec | S93: 4 | T93: WR00L2L2 | U93: 29088 | V93: 96 | W93: 2 | X93: 2 | Y93: 664.93 | Z93: 24.678 | AA93: 45559 | AB93: 0.9249537 | AC93: 0 | AD93: 0 | AE93: 0 | AF93: =AF92 -> 24.7854 | AI93: linux_OpenBLAS | AJ93: 4 | AK93: WR00L2L2 | AL93: 29088 | AM93: 96 | AN93: 2 | AO93: 2 | AP93: 547.79 | AQ93: 29.955 | AR93: 45559 | AS93: 0.67434028 | AT93: 0 | AU93: 0 | AV93: 0 | AW93: =AW92 -> 29.7856 | AZ93: linux_OpenBLAS | BA93: 4 | BB93: WR00L2L2 | BC93: 29088 | BD93: 96 | BE93: 2 | BF93: 2 | BG93: 592.73 | BH93: 27.684 | BI93: 45559 | BJ93: 0.77576389 | BK93: 0 | BL93: 0 | BM93: 0 | BN93: =BN92 -> 27.6082
A94: atlarch-all-spec | B94: 0 | C94: WR00L2L2 | D94: 26112 | E94: 128 | F94: 1 | G94: 4 | H94: 360.76 | I94: 32.904 | J94: 45558 | K94: 0.32989583 | L94: 0 | M94: 0 | N94: 0 | O94: =AVERAGE(I94:I98) -> 32.7794 | R94: atlarch-all-spec | S94: 0 | T94: WR00L2L2 | U94: 26112 | V94: 128 | W94: 1 | X94: 4 | Y94: 364.62 | Z94: 32.555 | AA94: 45558 | AB94: 0.32809028 | AC94: 0 | AD94: 0 | AE94: 0 | AF94: =AVERAGE(Z94:Z98) -> 32.4786 | AI94: linux_OpenBLAS | AJ94: 0 | AK94: WR00L2L2 | AL94: 26112 | AM94: 128 | AN94: 1 | AO94: 4 | AP94: 305.28 | AQ94: 38.884 | AR94: 45558 | AS94: 0.32349537 | AT94: 0 | AU94: 0 | AV94: 0 | AW94: =AVERAGE(AQ94:AQ98) -> 38.6894 | AZ94: linux_OpenBLAS | BA94: 0 | BB94: WR00L2L2 | BC94: 26112 | BD94: 128 | BE94: 1 | BF94: 4 | BG94: 344.22 | BH94: 34.485 | BI94: 45558 | BJ94: 0.32675926 | BK94: 0 | BL94: 0 | BM94: 0 | BN94: =AVERAGE(BH94:BH98) -> 34.516
A95: atlarch-all-spec | B95: 1 | C95: WR00L2L2 | D95: 26112 | E95: 128 | F95: 1 | G95: 4 | H95: 361 | I95: 32.882 | J95: 45558 | K95: 0.67194444 | L95: 0 | M95: 0 | N95: 0 | O95: =O94 -> 32.7794 | R95: atlarch-all-spec | S95: 1 | T95: WR00L2L2 | U95: 26112 | V95: 128 | W95: 1 | X95: 4 | Y95: 364.6 | Z95: 32.557 | AA95: 45558 | AB95: 0.6712037 | AC95: 0 | AD95: 0 | AE95: 0 | AF95: =AF94 -> 32.4786 | AI95: linux_OpenBLAS | AJ95: 1 | AK95: WR00L2L2 | AL95: 26112 | AM95: 128 | AN95: 1 | AO95: 4 | AP95: 306.98 | AQ95: 38.669 | AR95: 45558 | AS95: 0.61575231 | AT95: 0 | AU95: 0 | AV95: 0 | AW95: =AW94 -> 38.6894 | AZ95: linux_OpenBLAS | BA95: 1 | BB95: WR00L2L2 | BC95: 26112 | BD95: 128 | BE95: 1 | BF95: 4 | BG95: 343.38 | BH95: 34.57 | BI95: 45558 | BJ95: 0.64767361 | BK95: 0 | BL95: 0 | BM95: 0 | BN95: =BN94 -> 34.516
A96: atlarch-all-spec | B96: 2 | C96: WR00L2L2 | D96: 26112 | E96: 128 | F96: 1 | G96: 4 | H96: 363.09 | I96: 32.693 | J96: 45559 | K96: 0.014166667 | L96: 0 | M96: 0 | N96: 0 | O96: =O95 -> 32.7794 | R96: atlarch-all-spec | S96: 2 | T96: WR00L2L2 | U96: 26112 | V96: 128 | W96: 1 | X96: 4 | Y96: 366.9 | Z96: 32.354 | AA96: 45559 | AB96: 0.014293981 | AC96: 0 | AD96: 0 | AE96: 0 | AF96: =AF95 -> 32.4786 | AI96: linux_OpenBLAS | AJ96: 2 | AK96: WR00L2L2 | AL96: 26112 | AM96: 128 | AN96: 1 | AO96: 4 | AP96: 307.39 | AQ96: 38.617 | AR96: 45558 | AS96: 0.90498843 | AT96: 0 | AU96: 0 | AV96: 0 | AW96: =AW95 -> 38.6894 | AZ96: linux_OpenBLAS | BA96: 2 | BB96: WR00L2L2 | BC96: 26112 | BD96: 128 | BE96: 1 | BF96: 4 | BG96: 344.11 | BH96: 34.496 | BI96: 45558 | BJ96: 0.95630787 | BK96: 0 | BL96: 0 | BM96: 0 | BN96: =BN95 -> 34.516
A97: atlarch-all-spec | B97: 3 | C97: WR00L2L2 | D97: 26112 | E97: 128 | F97: 1 | G97: 4 | H97: 362.7 | I97: 32.728 | J97: 45559 | K97: 0.35649306 | L97: 0 | M97: 0 | N97: 0 | O97: =O96 -> 32.7794 | R97: atlarch-all-spec | S97: 3 | T97: WR00L2L2 | U97: 26112 | V97: 128 | W97: 1 | X97: 4 | Y97: 365.33 | Z97: 32.492 | AA97: 45559 | AB97: 0.35738426 | AC97: 0 | AD97: 0 | AE97: 0 | AF97: =AF96 -> 32.4786 | AI97: linux_OpenBLAS | AJ97: 3 | AK97: WR00L2L2 | AL97: 26112 | AM97: 128 | AN97: 1 | AO97: 4 | AP97: 306.78 | AQ97: 38.693 | AR97: 45559 | AS97: 0.19395833 | AT97: 0 | AU97: 0 | AV97: 0 | AW97: =AW96 -> 38.6894 | AZ97: linux_OpenBLAS | BA97: 3 | BB97: WR00L2L2 | BC97: 26112 | BD97: 128 | BE97: 1 | BF97: 4 | BG97: 344.12 | BH97: 34.495 | BI97: 45559 | BJ97: 0.26493056 | BK97: 0 | BL97: 0 | BM97: 0 | BN97: =BN96 -> 34.516
A98: atlarch-all-spec | B98: 4 | C98: WR00L2L2 | D98: 26112 | E98: 128 | F98: 1 | G98: 4 | H98: 363.12 | I98: 32.69 | J98: 45559 | K98: 0.69877315 | L98: 0 | M98: 0 | N98: 0 | O98: =O97 -> 32.7794 | R98: atlarch-all-spec | S98: 4 | T98: WR00L2L2 | U98: 26112 | V98: 128 | W98: 1 | X98: 4 | Y98: 365.97 | Z98: 32.435 | AA98: 45559 | AB98: 0.70056713 | AC98: 0 | AD98: 0 | AE98: 0 | AF98: =AF97 -> 32.4786 | AI98: linux_OpenBLAS | AJ98: 4 | AK98: WR00L2L2 | AL98: 26112 | AM98: 128 | AN98: 1 | AO98: 4 | AP98: 307.65 | AQ98: 38.584 | AR98: 45559 | AS98: 0.4831713 | AT98: 0 | AU98: 0 | AV98: 0 | AW98: =AW97 -> 38.6894 | AZ98: linux_OpenBLAS | BA98: 4 | BB98: WR00L2L2 | BC98: 26112 | BD98: 128 | BE98: 1 | BF98: 4 | BG98: 343.73 | BH98: 34.534 | BI98: 45559 | BJ98: 0.57336806 | BK98: 0 | BL98: 0 | BM98: 0 | BN98: =BN97 -> 34.516
A99: atlarch-all-spec | B99: 0 | C99: WR00L2L2 | D99: 27648 | E99: 128 | F99: 1 | G99: 4 | H99: 448.53 | I99: 31.416 | J99: 45558 | K99: 0.43516204 | L99: 0 | M99: 0 | N99: 0 | O99: =AVERAGE(I99:I103) -> 31.5252 | R99: atlarch-all-spec | S99: 0 | T99: WR00L2L2 | U99: 27648 | V99: 128 | W99: 1 | X99: 4 | Y99: 448.88 | Z99: 31.391 | AA99: 45558 | AB99: 0.43363426 | AC99: 0 | AD99: 0 | AE99: 0 | AF99: =AVERAGE(Z99:Z103) -> 31.389 | AI99: linux_OpenBLAS | AJ99: 0 | AK99: WR00L2L2 | AL99: 27648 | AM99: 128 | AN99: 1 | AO99: 4 | AP99: 383.79 | AQ99: 36.715 | AR99: 45558 | AS99: 0.41269676 | AT99: 0 | AU99: 0 | AV99: 0 | AW99: =AVERAGE(AQ99:AQ103) -> 36.5336 | AZ99: linux_OpenBLAS | BA99: 0 | BB99: WR00L2L2 | BC99: 27648 | BD99: 128 | BE99: 1 | BF99: 4 | BG99: 422.81 | BH99: 33.326 | BI99: 45558 | BJ99: 0.4225 | BK99: 0 | BL99: 0 | BM99: 0 | BN99: =AVERAGE(BH99:BH103) -> 33.3956
A100: atlarch-all-spec | B100: 1 | C100: WR00L2L2 | D100: 27648 | E100: 128 | F100: 1 | G100: 4 | H100: 445.61 | I100: 31.621 | J100: 45558 | K100: 0.77729167 | L100: 0 | M100: 0 | N100: 0 | O100: =O99 -> 31.5252 | R100: atlarch-all-spec | S100: 1 | T100: WR00L2L2 | U100: 27648 | V100: 128 | W100: 1 | X100: 4 | Y100: 449.49 | Z100: 31.348 | AA100: 45558 | AB100: 0.77677083 | AC100: 0 | AD100: 0 | AE100: 0 | AF100: =AF99 -> 31.389 | AI100: linux_OpenBLAS | AJ100: 1 | AK100: WR00L2L2 | AL100: 27648 | AM100: 128 | AN100: 1 | AO100: 4 | AP100: 384.38 | AQ100: 36.659 | AR100: 45558 | AS100: 0.70528935 | AT100: 0 | AU100: 0 | AV100: 0 | AW100: =AW99 -> 36.5336 | AZ100: linux_OpenBLAS | BA100: 1 | BB100: WR00L2L2 | BC100: 27648 | BD100: 128 | BE100: 1 | BF100: 4 | BG100: 422.06 | BH100: 33.385 | BI100: 45558 | BJ100: 0.74326389 | BK100: 0 | BL100: 0 | BM100: 0 | BN100: =BN99 -> 33.3956
...

Sheet 4 node, params, RAW
A1: Max avg. GFLOPS (and params): | F1: =MAX(X:X) -> 131.194 | G1: =INDEX(D:D,MATCH(MAX($X:$X),$X:$X,0)) -> 52000 | H1: =INDEX(E:E,MATCH(MAX($X:$X),$X:$X,0)) -> 160 | I1: =INDEX(F:F,MATCH(MAX($X:$X),$X:$X,0)) -> 2 | J1: =INDEX(G:G,MATCH(MAX($X:$X),$X:$X,0)) -> 8 | L1: ATLAS | X1: Average GFLOP/s | Z1: Max avg. GFLOPS (and params): | AE1: =MAX(AW:AW) -> 150.334 | AF1: =INDEX(AC:AC,MATCH(MAX($AW:$AW),$AW:$AW,0)) -> 51968 | AG1: =INDEX(AD:AD,MATCH(MAX($AW:$AW),$AW:$AW,0)) -> 224 | AH1: =INDEX(AE:AE,MATCH(MAX($AW:$AW),$AW:$AW,0)) -> 2 | AI1: =INDEX(AF:AF,MATCH(MAX($AW:$AW),$AW:$AW,0)) -> 8 | AK1: OpenBLAS | AW1: Average GFLOP/s
A2: MAX GFLOPS: | D2: =MAX(I4:I835) -> 131.99 | L2: raspi31 throttling time [1/100s] | O2: raspi32 throttling time [1/100s] | R2: raspi33 throttling time [1/100s] | U2: raspi34 throttling time [1/100s] | Z2: MAX GFLOPS: | AC2: =MAX(AH4:AH827) -> 150.52 | AK2: raspi31 throttling time [1/100s] | AN2: raspi32 throttling time [1/100s] | AQ2: raspi33 throttling time [1/100s] | AT2: raspi34 throttling time [1/100s] | AY2: CCFLAGS parameter for HPL build | BK2: CCFLAGS parameter for HPL build | CI2: CCFLAGS parameter for HPL build (Rpi 4B parameters) | CU2: CCFLAGS parameter for HPL build
A3: Build | B3: RUN | D3: N | E3: NB | F3: P | G3: Q | H3: Time | I3: GFLOPS | J3: Date | K3: Time | L3: 2100MHz | M3: 2200MHz | N3: 2300MHz | O3: 2100MHz | P3: 2200MHz | Q3: 2300MHz | R3: 2100MHz | S3: 2200MHz | T3: 2300MHz | U3: 2100MHz | V3: 2200MHz | W3: 2300MHz | Z3: Build | AA3: RUN | AC3: N | AD3: NB | AE3: P | AF3: Q | AG3: Time | AH3: GFLOPS | AI3: Date | AJ3: Time | AK3: 2100MHz | AL3: 2200MHz | AM3: 2300MHz | AN3: 2100MHz | AO3: 2200MHz | AP3: 2300MHz | AQ3: 2100MHz | AR3: 2200MHz | AS3: 2300MHz | AT3: 2100MHz | AU3: 2200MHz | AV3: 2300MHz | AY3: -march=armv8.2-a+crypto+fp16+rcpc+dotprod -mtune=cortex-a76 -mcpu=cortex-a76+crypto | BJ3: % difference vs. Best | BK3: -O2 march=armv8.2-a+crypto+FP16+rcpc+dotprod -mtune=cortex-A76 -mcpu=cortex-A76+crypto | BW3: No CCFLAGS parameter for HPL build defined | CI3: -Os -fschedule-insns2 -mcpu=cortex-a72 -fno-tree-ter | CU3: -Os -march=armv8.2-a+crypto+FP16+rcpc+dotprod -mtune=cortex-A76 -mcpu=cortex-A76+crypto
A4: atlarch-all-spec | B4: 0 | C4: WR00L2L2 | D4: 52000 | E4: 32 | F4: 1 | G4: 16 | H4: 1977.13 | I4: 47.414 | J4: 45546 | K4: 0.3259375 | L4: 0 | M4: 0 | N4: 0 | O4: 0 | P4: 0 | Q4: 0 | R4: 0 | S4: 0 | T4: 0 | U4: 0 | V4: 0 | W4: 0 | X4: =AVERAGE(I4:I8) -> 47.2048 | Z4: linux_OpenBLAS | AA4: 0 | AB4: WR00L2L2 | AC4: 52000 | AD4: 32 | AE4: 1 | AF4: 16 | AG4: 1848.8 | AH4: 50.705 | AI4: 45553 | AJ4: 0.40809028 | AK4: 0 | AL4: 0 | AM4: 0 | AN4: 0 | AO4: 0 | AP4: 0 | AQ4: 0 | AR4: 0 | AS4: 0 | AT4: 0 | AU4: 0 | AV4: 0 | AW4: =AVERAGE(AH4:AH8) -> 50.6914 | AY4: 0 | AZ4: WR00L2L2 | BA4: 51968 | BB4: 224 | BC4: 2 | BD4: 8 | BE4: 628.86 | BF4: 148.79 | BG4: 45562 | BH4: 0.38954861 | BI4: =AVERAGE(BF4:BF8) -> 148.28 | BJ4: =100-(BI4/#REF!*100) -> #REF! | BK4: 0 | BL4: WR00L2L2 | BM4: 51968 | BN4: 224 | BO4: 2 | BP4: 8 | BQ4: 627.05 | BR4: 149.22 | BS4: 45562 | BT4: 0.92719907 | BU4: =AVERAGE(BR4:BR8) -> 149.686 | BV4: =100-(BU4/#REF!*100) -> #REF! | BW4: 0 | BX4: WR00L2L2 | BY4: 51968 | BZ4: 224 | CA4: 2 | CB4: 8 | CC4: 625.4 | CD4: 149.62 | CE4: 45564 | CF4: 0.919375 | CG4: =AVERAGE(CD4:CD8) -> 149.19 | CH4: =100-(CG4/#REF!*100) -> #REF! | CI4: 0 | CJ4: WR00L2L2 | CK4: 51968 | CL4: 224 | CM4: 2 | CN4: 8 | CO4: 623.05 | CP4: 150.18 | CQ4: 45565 | CR4: 0.54003472 | CS4: =AVERAGE(CP4:CP8) -> 149.766 | CT4: =100-(CS4/#REF!*100) -> #REF!
A5: atlarch-all-spec | B5: 1 | C5: WR00L2L2 | D5: 52000 | E5: 32 | F5: 1 | G5: 16 | H5: 1974.38 | I5: 47.48 | J5: 45547 | K5: 0.4180787 | L5: 0 | M5: 0 | N5: 0 | O5: 0 | P5: 0 | Q5: 0 | R5: 0 | S5: 0 | T5: 0 | U5: 0 | V5: 0 | W5: 0 | X5: =X4 -> 47.2048 | Z5: linux_OpenBLAS | AA5: 1 | AB5: WR00L2L2 | AC5: 52000 | AD5: 32 | AE5: 1 | AF5: 16 | AG5: 1849.78 | AH5: 50.678 | AI5: 45554 | AJ5: 0.35972222 | AK5: 0 | AL5: 0 | AM5: 0 | AN5: 0 | AO5: 0 | AP5: 0 | AQ5: 0 | AR5: 0 | AS5: 0 | AT5: 0 | AU5: 0 | AV5: 0 | AW5: =AW4 -> 50.6914 | AY5: 1 | AZ5: WR00L2L2 | BA5: 51968 | BB5: 224 | BC5: 2 | BD5: 8 | BE5: 632.92 | BF5: 147.84 | BG5: 45562 | BH5: 0.47685185 | BI5: =BI4 -> 148.28 | BJ5: =BJ4 -> #REF! | BK5: 1 | BL5: WR00L2L2 | BM5: 51968 | BN5: 224 | BO5: 2 | BP5: 8 | BQ5: 626.67 | BR5: 149.31 | BS5: 45563 | BT5: 0.009212963 | BU5: =BU4 -> 149.686 | BV5: =BV4 -> #REF! | BW5: 1 | BX5: WR00L2L2 | BY5: 51968 | BZ5: 224 | CA5: 2 | CB5: 8 | CC5: 630.7 | CD5: 148.36 | CE5: 45565 | CF5: 0.0062847222 | CG5: =CG4 -> 149.19 | CH5: =CH4 -> #REF! | CI5: 1 | CJ5: WR00L2L2 | CK5: 51968 | CL5: 224 | CM5: 2 | CN5: 8 | CO5: 624.83 | CP5: 149.75 | CQ5: 45565 | CR5: 0.62203704 | CS5: =CS4 -> 149.766 | CT5: =CT4 -> #REF!
A6: atlarch-all-spec | B6: 2 | C6: WR00L2L2 | D6: 52000 | E6: 32 | F6: 1 | G6: 16 | H6: 1993.1 | I6: 47.034 | J6: 45548 | K6: 0.51013889 | L6: 0 | M6: 0 | N6: 0 | O6: 0 | P6: 0 | Q6: 0 | R6: 0 | S6: 0 | T6: 0 | U6: 0 | V6: 0 | W6: 0 | X6: =X5 -> 47.2048 | Z6: linux_OpenBLAS | AA6: 2 | AB6: WR00L2L2 | AC6: 52000 | AD6: 32 | AE6: 1 | AF6: 16 | AG6: 1852.85 | AH6: 50.594 | AI6: 45555 | AJ6: 0.31217593 | AK6: 0 | AL6: 0 | AM6: 0 | AN6: 0 | AO6: 0 | AP6: 0 | AQ6: 0 | AR6: 0 | AS6: 0 | AT6: 0 | AU6: 0 | AV6: 0 | AW6: =AW5 -> 50.6914 | AY6: 2 | AZ6: WR00L2L2 | BA6: 51968 | BB6: 224 | BC6: 2 | BD6: 8 | BE6: 630.61 | BF6: 148.38 | BG6: 45562 | BH6: 0.56450231 | BI6: =BI5 -> 148.28 | BJ6: =BJ5 -> #REF! | BK6: 2 | BL6: WR00L2L2 | BM6: 51968 | BN6: 224 | BO6: 2 | BP6: 8 | BQ6: 624.49 | BR6: 149.83 | BS6: 45563 | BT6: 0.091064815 | BU6: =BU5 -> 149.686 | BV6: =BV5 -> #REF! | BW6: 2 | BX6: WR00L2L2 | BY6: 51968 | BZ6: 224 | CA6: 2 | CB6: 8 | CC6: 626.28 | CD6: 149.41 | CE6: 45565 | CF6: 0.093402778 | CG6: =CG5 -> 149.19 | CH6: =CH5 -> #REF! | CI6: 2 | CJ6: WR00L2L2 | CK6: 51968 | CL6: 224 | CM6: 2 | CN6: 8 | CO6: 627.41 | CP6: 149.14 | CQ6: 45565 | CR6: 0.70403935 | CS6: =CS5 -> 149.766 | CT6: =CT5 -> #REF!
A7: atlarch-all-spec | B7: 3 | C7: WR00L2L2 | D7: 52000 | E7: 32 | F7: 1 | G7: 16 | H7: 1993.11 | I7: 47.033 | J7: 45549 | K7: 0.59947917 | L7: 0 | M7: 0 | N7: 0 | O7: 0 | P7: 0 | Q7: 0 | R7: 0 | S7: 0 | T7: 0 | U7: 0 | V7: 0 | W7: 0 | X7: =X6 -> 47.2048 | Z7: linux_OpenBLAS | AA7: 3 | AB7: WR00L2L2 | AC7: 52000 | AD7: 32 | AE7: 1 | AF7: 16 | AG7: 1849.43 | AH7: 50.687 | AI7: 45556 | AJ7: 0.26502315 | AK7: 0 | AL7: 0 | AM7: 0 | AN7: 0 | AO7: 0 | AP7: 0 | AQ7: 0 | AR7: 0 | AS7: 0 | AT7: 0 | AU7: 0 | AV7: 0 | AW7: =AW6 -> 50.6914 | AY7: 3 | AZ7: WR00L2L2 | BA7: 51968 | BB7: 224 | BC7: 2 | BD7: 8 | BE7: 630.24 | BF7: 148.47 | BG7: 45562 | BH7: 0.65201389 | BI7: =BI6 -> 148.28 | BJ7: =BJ6 -> #REF! | BK7: 3 | BL7: WR00L2L2 | BM7: 51968 | BN7: 224 | BO7: 2 | BP7: 8 | BQ7: 623.16 | BR7: 150.15 | BS7: 45563 | BT7: 0.17280093 | BU7: =BU6 -> 149.686 | BV7: =BV6 -> #REF! | BW7: 3 | BX7: WR00L2L2 | BY7: 51968 | BZ7: 224 | CA7: 2 | CB7: 8 | CC7: 626.58 | CD7: 149.33 | CE7: 45565 | CF7: 0.18023148 | CG7: =CG6 -> 149.19 | CH7: =CH6 -> #REF! | CI7: 3 | CJ7: WR00L2L2 | CK7: 51968 | CL7: 224 | CM7: 2 | CN7: 8 | CO7: 624.56 | CP7: 149.82 | CQ7: 45565 | CR7: 0.78635417 | CS7: =CS6 -> 149.766 | CT7: =CT6 -> #REF!
A8: atlarch-all-spec | B8: 4 | C8: WR00L2L2 | D8: 52000 | E8: 32 | F8: 1 | G8: 16 | H8: 1991.85 | I8: 47.063 | J8: 45550 | K8: 0.68875 | L8: 0 | M8: 0 | N8: 0 | O8: 0 | P8: 0 | Q8: 0 | R8: 0 | S8: 0 | T8: 0 | U8: 0 | V8: 0 | W8: 0 | X8: =X7 -> 47.2048 | Z8: linux_OpenBLAS | AA8: 4 | AB8: WR00L2L2 | AC8: 52000 | AD8: 32 | AE8: 1 | AF8: 16 | AG8: 1845.58 | AH8: 50.793 | AI8: 45557 | AJ8: 0.21819444 | AK8: 0 | AL8: 0 | AM8: 0 | AN8: 0 | AO8: 0 | AP8: 0 | AQ8: 0 | AR8: 0 | AS8: 0 | AT8: 0 | AU8: 0 | AV8: 0 | AW8: =AW7 -> 50.6914 | AY8: 4 | AZ8: WR00L2L2 | BA8: 51968 | BB8: 224 | BC8: 2 | BD8: 8 | BE8: 632.58 | BF8: 147.92 | BG8: 45562 | BH8: 0.73944444 | BI8: =BI7 -> 148.28 | BJ8: =BJ7 -> #REF! | BK8: 4 | BL8: WR00L2L2 | BM8: 51968 | BN8: 224 | BO8: 2 | BP8: 8 | BQ8: 624.13 | BR8: 149.92 | BS8: 45563 | BT8: 0.25471065 | BU8: =BU7 -> 149.686 | BV8: =BV7 -> #REF! | BW8: 4 | BX8: WR00L2L2 | BY8: 51968 | BZ8: 224 | CA8: 2 | CB8: 8 | CC8: 627.02 | CD8: 149.23 | CE8: 45565 | CF8: 0.26716435 | CG8: =CG7 -> 149.19 | CH8: =CH7 -> #REF! | CI8: 4 | CJ8: WR00L2L2 | CK8: 51968 | CL8: 224 | CM8: 2 | CN8: 8 | CO8: 624.06 | CP8: 149.94 | CQ8: 45565 | CR8: 0.8684838 | CS8: =CS7 -> 149.766 | CT8: =CT7 -> #REF!
A9: atlarch-all-spec | B9: 0 | C9: WR00L2L2 | D9: 55200 | E9: 32 | F9: 1 | G9: 16 | H9: 2523.32 | I9: 44.44 | J9: 45546 | K9: 0.62935185 | L9: 0 | M9: 0 | N9: 0 | O9: 0 | P9: 0 | Q9: 0 | R9: 0 | S9: 0 | T9: 0 | U9: 0 | V9: 0 | W9: 0 | X9: =AVERAGE(I9:I13) -> 44.359 | Z9: linux_OpenBLAS | AA9: 0 | AB9: WR00L2L2 | AC9: 55200 | AD9: 32 | AE9: 1 | AF9: 16 | AG9: 2415.8 | AH9: 46.418 | AI9: 45553 | AJ9: 0.67644676 | AK9: 0 | AL9: 0 | AM9: 0 | AN9: 0 | AO9: 0 | AP9: 0 | AQ9: 0 | AR9: 0 | AS9: 0 | AT9: 0 | AU9: 0 | AV9: 0 | AW9: =AVERAGE(AH9:AH13) -> 46.3942 | AY9: 0 | AZ9: WR00L2L2 | BA9: 58368 | BB9: 192 | BC9: 2 | BD9: 8 | BE9: 897.67 | BF9: 147.68 | BG9: 45562 | BH9: 0.43796296 | BI9: =AVERAGE(BF9:BF13) -> 147.504 | BJ9: =100-(BI9/#REF!*100) -> #REF! | BK9: 0 | BL9: WR00L2L2 | BM9: 58368 | BN9: 192 | BO9: 2 | BP9: 8 | BQ9: 888.58 | BR9: 149.19 | BS9: 45562 | BT9: 0.97278935 | BU9: =AVERAGE(BR9:BR13) -> 149.188 | BV9: =100-(BU9/#REF!*100) -> #REF! | BW9: 0 | BX9: WR00L2L2 | BY9: 58368 | BZ9: 192 | CA9: 2 | CB9: 8 | CC9: 891.68 | CD9: 148.68 | CE9: 45564 | CF9: 0.96769676 | CG9: =AVERAGE(CD9:CD13) -> 148.748 | CH9: =100-(CG9/#REF!*100) -> #REF! | CI9: 0 | CJ9: WR00L2L2 | CK9: 58368 | CL9: 192 | CM9: 2 | CN9: 8 | CO9: 887.43 | CP9: 149.39 | CQ9: 45565 | CR9: 0.58559028 | CS9: =AVERAGE(CP9:CP13) -> 148.92 | CT9: =100-(CS9/#REF!*100) -> #REF!
A10: atlarch-all-spec | B10: 1 | C10: WR00L2L2 | D10: 55200 | E10: 32 | F10: 1 | G10: 16 | H10: 2534.87 | I10: 44.237 | J10: 45547 | K10: 0.72163194 | L10: 0 | M10: 0 | N10: 0 | O10: 0 | P10: 0 | Q10: 0 | R10: 0 | S10: 0 | T10: 0 | U10: 0 | V10: 0 | W10: 0 | X10: =X9 -> 44.359 | Z10: linux_OpenBLAS | AA10: 1 | AB10: WR00L2L2 | AC10: 55200 | AD10: 32 | AE10: 1 | AF10: 16 | AG10: 2425.6 | AH10: 46.23 | AI10: 45554 | AJ10: 0.62825231 | AK10: 0 | AL10: 0 | AM10: 0 | AN10: 0 | AO10: 0 | AP10: 0 | AQ10: 0 | AR10: 0 | AS10: 0 | AT10: 0 | AU10: 0 | AV10: 0 | AW10: =AW9 -> 46.3942 | AY10: 1 | AZ10: WR00L2L2 | BA10: 58368 | BB10: 192 | BC10: 2 | BD10: 8 | BE10: 902.73 | BF10: 146.86 | BG10: 45562 | BH10: 0.52556713 | BI10: =BI9 -> 147.504 | BJ10: =BJ9 -> #REF! | BK10: 1 | BL10: WR00L2L2 | BM10: 58368 | BN10: 192 | BO10: 2 | BP10: 8 | BQ10: 888.59 | BR10: 149.19 | BS10: 45563 | BT10: 0.054652778 | BU10: =BU9 -> 149.188 | BV10: =BV9 -> #REF! | BW10: 1 | BX10: WR00L2L2 | BY10: 58368 | BZ10: 192 | CA10: 2 | CB10: 8 | CC10: 888.35 | CD10: 149.23 | CE10: 45565 | CF10: 0.054571759 | CG10: =CG9 -> 148.748 | CH10: =CH9 -> #REF! | CI10: 1 | CJ10: WR00L2L2 | CK10: 58368 | CL10: 192 | CM10: 2 | CN10: 8 | CO10: 887.41 | CP10: 149.39 | CQ10: 45565 | CR10: 0.6675463 | CS10: =CS9 -> 148.92 | CT10: =CT9 -> #REF!
A11: atlarch-all-spec | B11: 2 | C11: WR00L2L2 | D11: 55200 | E11: 32 | F11: 1 | G11: 16 | H11: 2524.22 | I11: 44.424 | J11: 45548 | K11: 0.81266204 | L11: 0 | M11: 0 | N11: 0 | O11: 0 | P11: 0 | Q11: 0 | R11: 0 | S11: 0 | T11: 0 | U11: 0 | V11: 0 | W11: 0 | X11: =X10 -> 44.359 | Z11: linux_OpenBLAS | AA11: 2 | AB11: WR00L2L2 | AC11: 55200 | AD11: 32 | AE11: 1 | AF11: 16 | AG11: 2411.69 | AH11: 46.497 | AI11: 45555 | AJ11: 0.58045139 | AK11: 0 | AL11: 0 | AM11: 0 | AN11: 0 | AO11: 0 | AP11: 0 | AQ11: 0 | AR11: 0 | AS11: 0 | AT11: 0 | AU11: 0 | AV11: 0 | AW11: =AW10 -> 46.3942 | AY11: 2 | AZ11: WR00L2L2 | BA11: 58368 | BB11: 192 | BC11: 2 | BD11: 8 | BE11: 901.26 | BF11: 147.1 | BG11: 45562 | BH11: 0.61291667 | BI11: =BI10 -> 147.504 | BJ11: =BJ10 -> #REF! | BK11: 2 | BL11: WR00L2L2 | BM11: 58368 | BN11: 192 | BO11: 2 | BP11: 8 | BQ11: 890.18 | BR11: 148.93 | BS11: 45563 | BT11: 0.13644676 | BU11: =BU10 -> 149.188 | BV11: =BV10 -> #REF! | BW11: 2 | BX11: WR00L2L2 | BY11: 58368 | BZ11: 192 | CA11: 2 | CB11: 8 | CC11: 890.85 | CD11: 148.81 | CE11: 45565 | CF11: 0.14171296 | CG11: =CG10 -> 148.748 | CH11: =CH10 -> #REF! | CI11: 2 | CJ11: WR00L2L2 | CK11: 58368 | CL11: 192 | CM11: 2 | CN11: 8 | CO11: 892.28 | CP11: 148.58 | CQ11: 45565 | CR11: 0.74959491 | CS11: =CS10 -> 148.92 | CT11: =CT10 -> #REF!
A12: atlarch-all-spec | B12: 3 | C12: WR00L2L2 | D12: 55200 | E12: 32 | F12: 1 | G12: 16 | H12: 2530.19 | I12: 44.319 | J12: 45549 | K12: 0.90177083 | L12: 0 | M12: 0 | N12: 0 | O12: 0 | P12: 0 | Q12: 0 | R12: 0 | S12: 0 | T12: 0 | U12: 0 | V12: 0 | W12: 0 | X12: =X11 -> 44.359 | Z12: linux_OpenBLAS | AA12: 3 | AB12: WR00L2L2 | AC12: 55200 | AD12: 32 | AE12: 1 | AF12: 16 | AG12: 2424.7 | AH12: 46.247 | AI12: 45556 | AJ12: 0.5334838 | AK12: 0 | AL12: 0 | AM12: 0 | AN12: 0 | AO12: 0 | AP12: 0 | AQ12: 0 | AR12: 0 | AS12: 0 | AT12: 0 | AU12: 0 | AV12: 0 | AW12: =AW11 -> 46.3942 | AY12: 3 | AZ12: WR00L2L2 | BA12: 58368 | BB12: 192 | BC12: 2 | BD12: 8 | BE12: 898.05 | BF12: 147.62 | BG12: 45562 | BH12: 0.70053241 | BI12: =BI11 -> 147.504 | BJ12: =BJ11 -> #REF! | BK12: 3 | BL12: WR00L2L2 | BM12: 58368 | BN12: 192 | BO12: 2 | BP12: 8 | BQ12: 889.19 | BR12: 149.09 | BS12: 45563 | BT12: 0.21819444 | BU12: =BU11 -> 149.188 | BV12: =BV11 -> #REF! | BW12: 3 | BX12: WR00L2L2 | BY12: 58368 | BZ12: 192 | CA12: 2 | CB12: 8 | CC12: 889.62 | CD12: 149.02 | CE12: 45565 | CF12: 0.22868056 | CG12: =CG11 -> 148.748 | CH12: =CH11 -> #REF! | CI12: 3 | CJ12: WR00L2L2 | CK12: 58368 | CL12: 192 | CM12: 2 | CN12: 8 | CO12: 889.73 | CP12: 149 | CQ12: 45565 | CR12: 0.83203704 | CS12: =CS11 -> 148.92 | CT12: =CT11 -> #REF!
A13: atlarch-all-spec | B13: 4 | C13: WR00L2L2 | D13: 55200 | E13: 32 | F13: 1 | G13: 16 | H13: 2527.01 | I13: 44.375 | J13: 45550 | K13: 0.99101852 | L13: 0 | M13: 0 | N13: 0 | O13: 0 | P13: 0 | Q13: 0 | R13: 0 | S13: 0 | T13: 0 | U13: 0 | V13: 0 | W13: 0 | X13: =X12 -> 44.359 | Z13: linux_OpenBLAS | AA13: 4 | AB13: WR00L2L2 | AC13: 55200 | AD13: 32 | AE13: 1 | AF13: 16 | AG13: 2407.43 | AH13: 46.579 | AI13: 45557 | AJ13: 0.48622685 | AK13: 0 | AL13: 0 | AM13: 0 | AN13: 0 | AO13: 0 | AP13: 0 | AQ13: 0 | AR13: 0 | AS13: 0 | AT13: 0 | AU13: 0 | AV13: 0 | AW13: =AW12 -> 46.3942 | AY13: 4 | AZ13: WR00L2L2 | BA13: 58368 | BB13: 192 | BC13: 2 | BD13: 8 | BE13: 894.15 | BF13: 148.26 | BG13: 45562 | BH13: 0.78788194 | BI13: =BI12 -> 147.504 | BJ13: =BJ12 -> #REF! | BK13: 4 | BL13: WR00L2L2 | BM13: 58368 | BN13: 192 | BO13: 2 | BP13: 8 | BQ13: 886.5 | BR13: 149.54 | BS13: 45563 | BT13: 0.30006944 | BU13: =BU12 -> 149.188 | BV13: =BV12 -> #REF! | BW13: 4 | BX13: WR00L2L2 | BY13: 58368 | BZ13: 192 | CA13: 2 | CB13: 8 | CC13: 895.76 | CD13: 148 | CE13: 45565 | CF13: 0.31532407 | CG13: =CG12 -> 148.748 | CH13: =CH12 -> #REF! | CI13: 4 | CJ13: WR00L2L2 | CK13: 58368 | CL13: 192 | CM13: 2 | CN13: 8 | CO13: 894.3 | CP13: 148.24 | CQ13: 45565 | CR13: 0.91405093 | CS13: =CS12 -> 148.92 | CT13: =CT12 -> #REF!
A14: atlarch-all-spec | B14: 0 | C14: WR00L2L2 | D14: 58400 | E14: 32 | F14: 1 | G14: 16 | H14: 2981.7 | I14: 44.535 | J14: 45547 | K14: 0.0023958333 | L14: 0 | M14: 0 | N14: 0 | O14: 0 | P14: 0 | Q14: 0 | R14: 0 | S14: 0 | T14: 0 | U14: 0 | V14: 0 | W14: 0 | X14: =AVERAGE(I14:I18) -> 44.6292 | Z14: linux_OpenBLAS | AA14: 0 | AB14: WR00L2L2 | AC14: 58400 | AD14: 32 | AE14: 1 | AF14: 16 | AG14: 2671.78 | AH14: 49.701 | AI14: 45553 | AJ14: 0.99685185 | AK14: 0 | AL14: 0 | AM14: 0 | AN14: 0 | AO14: 0 | AP14: 0 | AQ14: 0 | AR14: 0 | AS14: 0 | AT14: 0 | AU14: 0 | AV14: 0 | AW14: =AVERAGE(AH14:AH18) -> 49.4576 | AY14: 0 | AZ14: WR00L2L2 | BA14: 55104 | BB14: 224 | BC14: 2 | BD14: 8 | BE14: 758.3 | BF14: 147.11 | BG14: 45562 | BH14: 0.41707176 | BI14: =AVERAGE(BF14:BF18) -> 147.034 | BJ14: =100-(BI14/#REF!*100) -> #REF! | BK14: 0 | BL14: WR00L2L2 | BM14: 55296 | BN14: 256 | BO14: 2 | BP14: 8 | BQ14: 767.98 | BR14: 146.78 | BS14: 45562 | BT14: 0.96222222 | BU14: =AVERAGE(BR14:BR18) -> 148.39 | BV14: =100-(BU14/#REF!*100) -> #REF! | BW14: 0 | BX14: WR00L2L2 | BY14: 58464 | BZ14: 224 | CA14: 2 | CB14: 8 | CC14: 897.16 | CD14: 148.5 | CE14: 45564 | CF14: 0.97894676 | CG14: =AVERAGE(CD14:CD18) -> 147.668 | CH14: =100-(CG14/#REF!*100) -> #REF! | CI14: 0 | CJ14: WR00L2L2 | CK14: 55104 | CL14: 224 | CM14: 2 | CN14: 8 | CO14: 749.63 | CP14: 148.81 | CQ14: 45565 | CR14: 0.56587963 | CS14: =AVERAGE(CP14:CP18) -> 148.314 | CT14: =100-(CS14/#REF!*100) -> #REF!
A15: atlarch-all-spec | B15: 1 | C15: WR00L2L2 | D15: 58400 | E15: 32 | F15: 1 | G15: 16 | H15: 2978.45 | I15: 44.583 | J15: 45548 | K15: 0.095023148 | L15: 0 | M15: 0 | N15: 0 | O15: 0 | P15: 0 | Q15: 0 | R15: 0 | S15: 0 | T15: 0 | U15: 0 | V15: 0 | W15: 0 | X15: =X14 -> 44.6292 | Z15: linux_OpenBLAS | AA15: 1 | AB15: WR00L2L2 | AC15: 58400 | AD15: 32 | AE15: 1 | AF15: 16 | AG15: 2680.9 | AH15: 49.532 | AI15: 45554 | AJ15: 0.94908565 | AK15: 0 | AL15: 0 | AM15: 0 | AN15: 0 | AO15: 0 | AP15: 0 | AQ15: 0 | AR15: 0 | AS15: 0 | AT15: 0 | AU15: 0 | AV15: 0 | AW15: =AW14 -> 49.4576 | AY15: 1 | AZ15: WR00L2L2 | BA15: 55104 | BB15: 224 | BC15: 2 | BD15: 8 | BE15: 766.27 | BF15: 145.58 | BG15: 45562 | BH15: 0.50444444 | BI15: =BI14 -> 147.034 | BJ15: =BJ14 -> #REF! | BK15: 1 | BL15: WR00L2L2 | BM15: 55296 | BN15: 256 | BO15: 2 | BP15: 8 | BQ15: 758.83 | BR15: 148.55 | BS15: 45563 | BT15: 0.044085648 | BU15: =BU14 -> 148.39 | BV15: =BV14 -> #REF! | BW15: 1 | BX15: WR00L2L2 | BY15: 58464 | BZ15: 224 | CA15: 2 | CB15: 8 | CC15: 909.79 | CD15: 146.44 | CE15: 45565 | CF15: 0.065960648 | CG15: =CG14 -> 147.668 | CH15: =CH14 -> #REF! | CI15: 1 | CJ15: WR00L2L2 | CK15: 55104 | CL15: 224 | CM15: 2 | CN15: 8 | CO15: 752.53 | CP15: 148.24 | CQ15: 45565 | CR15: 0.64797454 | CS15: =CS14 -> 148.314 | CT15: =CT14 -> #REF!
A16: atlarch-all-spec | B16: 2 | C16: WR00L2L2 | D16: 58400 | E16: 32 | F16: 1 | G16: 16 | H16: 2971.83 | I16: 44.683 | J16: 45549 | K16: 0.18482639 | L16: 0 | M16: 0 | N16: 0 | O16: 0 | P16: 0 | Q16: 0 | R16: 0 | S16: 0 | T16: 0 | U16: 0 | V16: 0 | W16: 0 | X16: =X15 -> 44.6292 | Z16: linux_OpenBLAS | AA16: 2 | AB16: WR00L2L2 | AC16: 58400 | AD16: 32 | AE16: 1 | AF16: 16 | AG16: 2689.98 | AH16: 49.364 | AI16: 45555 | AJ16: 0.90145833 | AK16: 0 | AL16: 0 | AM16: 0 | AN16: 0 | AO16: 0 | AP16: 0 | AQ16: 0 | AR16: 0 | AS16: 0 | AT16: 0 | AU16: 0 | AV16: 0 | AW16: =AW15 -> 49.4576 | AY16: 2 | AZ16: WR00L2L2 | BA16: 55104 | BB16: 224 | BC16: 2 | BD16: 8 | BE16: 754.59 | BF16: 147.83 | BG16: 45562 | BH16: 0.59201389 | BI16: =BI15 -> 147.034 | BJ16: =BJ15 -> #REF! | BK16: 2 | BL16: WR00L2L2 | BM16: 55296 | BN16: 256 | BO16: 2 | BP16: 8 | BQ16: 756.79 | BR16: 148.95 | BS16: 45563 | BT16: 0.12585648 | BU16: =BU15 -> 148.39 | BV16: =BV15 -> #REF! | BW16: 2 | BX16: WR00L2L2 | BY16: 58464 | BZ16: 224 | CA16: 2 | CB16: 8 | CC16: 898.14 | CD16: 148.34 | CE16: 45565 | CF16: 0.15297454 | CG16: =CG15 -> 147.668 | CH16: =CH15 -> #REF! | CI16: 2 | CJ16: WR00L2L2 | CK16: 55104 | CL16: 224 | CM16: 2 | CN16: 8 | CO16: 754.15 | CP16: 147.92 | CQ16: 45565 | CR16: 0.72989583 | CS16: =CS15 -> 148.314 | CT16: =CT15 -> #REF!
A17: atlarch-all-spec | B17: 3 | C17: WR00L2L2 | D17: 58400 | E17: 32 | F17: 1 | G17: 16 | H17: 2962.94 | I17: 44.817 | J17: 45550 | K17: 0.27416667 | L17: 0 | M17: 0 | N17: 0 | O17: 0 | P17: 0 | Q17: 0 | R17: 0 | S17: 0 | T17: 0 | U17: 0 | V17: 0 | W17: 0 | X17: =X16 -> 44.6292 | Z17: linux_OpenBLAS | AA17: 3 | AB17: WR00L2L2 | AC17: 58400 | AD17: 32 | AE17: 1 | AF17: 16 | AG17: 2697.97 | AH17: 49.218 | AI17: 45556 | AJ17: 0.85489583 | AK17: 0 | AL17: 0 | AM17: 0 | AN17: 0 | AO17: 0 | AP17: 0 | AQ17: 0 | AR17: 0 | AS17: 0 | AT17: 0 | AU17: 0 | AV17: 0 | AW17: =AW16 -> 49.4576 | AY17: 3 | AZ17: WR00L2L2 | BA17: 55104 | BB17: 224 | BC17: 2 | BD17: 8 | BE17: 756.82 | BF17: 147.4 | BG17: 45562 | BH17: 0.67961806 | BI17: =BI16 -> 147.034 | BJ17: =BJ16 -> #REF! | BK17: 3 | BL17: WR00L2L2 | BM17: 55296 | BN17: 256 | BO17: 2 | BP17: 8 | BQ17: 756.96 | BR17: 148.91 | BS17: 45563 | BT17: 0.20761574 | BU17: =BU16 -> 148.39 | BV17: =BV16 -> #REF! | BW17: 3 | BX17: WR00L2L2 | BY17: 58464 | BZ17: 224 | CA17: 2 | CB17: 8 | CC17: 899.71 | CD17: 148.08 | CE17: 45565 | CF17: 0.2399537 | CG17: =CG16 -> 147.668 | CH17: =CH16 -> #REF! | CI17: 3 | CJ17: WR00L2L2 | CK17: 55104 | CL17: 224 | CM17: 2 | CN17: 8 | CO17: 751.37 | CP17: 148.46 | CQ17: 45565 | CR17: 0.81237269 | CS17: =CS16 -> 148.314 | CT17: =CT16 -> #REF!
A18: atlarch-all-spec | B18: 4 | C18: WR00L2L2 | D18: 58400 | E18: 32 | F18: 1 | G18: 16 | H18: 2982.13 | I18: 44.528 | J18: 45551 | K18: 0.36256944 | L18: 0 | M18: 0 | N18: 0 | O18: 0 | P18: 0 | Q18: 0 | R18: 0 | S18: 0 | T18: 0 | U18: 0 | V18: 0 | W18: 0 | X18: =X17 -> 44.6292 | Z18: linux_OpenBLAS | AA18: 4 | AB18: WR00L2L2 | AC18: 58400 | AD18: 32 | AE18: 1 | AF18: 16 | AG18: 2684.06 | AH18: 49.473 | AI18: 45557 | AJ18: 0.80696759 | AK18: 0 | AL18: 0 | AM18: 0 | AN18: 0 | AO18: 0 | AP18: 0 | AQ18: 0 | AR18: 0 | AS18: 0 | AT18: 0 | AU18: 0 | AV18: 0 | AW18: =AW17 -> 49.4576 | AY18: 4 | AZ18: WR00L2L2 | BA18: 55104 | BB18: 224 | BC18: 2 | BD18: 8 | BE18: 757.55 | BF18: 147.25 | BG18: 45562 | BH18: 0.76693287 | BI18: =BI17 -> 147.034 | BJ18: =BJ17 -> #REF! | BK18: 4 | BL18: WR00L2L2 | BM18: 55296 | BN18: 256 | BO18: 2 | BP18: 8 | BQ18: 757.73 | BR18: 148.76 | BS18: 45563 | BT18: 0.28952546 | BU18: =BU17 -> 148.39 | BV18: =BV17 -> #REF! | BW18: 4 | BX18: WR00L2L2 | BY18: 58464 | BZ18: 224 | CA18: 2 | CB18: 8 | CC18: 906.41 | CD18: 146.98 | CE18: 45565 | CF18: 0.32667824 | CG18: =CG17 -> 147.668 | CH18: =CH17 -> #REF! | CI18: 4 | CJ18: WR00L2L2 | CK18: 55104 | CL18: 224 | CM18: 2 | CN18: 8 | CO18: 753.03 | CP18: 148.14 | CQ18: 45565 | CR18: 0.894375 | CS18: =CS17 -> 148.314 | CT18: =CT17 -> #REF!
A19: atlarch-all-spec | B19: 0 | C19: WR00L2L2 | D19: 52000 | E19: 32 | F19: 2 | G19: 8 | H19: 1952.26 | I19: 48.018 | J19: 45546 | K19: 0.34921296 | L19: 0 | M19: 0 | N19: 0 | O19: 0 | P19: 0 | Q19: 0 | R19: 0 | S19: 0 | T19: 0 | U19: 0 | V19: 0 | W19: 0 | X19: =AVERAGE(I19:I23) -> 48.0678 | Z19: linux_OpenBLAS | AA19: 0 | AB19: WR00L2L2 | AC19: 52000 | AD19: 32 | AE19: 2 | AF19: 8 | AG19: 1963.54 | AH19: 47.742 | AI19: 45553 | AJ19: 0.43105324 | AK19: 0 | AL19: 0 | AM19: 0 | AN19: 0 | AO19: 0 | AP19: 0 | AQ19: 0 | AR19: 0 | AS19: 0 | AT19: 0 | AU19: 0 | AV19: 0 | AW19: =AVERAGE(AH19:AH23) -> 47.7404 | AY19: 0 | AZ19: WR00L2L2 | BA19: 58464 | BB19: 224 | BC19: 2 | BD19: 8 | BE19: 908.45 | BF19: 146.65 | BG19: 45562 | BH19: 0.44935185 | BI19: =AVERAGE(BF19:BF23) -> 146.398 | BJ19: =100-(BI19/#REF!*100) -> #REF! | BK19: 0 | BL19: WR00L2L2 | BM19: 58368 | BN19: 256 | BO19: 2 | BP19: 8 | BQ19: 892.08 | BR19: 148.61 | BS19: 45562 | BT19: 0.9941088 | BU19: =AVERAGE(BR19:BR23) -> 148.354 | BV19: =100-(BU19/#REF!*100) -> #REF! | BW19: 0 | BX19: WR00L2L2 | BY19: 55104 | BZ19: 224 | CA19: 2 | CB19: 8 | CC19: 757.94 | CD19: 147.18 | CE19: 45564 | CF19: 0.946875 | CG19: =AVERAGE(CD19:CD23) -> 147.46 | CH19: =100-(CG19/#REF!*100) -> #REF! | CI19: 0 | CJ19: WR00L2L2 | CK19: 55296 | CL19: 256 | CM19: 2 | CN19: 8 | CO19: 767.25 | CP19: 146.92 | CQ19: 45565 | CR19: 0.57502315 | CS19: =AVERAGE(CP19:CP23) -> 148.208 | CT19: =100-(CS19/#REF!*100) -> #REF!
