Workbook

Sheet ATLAS make time results
C1: Single precision | S1: Double precision
C2: Real | K2: Complex | S2: Real | AA2: Complex
A3: Raspberry Pi 1B | C3: kSelMM | D3: kGenMM | E3: kMM_NT | F3: kMM_TN | G3: BIG_MM | H3: kMV_N | I3: kMV_T | J3: kGER | K3: kSelMM | L3: kGenMM | M3: kMM_NT | N3: kMM_TN | O3: BIG_MM | P3: kMV_N | Q3: kMV_T | R3: kGER | S3: kSelMM | T3: kGenMM | U3: kMM_NT | V3: kMM_TN | W3: BIG_MM | X3: kMV_N | Y3: kMV_T | Z3: kGER | AA3: kSelMM | AB3: kGenMM | AC3: kMM_NT | AD3: kMM_TN | AE3: BIG_MM | AF3: kMV_N | AG3: kMV_T | AH3: kGER
A4: 1 | B4: arch | C4: {=TRANSPOSE((OFFSET($D$18,(ROW(D1)-1)*8,0)):(OFFSET($D$25,(ROW(D1)-1)*8,0)))} -> 67.9 | D4: 28.9 | E4: 23 | F4: 27.7 | G4: 67.1 | H4: 5.5 | I4: 6.4 | J4: 5.1 | K4: {=TRANSPOSE((OFFSET($E$18,(ROW(E1)-1)*8,0)):(OFFSET($E$25,(ROW(E1)-1)*8,0)))} -> 64.4 | L4: 27.3 | M4: 22.6 | N4: 26.4 | O4: 68.2 | P4: 9.8 | Q4: 9.7 | R4: 8.9 | S4: {=TRANSPOSE((OFFSET($F$18,(ROW(F1)-1)*8,0)):(OFFSET($F$25,(ROW(F1)-1)*8,0)))} -> 18.3 | T4: 18.3 | U4: 13 | V4: 18.1 | W4: 18.5 | X4: 2.9 | Y4: 4.3 | Z4: 3 | AA4: {=TRANSPOSE((OFFSET($G$18,(ROW(G1)-1)*8,0)):(OFFSET($G$25,(ROW(G1)-1)*8,0)))} -> 17.7 | AB4: 17.7 | AC4: 12.2 | AD4: 15.6 | AE4: 18.6 | AF4: 6.7 | AG4: 8 | AH4: 5.4
A5: 2 | B5: arch-zk | C5: {=TRANSPOSE((OFFSET($D$18,(ROW(D2)-1)*8,0)):(OFFSET($D$25,(ROW(D2)-1)*8,0)))} -> 69.4 | D5: 29.8 | E5: 23.5 | F5: 28.3 | G5: 66.3 | H5: 5.4 | I5: 6.5 | J5: 5 | K5: {=TRANSPOSE((OFFSET($E$18,(ROW(E2)-1)*8,0)):(OFFSET($E$25,(ROW(E2)-1)*8,0)))} -> 66.1 | L5: 28.4 | M5: 23.2 | N5: 27.2 | O5: 68.9 | P5: 9.9 | Q5: 9.8 | R5: 9 | S5: {=TRANSPOSE((OFFSET($F$18,(ROW(F2)-1)*8,0)):(OFFSET($F$25,(ROW(F2)-1)*8,0)))} -> 18.7 | T5: 18.7 | U5: 13.2 | V5: 18.3 | W5: 18.3 | X5: 2.9 | Y5: 4.4 | Z5: 3 | AA5: {=TRANSPOSE((OFFSET($G$18,(ROW(G2)-1)*8,0)):(OFFSET($G$25,(ROW(G2)-1)*8,0)))} -> 18.1 | AB5: 18.1 | AC5: 12.4 | AD5: 16 | AE5: 18.7 | AF5: 6.8 | AG5: 8.2 | AH5: 5.5
A6: 3 | B6: arch-tune | C6: {=TRANSPOSE((OFFSET($D$18,(ROW(D3)-1)*8,0)):(OFFSET($D$25,(ROW(D3)-1)*8,0)))} -> 69 | D6: 29.9 | E6: 23.5 | F6: 28.2 | G6: 67.6 | H6: 5.4 | I6: 6.5 | J6: 5 | K6: {=TRANSPOSE((OFFSET($E$18,(ROW(E3)-1)*8,0)):(OFFSET($E$25,(ROW(E3)-1)*8,0)))} -> 66.2 | L6: 28.8 | M6: 23.2 | N6: 27.2 | O6: 69 | P6: 10 | Q6: 9.8 | R6: 9 | S6: {=TRANSPOSE((OFFSET($F$18,(ROW(F3)-1)*8,0)):(OFFSET($F$25,(ROW(F3)-1)*8,0)))} -> 18.7 | T6: 18.7 | U6: 13.4 | V6: 18.5 | W6: 18.7 | X6: 2.9 | Y6: 4.4 | Z6: 3.1 | AA6: {=TRANSPOSE((OFFSET($G$18,(ROW(G3)-1)*8,0)):(OFFSET($G$25,(ROW(G3)-1)*8,0)))} -> 18.1 | AB6: 18.1 | AC6: 12.3 | AD6: 15.8 | AE6: 18.9 | AF6: 6.8 | AG6: 8.2 | AH6: 5.5
A7: 4 | B7: arch-zk-tune | C7: {=TRANSPOSE((OFFSET($D$18,(ROW(D4)-1)*8,0)):(OFFSET($D$25,(ROW(D4)-1)*8,0)))} -> 69.1 | D7: 29.8 | E7: 23.5 | F7: 28.2 | G7: 65.7 | H7: 5.4 | I7: 6.5 | J7: 5 | K7: {=TRANSPOSE((OFFSET($E$18,(ROW(E4)-1)*8,0)):(OFFSET($E$25,(ROW(E4)-1)*8,0)))} -> 65.4 | L7: 28.9 | M7: 23.2 | N7: 27.2 | O7: 68.5 | P7: 9.9 | Q7: 9.8 | R7: 9 | S7: {=TRANSPOSE((OFFSET($F$18,(ROW(F4)-1)*8,0)):(OFFSET($F$25,(ROW(F4)-1)*8,0)))} -> 18.6 | T7: 18.6 | U7: 13.2 | V7: 18.3 | W7: 18.4 | X7: 2.9 | Y7: 4.4 | Z7: 3.1 | AA7: {=TRANSPOSE((OFFSET($G$18,(ROW(G4)-1)*8,0)):(OFFSET($G$25,(ROW(G4)-1)*8,0)))} -> 18 | AB7: 18 | AC7: 12.3 | AD7: 15.8 | AE7: 18.6 | AF7: 6.8 | AG7: 8.1 | AH7: 5.5
A8: 5 | B8: arch-flags | C8: {=TRANSPOSE((OFFSET($D$18,(ROW(D5)-1)*8,0)):(OFFSET($D$25,(ROW(D5)-1)*8,0)))} -> 69.7 | D8: 69.7 | E8: 58.9 | F8: 68.3 | G8: 66.7 | H8: 9.6 | I8: 8.6 | J8: 7.2 | K8: {=TRANSPOSE((OFFSET($E$18,(ROW(E5)-1)*8,0)):(OFFSET($E$25,(ROW(E5)-1)*8,0)))} -> 68 | L8: 68 | M8: 59.2 | N8: 65.4 | O8: 70.1 | P8: 23.9 | Q8: 19.7 | R8: 21.5 | S8: {=TRANSPOSE((OFFSET($F$18,(ROW(F5)-1)*8,0)):(OFFSET($F$25,(ROW(F5)-1)*8,0)))} -> 44.2 | T8: 44.2 | U8: 32.4 | V8: 37.8 | W8: 36.1 | X8: 5.3 | Y8: 5.5 | Z8: 3.6 | AA8: {=TRANSPOSE((OFFSET($G$18,(ROW(G5)-1)*8,0)):(OFFSET($G$25,(ROW(G5)-1)*8,0)))} -> 45.3 | AB8: 45.3 | AC8: 33.1 | AD8: 35.3 | AE8: 41.6 | AF8: 10 | AG8: 14 | AH8: 7.8
A9: 6 | B9: arch-zk-flags | C9: {=TRANSPOSE((OFFSET($D$18,(ROW(D6)-1)*8,0)):(OFFSET($D$25,(ROW(D6)-1)*8,0)))} -> 73 | D9: 72.4 | E9: 54.7 | F9: 63.7 | G9: 69.9 | H9: 9.6 | I9: 8.6 | J9: 7.3 | K9: {=TRANSPOSE((OFFSET($E$18,(ROW(E6)-1)*8,0)):(OFFSET($E$25,(ROW(E6)-1)*8,0)))} -> 68 | L9: 68 | M9: 59.2 | N9: 65.5 | O9: 70.1 | P9: 21.2 | Q9: 20.3 | R9: 19 | S9: {=TRANSPOSE((OFFSET($F$18,(ROW(F6)-1)*8,0)):(OFFSET($F$25,(ROW(F6)-1)*8,0)))} -> 44.2 | T9: 44.2 | U9: 34.6 | V9: 43.4 | W9: 41.5 | X9: 5.3 | Y9: 5.9 | Z9: 3.9 | AA9: {=TRANSPOSE((OFFSET($G$18,(ROW(G6)-1)*8,0)):(OFFSET($G$25,(ROW(G6)-1)*8,0)))} -> 45.3 | AB9: 45.3 | AC9: 33 | AD9: 30.8 | AE9: 45.3 | AF9: 10.7 | AG9: 13.9 | AH9: 7.8
A10: 7 | B10: arch-tune-flags | C10: {=TRANSPOSE((OFFSET($D$18,(ROW(D7)-1)*8,0)):(OFFSET($D$25,(ROW(D7)-1)*8,0)))} -> 72.9 | D10: 72.3 | E10: 58.5 | F10: 67.9 | G10: 69.8 | H10: 9.4 | I10: 8.6 | J10: 7.3 | K10: {=TRANSPOSE((OFFSET($E$18,(ROW(E7)-1)*8,0)):(OFFSET($E$25,(ROW(E7)-1)*8,0)))} -> 67.7 | L10: 67.7 | M10: 59 | N10: 65.3 | O10: 70.1 | P10: 21.1 | Q10: 19.8 | R10: 19 | S10: {=TRANSPOSE((OFFSET($F$18,(ROW(F7)-1)*8,0)):(OFFSET($F$25,(ROW(F7)-1)*8,0)))} -> 44.1 | T10: 44.1 | U10: 34.8 | V10: 43.9 | W10: 41.9 | X10: 5.2 | Y10: 5.8 | Z10: 3.9 | AA10: {=TRANSPOSE((OFFSET($G$18,(ROW(G7)-1)*8,0)):(OFFSET($G$25,(ROW(G7)-1)*8,0)))} -> 45.1 | AB10: 45.1 | AC10: 32.8 | AD10: 30.6 | AE10: 45.6 | AF10: 10.6 | AG10: 13.8 | AH10: 7.7
A11: 8 | B11: arch-zk-tune-flags | C11: {=TRANSPOSE((OFFSET($D$18,(ROW(D8)-1)*8,0)):(OFFSET($D$25,(ROW(D8)-1)*8,0)))} -> 72.8 | D11: 72.3 | E11: 54.9 | F11: 63.6 | G11: 69.9 | H11: 9.4 | I11: 8.6 | J11: 7.3 | K11: {=TRANSPOSE((OFFSET($E$18,(ROW(E8)-1)*8,0)):(OFFSET($E$25,(ROW(E8)-1)*8,0)))} -> 67.6 | L11: 67.6 | M11: 58.9 | N11: 65.2 | O11: 70 | P11: 21 | Q11: 19.5 | R11: 19 | S11: {=TRANSPOSE((OFFSET($F$18,(ROW(F8)-1)*8,0)):(OFFSET($F$25,(ROW(F8)-1)*8,0)))} -> 44.1 | T11: 44.1 | U11: 34.4 | V11: 43 | W11: 41.1 | X11: 5.2 | Y11: 5.4 | Z11: 3.9 | AA11: {=TRANSPOSE((OFFSET($G$18,(ROW(G8)-1)*8,0)):(OFFSET($G$25,(ROW(G8)-1)*8,0)))} -> 45.1 | AB11: 45.1 | AC11: 32.6 | AD11: 29.8 | AE11: 45.3 | AF11: 10.6 | AG11: 13.8 | AH11: 7.7
C17: Raspi1B
B18: 1 | C18: kSelMM | D18: 67.9 | E18: 64.4 | F18: 18.3 | G18: 17.7
C19: kGenMM | D19: 28.9 | E19: 27.3 | F19: 18.3 | G19: 17.7
C20: kMM_NT | D20: 23 | E20: 22.6 | F20: 13 | G20: 12.2
C21: kMM_TN | D21: 27.7 | E21: 26.4 | F21: 18.1 | G21: 15.6
C22: BIG_MM | D22: 67.1 | E22: 68.2 | F22: 18.5 | G22: 18.6
C23: kMV_N | D23: 5.5 | E23: 9.8 | F23: 2.9 | G23: 6.7
C24: kMV_T | D24: 6.4 | E24: 9.7 | F24: 4.3 | G24: 8
C25: kGER | D25: 5.1 | E25: 8.9 | F25: 3 | G25: 5.4
B26: 2 | C26: kSelMM | D26: 69.4 | E26: 66.1 | F26: 18.7 | G26: 18.1
C27: kGenMM | D27: 29.8 | E27: 28.4 | F27: 18.7 | G27: 18.1
C28: kMM_NT | D28: 23.5 | E28: 23.2 | F28: 13.2 | G28: 12.4
C29: kMM_TN | D29: 28.3 | E29: 27.2 | F29: 18.3 | G29: 16
C30: BIG_MM | D30: 66.3 | E30: 68.9 | F30: 18.3 | G30: 18.7
C31: kMV_N | D31: 5.4 | E31: 9.9 | F31: 2.9 | G31: 6.8
C32: kMV_T | D32: 6.5 | E32: 9.8 | F32: 4.4 | G32: 8.2
C33: kGER | D33: 5 | E33: 9 | F33: 3 | G33: 5.5
B34: 3 | C34: kSelMM | D34: 69 | E34: 66.2 | F34: 18.7 | G34: 18.1
C35: kGenMM | D35: 29.9 | E35: 28.8 | F35: 18.7 | G35: 18.1
C36: kMM_NT | D36: 23.5 | E36: 23.2 | F36: 13.4 | G36: 12.3
C37: kMM_TN | D37: 28.2 | E37: 27.2 | F37: 18.5 | G37: 15.8
C38: BIG_MM | D38: 67.6 | E38: 69 | F38: 18.7 | G38: 18.9
C39: kMV_N | D39: 5.4 | E39: 10 | F39: 2.9 | G39: 6.8
C40: kMV_T | D40: 6.5 | E40: 9.8 | F40: 4.4 | G40: 8.2
C41: kGER | D41: 5 | E41: 9 | F41: 3.1 | G41: 5.5
B42: 4 | C42: kSelMM | D42: 69.1 | E42: 65.4 | F42: 18.6 | G42: 18
C43: kGenMM | D43: 29.8 | E43: 28.9 | F43: 18.6 | G43: 18
C44: kMM_NT | D44: 23.5 | E44: 23.2 | F44: 13.2 | G44: 12.3
C45: kMM_TN | D45: 28.2 | E45: 27.2 | F45: 18.3 | G45: 15.8
C46: BIG_MM | D46: 65.7 | E46: 68.5 | F46: 18.4 | G46: 18.6
C47: kMV_N | D47: 5.4 | E47: 9.9 | F47: 2.9 | G47: 6.8
C48: kMV_T | D48: 6.5 | E48: 9.8 | F48: 4.4 | G48: 8.1
C49: kGER | D49: 5 | E49: 9 | F49: 3.1 | G49: 5.5
B50: 5 | C50: kSelMM | D50: 69.7 | E50: 68 | F50: 44.2 | G50: 45.3
C51: kGenMM | D51: 69.7 | E51: 68 | F51: 44.2 | G51: 45.3
C52: kMM_NT | D52: 58.9 | E52: 59.2 | F52: 32.4 | G52: 33.1
C53: kMM_TN | D53: 68.3 | E53: 65.4 | F53: 37.8 | G53: 35.3
C54: BIG_MM | D54: 66.7 | E54: 70.1 | F54: 36.1 | G54: 41.6
C55: kMV_N | D55: 9.6 | E55: 23.9 | F55: 5.3 | G55: 10
C56: kMV_T | D56: 8.6 | E56: 19.7 | F56: 5.5 | G56: 14
C57: kGER | D57: 7.2 | E57: 21.5 | F57: 3.6 | G57: 7.8
B58: 6 | C58: kSelMM | D58: 73 | E58: 68 | F58: 44.2 | G58: 45.3
C59: kGenMM | D59: 72.4 | E59: 68 | F59: 44.2 | G59: 45.3
C60: kMM_NT | D60: 54.7 | E60: 59.2 | F60: 34.6 | G60: 33
C61: kMM_TN | D61: 63.7 | E61: 65.5 | F61: 43.4 | G61: 30.8
C62: BIG_MM | D62: 69.9 | E62: 70.1 | F62: 41.5 | G62: 45.3
C63: kMV_N | D63: 9.6 | E63: 21.2 | F63: 5.3 | G63: 10.7
C64: kMV_T | D64: 8.6 | E64: 20.3 | F64: 5.9 | G64: 13.9
C65: kGER | D65: 7.3 | E65: 19 | F65: 3.9 | G65: 7.8
B66: 7 | C66: kSelMM | D66: 72.9 | E66: 67.7 | F66: 44.1 | G66: 45.1
C67: kGenMM | D67: 72.3 | E67: 67.7 | F67: 44.1 | G67: 45.1
C68: kMM_NT | D68: 58.5 | E68: 59 | F68: 34.8 | G68: 32.8
C69: kMM_TN | D69: 67.9 | E69: 65.3 | F69: 43.9 | G69: 30.6
C70: BIG_MM | D70: 69.8 | E70: 70.1 | F70: 41.9 | G70: 45.6
C71: kMV_N | D71: 9.4 | E71: 21.1 | F71: 5.2 | G71: 10.6
C72: kMV_T | D72: 8.6 | E72: 19.8 | F72: 5.8 | G72: 13.8
C73: kGER | D73: 7.3 | E73: 19 | F73: 3.9 | G73: 7.7
B74: 8 | C74: kSelMM | D74: 72.8 | E74: 67.6 | F74: 44.1 | G74: 45.1
C75: kGenMM | D75: 72.3 | E75: 67.6 | F75: 44.1 | G75: 45.1
C76: kMM_NT | D76: 54.9 | E76: 58.9 | F76: 34.4 | G76: 32.6
C77: kMM_TN | D77: 63.6 | E77: 65.2 | F77: 43 | G77: 29.8
C78: BIG_MM | D78: 69.9 | E78: 70 | F78: 41.1 | G78: 45.3
C79: kMV_N | D79: 9.4 | E79: 21 | F79: 5.2 | G79: 10.6
C80: kMV_T | D80: 8.6 | E80: 19.5 | F80: 5.4 | G80: 13.8
C81: kGER | D81: 7.3 | E81: 19 | F81: 3.9 | G81: 7.7

Sheet Arch details
A1: SBC | B1: Cores | C1: march | D1: mcpu | E1: mtune | F1: fpu | G1: mfloat-abi | J1: ostalo | K1: ostalo (Thumb)
A2: Rpi 1B | C2: armv6 | D2: arm1176jzf-s | E2: arm1176jzf-s | F2: vfpv2 (alias is vfp) | G2: hard | K2: Thumb | L2: 16KB L1 and no L2
A3: Cubieboard2 | C3: armv7-a | D3: cortex-a7 | E3: cortex-a7 | F3: neon-vfpv4 | G3: hard | J3: -funsafe-math-optimizations | K3: Thumb-2
A4: OdroidU3 | C4: armv7-a | D4: cortex-a9 | E4: cortex-a9 | F4: neon-vfpv3 (alias is neon) | G4: hard | J4: -funsafe-math-optimizations | K4: Thumb or Thumb-2 | L4: 1MB L2 cache total? From paper…
A5: OdroidMC1 | B5: LITTLE | C5: armv7-a | D5: cortex-a7 | E5: cortex-a7 | F5: neon-vfpv4 | G5: hard | J5: -funsafe-math-optimizations | K5: Thumb-2 | L5: 2 sockets, 2,5MB L2 cache per socket
B6: Big | C6: armv7-a | D6: cortex-a15 | E6: cortex-a15 | F6: neon-vfpv4 | G6: hard | J6: -funsafe-math-optimizations | K6: Thumb-2
A12: HPL Runs (fixed parameters) | C12: Number of nodes | D12: Node | E12: Total memory of a node (kB) | F12: N, alpha | G12: N, alpha (NB round) | H12: N, beta | I12: N, beta (NB round) | J12: NB | K12: P | L12: Q | M12: Ns difference | N12: Half of the Ns difference | O12: N1 | P12: N2 | Q12: N3
A13: Number of nodes | B13: 4 | C13: 1 | D13: RPi | E13: 489064 | F13: =$B$14*SQRT(($C13*$E13*1024)/8) -> 6329.6226 | G13: =_xlfn.CEILING.MATH(F13/J13)*J13 -> 6336 | H13: =SQRT($B$14*($C13*$E13*1024)/8) -> 7076.7333 | I13: =_xlfn.CEILING.MATH(H13/J13)*J13 -> 7104 | J13: 64 | K13: 1 | L13: 1 | M13: =I13-G13 -> 768 | N13: =M13/2 -> 384 | O13: =G13 -> 6336 | P13: =_xlfn.CEILING.MATH((O13+N13)/J13)*J13 -> 6720 | Q13: =_xlfn.CEILING.MATH((P13+N13)/J13)*J13 -> 7104
A14: Percentage of mem | B14: 0.8 | C14: 4 | D14: RPi | E14: 489064 | F14: =$B$14*SQRT(($B$13*$E14*1024)/8) -> 12659.245 | G14: =_xlfn.CEILING.MATH(F14/J14)*J14 -> 12672 | H14: =SQRT($B$14*($B$13*$E14*1024)/8) -> 14153.467 | I14: =_xlfn.CEILING.MATH(H14/J14)*J14 -> 14208 | J14: 64 | K14: 1 | L14: 4 | M14: =I14-G14 -> 1536 | N14: =M14/2 -> 768 | O14: =G14 -> 12672 | P14: =_xlfn.CEILING.MATH((O14+N14)/J14)*J14 -> 13440 | Q14: =_xlfn.CEILING.MATH((P14+N14)/J14)*J14 -> 14208

Sheet HPL_Builds
A1: Raspberry Pi 1B | C1: Flags used for building ATLAS | D1: Flags used for flagsearching - mandatory | E1: Flags used for building HPL | F1: Machine setup for building HPL | G1: Ran? | H1: NOTE
A2: 1 | B2: arch | C2: -D c -DWALL -b 32 -F al "-march=armv6" | D2: -march=armv6 | E2: -march=armv6 | F2: raspi01
A3: 2 | B3: arch-zk | C3: -D c -DWALL -b 32 -F al "-march=armv6zk" | D3: -march=armv6zk | E3: -march=armv6zk | F3: raspi03
A4: 3 | B4: arch-tune | C4: -D c -DWALL -b 32 -F al "-march=armv6 -mtune=arm1176jzf-s -mfpu=vfp -mfloat-abi=hard" | D4: -march=armv6 -mtune=arm1176jzf-s -mfpu=vfp -mfloat-abi=hard | E4: -march=armv6 -mtune=arm1176jzf-s -mfpu=vfp -mfloat-abi=hard | F4: raspi02
A5: 4 | B5: arch-zk-tune | C5: -D c -DWALL -b 32 -V 1 -F al "-march=armv6zk -mtune=arm1176jzf-s -mfpu=vfp -mfloat-abi=hard" | D5: -march=armv6zk -mtune=arm1176jzf-s -mfpu=vfp -mfloat-abi=hard | E5: -march=armv6zk -mtune=arm1176jzf-s -mfpu=vfp -mfloat-abi=hard | F5: raspi03
A6: 5 | B6: arch-flags | C6: -D c -DWALL -b 32 -V 1 -F al "-O1 -march=armv6 -fschedule-insns2 -mtune=arm1176jzf-s" | D6: -w | E6: -O1 -march=armv6 -fschedule-insns2 -mtune=arm1176jzf-s | F6: raspi01
A7: 6 | B7: arch-zk-flags | C7: -D c -DWALL -b 32 -V 1 -F al "-Os -march=armv6zk" | D7: -w | E7: -Os -march=armv6zk | F7: raspi02
A8: 7 | B8: arch-tune-flags | C8: -D c -DWALL -b 32 -V 1 -F al "-Os -march=armv6 -mtune=arm1176jzf-s -mfpu=vfp -mfloat-abi=hard" | D8: -w | E8: -Os -march=armv6 -mtune=arm1176jzf-s -mfpu=vfp -mfloat-abi=hard | F8: raspi02
A9: 8 | B9: arch-zk-tune-flags | C9: -D c -DWALL -b 32 -V 1 -F al "-Os -march=armv6zk -mtune=arm1176jzf-s -mfpu=vfp -mfloat-abi=hard" | D9: -w | E9: -Os -march=armv6zk -mtune=arm1176jzf-s -mfpu=vfp -mfloat-abi=hard | F9: raspi04
A10: 9 | B10: x-none | C10: -D c -DWALL -b 32 -V 1 | D10: -w | F10: raspi01
A11: 10 | B11: x-no-arch | C11: -D c -DWALL -b 32 -V 1 -Si archdef 0 | D11: -w | F11: raspi02
A12: 11 | B12: x-cpu | C12: -D c -DWALL -b 32 -V 1 -F al "-mcpu=arm1176jzf-s" | D12: -mcpu=arm1176jzf-s | E12: -mcpu=arm1176jzf-s | F12: raspi03
A13: 12 | B13: x-arch-native | C13: -D c -DWALL -b 32 -V 1 -F al "-march=native" | D13: -march=native | F13: raspi04
A14: 13 | B14: x-cpu-append | C14: -D c -DWALL -b 32 -V 1 -Fa al "-mcpu=arm1176jzf-s" | D14: -mcpu=arm1176jzf-s | E14: -mcpu=arm1176jzf-s
A15: 14 | B15: x-cpu-native | C15: -D c -DWALL -b 32 -V 1 -F al "-mcpu=native" | D15: -mcpu=native | E15: -mcpu=native
A16: 15 | B16: x-none-flags | C16: -D c -DWALL -b 32 -V 1 -F al "-O1 -march=armv6zk -fschedule-insns -fselective-scheduling" | D16: -O1 -march=armv6zk -fschedule-insns -fselective-scheduling | E16: -O1 -march=armv6zk -fschedule-insns -fselective-scheduling
A17: 16 | B17: x-no-arch-flags | C17: -D c -DWALL -b 32 -V 1 -Si archdef 0 -F al "-O1 -march=armv6zk -fschedule-insns2 -frename-registers" | H17: Not built
A18: 17 | B18: x-cpu-flags | C18: -D c -DWALL -b 32 -V 1 -F al "-Os -mcpu=arm1176jzf-s -mfpu=vfp -mfloat-abi=hard" | E18: -Os -mcpu=arm1176jzf-s -mfpu=vfp -mfloat-abi=hard
A19: 18 | B19: x-arch-native-flags | C19: -D c -DWALL -b 32 -V 1 -F al "-O1 -march=native -fschedule-insns2" | E19: -O1 -march=native -fschedule-insns2
A20: 19 | B20: arch-tune-flags-nof77 | C20: -D c -DWALL -b 32 --nof77 -V 1 -F al "-Os -march=armv6 -mtune=arm1176jzf-s -mfpu=vfp -mfloat-abi=hard" | F20: raspi02 | H20: Not built?
A21: 20 | B21: arch-tune-flags-wfort | C21: The same ATLAS build as build 7 | E21: -Os -march=armv6 -mtune=arm1176jzf-s -mfpu=vfp -mfloat-abi=hard | F21: raspi01 | H21: Using the same ATLAS build as build 7, only HPL is different
A22: 21 | B22: arch-tune-flags-nohplopt | C22: The same ATLAS build as build 7 | E22: - | F22: raspi01 | H22: Without arch flags in HPL build, same ATLAS build as build 7

Sheet ATLAS builds
A1: Raspberry Pi 1B | C1: Flags used for building | D1: Flags used for flagsearching - mandatory | E1: Flags used for flagsearching - optional | F1: Machine originally built on | G1: Needs flagsearching | H1: Flagsearched (d) | I1: Flagsearched (s) No need! HPL uses only double precision! See ATLAS install manual | J1: Flagsearched (Td) | K1: Kernel | M1: NOTE | O1: TODO
A2: 1 | B2: arch | C2: -D c -DWALL -b 32 -F al "-march=armv6" | D2: -march=armv6 | E2: -mtune=arm1176jzf-s -mcpu=arm1176jzf-s -mfpu=vfp -mfloat-abi=hard | F2: raspi01 | O2: In progress
A3: 2 | B3: arch-zk | C3: -D c -DWALL -b 32 -F al "-march=armv6zk" | D3: -march=armv6zk | E3: -mtune=arm1176jzf-s -mcpu=arm1176jzf-s -mfpu=vfp -mfloat-abi=hard | F3: raspi03 | O3: Freshly finished
A4: 3 | B4: arch-tune | C4: -D c -DWALL -b 32 -F al "-march=armv6 -mtune=arm1176jzf-s -mfpu=vfp -mfloat-abi=hard" | D4: -march=armv6 -mtune=arm1176jzf-s -mfpu=vfp -mfloat-abi=hard | E4: -mcpu=arm1176jzf-s | F4: raspi02 | O4: Done
A5: 4 | B5: arch-zk-tune | C5: -D c -DWALL -b 32 -V 1 -F al "-march=armv6zk -mtune=arm1176jzf-s -mfpu=vfp -mfloat-abi=hard" | D5: -march=armv6zk -mtune=arm1176jzf-s -mfpu=vfp -mfloat-abi=hard | E5: -mcpu=arm1176jzf-s | F5: raspi03 | O5: TODO with the same settings!
A6: 5 | B6: arch-flags | C6: -D c -DWALL -b 32 -V 1 -F al "-O1 -march=armv6 -fschedule-insns2 -mtune=arm1176jzf-s" | D6: -w | E6: -march=armv6zk -march=armv6 -mtune=arm1176jzf-s -mcpu=arm1176jzf-s -mfpu=vfp -mfloat-abi=hard | F6: raspi01
A7: 6 | B7: arch-zk-flags | C7: -D c -DWALL -b 32 -V 1 -F al "-Os -march=armv6zk" | D7: -w | E7: -march=armv6zk -march=armv6 -mtune=arm1176jzf-s -mcpu=arm1176jzf-s -mfpu=vfp -mfloat-abi=hard | F7: raspi02
A8: 7 | B8: arch-tune-flags | C8: -D c -DWALL -b 32 -V 1 -F al "-Os -march=armv6 -mtune=arm1176jzf-s -mfpu=vfp -mfloat-abi=hard" | D8: -Os -march=armv6 -mtune=arm1176jzf-s -mfpu=vfp -mfloat-abi=hard | F8: raspi03
A9: 8 | B9: arch-zk-tune-flags | C9: -D c -DWALL -b 32 -V 1 -F al "-Os -march=armv6zk -mtune=arm1176jzf-s -mfpu=vfp -mfloat-abi=hard" | D9: -w | E9: -march=armv6zk -march=armv6 -mtune=arm1176jzf-s -mcpu=arm1176jzf-s -mfpu=vfp -mfloat-abi=hard | F9: raspi04
A10: 9 | B10: x-none | C10: -D c -DWALL -b 32 -V 1 | D10: -w | E10: -march=armv6zk -march=armv6 -mtune=arm1176jzf-s -mcpu=arm1176jzf-s -mfpu=vfp -mfloat-abi=hard | F10: raspi01
A11: 10 | B11: x-no-arch | C11: -D c -DWALL -b 32 -V 1 -Si archdef 0 | D11: -w | E11: -march=armv6zk -march=armv6 -mtune=arm1176jzf-s -mcpu=arm1176jzf-s -mfpu=vfp -mfloat-abi=hard | F11: raspi02
A12: 11 | B12: x-cpu | C12: -D c -DWALL -b 32 -V 1 -F al "-mcpu=arm1176jzf-s" | D12: -mcpu=arm1176jzf-s | E12: -mfpu=vfp -mfloat-abi=hard | F12: raspi03
A13: 12 | B13: x-arch-native | C13: -D c -DWALL -b 32 -V 1 -F al "-march=native" | D13: -march=native | E13: -mtune=arm1176jzf-s -mfpu=vfp -mfloat-abi=hard | F13: raspi04
A14: 13 | B14: x-cpu-append | C14: -D c -DWALL -b 32 -V 1 -Fa al "-mcpu=arm1176jzf-s" | D14: -mcpu=arm1176jzf-s | E14: -mfpu=vfp -mfloat-abi=hard | F14: raspi02
A15: 14 | B15: x-cpu-native | C15: -D c -DWALL -b 32 -V 1 -F al "-mcpu=native" | D15: -mcpu=native | E15: -mfpu=vfp -mfloat-abi=hard | F15: raspi04
A16: 15 | B16: x-none-flags | C16: -D c -DWALL -b 32 -V 1 -F al "-O1 -march=armv6zk -fschedule-insns -fselective-scheduling" | D16: -O1 -march=armv6zk -fschedule-insns -fselective-scheduling | E16: -march=armv6 -mtune=arm1176jzf-s -mfpu=vfp -mfloat-abi=hard | F16: raspi01
A17: 16 | B17: x-no-arch-flags | C17: -D c -DWALL -b 32 -V 1 -Si archdef 0 -F al "-O1 -march=armv6zk -fschedule-insns2 -frename-registers" | F17: raspi02 | M17: Pokrenuo build atlasa na raspi03, error bacio negdje na sred buildanja, sada sam probao na raspi02 jer je tamo i originalni build napravljen. Bacio error i na raspi02, vjerojatno kombinacije flagova nisu dobre
A18: 17 | B18: x-cpu-flags | C18: -D c -DWALL -b 32 -V 1 -F al "-Os -mcpu=arm1176jzf-s -mfpu=vfp -mfloat-abi=hard" | F18: raspi01
A19: 18 | B19: x-arch-native-flags | C19: -D c -DWALL -b 32 -V 1 -F al "-O1 -march=native -fschedule-insns2" | F19: raspi03
A20: 19 | B20: arch-tune-flags-nof77 | C20: -D c -DWALL -b 32 --nof77 -V 1 -F al "-Os -march=armv6 -mtune=arm1176jzf-s -mfpu=vfp -mfloat-abi=hard" | F20: raspi02 | M20: Did not create HPL for this one

Sheet HPL 4 nodes, builds
A1: Max avg. GFLOPS (and params): | B1: =INDEX(A:A,MATCH(MAX($K:$K),$K:$K,0)) -> arch-tune-flags | F1: =MAX(K4:K500) -> 0.9984125 | G1: =INDEX(D:D,MATCH(MAX($K:$K),$K:$K,0)) -> 12672 | H1: =INDEX(E:E,MATCH(MAX($K:$K),$K:$K,0)) -> 64 | I1: =INDEX(F:F,MATCH(MAX($K:$K),$K:$K,0)) -> 1 | J1: =INDEX(G:G,MATCH(MAX($K:$K),$K:$K,0)) -> 4 | K1: Average GFLOP/s
A2: MAX GFLOPS: | D2: =MAX(I4:I841) -> 0.99882
A3: Build | B3: RUN | D3: N | E3: NB | F3: P | G3: Q | H3: Time | I3: GFLOPS | O3: RANK | P3: GFLOPS
A4: arch-tune-flags | B4: 1 | C4: WR00L2L2 | D4: 12672 | E4: 64 | F4: 1 | G4: 4 | H4: 1359.34 | I4: 0.99815 | K4: =AVERAGE(I4:I7) -> 0.9984125 | M4: arch-tune-flags | N4: -D c -DWALL -b 32 -V 1 -F al "-Os -march=armv6 -mtune=arm1176jzf-s -mfpu=vfp -mfloat-abi=hard" | O4: 1 | P4: 0.998
A5: arch-tune-flags | B5: 2 | C5: WR00L2L2 | D5: 12672 | E5: 64 | F5: 1 | G5: 4 | H5: 1359.72 | I5: 0.99787 | K5: =K4 -> 0.9984125 | M5: arch-zk-tune-flags | N5: -D c -DWALL -b 32 -V 1 -F al "-Os -march=armv6zk -mtune=arm1176jzf-s -mfpu=vfp -mfloat-abi=hard" | O5: 2 | P5: 0.985
A6: arch-tune-flags | B6: 3 | C6: WR00L2L2 | D6: 12672 | E6: 64 | F6: 1 | G6: 4 | H6: 1358.42 | I6: 0.99882 | K6: =K5 -> 0.9984125 | M6: arch-zk-flags | N6: -D c -DWALL -b 32 -V 1 -F al "-Os -march=armv6zk" | O6: 3 | P6: 0.984
A7: arch-tune-flags | B7: 4 | C7: WR00L2L2 | D7: 12672 | E7: 64 | F7: 1 | G7: 4 | H7: 1358.43 | I7: 0.99881 | K7: =K6 -> 0.9984125 | M7: arch-flags | N7: -D c -DWALL -b 32 -V 1 -F al "-O1 -march=armv6 -fschedule-insns2 -mtune=arm1176jzf-s" | O7: 4 | P7: 0.869
A8: arch-zk-tune-flags | B8: 1 | C8: WR00L2L2 | D8: 12672 | E8: 64 | F8: 1 | G8: 4 | H8: 1384.17 | I8: 0.98024 | K8: =AVERAGE(I8:I11) -> 0.9846525 | M8: arch | N8: -D c -DWALL -b 32 -F al "-march=armv6" | O8: 5 | P8: 0.463
A9: arch-zk-tune-flags | B9: 2 | C9: WR00L2L2 | D9: 12672 | E9: 64 | F9: 1 | G9: 4 | H9: 1376.21 | I9: 0.98591 | K9: =K8 -> 0.9846525 | M9: arch-tune | N9: -D c -DWALL -b 32 -F al "-march=armv6 -mtune=arm1176jzf-s -mfpu=vfp -mfloat-abi=hard" | O9: 6 | P9: 0.462
A10: arch-zk-tune-flags | B10: 3 | C10: WR00L2L2 | D10: 12672 | E10: 64 | F10: 1 | G10: 4 | H10: 1374.81 | I10: 0.98691 | K10: =K9 -> 0.9846525 | M10: arch-zk-tune | N10: -D c -DWALL -b 32 -V 1 -F al "-march=armv6zk -mtune=arm1176jzf-s -mfpu=vfp -mfloat-abi=hard" | O10: 7 | P10: 0.46
A11: arch-zk-tune-flags | B11: 4 | C11: WR00L2L2 | D11: 12672 | E11: 64 | F11: 1 | G11: 4 | H11: 1376.71 | I11: 0.98555 | K11: =K10 -> 0.9846525 | M11: arch-zk | N11: -D c -DWALL -b 32 -F al "-march=armv6zk" | O11: 8 | P11: 0.459
A12: arch-zk-flags | B12: 1 | C12: WR00L2L2 | D12: 12672 | E12: 64 | F12: 1 | G12: 4 | H12: 1375.41 | I12: 0.98648 | K12: =AVERAGE(I12:I15) -> 0.983545 | M12: x-none
A13: arch-zk-flags | B13: 2 | C13: WR00L2L2 | D13: 12672 | E13: 64 | F13: 1 | G13: 4 | H13: 1389.78 | I13: 0.97628 | K13: =K12 -> 0.983545 | M13: x-no-arch
A14: arch-zk-flags | B14: 3 | C14: WR00L2L2 | D14: 12672 | E14: 64 | F14: 1 | G14: 4 | H14: 1376.7 | I14: 0.98556 | K14: =K13 -> 0.983545 | M14: x-cpu
A15: arch-zk-flags | B15: 4 | C15: WR00L2L2 | D15: 12672 | E15: 64 | F15: 1 | G15: 4 | H15: 1376.28 | I15: 0.98586 | K15: =K14 -> 0.983545 | M15: x-arch-native
A16: none-flags | B16: 1 | C16: WR00L2L2 | D16: 12672 | E16: 64 | F16: 1 | G16: 4 | H16: 1511.65 | I16: 0.89758 | K16: =AVERAGE(I16:I19) -> 0.898235
A17: none-flags | B17: 2 | C17: WR00L2L2 | D17: 12672 | E17: 64 | F17: 1 | G17: 4 | H17: 1510.28 | I17: 0.89839 | K17: =K16 -> 0.898235 | M17: {=_xlfn.CHOOSECOLS(_xlfn._xlws.FILTER(A4:K500,B4:B500=1),1,11)} -> arch-tune-flags | N17: 0.9984125 | O17: =VLOOKUP(M17,'ATLAS builds'!B2:C20,2,FALSE) -> -D c -DWALL -b 32 -V 1 -F al "-Os -march=armv6 -mtune=arm1176jzf-s -mfpu=vfp -mfloat-abi=hard"
A18: none-flags | B18: 3 | C18: WR00L2L2 | D18: 12672 | E18: 64 | F18: 1 | G18: 4 | H18: 1510.22 | I18: 0.89842 | K18: =K17 -> 0.898235 | M18: arch-zk-tune-flags | N18: 0.9846525 | O18: =VLOOKUP(M18,'ATLAS builds'!B3:C21,2,FALSE) -> -D c -DWALL -b 32 -V 1 -F al "-Os -march=armv6zk -mtune=arm1176jzf-s -mfpu=vfp -mfloat-abi=hard"
A19: none-flags | B19: 4 | C19: WR00L2L2 | D19: 12672 | E19: 64 | F19: 1 | G19: 4 | H19: 1510 | I19: 0.89855 | K19: =K18 -> 0.898235 | M19: arch-zk-flags | N19: 0.983545 | O19: =VLOOKUP(M19,'ATLAS builds'!B4:C22,2,FALSE) -> -D c -DWALL -b 32 -V 1 -F al "-Os -march=armv6zk"
A20: arch-flags | B20: 1 | C20: WR00L2L2 | D20: 12672 | E20: 64 | F20: 1 | G20: 4 | H20: 1559.65 | I20: 0.86995 | K20: =AVERAGE(I20:I23) -> 0.8687125 | M20: none-flags | N20: 0.898235 | O20: =VLOOKUP(M20,'ATLAS builds'!B5:C23,2,FALSE) -> #N/A
A21: arch-flags | B21: 2 | C21: WR00L2L2 | D21: 12672 | E21: 64 | F21: 1 | G21: 4 | H21: 1560.32 | I21: 0.86958 | K21: =K20 -> 0.8687125 | M21: arch-flags | N21: 0.8687125 | O21: =VLOOKUP(M21,'ATLAS builds'!B6:C24,2,FALSE) -> -D c -DWALL -b 32 -V 1 -F al "-O1 -march=armv6 -fschedule-insns2 -mtune=arm1176jzf-s"
A22: arch-flags | B22: 3 | C22: WR00L2L2 | D22: 12672 | E22: 64 | F22: 1 | G22: 4 | H22: 1567.35 | I22: 0.86567 | K22: =K21 -> 0.8687125 | M22: cpu-flags | N22: 0.8608275 | O22: =VLOOKUP(M22,'ATLAS builds'!B7:C25,2,FALSE) -> #N/A
A23: arch-flags | B23: 4 | C23: WR00L2L2 | D23: 12672 | E23: 64 | F23: 1 | G23: 4 | H23: 1560.19 | I23: 0.86965 | K23: =K22 -> 0.8687125 | M23: cpu-append | N23: 0.8571925 | O23: =VLOOKUP(M23,'ATLAS builds'!B8:C26,2,FALSE) -> #N/A
A24: cpu-flags | B24: 1 | C24: WR00L2L2 | D24: 12672 | E24: 64 | F24: 1 | G24: 4 | H24: 1571.22 | I24: 0.86354 | K24: =AVERAGE(I24:I27) -> 0.8608275 | M24: arch-native-flags | N24: 0.82982 | O24: =VLOOKUP(M24,'ATLAS builds'!B9:C27,2,FALSE) -> #N/A
A25: cpu-flags | B25: 2 | C25: WR00L2L2 | D25: 12672 | E25: 64 | F25: 1 | G25: 4 | H25: 1571.9 | I25: 0.86317 | K25: =K24 -> 0.8608275 | M25: arch-native | N25: 0.8103475 | O25: =VLOOKUP(M25,'ATLAS builds'!B10:C28,2,FALSE) -> #N/A
A26: cpu-flags | B26: 3 | C26: WR00L2L2 | D26: 12672 | E26: 64 | F26: 1 | G26: 4 | H26: 1571.79 | I26: 0.86323 | K26: =K25 -> 0.8608275 | M26: none | N26: 0.6935125 | O26: =VLOOKUP(M26,'ATLAS builds'!B11:C29,2,FALSE) -> #N/A
A27: cpu-flags | B27: 4 | C27: WR00L2L2 | D27: 12672 | E27: 64 | F27: 1 | G27: 4 | H27: 1589.95 | I27: 0.85337 | K27: =K26 -> 0.8608275 | M27: no-arch | N27: 0.6897325 | O27: =VLOOKUP(M27,'ATLAS builds'!B12:C30,2,FALSE) -> #N/A
A28: cpu-append | B28: 1 | C28: WR00L2L2 | D28: 12672 | E28: 64 | F28: 1 | G28: 4 | H28: 1583.81 | I28: 0.85668 | K28: =AVERAGE(I28:I31) -> 0.8571925 | M28: arch | N28: 0.462545 | O28: =VLOOKUP(M28,'ATLAS builds'!B13:C31,2,FALSE) -> #N/A
A29: cpu-append | B29: 2 | C29: WR00L2L2 | D29: 12672 | E29: 64 | F29: 1 | G29: 4 | H29: 1582.34 | I29: 0.85748 | K29: =K28 -> 0.8571925 | M29: cpu | N29: 0.4625 | O29: =VLOOKUP(M29,'ATLAS builds'!B14:C32,2,FALSE) -> #N/A
A30: cpu-append | B30: 3 | C30: WR00L2L2 | D30: 12672 | E30: 64 | F30: 1 | G30: 4 | H30: 1582.1 | I30: 0.8576 | K30: =K29 -> 0.8571925 | M30: arch-tune | N30: 0.462115 | O30: =VLOOKUP(M30,'ATLAS builds'!B15:C33,2,FALSE) -> #N/A
A31: cpu-append | B31: 4 | C31: WR00L2L2 | D31: 12672 | E31: 64 | F31: 1 | G31: 4 | H31: 1583.19 | I31: 0.85701 | K31: =K30 -> 0.8571925 | M31: arch-zk-tune | N31: 0.459525 | O31: =VLOOKUP(M31,'ATLAS builds'!B16:C34,2,FALSE) -> #N/A
A32: arch-native-flags | B32: 1 | C32: WR00L2L2 | D32: 12672 | E32: 64 | F32: 1 | G32: 4 | H32: 1637.7 | I32: 0.82849 | K32: =AVERAGE(I32:I35) -> 0.82982 | M32: arch-zk | N32: 0.45939 | O32: =VLOOKUP(M32,'ATLAS builds'!B17:C35,2,FALSE) -> #N/A
A33: arch-native-flags | B33: 2 | C33: WR00L2L2 | D33: 12672 | E33: 64 | F33: 1 | G33: 4 | H33: 1639.41 | I33: 0.82763 | K33: =K32 -> 0.82982 | M33: cpu-native | N33: 0.459365 | O33: =VLOOKUP(M33,'ATLAS builds'!B18:C36,2,FALSE) -> #N/A
A34: arch-native-flags | B34: 3 | C34: WR00L2L2 | D34: 12672 | E34: 64 | F34: 1 | G34: 4 | H34: 1631.2 | I34: 0.83179 | K34: =K33 -> 0.82982
A35: arch-native-flags | B35: 4 | C35: WR00L2L2 | D35: 12672 | E35: 64 | F35: 1 | G35: 4 | H35: 1632.02 | I35: 0.83137 | K35: =K34 -> 0.82982
A36: arch-native | B36: 1 | C36: WR00L2L2 | D36: 12672 | E36: 64 | F36: 1 | G36: 4 | H36: 1674.58 | I36: 0.81024 | K36: =AVERAGE(I36:I39) -> 0.8103475 | M36: arch | N36: -D c -DWALL -b 32 -F al "-march=armv6" | O36: =VLOOKUP(M36,$M$17:$N$33,2,FALSE) -> 0.462545
A37: arch-native | B37: 2 | C37: WR00L2L2 | D37: 12672 | E37: 64 | F37: 1 | G37: 4 | H37: 1673.79 | I37: 0.81063 | K37: =K36 -> 0.8103475 | M37: arch-zk | N37: -D c -DWALL -b 32 -F al "-march=armv6zk" | O37: =VLOOKUP(M37,$M$17:$N$33,2,FALSE) -> 0.45939
A38: arch-native | B38: 3 | C38: WR00L2L2 | D38: 12672 | E38: 64 | F38: 1 | G38: 4 | H38: 1675.33 | I38: 0.80988 | K38: =K37 -> 0.8103475 | M38: arch-tune | N38: -D c -DWALL -b 32 -F al "-march=armv6 -mtune=arm1176jzf-s -mfpu=vfp -mfloat-abi=hard" | O38: =VLOOKUP(M38,$M$17:$N$33,2,FALSE) -> 0.462115
A39: arch-native | B39: 4 | C39: WR00L2L2 | D39: 12672 | E39: 64 | F39: 1 | G39: 4 | H39: 1673.75 | I39: 0.81064 | K39: =K38 -> 0.8103475 | M39: arch-zk-tune | N39: -D c -DWALL -b 32 -V 1 -F al "-march=armv6zk -mtune=arm1176jzf-s -mfpu=vfp -mfloat-abi=hard" | O39: =VLOOKUP(M39,$M$17:$N$33,2,FALSE) -> 0.459525
A40: none | B40: 1 | C40: WR00L2L2 | D40: 12672 | E40: 64 | F40: 1 | G40: 4 | H40: 1951.01 | I40: 0.69544 | K40: =AVERAGE(I40:I43) -> 0.6935125 | M40: arch-flags | N40: -D c -DWALL -b 32 -V 1 -F al "-O1 -march=armv6 -fschedule-insns2 -mtune=arm1176jzf-s" | O40: =VLOOKUP(M40,$M$17:$N$33,2,FALSE) -> 0.8687125
A41: none | B41: 2 | C41: WR00L2L2 | D41: 12672 | E41: 64 | F41: 1 | G41: 4 | H41: 1965.26 | I41: 0.6904 | K41: =K40 -> 0.6935125 | M41: arch-zk-flags | N41: -D c -DWALL -b 32 -V 1 -F al "-Os -march=armv6zk" | O41: =VLOOKUP(M41,$M$17:$N$33,2,FALSE) -> 0.983545
A42: none | B42: 3 | C42: WR00L2L2 | D42: 12672 | E42: 64 | F42: 1 | G42: 4 | H42: 1950.94 | I42: 0.69547 | K42: =K41 -> 0.6935125 | M42: arch-tune-flags | N42: -D c -DWALL -b 32 -V 1 -F al "-Os -march=armv6 -mtune=arm1176jzf-s -mfpu=vfp -mfloat-abi=hard" | O42: =VLOOKUP(M42,$M$17:$N$33,2,FALSE) -> 0.9984125
A43: none | B43: 4 | C43: WR00L2L2 | D43: 12672 | E43: 64 | F43: 1 | G43: 4 | H43: 1958.62 | I43: 0.69274 | K43: =K42 -> 0.6935125 | M43: arch-zk-tune-flags | N43: -D c -DWALL -b 32 -V 1 -F al "-Os -march=armv6zk -mtune=arm1176jzf-s -mfpu=vfp -mfloat-abi=hard" | O43: =VLOOKUP(M43,$M$17:$N$33,2,FALSE) -> 0.9846525
A44: no-arch | B44: 1 | C44: WR00L2L2 | D44: 12672 | E44: 64 | F44: 1 | G44: 4 | H44: 1965.41 | I44: 0.69035 | K44: =AVERAGE(I44:I47) -> 0.6897325 | M44: none | N44: -D c -DWALL -b 32 -V 1 | O44: =VLOOKUP(M44,$M$17:$N$33,2,FALSE) -> 0.6935125
A45: no-arch | B45: 2 | C45: WR00L2L2 | D45: 12672 | E45: 64 | F45: 1 | G45: 4 | H45: 1965.03 | I45: 0.69048 | K45: =K44 -> 0.6897325 | M45: no-arch | N45: -D c -DWALL -b 32 -V 1 -Si archdef 0 | O45: =VLOOKUP(M45,$M$17:$N$33,2,FALSE) -> 0.6897325
A46: no-arch | B46: 3 | C46: WR00L2L2 | D46: 12672 | E46: 64 | F46: 1 | G46: 4 | H46: 1972.98 | I46: 0.6877 | K46: =K45 -> 0.6897325 | M46: cpu | N46: -D c -DWALL -b 32 -V 1 -F al "-mcpu=arm1176jzf-s" | O46: =VLOOKUP(M46,$M$17:$N$33,2,FALSE) -> 0.4625
A47: no-arch | B47: 4 | C47: WR00L2L2 | D47: 12672 | E47: 64 | F47: 1 | G47: 4 | H47: 1965.25 | I47: 0.6904 | K47: =K46 -> 0.6897325 | M47: arch-native | N47: -D c -DWALL -b 32 -V 1 -F al "-march=native" | O47: =VLOOKUP(M47,$M$17:$N$33,2,FALSE) -> 0.8103475
A48: arch | B48: 1 | C48: WR00L2L2 | D48: 12672 | E48: 64 | F48: 1 | G48: 4 | H48: 2937.77 | I48: 0.46185 | K48: =AVERAGE(I48:I51) -> 0.462545 | M48: cpu-append | N48: -D c -DWALL -b 32 -V 1 -Fa al "-mcpu=arm1176jzf-s" | O48: =VLOOKUP(M48,$M$17:$N$33,2,FALSE) -> 0.8571925
A49: arch | B49: 2 | C49: WR00L2L2 | D49: 12672 | E49: 64 | F49: 1 | G49: 4 | H49: 2932.72 | I49: 0.46265 | K49: =K48 -> 0.462545 | M49: cpu-native | N49: -D c -DWALL -b 32 -V 1 -F al "-mcpu=native" | O49: =VLOOKUP(M49,$M$17:$N$33,2,FALSE) -> 0.459365
A50: arch | B50: 3 | C50: WR00L2L2 | D50: 12672 | E50: 64 | F50: 1 | G50: 4 | H50: 2931.18 | I50: 0.46289 | K50: =K49 -> 0.462545 | M50: none-flags | N50: -D c -DWALL -b 32 -V 1 -F al "-O1 -march=armv6zk -fschedule-insns -fselective-scheduling" | O50: =VLOOKUP(M50,$M$17:$N$33,2,FALSE) -> 0.898235
A51: arch | B51: 4 | C51: WR00L2L2 | D51: 12672 | E51: 64 | F51: 1 | G51: 4 | H51: 2931.82 | I51: 0.46279 | K51: =K50 -> 0.462545 | M51: no-arch-flags | N51: -D c -DWALL -b 32 -V 1 -Si archdef 0 -F al "-O1 -march=armv6zk -fschedule-insns2 -frename-registers" | O51: =VLOOKUP(M51,$M$17:$N$33,2,FALSE) -> #N/A
A52: cpu | B52: 1 | C52: WR00L2L2 | D52: 12672 | E52: 64 | F52: 1 | G52: 4 | H52: 2944.41 | I52: 0.46081 | K52: =AVERAGE(I52:I55) -> 0.4625 | M52: cpu-flags | N52: -D c -DWALL -b 32 -V 1 -F al "-Os -mcpu=arm1176jzf-s -mfpu=vfp -mfloat-abi=hard" | O52: =VLOOKUP(M52,$M$17:$N$33,2,FALSE) -> 0.8608275
A53: cpu | B53: 2 | C53: WR00L2L2 | D53: 12672 | E53: 64 | F53: 1 | G53: 4 | H53: 2930.72 | I53: 0.46296 | K53: =K52 -> 0.4625 | M53: arch-native-flags | N53: -D c -DWALL -b 32 -V 1 -F al "-O1 -march=native -fschedule-insns2" | O53: =VLOOKUP(M53,$M$17:$N$33,2,FALSE) -> 0.82982
A54: cpu | B54: 3 | C54: WR00L2L2 | D54: 12672 | E54: 64 | F54: 1 | G54: 4 | H54: 2929.57 | I54: 0.46315 | K54: =K53 -> 0.4625 | M54: arch-tune-flags-nof77 | N54: -D c -DWALL -b 32 --nof77 -V 1 -F al "-Os -march=armv6 -mtune=arm1176jzf-s -mfpu=vfp -mfloat-abi=hard" | O54: =VLOOKUP(M54,$M$17:$N$33,2,FALSE) -> #N/A
A55: cpu | B55: 4 | C55: WR00L2L2 | D55: 12672 | E55: 64 | F55: 1 | G55: 4 | H55: 2929.99 | I55: 0.46308 | K55: =K54 -> 0.4625
A56: arch-tune | B56: 1 | C56: WR00L2L2 | D56: 12672 | E56: 64 | F56: 1 | G56: 4 | H56: 2932.03 | I56: 0.46276 | K56: =AVERAGE(I56:I59) -> 0.462115
A57: arch-tune | B57: 2 | C57: WR00L2L2 | D57: 12672 | E57: 64 | F57: 1 | G57: 4 | H57: 2932.17 | I57: 0.46273 | K57: =K56 -> 0.462115
A58: arch-tune | B58: 3 | C58: WR00L2L2 | D58: 12672 | E58: 64 | F58: 1 | G58: 4 | H58: 2931.61 | I58: 0.46282 | K58: =K57 -> 0.462115
A59: arch-tune | B59: 4 | C59: WR00L2L2 | D59: 12672 | E59: 64 | F59: 1 | G59: 4 | H59: 2948.64 | I59: 0.46015 | K59: =K58 -> 0.462115
A60: arch-zk-tune | B60: 1 | C60: WR00L2L2 | D60: 12672 | E60: 64 | F60: 1 | G60: 4 | H60: 2950.83 | I60: 0.45981 | K60: =AVERAGE(I60:I63) -> 0.459525
A61: arch-zk-tune | B61: 2 | C61: WR00L2L2 | D61: 12672 | E61: 64 | F61: 1 | G61: 4 | H61: 2954.52 | I61: 0.45923 | K61: =K60 -> 0.459525
A62: arch-zk-tune | B62: 3 | C62: WR00L2L2 | D62: 12672 | E62: 64 | F62: 1 | G62: 4 | H62: 2951.58 | I62: 0.45969 | K62: =K61 -> 0.459525
A63: arch-zk-tune | B63: 4 | C63: WR00L2L2 | D63: 12672 | E63: 64 | F63: 1 | G63: 4 | H63: 2953.67 | I63: 0.45937 | K63: =K62 -> 0.459525
A64: arch-zk | B64: 1 | C64: WR00L2L2 | D64: 12672 | E64: 64 | F64: 1 | G64: 4 | H64: 2952.54 | I64: 0.45954 | K64: =AVERAGE(I64:I67) -> 0.45939
A65: arch-zk | B65: 2 | C65: WR00L2L2 | D65: 12672 | E65: 64 | F65: 1 | G65: 4 | H65: 2954.06 | I65: 0.45931 | K65: =K64 -> 0.45939
A66: arch-zk | B66: 3 | C66: WR00L2L2 | D66: 12672 | E66: 64 | F66: 1 | G66: 4 | H66: 2953.2 | I66: 0.45944 | K66: =K65 -> 0.45939
A67: arch-zk | B67: 4 | C67: WR00L2L2 | D67: 12672 | E67: 64 | F67: 1 | G67: 4 | H67: 2954.31 | I67: 0.45927 | K67: =K66 -> 0.45939
A68: cpu-native | B68: 1 | C68: WR00L2L2 | D68: 12672 | E68: 64 | F68: 1 | G68: 4 | H68: 2951.09 | I68: 0.45977 | K68: =AVERAGE(I68:I71) -> 0.459365
A69: cpu-native | B69: 2 | C69: WR00L2L2 | D69: 12672 | E69: 64 | F69: 1 | G69: 4 | H69: 2952.55 | I69: 0.45954 | K69: =K68 -> 0.459365
A70: cpu-native | B70: 3 | C70: WR00L2L2 | D70: 12672 | E70: 64 | F70: 1 | G70: 4 | H70: 2952.08 | I70: 0.45961 | K70: =K69 -> 0.459365
A71: cpu-native | B71: 4 | C71: WR00L2L2 | D71: 12672 | E71: 64 | F71: 1 | G71: 4 | H71: 2959 | I71: 0.45854 | K71: =K70 -> 0.459365

Sheet 1 node, params, RAW
A1: Max avg. GFLOPS (and params): | E1: =MAX(N:N) -> 0.286854 | F1: =INDEX(C:C,MATCH(MAX($N:$N),$N:$N,0)) -> 6720 | G1: =INDEX(D:D,MATCH(MAX($N:$N),$N:$N,0)) -> 64 | H1: =INDEX(E:E,MATCH(MAX($N:$N),$N:$N,0)) -> 1 | I1: =INDEX(F:F,MATCH(MAX($N:$N),$N:$N,0)) -> 1 | K1: ATLAS (arch-tune-flags) | N1: Average GFLOP/s | P1: Max avg. GFLOPS (and params): | T1: =MAX(AC:AC) -> 0.229676 | U1: =INDEX(R:R,MATCH(MAX($AC:$AC),$AC:$AC,0)) -> 6720 | V1: =INDEX(S:S,MATCH(MAX($AC:$AC),$AC:$AC,0)) -> 64 | W1: =INDEX(T:T,MATCH(MAX($AC:$AC),$AC:$AC,0)) -> 1 | X1: =INDEX(U:U,MATCH(MAX($AC:$AC),$AC:$AC,0)) -> 1 | Z1: OpenBLAS | AC1: Average GFLOP/s
A2: MAX GFLOPS: | C2: =MAX(H4:H500) -> 0.28746 | K2: raspi01 throttling time [1/100s] | P2: MAX GFLOPS: | R2: =MAX(W4:W500) -> 0.22999 | Z2: raspi02 throttling time [1/100s]
A3: RUN | C3: N | D3: NB | E3: P | F3: Q | G3: Time | H3: GFLOPS | I3: Date | J3: Time | K3: - | L3: - | M3: 700MHz | P3: RUN | R3: N | S3: NB | T3: P | U3: Q | V3: Time | W3: GFLOPS | X3: Date | Y3: Time | Z3: - | AA3: - | AB3: 700MHz
A4: 0 | B4: WR00L2L2 | C4: 6336 | D4: 32 | E4: 1 | F4: 1 | G4: 627.47 | H4: 0.27034 | I4: 45472 | J4: 0.73945602 | K4: 69128 | L4: 69129 | M4: 69129 | N4: =AVERAGE(H4:H8) -> 0.27028 | P4: 0 | Q4: WR00L2L2 | R4: 6336 | S4: 32 | T4: 1 | U4: 1 | V4: 752.28 | W4: 0.22549 | X4: 45472 | Y4: 0.74340278 | Z4: 102299 | AA4: 102298 | AB4: 102299 | AC4: =AVERAGE(W4:W8) -> 0.22606
A5: 1 | B5: WR00L2L2 | C5: 6336 | D5: 32 | E5: 1 | F5: 1 | G5: 628.54 | H5: 0.26988 | I5: 45472 | J5: 0.9593287 | K5: 69152 | L5: 69152 | M5: 69151 | N5: =N4 -> 0.27028 | P5: 1 | Q5: WR00L2L2 | R5: 6336 | S5: 32 | T5: 1 | U5: 1 | V5: 751.95 | W5: 0.22559 | X5: 45473 | Y5: 0.082025463 | Z5: 102271 | AA5: 102270 | AB5: 102271 | AC5: =AC4 -> 0.22606
A6: 2 | B6: WR00L2L2 | C6: 6336 | D6: 32 | E6: 1 | F6: 1 | G6: 626.8 | H6: 0.27063 | I6: 45473 | J6: 0.17895833 | K6: 69114 | L6: 69114 | M6: 69114 | N6: =N5 -> 0.27028 | P6: 2 | Q6: WR00L2L2 | R6: 6336 | S6: 32 | T6: 1 | U6: 1 | V6: 749.17 | W6: 0.22643 | X6: 45473 | Y6: 0.42322917 | Z6: 101946 | AA6: 101945 | AB6: 101946 | AC6: =AC5 -> 0.22606
A7: 3 | B7: WR00L2L2 | C7: 6336 | D7: 32 | E7: 1 | F7: 1 | G7: 628.84 | H7: 0.26975 | I7: 45473 | J7: 0.39846065 | K7: 69127 | L7: 69127 | M7: 69127 | N7: =N6 -> 0.27028 | P7: 3 | Q7: WR00L2L2 | R7: 6336 | S7: 32 | T7: 1 | U7: 1 | V7: 748.81 | W7: 0.22654 | X7: 45473 | Y7: 0.76248843 | Z7: 102076 | AA7: 102083 | AB7: 102083 | AC7: =AC6 -> 0.22606
A8: 4 | B8: WR00L2L2 | C8: 6336 | D8: 32 | E8: 1 | F8: 1 | G8: 626.41 | H8: 0.2708 | I8: 45473 | J8: 0.61780093 | K8: 68879 | L8: 68879 | M8: 68880 | N8: =N7 -> 0.27028 | P8: 4 | Q8: WR00L2L2 | R8: 6336 | S8: 32 | T8: 1 | U8: 1 | V8: 749.77 | W8: 0.22625 | X8: 45474 | Y8: 0.10471065 | Z8: 101926 | AA8: 101927 | AB8: 101927 | AC8: =AC7 -> 0.22606
A9: 0 | B9: WR00L2L2 | C9: 6720 | D9: 32 | E9: 1 | F9: 1 | G9: 744.97 | H9: 0.27166 | I9: 45472 | J9: 0.80201389 | K9: 81591 | L9: 81591 | M9: 81590 | N9: =AVERAGE(H9:H13) -> 0.27124 | P9: 0 | Q9: WR00L2L2 | R9: 6720 | S9: 32 | T9: 1 | U9: 1 | V9: 893.72 | W9: 0.22644 | X9: 45472 | Y9: 0.84071759 | Z9: 119833 | AA9: 119833 | AB9: 119834 | AC9: =AVERAGE(W9:W13) -> 0.22624
A10: 1 | B10: WR00L2L2 | C10: 6720 | D10: 32 | E10: 1 | F10: 1 | G10: 746.07 | H10: 0.27126 | I10: 45473 | J10: 0.021967593 | K10: 81849 | L10: 81848 | M10: 81848 | N10: =N9 -> 0.27124 | P10: 1 | Q10: WR00L2L2 | R10: 6720 | S10: 32 | T10: 1 | U10: 1 | V10: 893.95 | W10: 0.22639 | X10: 45473 | Y10: 0.17853009 | Z10: 119802 | AA10: 119801 | AB10: 119801 | AC10: =AC9 -> 0.22624
A11: 2 | B11: WR00L2L2 | C11: 6720 | D11: 32 | E11: 1 | F11: 1 | G11: 746.91 | H11: 0.27095 | I11: 45473 | J11: 0.24148148 | K11: 81709 | L11: 81709 | M11: 81709 | N11: =N10 -> 0.27124 | P11: 2 | Q11: WR00L2L2 | R11: 6720 | S11: 32 | T11: 1 | U11: 1 | V11: 893.86 | W11: 0.22641 | X11: 45473 | Y11: 0.51998843 | Z11: 119818 | AA11: 119817 | AB11: 119817 | AC11: =AC10 -> 0.22624
A12: 3 | B12: WR00L2L2 | C12: 6720 | D12: 32 | E12: 1 | F12: 1 | G12: 748.44 | H12: 0.2704 | I12: 45473 | J12: 0.46103009 | K12: 81874 | L12: 81875 | M12: 81874 | N12: =N11 -> 0.27124 | P12: 3 | Q12: WR00L2L2 | R12: 6720 | S12: 32 | T12: 1 | U12: 1 | V12: 897.26 | W12: 0.22555 | X12: 45473 | Y12: 0.8583912 | Z12: 120056 | AA12: 120057 | AB12: 120057 | AC12: =AC11 -> 0.22624
A13: 4 | B13: WR00L2L2 | C13: 6720 | D13: 32 | E13: 1 | F13: 1 | G13: 744.23 | H13: 0.27193 | I13: 45473 | J13: 0.68034722 | K13: 81511 | L13: 81511 | M13: 81510 | N13: =N12 -> 0.27124 | P13: 4 | Q13: WR00L2L2 | R13: 6720 | S13: 32 | T13: 1 | U13: 1 | V13: 893.87 | W13: 0.22641 | X13: 45474 | Y13: 0.20196759 | Z13: 119683 | AA13: 119684 | AB13: 119684 | AC13: =AC12 -> 0.22624
A14: 0 | B14: WR00L2L2 | C14: 7104 | D14: 32 | E14: 1 | F14: 1 | G14: 884.12 | H14: 0.27042 | I14: 45472 | J14: 0.87760417 | K14: 96362 | L14: 96362 | M14: 96361 | N14: =AVERAGE(H14:H18) -> 0.270842 | P14: 0 | Q14: WR00L2L2 | R14: 7104 | S14: 32 | T14: 1 | U14: 1 | V14: 1058.95 | W14: 0.22578 | X14: 45472 | Y14: 0.95622685 | Z14: 140043 | AA14: 140043 | AB14: 140044 | AC14: =AVERAGE(W14:W18) -> 0.223478
A15: 1 | B15: WR00L2L2 | C15: 7104 | D15: 32 | E15: 1 | F15: 1 | G15: 881.56 | H15: 0.27121 | I15: 45473 | J15: 0.097650463 | K15: 97399 | L15: 97399 | M15: 97399 | N15: =N14 -> 0.270842 | P15: 1 | Q15: WR00L2L2 | R15: 7104 | S15: 32 | T15: 1 | U15: 1 | V15: 1067.45 | W15: 0.22398 | X15: 45473 | Y15: 0.29482639 | Z15: 141490 | AA15: 141489 | AB15: 141490 | AC15: =AC14 -> 0.223478
A16: 2 | B16: WR00L2L2 | C16: 7104 | D16: 32 | E16: 1 | F16: 1 | G16: 882.98 | H16: 0.27077 | I16: 45473 | J16: 0.31712963 | K16: 96270 | L16: 96270 | M16: 96270 | N16: =N15 -> 0.270842 | P16: 2 | Q16: WR00L2L2 | R16: 7104 | S16: 32 | T16: 1 | U16: 1 | V16: 1077.69 | W16: 0.22185 | X16: 45473 | Y16: 0.63574074 | Z16: 141792 | AA16: 141791 | AB16: 141791 | AC16: =AC15 -> 0.223478
A17: 3 | B17: WR00L2L2 | C17: 7104 | D17: 32 | E17: 1 | F17: 1 | G17: 881.27 | H17: 0.2713 | I17: 45473 | J17: 0.5365625 | K17: 96063 | L17: 96063 | M17: 96062 | N17: =N16 -> 0.270842 | P17: 3 | Q17: WR00L2L2 | R17: 7104 | S17: 32 | T17: 1 | U17: 1 | V17: 1089.12 | W17: 0.21952 | X17: 45473 | Y17: 0.97415509 | Z17: 142924 | AA17: 142925 | AB17: 142925 | AC17: =AC16 -> 0.223478
A18: 4 | B18: WR00L2L2 | C18: 7104 | D18: 32 | E18: 1 | F18: 1 | G18: 883.84 | H18: 0.27051 | I18: 45473 | J18: 0.75618056 | K18: 96364 | L18: 96365 | M18: 96364 | N18: =N17 -> 0.270842 | P18: 4 | Q18: WR00L2L2 | R18: 7104 | S18: 32 | T18: 1 | U18: 1 | V18: 1056.71 | W18: 0.22626 | X18: 45474 | Y18: 0.3165625 | Z18: 139704 | AA18: 139705 | AB18: 139705 | AC18: =AC17 -> 0.223478
A19: 0 | B19: WR00L2L2 | C19: 6336 | D19: 64 | E19: 1 | F19: 1 | G19: 594.57 | H19: 0.2853 | I19: 45472 | J19: 0.74708333 | K19: 65632 | L19: 65632 | M19: 65632 | N19: =AVERAGE(H19:H23) -> 0.28599 | P19: 0 | Q19: WR00L2L2 | R19: 6336 | S19: 64 | T19: 1 | U19: 1 | V19: 766.01 | W19: 0.22145 | X19: 45472 | Y19: 0.75539352 | Z19: 103301 | AA19: 103302 | AB19: 103302 | AC19: =AVERAGE(W19:W23) -> 0.225464
A20: 1 | B20: WR00L2L2 | C20: 6336 | D20: 64 | E20: 1 | F20: 1 | G20: 592.03 | H20: 0.28653 | I20: 45472 | J20: 0.9669213 | K20: 65413 | L20: 65413 | M20: 65413 | N20: =N19 -> 0.28599 | P20: 1 | Q20: WR00L2L2 | R20: 6336 | S20: 64 | T20: 1 | U20: 1 | V20: 753.32 | W20: 0.22518 | X20: 45473 | Y20: 0.093877315 | Z20: 102078 | AA20: 102078 | AB20: 102079 | AC20: =AC19 -> 0.225464
A21: 2 | B21: WR00L2L2 | C21: 6336 | D21: 64 | E21: 1 | F21: 1 | G21: 592.11 | H21: 0.28649 | I21: 45473 | J21: 0.18653935 | K21: 65406 | L21: 65407 | M21: 65406 | N21: =N20 -> 0.28599 | P21: 2 | Q21: WR00L2L2 | R21: 6336 | S21: 64 | T21: 1 | U21: 1 | V21: 737.55 | W21: 0.22999 | X21: 45473 | Y21: 0.43488426 | Z21: 100524 | AA21: 100523 | AB21: 100524 | AC21: =AC20 -> 0.225464
A22: 3 | B22: WR00L2L2 | C22: 6336 | D22: 64 | E22: 1 | F22: 1 | G22: 592.45 | H22: 0.28632 | I22: 45473 | J22: 0.40605324 | K22: 65420 | L22: 65421 | M22: 65420 | N22: =N21 -> 0.28599 | P22: 3 | Q22: WR00L2L2 | R22: 6336 | S22: 64 | T22: 1 | U22: 1 | V22: 767.12 | W22: 0.22113 | X22: 45473 | Y22: 0.77451389 | Z22: 103570 | AA22: 103575 | AB22: 103578 | AC22: =AC21 -> 0.225464
A23: 4 | B23: WR00L2L2 | C23: 6336 | D23: 64 | E23: 1 | F23: 1 | G23: 594.56 | H23: 0.28531 | I23: 45473 | J23: 0.62541667 | K23: 65644 | L23: 65643 | M23: 65643 | N23: =N22 -> 0.28599 | P23: 4 | Q23: WR00L2L2 | R23: 6336 | S23: 64 | T23: 1 | U23: 1 | V23: 738.9 | W23: 0.22957 | X23: 45474 | Y23: 0.11636574 | Z23: 100546 | AA23: 100547 | AB23: 100546 | AC23: =AC22 -> 0.225464
A24: 0 | B24: WR00L2L2 | C24: 6720 | D24: 64 | E24: 1 | F24: 1 | G24: 705.68 | H24: 0.28678 | I24: 45472 | J24: 0.81104167 | K24: 77741 | L24: 77742 | M24: 77742 | N24: =AVERAGE(H24:H28) -> 0.286854 | P24: 0 | Q24: WR00L2L2 | R24: 6720 | S24: 64 | T24: 1 | U24: 1 | V24: 883.63 | W24: 0.22903 | X24: 45472 | Y24: 0.85445602 | Z24: 118378 | AA24: 118378 | AB24: 118378 | AC24: =AVERAGE(W24:W28) -> 0.229676
A25: 1 | B25: WR00L2L2 | C25: 6720 | D25: 64 | E25: 1 | F25: 1 | G25: 704.01 | H25: 0.28746 | I25: 45473 | J25: 0.030949074 | K25: 77339 | L25: 77339 | M25: 77339 | N25: =N24 -> 0.286854 | P25: 1 | Q25: WR00L2L2 | R25: 6720 | S25: 64 | T25: 1 | U25: 1 | V25: 880.33 | W25: 0.22989 | X25: 45473 | Y25: 0.19222222 | Z25: 118061 | AA25: 118062 | AB25: 118060 | AC25: =AC24 -> 0.229676
A26: 2 | B26: WR00L2L2 | C26: 6720 | D26: 64 | E26: 1 | F26: 1 | G26: 706.49 | H26: 0.28645 | I26: 45473 | J26: 0.25048611 | K26: 77578 | L26: 77579 | M26: 77578 | N26: =N25 -> 0.286854 | P26: 2 | Q26: WR00L2L2 | R26: 6720 | S26: 64 | T26: 1 | U26: 1 | V26: 881.34 | W26: 0.22962 | X26: 45473 | Y26: 0.5337037 | Z26: 118258 | AA26: 118257 | AB26: 118256 | AC26: =AC25 -> 0.229676
A27: 3 | B27: WR00L2L2 | C27: 6720 | D27: 64 | E27: 1 | F27: 1 | G27: 704.3 | H27: 0.28734 | I27: 45473 | J27: 0.47003472 | K27: 77621 | L27: 77621 | M27: 77622 | N27: =N26 -> 0.286854 | P27: 3 | Q27: WR00L2L2 | R27: 6720 | S27: 64 | T27: 1 | U27: 1 | V27: 879.98 | W27: 0.22998 | X27: 45473 | Y27: 0.87207176 | Z27: 117962 | AA27: 117961 | AB27: 117962 | AC27: =AC26 -> 0.229676
A28: 4 | B28: WR00L2L2 | C28: 6720 | D28: 64 | E28: 1 | F28: 1 | G28: 707.03 | H28: 0.28624 | I28: 45473 | J28: 0.68935185 | K28: 77632 | L28: 77631 | M28: 77631 | N28: =N27 -> 0.286854 | P28: 4 | Q28: WR00L2L2 | R28: 6720 | S28: 64 | T28: 1 | U28: 1 | V28: 880.42 | W28: 0.22986 | X28: 45474 | Y28: 0.21564815 | Z28: 117976 | AA28: 117977 | AB28: 117976 | AC28: =AC27 -> 0.229676
A29: 0 | B29: WR00L2L2 | C29: 7104 | D29: 64 | E29: 1 | F29: 1 | G29: 836.93 | H29: 0.28567 | I29: 45472 | J29: 0.88822917 | K29: 91573 | L29: 91574 | M29: 91573 | N29: =AVERAGE(H29:H33) -> 0.286156 | P29: 0 | Q29: WR00L2L2 | R29: 7104 | S29: 64 | T29: 1 | U29: 1 | V29: 1056.17 | W29: 0.22637 | X29: 45472 | Y29: 0.97237269 | Z29: 139203 | AA29: 139202 | AB29: 139204 | AC29: =AVERAGE(W29:W33) -> 0.2218
A30: 1 | B30: WR00L2L2 | C30: 7104 | D30: 64 | E30: 1 | F30: 1 | G30: 837.41 | H30: 0.28551 | I30: 45473 | J30: 0.10827546 | K30: 91593 | L30: 91593 | M30: 91593 | N30: =N29 -> 0.286156 | P30: 1 | Q30: WR00L2L2 | R30: 7104 | S30: 64 | T30: 1 | U30: 1 | V30: 1041.22 | W30: 0.22962 | X30: 45473 | Y30: 0.31084491 | Z30: 138081 | AA30: 138081 | AB30: 138081 | AC30: =AC29 -> 0.2218
A31: 2 | B31: WR00L2L2 | C31: 7104 | D31: 64 | E31: 1 | F31: 1 | G31: 833.16 | H31: 0.28696 | I31: 45473 | J31: 0.32771991 | K31: 91231 | L31: 91230 | M31: 91230 | N31: =N30 -> 0.286156 | P31: 2 | Q31: WR00L2L2 | R31: 7104 | S31: 64 | T31: 1 | U31: 1 | V31: 1080.5 | W31: 0.22127 | X31: 45473 | Y31: 0.6521875 | Z31: 141792 | AA31: 141792 | AB31: 141791 | AC31: =AC30 -> 0.2218
A32: 3 | B32: WR00L2L2 | C32: 7104 | D32: 64 | E32: 1 | F32: 1 | G32: 833.5 | H32: 0.28685 | I32: 45473 | J32: 0.54715278 | K32: 91270 | L32: 91270 | M32: 91269 | N32: =N31 -> 0.286156 | P32: 3 | Q32: WR00L2L2 | R32: 7104 | S32: 64 | T32: 1 | U32: 1 | V32: 1181.94 | W32: 0.20228 | X32: 45473 | Y32: 0.99173611 | Z32: 151745 | AA32: 151746 | AB32: 151746 | AC32: =AC31 -> 0.2218
A33: 4 | B33: WR00L2L2 | C33: 7104 | D33: 64 | E33: 1 | F33: 1 | G33: 836.57 | H33: 0.28579 | I33: 45473 | J33: 0.76684028 | K33: 91807 | L33: 91807 | M33: 91807 | N33: =N32 -> 0.286156 | P33: 4 | Q33: WR00L2L2 | R33: 7104 | S33: 64 | T33: 1 | U33: 1 | V33: 1041.95 | W33: 0.22946 | X33: 45474 | Y33: 0.33253472 | Z33: 137805 | AA33: 137805 | AB33: 137805 | AC33: =AC32 -> 0.2218
A34: 0 | B34: WR00L2L2 | C34: 6336 | D34: 96 | E34: 1 | F34: 1 | G34: 601.55 | H34: 0.28199 | I34: 45472 | J34: 0.75478009 | K34: 66332 | L34: 66332 | M34: 66332 | N34: =AVERAGE(H34:H38) -> 0.281654 | P34: 0 | Q34: WR00L2L2 | R34: 6336 | S34: 96 | T34: 1 | U34: 1 | V34: 769.27 | W34: 0.22051 | X34: 45472 | Y34: 0.76739583 | Z34: 103471 | AA34: 103471 | AB34: 103473 | AC34: =AVERAGE(W34:W38) -> 0.221694
A35: 1 | B35: WR00L2L2 | C35: 6336 | D35: 96 | E35: 1 | F35: 1 | G35: 602.95 | H35: 0.28134 | I35: 45472 | J35: 0.97462963 | K35: 66463 | L35: 66464 | M35: 66463 | N35: =N34 -> 0.281654 | P35: 1 | Q35: WR00L2L2 | R35: 6336 | S35: 96 | T35: 1 | U35: 1 | V35: 760.86 | W35: 0.22295 | X35: 45473 | Y35: 0.10579861 | Z35: 102822 | AA35: 102823 | AB35: 102831 | AC35: =AC34 -> 0.221694
A36: 2 | B36: WR00L2L2 | C36: 6336 | D36: 96 | E36: 1 | F36: 1 | G36: 602.8 | H36: 0.28141 | I36: 45473 | J36: 0.19425926 | K36: 66438 | L36: 66439 | M36: 66438 | N36: =N35 -> 0.281654 | P36: 2 | Q36: WR00L2L2 | R36: 6336 | S36: 96 | T36: 1 | U36: 1 | V36: 765.79 | W36: 0.22151 | X36: 45473 | Y36: 0.44685185 | Z36: 103166 | AA36: 103167 | AB36: 103166 | AC36: =AC35 -> 0.221694
A37: 3 | B37: WR00L2L2 | C37: 6336 | D37: 96 | E37: 1 | F37: 1 | G37: 602.99 | H37: 0.28132 | I37: 45473 | J37: 0.41377315 | K37: 66464 | L37: 66464 | M37: 66464 | N37: =N36 -> 0.281654 | P37: 3 | Q37: WR00L2L2 | R37: 6336 | S37: 96 | T37: 1 | U37: 1 | V37: 762.17 | W37: 0.22257 | X37: 45473 | Y37: 0.78655093 | Z37: 102915 | AA37: 102913 | AB37: 102915 | AC37: =AC36 -> 0.221694
A38: 4 | B38: WR00L2L2 | C38: 6336 | D38: 96 | E38: 1 | F38: 1 | G38: 601.08 | H38: 0.28221 | I38: 45473 | J38: 0.63311343 | K38: 66272 | L38: 66273 | M38: 66273 | N38: =N37 -> 0.281654 | P38: 4 | Q38: WR00L2L2 | R38: 6336 | S38: 96 | T38: 1 | U38: 1 | V38: 767.82 | W38: 0.22093 | X38: 45474 | Y38: 0.12833333 | Z38: 103239 | AA38: 103240 | AB38: 103239 | AC38: =AC37 -> 0.221694
A39: 0 | B39: WR00L2L2 | C39: 6720 | D39: 96 | E39: 1 | F39: 1 | G39: 716.74 | H39: 0.28236 | I39: 45472 | J39: 0.82016204 | K39: 78607 | L39: 78608 | M39: 78608 | N39: =AVERAGE(H39:H43) -> 0.28115 | P39: 0 | Q39: WR00L2L2 | R39: 6720 | S39: 96 | T39: 1 | U39: 1 | V39: 907.76 | W39: 0.22294 | X39: 45472 | Y39: 0.86847222 | Z39: 120827 | AA39: 120826 | AB39: 120828 | AC39: =AVERAGE(W39:W43) -> 0.222258
A40: 1 | B40: WR00L2L2 | C40: 6720 | D40: 96 | E40: 1 | F40: 1 | G40: 717.4 | H40: 0.2821 | I40: 45473 | J40: 0.040069444 | K40: 78679 | L40: 78679 | M40: 78678 | N40: =N39 -> 0.28115 | P40: 1 | Q40: WR00L2L2 | R40: 6720 | S40: 96 | T40: 1 | U40: 1 | V40: 913.01 | W40: 0.22166 | X40: 45473 | Y40: 0.20627315 | Z40: 121195 | AA40: 121195 | AB40: 121195 | AC40: =AC39 -> 0.222258
A41: 2 | B41: WR00L2L2 | C41: 6720 | D41: 96 | E41: 1 | F41: 1 | G41: 714.4 | H41: 0.28328 | I41: 45473 | J41: 0.25957176 | K41: 78352 | L41: 78352 | M41: 78352 | N41: =N40 -> 0.28115 | P41: 2 | Q41: WR00L2L2 | R41: 6720 | S41: 96 | T41: 1 | U41: 1 | V41: 905.76 | W41: 0.22343 | X41: 45473 | Y41: 0.54771991 | Z41: 120859 | AA41: 120862 | AB41: 120869 | AC41: =AC40 -> 0.222258
A42: 3 | B42: WR00L2L2 | C42: 6720 | D42: 96 | E42: 1 | F42: 1 | G42: 714.64 | H42: 0.28319 | I42: 45473 | J42: 0.47913194 | K42: 78384 | L42: 78384 | M42: 78384 | N42: =N41 -> 0.28115 | P42: 3 | Q42: WR00L2L2 | R42: 6720 | S42: 96 | T42: 1 | U42: 1 | V42: 919.06 | W42: 0.2202 | X42: 45473 | Y42: 0.88618056 | Z42: 121722 | AA42: 121723 | AB42: 121723 | AC42: =AC41 -> 0.222258
A43: 4 | B43: WR00L2L2 | C43: 6720 | D43: 96 | E43: 1 | F43: 1 | G43: 736.39 | H43: 0.27482 | I43: 45473 | J43: 0.69872685 | K43: 80797 | L43: 80796 | M43: 80797 | N43: =N42 -> 0.28115 | P43: 4 | Q43: WR00L2L2 | R43: 6720 | S43: 96 | T43: 1 | U43: 1 | V43: 907.28 | W43: 0.22306 | X43: 45474 | Y43: 0.22961806 | Z43: 120513 | AA43: 120514 | AB43: 120513 | AC43: =AC42 -> 0.222258
A44: 0 | B44: WR00L2L2 | C44: 7104 | D44: 96 | E44: 1 | F44: 1 | G44: 863.65 | H44: 0.27683 | I44: 45472 | J44: 0.89915509 | K44: 94172 | L44: 94172 | M44: 94171 | N44: =AVERAGE(H44:H48) -> 0.280566 | P44: 0 | Q44: WR00L2L2 | R44: 7104 | S44: 96 | T44: 1 | U44: 1 | V44: 1163.07 | W44: 0.20556 | X44: 45472 | Y44: 0.98974537 | Z44: 149820 | AA44: 149820 | AB44: 149818 | AC44: =AVERAGE(W44:W48) -> 0.210506
A45: 1 | B45: WR00L2L2 | C45: 7104 | D45: 96 | E45: 1 | F45: 1 | G45: 847.42 | H45: 0.28213 | I45: 45473 | J45: 0.1190162 | K45: 92661 | L45: 92660 | M45: 92661 | N45: =N44 -> 0.280566 | P45: 1 | Q45: WR00L2L2 | R45: 7104 | S45: 96 | T45: 1 | U45: 1 | V45: 1170.77 | W45: 0.20421 | X45: 45473 | Y45: 0.32834491 | Z45: 150943 | AA45: 150942 | AB45: 150938 | AC45: =AC44 -> 0.210506
A46: 2 | B46: WR00L2L2 | C46: 7104 | D46: 96 | E46: 1 | F46: 1 | G46: 851.77 | H46: 0.28069 | I46: 45473 | J46: 0.33850694 | K46: 93063 | L46: 93062 | M46: 93062 | N46: =N45 -> 0.280566 | P46: 2 | Q46: WR00L2L2 | R46: 7104 | S46: 96 | T46: 1 | U46: 1 | V46: 1191.53 | W46: 0.20065 | X46: 45473 | Y46: 0.67021991 | Z46: 155487 | AA46: 155487 | AB46: 155487 | AC46: =AC45 -> 0.210506
A47: 3 | B47: WR00L2L2 | C47: 7104 | D47: 96 | E47: 1 | F47: 1 | G47: 848.88 | H47: 0.28165 | I47: 45473 | J47: 0.55790509 | K47: 92727 | L47: 92727 | M47: 92726 | N47: =N46 -> 0.280566 | P47: 3 | Q47: WR00L2L2 | R47: 7104 | S47: 96 | T47: 1 | U47: 1 | V47: 1074.05 | W47: 0.2226 | X47: 45474 | Y47: 0.0081018519 | Z47: 141149 | AA47: 141150 | AB47: 141150 | AC47: =AC46 -> 0.210506
A48: 4 | B48: WR00L2L2 | C48: 7104 | D48: 96 | E48: 1 | F48: 1 | G48: 849.23 | H48: 0.28153 | I48: 45473 | J48: 0.77759259 | K48: 92773 | L48: 92773 | M48: 92773 | N48: =N47 -> 0.280566 | P48: 4 | Q48: WR00L2L2 | R48: 7104 | S48: 96 | T48: 1 | U48: 1 | V48: 1089.2 | W48: 0.21951 | X48: 45474 | Y48: 0.34903935 | Z48: 142340 | AA48: 142341 | AB48: 142340 | AC48: =AC47 -> 0.210506
A49: 0 | B49: WR00L2L2 | C49: 6272 | D49: 128 | E49: 1 | F49: 1 | G49: 580.62 | H49: 0.28339 | I49: 45472 | J49: 0.76222222 | K49: 64145 | L49: 64145 | M49: 64145 | N49: =AVERAGE(H49:H53) -> 0.28423 | P49: 0 | Q49: WR00L2L2 | R49: 6272 | S49: 128 | T49: 1 | U49: 1 | V49: 730.73 | W49: 0.22518 | X49: 45472 | Y49: 0.77888889 | Z49: 99102 | AA49: 99103 | AB49: 99101 | AC49: =AVERAGE(W49:W53) -> 0.226328
A50: 1 | B50: WR00L2L2 | C50: 6272 | D50: 128 | E50: 1 | F50: 1 | G50: 577.91 | H50: 0.28472 | I50: 45472 | J50: 0.98203704 | K50: 63809 | L50: 63809 | M50: 63809 | N50: =N49 -> 0.28423 | P50: 1 | Q50: WR00L2L2 | R50: 6272 | S50: 128 | T50: 1 | U50: 1 | V50: 717.91 | W50: 0.2292 | X50: 45473 | Y50: 0.11716435 | Z50: 97921 | AA50: 97921 | AB50: 97921 | AC50: =AC49 -> 0.226328
A51: 2 | B51: WR00L2L2 | C51: 6272 | D51: 128 | E51: 1 | F51: 1 | G51: 577.95 | H51: 0.28471 | I51: 45473 | J51: 0.20166667 | K51: 63846 | L51: 63846 | M51: 63845 | N51: =N50 -> 0.28423 | P51: 2 | Q51: WR00L2L2 | R51: 6272 | S51: 128 | T51: 1 | U51: 1 | V51: 719.35 | W51: 0.22874 | X51: 45473 | Y51: 0.45824074 | Z51: 98106 | AA51: 98105 | AB51: 98106 | AC51: =AC50 -> 0.226328
A52: 3 | B52: WR00L2L2 | C52: 6272 | D52: 128 | E52: 1 | F52: 1 | G52: 577.99 | H52: 0.28468 | I52: 45473 | J52: 0.42118056 | K52: 63857 | L52: 63857 | M52: 63857 | N52: =N51 -> 0.28423 | P52: 3 | Q52: WR00L2L2 | R52: 6272 | S52: 128 | T52: 1 | U52: 1 | V52: 717.73 | W52: 0.22926 | X52: 45473 | Y52: 0.79790509 | Z52: 97820 | AA52: 97819 | AB52: 97821 | AC52: =AC51 -> 0.226328
A53: 4 | B53: WR00L2L2 | C53: 6272 | D53: 128 | E53: 1 | F53: 1 | G53: 580.1 | H53: 0.28365 | I53: 45473 | J53: 0.64054398 | K53: 64037 | L53: 64038 | M53: 64037 | N53: =N52 -> 0.28423 | P53: 4 | Q53: WR00L2L2 | R53: 6272 | S53: 128 | T53: 1 | U53: 1 | V53: 750.44 | W53: 0.21926 | X53: 45474 | Y53: 0.14003472 | Z53: 100992 | AA53: 100993 | AB53: 100992 | AC53: =AC52 -> 0.226328
A54: 0 | B54: WR00L2L2 | C54: 6656 | D54: 128 | E54: 1 | F54: 1 | G54: 747.56 | H54: 0.26306 | I54: 45472 | J54: 0.82961806 | K54: 81556 | L54: 81557 | M54: 81556 | N54: =AVERAGE(H54:H58) -> 0.262756 | P54: 0 | Q54: WR00L2L2 | R54: 6656 | S54: 128 | T54: 1 | U54: 1 | V54: 879.61 | W54: 0.22357 | X54: 45472 | Y54: 0.88209491 | Z54: 117503 | AA54: 117506 | AB54: 117511 | AC54: =AVERAGE(W54:W58) -> 0.219484
A55: 1 | B55: WR00L2L2 | C55: 6656 | D55: 128 | E55: 1 | F55: 1 | G55: 746.09 | H55: 0.26357 | I55: 45473 | J55: 0.049513889 | K55: 81406 | L55: 81406 | M55: 81406 | N55: =N54 -> 0.262756 | P55: 1 | Q55: WR00L2L2 | R55: 6656 | S55: 128 | T55: 1 | U55: 1 | V55: 914.36 | W55: 0.21507 | X55: 45473 | Y55: 0.22028935 | Z55: 120871 | AA55: 120870 | AB55: 120870 | AC55: =AC54 -> 0.219484
A56: 2 | B56: WR00L2L2 | C56: 6656 | D56: 128 | E56: 1 | F56: 1 | G56: 751.57 | H56: 0.26165 | I56: 45473 | J56: 0.26907407 | K56: 81942 | L56: 81942 | M56: 81941 | N56: =N55 -> 0.262756 | P56: 2 | Q56: WR00L2L2 | R56: 6656 | S56: 128 | T56: 1 | U56: 1 | V56: 893.11 | W56: 0.22019 | X56: 45473 | Y56: 0.5615162 | Z56: 118877 | AA56: 118877 | AB56: 118877 | AC56: =AC55 -> 0.219484
A57: 3 | B57: WR00L2L2 | C57: 6656 | D57: 128 | E57: 1 | F57: 1 | G57: 748.06 | H57: 0.26288 | I57: 45473 | J57: 0.48859954 | K57: 81581 | L57: 81580 | M57: 81580 | N57: =N56 -> 0.262756 | P57: 3 | Q57: WR00L2L2 | R57: 6656 | S57: 128 | T57: 1 | U57: 1 | V57: 913.58 | W57: 0.21525 | X57: 45473 | Y57: 0.90017361 | Z57: 120725 | AA57: 120725 | AB57: 120726 | AC57: =AC56 -> 0.219484
A58: 4 | B58: WR00L2L2 | C58: 6656 | D58: 128 | E58: 1 | F58: 1 | G58: 748.8 | H58: 0.26262 | I58: 45473 | J58: 0.70820602 | K58: 81628 | L58: 81628 | M58: 81628 | N58: =N57 -> 0.262756 | P58: 4 | Q58: WR00L2L2 | R58: 6656 | S58: 128 | T58: 1 | U58: 1 | V58: 880.5 | W58: 0.22334 | X58: 45474 | Y58: 0.24321759 | Z58: 117352 | AA58: 117353 | AB58: 117352 | AC58: =AC57 -> 0.219484
A59: 0 | B59: WR00L2L2 | C59: 7040 | D59: 128 | E59: 1 | F59: 1 | G59: 847.81 | H59: 0.27445 | I59: 45472 | J59: 0.90990741 | K59: 92717 | L59: 92717 | M59: 92717 | N59: =AVERAGE(H59:H63) -> 0.278644 | P59: 0 | Q59: WR00L2L2 | R59: 7040 | S59: 128 | T59: 1 | U59: 1 | V59: 1027.16 | W59: 0.22653 | X59: 45473 | Y59: 0.0054861111 | Z59: 135684 | AA59: 135685 | AB59: 135684 | AC59: =AVERAGE(W59:W63) -> 0.225836
A60: 1 | B60: WR00L2L2 | C60: 7040 | D60: 128 | E60: 1 | F60: 1 | G60: 830.08 | H60: 0.28031 | I60: 45473 | J60: 0.12954861 | K60: 90699 | L60: 90700 | M60: 90699 | N60: =N59 -> 0.278644 | P60: 1 | Q60: WR00L2L2 | R60: 7040 | S60: 128 | T60: 1 | U60: 1 | V60: 1032.02 | W60: 0.22546 | X60: 45473 | Y60: 0.34413194 | Z60: 136035 | AA60: 136033 | AB60: 136033 | AC60: =AC59 -> 0.225836
A61: 2 | B61: WR00L2L2 | C61: 7040 | D61: 128 | E61: 1 | F61: 1 | G61: 833.34 | H61: 0.27922 | I61: 45473 | J61: 0.34907407 | K61: 91036 | L61: 91035 | M61: 91035 | N61: =N60 -> 0.278644 | P61: 2 | Q61: WR00L2L2 | R61: 7040 | S61: 128 | T61: 1 | U61: 1 | V61: 1051.35 | W61: 0.22132 | X61: 45473 | Y61: 0.68621528 | Z61: 137951 | AA61: 137950 | AB61: 137951 | AC61: =AC60 -> 0.225836
A62: 3 | B62: WR00L2L2 | C62: 7040 | D62: 128 | E62: 1 | F62: 1 | G62: 831.67 | H62: 0.27978 | I62: 45473 | J62: 0.5684375 | K62: 90819 | L62: 90818 | M62: 90819 | N62: =N61 -> 0.278644 | P62: 3 | Q62: WR00L2L2 | R62: 7040 | S62: 128 | T62: 1 | U62: 1 | V62: 1026.96 | W62: 0.22657 | X62: 45474 | Y62: 0.023796296 | Z62: 135404 | AA62: 135404 | AB62: 135405 | AC62: =AC61 -> 0.225836
A63: 4 | B63: WR00L2L2 | C63: 7040 | D63: 128 | E63: 1 | F63: 1 | G63: 832.61 | H63: 0.27946 | I63: 45473 | J63: 0.78814815 | K63: 90910 | L63: 90910 | M63: 90909 | N63: =N62 -> 0.278644 | P63: 4 | Q63: WR00L2L2 | R63: 7040 | S63: 128 | T63: 1 | U63: 1 | V63: 1014.77 | W63: 0.2293 | X63: 45474 | Y63: 0.36459491 | Z63: 134180 | AA63: 134181 | AB63: 134180 | AC63: =AC62 -> 0.225836
A64: 0 | B64: WR00L2L2 | C64: 6240 | D64: 160 | E64: 1 | F64: 1 | G64: 580.95 | H64: 0.27892 | I64: 45472 | J64: 0.76965278 | K64: 64065 | L64: 64066 | M64: 64065 | N64: =AVERAGE(H64:H68) -> 0.27927 | P64: 0 | Q64: WR00L2L2 | R64: 6240 | S64: 160 | T64: 1 | U64: 1 | V64: 721.96 | W64: 0.22444 | X64: 45472 | Y64: 0.79025463 | Z64: 97919 | AA64: 97918 | AB64: 97919 | AC64: =AVERAGE(W64:W68) -> 0.223778
A65: 1 | B65: WR00L2L2 | C65: 6240 | D65: 160 | E65: 1 | F65: 1 | G65: 578.91 | H65: 0.2799 | I65: 45472 | J65: 0.98944444 | K65: 63843 | L65: 63842 | M65: 63843 | N65: =N64 -> 0.27927 | P65: 1 | Q65: WR00L2L2 | R65: 6240 | S65: 160 | T65: 1 | U65: 1 | V65: 737.44 | W65: 0.21973 | X65: 45473 | Y65: 0.12871528 | Z65: 99511 | AA65: 99517 | AB65: 99519 | AC65: =AC64 -> 0.223778
A66: 2 | B66: WR00L2L2 | C66: 6240 | D66: 160 | E66: 1 | F66: 1 | G66: 581.01 | H66: 0.27889 | I66: 45473 | J66: 0.20909722 | K66: 64058 | L66: 64059 | M66: 64058 | N66: =N65 -> 0.27927 | P66: 2 | Q66: WR00L2L2 | R66: 6240 | S66: 160 | T66: 1 | U66: 1 | V66: 735.78 | W66: 0.22023 | X66: 45473 | Y66: 0.46975694 | Z66: 99288 | AA66: 99288 | AB66: 99287 | AC66: =AC65 -> 0.223778
A67: 3 | B67: WR00L2L2 | C67: 6240 | D67: 160 | E67: 1 | F67: 1 | G67: 581.04 | H67: 0.27888 | I67: 45473 | J67: 0.42862269 | K67: 64091 | L67: 64091 | M67: 64091 | N67: =N66 -> 0.27927 | P67: 3 | Q67: WR00L2L2 | R67: 6240 | S67: 160 | T67: 1 | U67: 1 | V67: 713.19 | W67: 0.2272 | X67: 45473 | Y67: 0.80916667 | Z67: 97099 | AA67: 97099 | AB67: 97100 | AC67: =AC66 -> 0.223778
A68: 4 | B68: WR00L2L2 | C68: 6240 | D68: 160 | E68: 1 | F68: 1 | G68: 579.22 | H68: 0.27976 | I68: 45473 | J68: 0.64796296 | K68: 63911 | L68: 63911 | M68: 63911 | N68: =N67 -> 0.27927 | P68: 4 | Q68: WR00L2L2 | R68: 6240 | S68: 160 | T68: 1 | U68: 1 | V68: 712.93 | W68: 0.22729 | X68: 45474 | Y68: 0.15127315 | Z68: 96933 | AA68: 96934 | AB68: 96934 | AC68: =AC67 -> 0.223778
A69: 0 | B69: WR00L2L2 | C69: 6720 | D69: 160 | E69: 1 | F69: 1 | G69: 716.4 | H69: 0.28249 | I69: 45472 | J69: 0.83872685 | K69: 78547 | L69: 78548 | M69: 78547 | N69: =AVERAGE(H69:H73) -> 0.282192 | P69: 0 | Q69: WR00L2L2 | R69: 6720 | S69: 160 | T69: 1 | U69: 1 | V69: 901.67 | W69: 0.22445 | X69: 45472 | Y69: 0.89601852 | Z69: 120028 | AA69: 120026 | AB69: 120028 | AC69: =AVERAGE(W69:W73) -> 0.224642
A70: 1 | B70: WR00L2L2 | C70: 6720 | D70: 160 | E70: 1 | F70: 1 | G70: 719.02 | H70: 0.28146 | I70: 45473 | J70: 0.058657407 | K70: 78835 | L70: 78836 | M70: 78835 | N70: =N69 -> 0.282192 | P70: 1 | Q70: WR00L2L2 | R70: 6720 | S70: 160 | T70: 1 | U70: 1 | V70: 909.01 | W70: 0.22263 | X70: 45473 | Y70: 0.23428241 | Z70: 120645 | AA70: 120644 | AB70: 120645 | AC70: =AC69 -> 0.224642
A71: 2 | B71: WR00L2L2 | C71: 6720 | D71: 160 | E71: 1 | F71: 1 | G71: 716.04 | H71: 0.28263 | I71: 45473 | J71: 0.27818287 | K71: 78498 | L71: 78498 | M71: 78497 | N71: =N70 -> 0.282192 | P71: 2 | Q71: WR00L2L2 | R71: 6720 | S71: 160 | T71: 1 | U71: 1 | V71: 887.91 | W71: 0.22793 | X71: 45473 | Y71: 0.57528935 | Z71: 118772 | AA71: 118771 | AB71: 118771 | AC71: =AC70 -> 0.224642
A72: 3 | B72: WR00L2L2 | C72: 6720 | D72: 160 | E72: 1 | F72: 1 | G72: 718.39 | H72: 0.28171 | I72: 45473 | J72: 0.49773148 | K72: 78773 | L72: 78773 | M72: 78774 | N72: =N71 -> 0.282192 | P72: 3 | Q72: WR00L2L2 | R72: 6720 | S72: 160 | T72: 1 | U72: 1 | V72: 917.94 | W72: 0.22047 | X72: 45473 | Y72: 0.91425926 | Z72: 121537 | AA72: 121537 | AB72: 121537 | AC72: =AC71 -> 0.224642
A73: 4 | B73: WR00L2L2 | C73: 6720 | D73: 160 | E73: 1 | F73: 1 | G73: 715.94 | H73: 0.28267 | I73: 45473 | J73: 0.71730324 | K73: 78472 | L73: 78471 | M73: 78472 | N73: =N72 -> 0.282192 | P73: 4 | Q73: WR00L2L2 | R73: 6720 | S73: 160 | T73: 1 | U73: 1 | V73: 888.65 | W73: 0.22773 | X73: 45474 | Y73: 0.25695602 | Z73: 118560 | AA73: 118561 | AB73: 118561 | AC73: =AC72 -> 0.224642
A74: 0 | B74: WR00L2L2 | C74: 7040 | D74: 160 | E74: 1 | F74: 1 | G74: 841.53 | H74: 0.2765 | I74: 45472 | J74: 0.92056713 | K74: 91824 | L74: 91825 | M74: 91824 | N74: =AVERAGE(H74:H78) -> 0.27714 | P74: 0 | Q74: WR00L2L2 | R74: 7040 | S74: 160 | T74: 1 | U74: 1 | V74: 1054.06 | W74: 0.22075 | X74: 45473 | Y74: 0.021516204 | Z74: 138212 | AA74: 138212 | AB74: 138212 | AC74: =AVERAGE(W74:W78) -> 0.212746
A75: 1 | B75: WR00L2L2 | C75: 7040 | D75: 160 | E75: 1 | F75: 1 | G75: 839.13 | H75: 0.27729 | I75: 45473 | J75: 0.14017361 | K75: 91605 | L75: 91605 | M75: 91604 | N75: =N74 -> 0.27714 | P75: 1 | Q75: WR00L2L2 | R75: 7040 | S75: 160 | T75: 1 | U75: 1 | V75: 1141.66 | W75: 0.20381 | X75: 45473 | Y75: 0.36119213 | Z75: 147165 | AA75: 147163 | AB75: 147164 | AC75: =AC74 -> 0.212746
A76: 2 | B76: WR00L2L2 | C76: 7040 | D76: 160 | E76: 1 | F76: 1 | G76: 836.97 | H76: 0.27801 | I76: 45473 | J76: 0.35967593 | K76: 91380 | L76: 91380 | M76: 91381 | N76: =N75 -> 0.27714 | P76: 2 | Q76: WR00L2L2 | R76: 7040 | S76: 160 | T76: 1 | U76: 1 | V76: 1054.13 | W76: 0.22074 | X76: 45473 | Y76: 0.7022338 | Z76: 138144 | AA76: 138143 | AB76: 138143 | AC76: =AC75 -> 0.212746
A77: 3 | B77: WR00L2L2 | C77: 7040 | D77: 160 | E77: 1 | F77: 1 | G77: 838.69 | H77: 0.27744 | I77: 45473 | J77: 0.5790625 | K77: 91569 | L77: 91569 | M77: 91569 | N77: =N76 -> 0.27714 | P77: 3 | Q77: WR00L2L2 | R77: 7040 | S77: 160 | T77: 1 | U77: 1 | V77: 1182.13 | W77: 0.19683 | X77: 45474 | Y77: 0.041284722 | Z77: 150910 | AA77: 150911 | AB77: 150911 | AC77: =AC76 -> 0.212746
A78: 4 | B78: WR00L2L2 | C78: 7040 | D78: 160 | E78: 1 | F78: 1 | G78: 841.65 | H78: 0.27646 | I78: 45473 | J78: 0.7987963 | K78: 91764 | L78: 91765 | M78: 91764 | N78: =N77 -> 0.27714 | P78: 4 | Q78: WR00L2L2 | R78: 7040 | S78: 160 | T78: 1 | U78: 1 | V78: 1050.04 | W78: 0.2216 | X78: 45474 | Y78: 0.38055556 | Z78: 137761 | AA78: 137762 | AB78: 137761 | AC78: =AC77 -> 0.212746
A79: 0 | B79: WR00L2L2 | C79: 6336 | D79: 192 | E79: 1 | F79: 1 | G79: 596.15 | H79: 0.28455 | I79: 45472 | J79: 0.77729167 | K79: 65763 | L79: 65763 | M79: 65763 | N79: =AVERAGE(H79:H83) -> 0.284078 | P79: 0 | Q79: WR00L2L2 | R79: 6336 | S79: 192 | T79: 1 | U79: 1 | V79: 760.79 | W79: 0.22297 | X79: 45472 | Y79: 0.80215278 | Z79: 102507 | AA79: 102507 | AB79: 102507 | AC79: =AVERAGE(W79:W83) -> 0.216494
A80: 1 | B80: WR00L2L2 | C80: 6336 | D80: 192 | E80: 1 | F80: 1 | G80: 596.44 | H80: 0.28441 | I80: 45472 | J80: 0.99710648 | K80: 66026 | L80: 66026 | M80: 66026 | N80: =N79 -> 0.284078 | P80: 1 | Q80: WR00L2L2 | R80: 6336 | S80: 192 | T80: 1 | U80: 1 | V80: 814.31 | W80: 0.20831 | X80: 45473 | Y80: 0.14127315 | Z80: 108182 | AA80: 108181 | AB80: 108181 | AC80: =AC79 -> 0.216494
A81: 2 | B81: WR00L2L2 | C81: 6336 | D81: 192 | E81: 1 | F81: 1 | G81: 596.25 | H81: 0.2845 | I81: 45473 | J81: 0.21673611 | K81: 65782 | L81: 65782 | M81: 65782 | N81: =N80 -> 0.284078 | P81: 2 | Q81: WR00L2L2 | R81: 6336 | S81: 192 | T81: 1 | U81: 1 | V81: 821.05 | W81: 0.2066 | X81: 45473 | Y81: 0.48234954 | Z81: 108575 | AA81: 108575 | AB81: 108576 | AC81: =AC80 -> 0.216494
A82: 3 | B82: WR00L2L2 | C82: 6336 | D82: 192 | E82: 1 | F82: 1 | G82: 598.51 | H82: 0.28343 | I82: 45473 | J82: 0.43627315 | K82: 65974 | L82: 65974 | M82: 65974 | N82: =N81 -> 0.284078 | P82: 3 | Q82: WR00L2L2 | R82: 6336 | S82: 192 | T82: 1 | U82: 1 | V82: 764.29 | W82: 0.22195 | X82: 45473 | Y82: 0.82111111 | Z82: 102903 | AA82: 102902 | AB82: 102903 | AC82: =AC81 -> 0.216494
A83: 4 | B83: WR00L2L2 | C83: 6336 | D83: 192 | E83: 1 | F83: 1 | G83: 598.34 | H83: 0.2835 | I83: 45473 | J83: 0.655625 | K83: 65995 | L83: 65996 | M83: 65995 | N83: =N82 -> 0.284078 | P83: 4 | Q83: WR00L2L2 | R83: 6336 | S83: 192 | T83: 1 | U83: 1 | V83: 761.9 | W83: 0.22264 | X83: 45474 | Y83: 0.1631713 | Z83: 102579 | AA83: 102580 | AB83: 102579 | AC83: =AC82 -> 0.216494
A84: 0 | B84: WR00L2L2 | C84: 6720 | D84: 192 | E84: 1 | F84: 1 | G84: 711.79 | H84: 0.28432 | I84: 45472 | J84: 0.84778935 | K84: 78059 | L84: 78059 | M84: 78059 | N84: =AVERAGE(H84:H88) -> 0.284884 | P84: 0 | Q84: WR00L2L2 | R84: 6720 | S84: 192 | T84: 1 | U84: 1 | V84: 961.55 | W84: 0.21047 | X84: 45472 | Y84: 0.91063657 | Z84: 126060 | AA84: 126063 | AB84: 126063 | AC84: =AVERAGE(W84:W88) -> 0.213482
A85: 1 | B85: WR00L2L2 | C85: 6720 | D85: 192 | E85: 1 | F85: 1 | G85: 709.19 | H85: 0.28536 | I85: 45473 | J85: 0.067685185 | K85: 77804 | L85: 77804 | M85: 77804 | N85: =N84 -> 0.284884 | P85: 1 | Q85: WR00L2L2 | R85: 6720 | S85: 192 | T85: 1 | U85: 1 | V85: 914.64 | W85: 0.22126 | X85: 45473 | Y85: 0.24835648 | Z85: 121264 | AA85: 121263 | AB85: 121264 | AC85: =AC84 -> 0.213482
A86: 2 | B86: WR00L2L2 | C86: 6720 | D86: 192 | E86: 1 | F86: 1 | G86: 708.3 | H86: 0.28572 | I86: 45473 | J86: 0.2872338 | K86: 77958 | L86: 77964 | M86: 77968 | N86: =N85 -> 0.284884 | P86: 2 | Q86: WR00L2L2 | R86: 6720 | S86: 192 | T86: 1 | U86: 1 | V86: 919.91 | W86: 0.22 | X86: 45473 | Y86: 0.5894213 | Z86: 121864 | AA86: 121864 | AB86: 121865 | AC86: =AC85 -> 0.213482
A87: 3 | B87: WR00L2L2 | C87: 6720 | D87: 192 | E87: 1 | F87: 1 | G87: 711.3 | H87: 0.28452 | I87: 45473 | J87: 0.50678241 | K87: 78002 | L87: 78003 | M87: 78002 | N87: =N86 -> 0.284884 | P87: 3 | Q87: WR00L2L2 | R87: 6720 | S87: 192 | T87: 1 | U87: 1 | V87: 970.04 | W87: 0.20863 | X87: 45473 | Y87: 0.92903935 | Z87: 127521 | AA87: 127522 | AB87: 127522 | AC87: =AC86 -> 0.213482
A88: 4 | B88: WR00L2L2 | C88: 6720 | D88: 192 | E88: 1 | F88: 1 | G88: 711.34 | H88: 0.2845 | I88: 45473 | J88: 0.72636574 | K88: 78062 | L88: 78063 | M88: 78062 | N88: =N87 -> 0.284884 | P88: 4 | Q88: WR00L2L2 | R88: 6720 | S88: 192 | T88: 1 | U88: 1 | V88: 977.43 | W88: 0.20705 | X88: 45474 | Y88: 0.27172454 | Z88: 127401 | AA88: 127402 | AB88: 127402 | AC88: =AC87 -> 0.213482
A89: 0 | B89: WR00L2L2 | C89: 7104 | D89: 192 | E89: 1 | F89: 1 | G89: 842.26 | H89: 0.28386 | I89: 45472 | J89: 0.93125 | K89: 92143 | L89: 92143 | M89: 92144 | N89: =AVERAGE(H89:H93) -> 0.28439 | P89: 0 | Q89: WR00L2L2 | R89: 7104 | S89: 192 | T89: 1 | U89: 1 | V89: 1143.14 | W89: 0.20915 | X89: 45473 | Y89: 0.038634259 | Z89: 147558 | AA89: 147557 | AB89: 147557 | AC89: =AVERAGE(W89:W93) -> 0.202414
A90: 1 | B90: WR00L2L2 | C90: 7104 | D90: 192 | E90: 1 | F90: 1 | G90: 842.54 | H90: 0.28377 | I90: 45473 | J90: 0.15085648 | K90: 92103 | L90: 92103 | M90: 92102 | N90: =N89 -> 0.28439 | P90: 1 | Q90: WR00L2L2 | R90: 7104 | S90: 192 | T90: 1 | U90: 1 | V90: 1158.87 | W90: 0.20631 | X90: 45473 | Y90: 0.37850694 | Z90: 149266 | AA90: 149271 | AB90: 149276 | AC90: =AC89 -> 0.202414
A91: 2 | B91: WR00L2L2 | C91: 7104 | D91: 192 | E91: 1 | F91: 1 | G91: 841.49 | H91: 0.28412 | I91: 45473 | J91: 0.37034722 | K91: 92030 | L91: 92030 | M91: 92030 | N91: =N90 -> 0.28439 | P91: 2 | Q91: WR00L2L2 | R91: 7104 | S91: 192 | T91: 1 | U91: 1 | V91: 1113.26 | W91: 0.21476 | X91: 45473 | Y91: 0.71900463 | Z91: 144636 | AA91: 144634 | AB91: 144635 | AC91: =AC90 -> 0.202414
A92: 3 | B92: WR00L2L2 | C92: 7104 | D92: 192 | E92: 1 | F92: 1 | G92: 838.2 | H92: 0.28524 | I92: 45473 | J92: 0.5897338 | K92: 91940 | L92: 91940 | M92: 91941 | N92: =N91 -> 0.28439 | P92: 3 | Q92: WR00L2L2 | R92: 7104 | S92: 192 | T92: 1 | U92: 1 | V92: 1276.07 | W92: 0.18736 | X92: 45474 | Y92: 0.059930556 | Z92: 160872 | AA92: 160873 | AB92: 160873 | AC92: =AC91 -> 0.202414
A93: 4 | B93: WR00L2L2 | C93: 7104 | D93: 192 | E93: 1 | F93: 1 | G93: 839.02 | H93: 0.28496 | I93: 45473 | J93: 0.80946759 | K93: 92039 | L93: 92039 | M93: 92039 | N93: =N92 -> 0.28439 | P93: 4 | Q93: WR00L2L2 | R93: 7104 | S93: 192 | T93: 1 | U93: 1 | V93: 1229.31 | W93: 0.19449 | X93: 45474 | Y93: 0.39866898 | Z93: 156245 | AA93: 156246 | AB93: 156246 | AC93: =AC92 -> 0.202414
A94: 0 | B94: WR00L2L2 | C94: 6272 | D94: 224 | E94: 1 | F94: 1 | G94: 587.96 | H94: 0.27986 | I94: 45472 | J94: 0.78481481 | K94: 64827 | L94: 64827 | M94: 64827 | N94: =AVERAGE(H94:H98) -> 0.279662 | P94: 0 | Q94: WR00L2L2 | R94: 6272 | S94: 224 | T94: 1 | U94: 1 | V94: 861.39 | W94: 0.19102 | X94: 45472 | Y94: 0.81515046 | Z94: 112080 | AA94: 112079 | AB94: 112081 | AC94: =AVERAGE(W94:W98) -> 0.201958
A95: 1 | B95: WR00L2L2 | C95: 6272 | D95: 224 | E95: 1 | F95: 1 | G95: 593.73 | H95: 0.27713 | I95: 45473 | J95: 0.0047106481 | K95: 65462 | L95: 65462 | M95: 65462 | N95: =N94 -> 0.279662 | P95: 1 | Q95: WR00L2L2 | R95: 6272 | S95: 224 | T95: 1 | U95: 1 | V95: 763.28 | W95: 0.21558 | X95: 45473 | Y95: 0.15313657 | Z95: 102291 | AA95: 102292 | AB95: 102293 | AC95: =AC94 -> 0.201958
A96: 2 | B96: WR00L2L2 | C96: 6272 | D96: 224 | E96: 1 | F96: 1 | G96: 588.67 | H96: 0.27952 | I96: 45473 | J96: 0.22427083 | K96: 64904 | L96: 64904 | M96: 64903 | N96: =N95 -> 0.279662 | P96: 2 | Q96: WR00L2L2 | R96: 6272 | S96: 224 | T96: 1 | U96: 1 | V96: 796.3 | W96: 0.20663 | X96: 45473 | Y96: 0.49460648 | Z96: 105557 | AA96: 105557 | AB96: 105557 | AC96: =AC95 -> 0.201958
A97: 3 | B97: WR00L2L2 | C97: 6272 | D97: 224 | E97: 1 | F97: 1 | G97: 585.86 | H97: 0.28086 | I97: 45473 | J97: 0.44377315 | K97: 64609 | L97: 64609 | M97: 64609 | N97: =N96 -> 0.279662 | P97: 3 | Q97: WR00L2L2 | R97: 6272 | S97: 224 | T97: 1 | U97: 1 | V97: 768.77 | W97: 0.21404 | X97: 45473 | Y97: 0.83302083 | Z97: 102708 | AA97: 102703 | AB97: 102692 | AC97: =AC96 -> 0.201958
A98: 4 | B98: WR00L2L2 | C98: 6272 | D98: 224 | E98: 1 | F98: 1 | G98: 585.7 | H98: 0.28094 | I98: 45473 | J98: 0.66311343 | K98: 64586 | L98: 64587 | M98: 64587 | N98: =N97 -> 0.279662 | P98: 4 | Q98: WR00L2L2 | R98: 6272 | S98: 224 | T98: 1 | U98: 1 | V98: 901.53 | W98: 0.18252 | X98: 45474 | Y98: 0.17662037 | Z98: 115995 | AA98: 115996 | AB98: 115996 | AC98: =AC97 -> 0.201958
A99: 0 | B99: WR00L2L2 | C99: 6720 | D99: 224 | E99: 1 | F99: 1 | G99: 720.34 | H99: 0.28095 | I99: 45472 | J99: 0.85694444 | K99: 78931 | L99: 78932 | M99: 78931 | N99: =AVERAGE(H99:H103) -> 0.281324 | P99: 0 | Q99: WR00L2L2 | R99: 6720 | S99: 224 | T99: 1 | U99: 1 | V99: 983.94 | W99: 0.20568 | X99: 45472 | Y99: 0.92550926 | Z99: 128242 | AA99: 128241 | AB99: 128240 | AC99: =AVERAGE(W99:W103) -> 0.203338
A100: 1 | B100: WR00L2L2 | C100: 6720 | D100: 224 | E100: 1 | F100: 1 | G100: 719.88 | H100: 0.28112 | I100: 45473 | J100: 0.076840278 | K100: 78921 | L100: 78921 | M100: 78920 | N100: =N99 -> 0.281324 | P100: 1 | Q100: WR00L2L2 | R100: 6720 | S100: 224 | T100: 1 | U100: 1 | V100: 1067.73 | W100: 0.18954 | X100: 45473 | Y100: 0.26417824 | Z100: 136464 | AA100: 136463 | AB100: 136464 | AC100: =AC99 -> 0.203338
...

Sheet 4 node, params, RAW
A1: Max avg. GFLOPS (and params): | E1: =MAX(W:W) -> 1.03676 | F1: =INDEX(C:C,MATCH(MAX($W:$W),$W:$W,0)) -> 13440 | G1: =INDEX(D:D,MATCH(MAX($W:$W),$W:$W,0)) -> 64 | H1: =INDEX(E:E,MATCH(MAX($W:$W),$W:$W,0)) -> 2 | I1: =INDEX(F:F,MATCH(MAX($W:$W),$W:$W,0)) -> 2 | K1: ATLAS | W1: Average GFLOP/s | Y1: Max avg. GFLOPS (and params): | AC1: =MAX(AU:AU) -> 0.839766 | AD1: =INDEX(AA:AA,MATCH(MAX($AU:$AU),$AU:$AU,0)) -> 13440 | AE1: =INDEX(AB:AB,MATCH(MAX($AU:$AU),$AU:$AU,0)) -> 64 | AF1: =INDEX(AC:AC,MATCH(MAX($AU:$AU),$AU:$AU,0)) -> 2 | AG1: =INDEX(AD:AD,MATCH(MAX($AU:$AU),$AU:$AU,0)) -> 2 | AI1: OpenBLAS | AU1: Average GFLOP/s | AW1: Max avg. GFLOPS (and params): | BA1: =MAX(BS:BS) -> 1.0354 | BB1: =INDEX(AY:AY,MATCH(MAX($BS:$BS),$BS:$BS,0)) -> 14208 | BC1: =INDEX(AZ:AZ,MATCH(MAX($BS:$BS),$BS:$BS,0)) -> 64 | BD1: =INDEX(BA:BA,MATCH(MAX($BS:$BS),$BS:$BS,0)) -> 2 | BE1: =INDEX(BB:BB,MATCH(MAX($BS:$BS),$BS:$BS,0)) -> 2 | BG1: ATLAS (arch-tune-flags) - OLD | BS1: Average GFLOP/s
A2: MAX GFLOPS: | C2: =MAX(H4:H500) -> 1.0437 | K2: raspi01 throttling time [1/100s] | N2: raspi02 throttling time [1/100s] | Q2: raspi03 throttling time [1/100s] | T2: raspi04 throttling time [1/100s] | Y2: MAX GFLOPS: | AA2: =MAX(AF4:AF500) -> 0.84299 | AI2: raspi01 throttling time [1/100s] | AL2: raspi02 throttling time [1/100s] | AO2: raspi03 throttling time [1/100s] | AR2: raspi04 throttling time [1/100s] | AW2: MAX GFLOPS: | AY2: =MAX(H4:H335) -> 1.0437 | BG2: raspi01 throttling time [1/100s] | BJ2: raspi02 throttling time [1/100s] | BM2: raspi03 throttling time [1/100s] | BP2: raspi04 throttling time [1/100s]
A3: RUN | C3: N | D3: NB | E3: P | F3: Q | G3: Time | H3: GFLOPS | I3: Date | J3: Time | K3: - | L3: - | M3: 700MHz | N3: - | O3: - | P3: 700MHz | Q3: - | R3: - | S3: 700MHz | T3: - | U3: - | V3: 700MHz | Y3: RUN | AA3: N | AB3: NB | AC3: P | AD3: Q | AE3: Time | AF3: GFLOPS | AG3: Date | AH3: Time | AI3: - | AJ3: - | AK3: 700MHz | AL3: - | AM3: - | AN3: 700MHz | AO3: - | AP3: - | AQ3: 700MHz | AR3: - | AS3: - | AT3: 700MHz | AW3: RUN | AY3: N | AZ3: NB | BA3: P | BB3: Q | BC3: Time | BD3: GFLOPS | BE3: Date | BF3: Time | BG3: - | BH3: - | BI3: 700MHz | BJ3: - | BK3: - | BL3: 700MHz | BM3: - | BN3: - | BO3: 700MHz | BP3: - | BQ3: - | BR3: 700MHz
A4: 0 | B4: WR00L2L2 | C4: 12672 | D4: 32 | E4: 1 | F4: 4 | G4: 1427.74 | H4: 0.95032 | I4: 45474 | J4: 0.5450463 | K4: 150325 | L4: 150325 | M4: 150326 | N4: 150168 | O4: 150167 | P4: 150168 | Q4: 150015 | R4: 150016 | S4: 150016 | T4: 149862 | U4: 149861 | V4: 149862 | W4: =AVERAGE(H4:H8) -> 0.947932 | Y4: 0 | Z4: WR00L2L2 | AA4: 12672 | AB4: 32 | AC4: 1 | AD4: 4 | AE4: 1690.41 | AF4: 0.80265 | AG4: 45465 | AH4: 0.73690972 | AI4: 197125 | AJ4: 197124 | AK4: 197124 | AL4: 197115 | AM4: 197115 | AN4: 197114 | AO4: 196967 | AP4: 196967 | AQ4: 196966 | AR4: 196822 | AS4: 196822 | AT4: 196821 | AU4: =AVERAGE(AF4:AF8) -> 0.801688 | AW4: 0 | AX4: WR00L2L2 | AY4: 12672 | AZ4: 32 | BA4: 1 | BB4: 4 | BC4: 1427.54 | BD4: 0.95046 | BS4: =AVERAGE(BD4:BD8) -> 0.951422
A5: 1 | B5: WR00L2L2 | C5: 12672 | D5: 32 | E5: 1 | F5: 4 | G5: 1428.87 | H5: 0.94958 | I5: 45475 | J5: 0.53986111 | K5: 149886 | L5: 149885 | M5: 149886 | N5: 149886 | O5: 149886 | P5: 149886 | Q5: 149886 | R5: 149886 | S5: 149886 | T5: 149886 | U5: 149886 | V5: 149887 | W5: =W4 -> 0.947932 | Y5: 1 | Z5: WR00L2L2 | AA5: 12672 | AB5: 32 | AC5: 1 | AD5: 4 | AE5: 1697.25 | AF5: 0.79942 | AG5: 45467 | AH5: 0.12511574 | AI5: 197456 | AJ5: 197457 | AK5: 197456 | AL5: 197457 | AM5: 197456 | AN5: 197456 | AO5: 197459 | AP5: 197460 | AQ5: 197460 | AR5: 197465 | AS5: 197465 | AT5: 197465 | AU5: =AU4 -> 0.801688 | AW5: 1 | AX5: WR00L2L2 | AY5: 12672 | AZ5: 32 | BA5: 1 | BB5: 4 | BC5: 1426.32 | BD5: 0.95127 | BS5: =BS4 -> 0.951422
A6: 2 | B6: WR00L2L2 | C6: 12672 | D6: 32 | E6: 1 | F6: 4 | G6: 1434.2 | H6: 0.94604 | I6: 45476 | J6: 0.53189815 | K6: 150425 | L6: 150425 | M6: 150425 | N6: 150427 | O6: 150428 | P6: 150427 | Q6: 150429 | R6: 150430 | S6: 150429 | T6: 150430 | U6: 150430 | V6: 150430 | W6: =W5 -> 0.947932 | Y6: 2 | Z6: WR00L2L2 | AA6: 12672 | AB6: 32 | AC6: 1 | AD6: 4 | AE6: 1690.13 | AF6: 0.80279 | AG6: 45468 | AH6: 0.50327546 | AI6: 196781 | AJ6: 196782 | AK6: 196781 | AL6: 196783 | AM6: 196782 | AN6: 196783 | AO6: 196784 | AP6: 196784 | AQ6: 196784 | AR6: 196785 | AS6: 196786 | AT6: 196785 | AU6: =AU5 -> 0.801688 | AW6: 2 | AX6: WR00L2L2 | AY6: 12672 | AZ6: 32 | BA6: 1 | BB6: 4 | BC6: 1426.7 | BD6: 0.95102 | BS6: =BS5 -> 0.951422
A7: 3 | B7: WR00L2L2 | C7: 12672 | D7: 32 | E7: 1 | F7: 4 | G7: 1437.83 | H7: 0.94366 | I7: 45477 | J7: 0.51997685 | K7: 150803 | L7: 150804 | M7: 150803 | N7: 150804 | O7: 150804 | P7: 150804 | Q7: 150805 | R7: 150805 | S7: 150805 | T7: 150806 | U7: 150806 | V7: 150807 | W7: =W6 -> 0.947932 | Y7: 3 | Z7: WR00L2L2 | AA7: 12672 | AB7: 32 | AC7: 1 | AD7: 4 | AE7: 1691.35 | AF7: 0.80221 | AG7: 45469 | AH7: 0.87047454 | AI7: 196853 | AJ7: 196854 | AK7: 196854 | AL7: 196854 | AM7: 196854 | AN7: 196854 | AO7: 196851 | AP7: 196851 | AQ7: 196852 | AR7: 196851 | AS7: 196852 | AT7: 196852 | AU7: =AU6 -> 0.801688 | AW7: 3 | AX7: WR00L2L2 | AY7: 12672 | AZ7: 32 | BA7: 1 | BB7: 4 | BC7: 1425.37 | BD7: 0.9519 | BS7: =BS6 -> 0.951422
A8: 4 | B8: WR00L2L2 | C8: 12672 | D8: 32 | E8: 1 | F8: 4 | G8: 1428.14 | H8: 0.95006 | I8: 45478 | J8: 0.50115741 | K8: 149799 | L8: 149799 | M8: 149798 | N8: 149799 | O8: 149799 | P8: 149800 | Q8: 149799 | R8: 149799 | S8: 149799 | T8: 149801 | U8: 149800 | V8: 149800 | W8: =W7 -> 0.947932 | Y8: 4 | Z8: WR00L2L2 | AA8: 12672 | AB8: 32 | AC8: 1 | AD8: 4 | AE8: 1693.12 | AF8: 0.80137 | AG8: 45471 | AH8: 0.22175926 | AI8: 197040 | AJ8: 197041 | AK8: 197040 | AL8: 197043 | AM8: 197042 | AN8: 197042 | AO8: 197044 | AP8: 197045 | AQ8: 197045 | AR8: 197046 | AS8: 197046 | AT8: 197046 | AU8: =AU7 -> 0.801688 | AW8: 4 | AX8: WR00L2L2 | AY8: 12672 | AZ8: 32 | BA8: 1 | BB8: 4 | BC8: 1424.54 | BD8: 0.95246 | BS8: =BS7 -> 0.951422
A9: 0 | B9: WR00L2L2 | C9: 13440 | D9: 32 | E9: 1 | F9: 4 | G9: 1680.54 | H9: 0.96323 | I9: 45474 | J9: 0.81885417 | K9: 175768 | L9: 175768 | M9: 175767 | N9: 175769 | O9: 175770 | P9: 175769 | Q9: 175773 | R9: 175773 | S9: 175773 | T9: 175775 | U9: 175776 | V9: 175776 | W9: =AVERAGE(H9:H13) -> 0.962258 | Y9: 0 | Z9: WR00L2L2 | AA9: 13440 | AB9: 32 | AC9: 1 | AD9: 4 | AE9: 1996.82 | AF9: 0.81066 | AG9: 45466 | AH9: 0.11435185 | AI9: 230750 | AJ9: 230750 | AK9: 230749 | AL9: 230751 | AM9: 230751 | AN9: 230752 | AO9: 230763 | AP9: 230763 | AQ9: 230763 | AR9: 230763 | AS9: 230764 | AT9: 230764 | AU9: =AVERAGE(AF9:AF13) -> 0.80911 | AW9: 0 | AX9: WR00L2L2 | AY9: 13440 | AZ9: 32 | BA9: 1 | BB9: 4 | BC9: 1681.29 | BD9: 0.9628 | BS9: =AVERAGE(BD9:BD13) -> 0.963142
A10: 1 | B10: WR00L2L2 | C10: 13440 | D10: 32 | E10: 1 | F10: 4 | G10: 1681.07 | H10: 0.96292 | I10: 45475 | J10: 0.81364583 | K10: 175835 | L10: 175836 | M10: 175836 | N10: 175837 | O10: 175838 | P10: 175838 | Q10: 175840 | R10: 175840 | S10: 175840 | T10: 175840 | U10: 175841 | V10: 175841 | W10: =W9 -> 0.962258 | Y10: 1 | Z10: WR00L2L2 | AA10: 13440 | AB10: 32 | AC10: 1 | AD10: 4 | AE10: 1996.26 | AF10: 0.81089 | AG10: 45467 | AH10: 0.50332176 | AI10: 230691 | AJ10: 230690 | AK10: 230691 | AL10: 230700 | AM10: 230700 | AN10: 230699 | AO10: 230723 | AP10: 230723 | AQ10: 230723 | AR10: 230729 | AS10: 230729 | AT10: 230729 | AU10: =AU9 -> 0.80911 | AW10: 1 | AX10: WR00L2L2 | AY10: 13440 | AZ10: 32 | BA10: 1 | BB10: 4 | BC10: 1688.26 | BD10: 0.95883 | BS10: =BS9 -> 0.963142
A11: 2 | B11: WR00L2L2 | C11: 13440 | D11: 32 | E11: 1 | F11: 4 | G11: 1680.76 | H11: 0.96311 | I11: 45476 | J11: 0.80574074 | K11: 175786 | L11: 175786 | M11: 175786 | N11: 175789 | O11: 175789 | P11: 175788 | Q11: 175792 | R11: 175791 | S11: 175792 | T11: 175810 | U11: 175810 | V11: 175810 | W11: =W10 -> 0.962258 | Y11: 2 | Z11: WR00L2L2 | AA11: 13440 | AB11: 32 | AC11: 1 | AD11: 4 | AE11: 2013.1 | AF11: 0.80411 | AG11: 45468 | AH11: 0.8809838 | AI11: 232517 | AJ11: 232517 | AK11: 232517 | AL11: 232525 | AM11: 232525 | AN11: 232525 | AO11: 232562 | AP11: 232563 | AQ11: 232563 | AR11: 232563 | AS11: 232564 | AT11: 232564 | AU11: =AU10 -> 0.80911 | AW11: 2 | AX11: WR00L2L2 | AY11: 13440 | AZ11: 32 | BA11: 1 | BB11: 4 | BC11: 1677.8 | BD11: 0.9648 | BS11: =BS10 -> 0.963142
A12: 3 | B12: WR00L2L2 | C12: 13440 | D12: 32 | E12: 1 | F12: 4 | G12: 1681.26 | H12: 0.96282 | I12: 45477 | J12: 0.79391204 | K12: 175866 | L12: 175866 | M12: 175865 | N12: 175889 | O12: 175889 | P12: 175888 | Q12: 175921 | R12: 175920 | S12: 175920 | T12: 175943 | U12: 175943 | V12: 175943 | W12: =W11 -> 0.962258 | Y12: 3 | Z12: WR00L2L2 | AA12: 13440 | AB12: 32 | AC12: 1 | AD12: 4 | AE12: 2003.41 | AF12: 0.808 | AG12: 45470 | AH12: 0.24449074 | AI12: 231416 | AJ12: 231417 | AK12: 231416 | AL12: 231426 | AM12: 231427 | AN12: 231427 | AO12: 231455 | AP12: 231455 | AQ12: 231456 | AR12: 231453 | AS12: 231453 | AT12: 231453 | AU12: =AU11 -> 0.80911 | AW12: 3 | AX12: WR00L2L2 | AY12: 13440 | AZ12: 32 | BA12: 1 | BB12: 4 | BC12: 1677.73 | BD12: 0.96484 | BS12: =BS11 -> 0.963142
A13: 4 | B13: WR00L2L2 | C13: 13440 | D13: 32 | E13: 1 | F13: 4 | G13: 1687.59 | H13: 0.95921 | I13: 45478 | J13: 0.775 | K13: 176648 | L13: 176647 | M13: 176648 | N13: 176650 | O13: 176651 | P13: 176650 | Q13: 176653 | R13: 176653 | S13: 176652 | T13: 176670 | U13: 176670 | V13: 176670 | W13: =W12 -> 0.962258 | Y13: 4 | Z13: WR00L2L2 | AA13: 13440 | AB13: 32 | AC13: 1 | AD13: 4 | AE13: 1993.81 | AF13: 0.81189 | AG13: 45471 | AH13: 0.60130787 | AI13: 230504 | AJ13: 230504 | AK13: 230503 | AL13: 230506 | AM13: 230505 | AN13: 230506 | AO13: 230507 | AP13: 230508 | AQ13: 230507 | AR13: 230538 | AS13: 230538 | AT13: 230538 | AU13: =AU12 -> 0.80911 | AW13: 4 | AX13: WR00L2L2 | AY13: 13440 | AZ13: 32 | BA13: 1 | BB13: 4 | BC13: 1678.43 | BD13: 0.96444 | BS13: =BS12 -> 0.963142
A14: 0 | B14: WR00L2L2 | C14: 14208 | D14: 32 | E14: 1 | F14: 4 | G14: 1981.93 | H14: 0.96492 | I14: 45475 | J14: 0.14480324 | K14: 206953 | L14: 206952 | M14: 206953 | N14: 206988 | O14: 206988 | P14: 206988 | Q14: 206992 | R14: 206991 | S14: 206992 | T14: 207040 | U14: 207040 | V14: 207040 | W14: =AVERAGE(H14:H18) -> 0.962742 | Y14: 0 | Z14: WR00L2L2 | AA14: 14208 | AB14: 32 | AC14: 1 | AD14: 4 | AE14: 2357.54 | AF14: 0.81118 | AG14: 45466 | AH14: 0.56349537 | AI14: 270546 | AJ14: 270545 | AK14: 270545 | AL14: 270593 | AM14: 270592 | AN14: 270593 | AO14: 270638 | AP14: 270638 | AQ14: 270638 | AR14: 270690 | AS14: 270690 | AT14: 270691 | AU14: =AVERAGE(AF14:AF18) -> 0.813152 | AW14: 0 | AX14: WR00L2L2 | AY14: 14208 | AZ14: 32 | BA14: 1 | BB14: 4 | BC14: 1978.01 | BD14: 0.96683 | BS14: =AVERAGE(BD14:BD18) -> 0.959308
A15: 1 | B15: WR00L2L2 | C15: 14208 | D15: 32 | E15: 1 | F15: 4 | G15: 1986.07 | H15: 0.9629 | I15: 45476 | J15: 0.13957176 | K15: 207311 | L15: 207312 | M15: 207311 | N15: 207341 | O15: 207341 | P15: 207342 | Q15: 207389 | R15: 207388 | S15: 207388 | T15: 207434 | U15: 207434 | V15: 207435 | W15: =W14 -> 0.962742 | Y15: 1 | Z15: WR00L2L2 | AA15: 14208 | AB15: 32 | AC15: 1 | AD15: 4 | AE15: 2346.94 | AF15: 0.81484 | AG15: 45467 | AH15: 0.9524537 | AI15: 269386 | AJ15: 269386 | AK15: 269385 | AL15: 269426 | AM15: 269425 | AN15: 269425 | AO15: 269436 | AP15: 269436 | AQ15: 269437 | AR15: 269478 | AS15: 269478 | AT15: 269479 | AU15: =AU14 -> 0.813152 | AW15: 1 | AX15: WR00L2L2 | AY15: 14208 | AZ15: 32 | BA15: 1 | BB15: 4 | BC15: 1983.77 | BD15: 0.96402 | BS15: =BS14 -> 0.959308
A16: 2 | B16: WR00L2L2 | C16: 14208 | D16: 32 | E16: 1 | F16: 4 | G16: 1990.58 | H16: 0.96072 | I16: 45477 | J16: 0.13203704 | K16: 207821 | L16: 207821 | M16: 207821 | N16: 207873 | O16: 207873 | P16: 207873 | Q16: 207935 | R16: 207935 | S16: 207936 | T16: 207976 | U16: 207976 | V16: 207976 | W16: =W15 -> 0.962742 | Y16: 2 | Z16: WR00L2L2 | AA16: 14208 | AB16: 32 | AC16: 1 | AD16: 4 | AE16: 2360.8 | AF16: 0.81006 | AG16: 45469 | AH16: 0.32747685 | AI16: 271118 | AJ16: 271119 | AK16: 271118 | AL16: 271173 | AM16: 271173 | AN16: 271173 | AO16: 271223 | AP16: 271223 | AQ16: 271222 | AR16: 271273 | AS16: 271273 | AT16: 271274 | AU16: =AU15 -> 0.813152 | AW16: 2 | AX16: WR00L2L2 | AY16: 14208 | AZ16: 32 | BA16: 1 | BB16: 4 | BC16: 2010.94 | BD16: 0.95099 | BS16: =BS15 -> 0.959308
A17: 3 | B17: WR00L2L2 | C17: 14208 | D17: 32 | E17: 1 | F17: 4 | G17: 1991.46 | H17: 0.9603 | I17: 45478 | J17: 0.12 | K17: 207751 | L17: 207751 | M17: 207751 | N17: 207778 | O17: 207778 | P17: 207778 | Q17: 207820 | R17: 207820 | S17: 207820 | T17: 207879 | U17: 207879 | V17: 207879 | W17: =W16 -> 0.962742 | Y17: 3 | Z17: WR00L2L2 | AA17: 14208 | AB17: 32 | AC17: 1 | AD17: 4 | AE17: 2352.29 | AF17: 0.81299 | AG17: 45470 | AH17: 0.69 | AI17: 270079 | AJ17: 270079 | AK17: 270079 | AL17: 270126 | AM17: 270126 | AN17: 270127 | AO17: 270132 | AP17: 270132 | AQ17: 270133 | AR17: 270197 | AS17: 270197 | AT17: 270197 | AU17: =AU16 -> 0.813152 | AW17: 3 | AX17: WR00L2L2 | AY17: 14208 | AZ17: 32 | BA17: 1 | BB17: 4 | BC17: 2014.83 | BD17: 0.94915 | BS17: =BS16 -> 0.959308
A18: 4 | B18: WR00L2L2 | C18: 14208 | D18: 32 | E18: 1 | F18: 4 | G18: 1982.02 | H18: 0.96487 | I18: 45479 | J18: 0.10065972 | K18: 206873 | L18: 206873 | M18: 206872 | N18: 206918 | O18: 206918 | P18: 206917 | Q18: 206960 | R18: 206960 | S18: 206960 | T18: 206998 | U18: 206997 | V18: 206997 | W18: =W17 -> 0.962742 | Y18: 4 | Z18: WR00L2L2 | AA18: 14208 | AB18: 32 | AC18: 1 | AD18: 4 | AE18: 2341.65 | AF18: 0.81669 | AG18: 45472 | AH18: 0.053148148 | AI18: 268910 | AJ18: 268909 | AK18: 268910 | AL18: 268921 | AM18: 268921 | AN18: 268921 | AO18: 268966 | AP18: 268966 | AQ18: 268965 | AR18: 268995 | AS18: 268995 | AT18: 268994 | AU18: =AU17 -> 0.813152 | AW18: 4 | AX18: WR00L2L2 | AY18: 14208 | AZ18: 32 | BA18: 1 | BB18: 4 | BC18: 1980.63 | BD18: 0.96555 | BS18: =BS17 -> 0.959308
A19: 0 | B19: WR00L2L2 | C19: 12672 | D19: 32 | E19: 2 | F19: 2 | G19: 1382.59 | H19: 0.98136 | I19: 45474 | J19: 0.56190972 | K19: 145152 | L19: 145152 | M19: 145153 | N19: 145155 | O19: 145154 | P19: 145155 | Q19: 145155 | R19: 145155 | S19: 145155 | T19: 145157 | U19: 145157 | V19: 145157 | W19: =AVERAGE(H19:H23) -> 0.97878 | Y19: 0 | Z19: WR00L2L2 | AA19: 12672 | AB19: 32 | AC19: 2 | AD19: 2 | AE19: 1645.75 | AF19: 0.82444 | AG19: 45465 | AH19: 0.75922454 | AI19: 192200 | AJ19: 192200 | AK19: 192200 | AL19: 192201 | AM19: 192202 | AN19: 192202 | AO19: 192212 | AP19: 192212 | AQ19: 192212 | AR19: 192225 | AS19: 192225 | AT19: 192225 | AU19: =AVERAGE(AF19:AF23) -> 0.826772 | AW19: 0 | AX19: WR00L2L2 | AY19: 12672 | AZ19: 32 | BA19: 2 | BB19: 2 | BC19: 1383.15 | BD19: 0.98096 | BS19: =AVERAGE(BD19:BD23) -> 0.980068
A20: 1 | B20: WR00L2L2 | C20: 12672 | D20: 32 | E20: 2 | F20: 2 | G20: 1382.86 | H20: 0.98117 | I20: 45475 | J20: 0.55672454 | K20: 145154 | L20: 145154 | M20: 145154 | N20: 145160 | O20: 145161 | P20: 145160 | Q20: 145162 | R20: 145162 | S20: 145162 | T20: 145167 | U20: 145168 | V20: 145168 | W20: =W19 -> 0.97878 | Y20: 1 | Z20: WR00L2L2 | AA20: 12672 | AB20: 32 | AC20: 2 | AD20: 2 | AE20: 1635.36 | AF20: 0.82967 | AG20: 45467 | AH20: 0.14730324 | AI20: 191140 | AJ20: 191139 | AK20: 191140 | AL20: 191141 | AM20: 191141 | AN20: 191140 | AO20: 191142 | AP20: 191143 | AQ20: 191143 | AR20: 191148 | AS20: 191149 | AT20: 191148 | AU20: =AU19 -> 0.826772 | AW20: 1 | AX20: WR00L2L2 | AY20: 12672 | AZ20: 32 | BA20: 2 | BB20: 2 | BC20: 1381.02 | BD20: 0.98247 | BS20: =BS19 -> 0.980068
A21: 2 | B21: WR00L2L2 | C21: 12672 | D21: 32 | E21: 2 | F21: 2 | G21: 1391.33 | H21: 0.97519 | I21: 45476 | J21: 0.54886574 | K21: 145963 | L21: 145964 | M21: 145963 | N21: 145965 | O21: 145966 | P21: 145966 | Q21: 145963 | R21: 145963 | S21: 145963 | T21: 145965 | U21: 145965 | V21: 145965 | W21: =W20 -> 0.97878 | Y21: 2 | Z21: WR00L2L2 | AA21: 12672 | AB21: 32 | AC21: 2 | AD21: 2 | AE21: 1638.73 | AF21: 0.82797 | AG21: 45468 | AH21: 0.52559028 | AI21: 192253 | AJ21: 192254 | AK21: 192253 | AL21: 192257 | AM21: 192256 | AN21: 192256 | AO21: 192257 | AP21: 192258 | AQ21: 192258 | AR21: 192259 | AS21: 192260 | AT21: 192259 | AU21: =AU20 -> 0.826772 | AW21: 2 | AX21: WR00L2L2 | AY21: 12672 | AZ21: 32 | BA21: 2 | BB21: 2 | BC21: 1382.24 | BD21: 0.98161 | BS21: =BS20 -> 0.980068
A22: 3 | B22: WR00L2L2 | C22: 12672 | D22: 32 | E22: 2 | F22: 2 | G22: 1391.77 | H22: 0.97489 | I22: 45477 | J22: 0.53694444 | K22: 146019 | L22: 146020 | M22: 146019 | N22: 146021 | O22: 146021 | P22: 146021 | Q22: 146023 | R22: 146023 | S22: 146023 | T22: 146026 | U22: 146026 | V22: 146025 | W22: =W21 -> 0.97878 | Y22: 3 | Z22: WR00L2L2 | AA22: 12672 | AB22: 32 | AC22: 2 | AD22: 2 | AE22: 1643 | AF22: 0.82582 | AG22: 45469 | AH22: 0.89275463 | AI22: 191934 | AJ22: 191935 | AK22: 191934 | AL22: 191937 | AM22: 191937 | AN22: 191936 | AO22: 191935 | AP22: 191936 | AQ22: 191935 | AR22: 191936 | AS22: 191937 | AT22: 191937 | AU22: =AU21 -> 0.826772 | AW22: 3 | AX22: WR00L2L2 | AY22: 12672 | AZ22: 32 | BA22: 2 | BB22: 2 | BC22: 1380.6 | BD22: 0.98278 | BS22: =BS21 -> 0.980068
A23: 4 | B23: WR00L2L2 | C23: 12672 | D23: 32 | E23: 2 | F23: 2 | G23: 1382.69 | H23: 0.98129 | I23: 45478 | J23: 0.51802083 | K23: 145134 | L23: 145135 | M23: 145134 | N23: 145131 | O23: 145131 | P23: 145130 | Q23: 145133 | R23: 145132 | S23: 145133 | T23: 145135 | U23: 145134 | V23: 145135 | W23: =W22 -> 0.97878 | Y23: 4 | Z23: WR00L2L2 | AA23: 12672 | AB23: 32 | AC23: 2 | AD23: 2 | AE23: 1642.72 | AF23: 0.82596 | AG23: 45471 | AH23: 0.24403935 | AI23: 191887 | AJ23: 191887 | AK23: 191887 | AL23: 191888 | AM23: 191888 | AN23: 191887 | AO23: 191893 | AP23: 191894 | AQ23: 191894 | AR23: 191895 | AS23: 191895 | AT23: 191895 | AU23: =AU22 -> 0.826772 | AW23: 4 | AX23: WR00L2L2 | AY23: 12672 | AZ23: 32 | BA23: 2 | BB23: 2 | BC23: 1395.15 | BD23: 0.97252 | BS23: =BS22 -> 0.980068
A24: 0 | B24: WR00L2L2 | C24: 13440 | D24: 32 | E24: 2 | F24: 2 | G24: 1632.44 | H24: 0.99161 | I24: 45474 | J24: 0.83869213 | K24: 170888 | L24: 170888 | M24: 170888 | N24: 170890 | O24: 170891 | P24: 170891 | Q24: 170893 | R24: 170892 | S24: 170893 | T24: 170894 | U24: 170895 | V24: 170895 | W24: =AVERAGE(H24:H28) -> 0.988362 | Y24: 0 | Z24: WR00L2L2 | AA24: 13440 | AB24: 32 | AC24: 2 | AD24: 2 | AE24: 1935.55 | AF24: 0.83632 | AG24: 45466 | AH24: 0.14040509 | AI24: 224518 | AJ24: 224518 | AK24: 224518 | AL24: 224520 | AM24: 224520 | AN24: 224519 | AO24: 224521 | AP24: 224521 | AQ24: 224522 | AR24: 224523 | AS24: 224524 | AT24: 224524 | AU24: =AVERAGE(AF24:AF28) -> 0.834166 | AW24: 0 | AX24: WR00L2L2 | AY24: 13440 | AZ24: 32 | BA24: 2 | BB24: 2 | BC24: 1632.58 | BD24: 0.99153 | BS24: =AVERAGE(BD24:BD28) -> 0.989744
A25: 1 | B25: WR00L2L2 | C25: 13440 | D25: 32 | E25: 2 | F25: 2 | G25: 1632.6 | H25: 0.99151 | I25: 45475 | J25: 0.83349537 | K25: 170915 | L25: 170916 | M25: 170915 | N25: 170917 | O25: 170916 | P25: 170917 | Q25: 170918 | R25: 170917 | S25: 170918 | T25: 170915 | U25: 170915 | V25: 170916 | W25: =W24 -> 0.988362 | Y25: 1 | Z25: WR00L2L2 | AA25: 13440 | AB25: 32 | AC25: 2 | AD25: 2 | AE25: 1937.1 | AF25: 0.83566 | AG25: 45467 | AH25: 0.52939815 | AI25: 224691 | AJ25: 224691 | AK25: 224690 | AL25: 224688 | AM25: 224689 | AN25: 224688 | AO25: 224689 | AP25: 224690 | AQ25: 224690 | AR25: 224690 | AS25: 224691 | AT25: 224691 | AU25: =AU24 -> 0.834166 | AW25: 1 | AX25: WR00L2L2 | AY25: 13440 | AZ25: 32 | BA25: 2 | BB25: 2 | BC25: 1630.44 | BD25: 0.99283 | BS25: =BS24 -> 0.989744
A26: 2 | B26: WR00L2L2 | C26: 13440 | D26: 32 | E26: 2 | F26: 2 | G26: 1659.97 | H26: 0.97517 | I26: 45476 | J26: 0.82592593 | K26: 173728 | L26: 173727 | M26: 173728 | N26: 173729 | O26: 173730 | P26: 173730 | Q26: 173765 | R26: 173765 | S26: 173765 | T26: 173767 | U26: 173768 | V26: 173768 | W26: =W25 -> 0.988362 | Y26: 2 | Z26: WR00L2L2 | AA26: 13440 | AB26: 32 | AC26: 2 | AD26: 2 | AE26: 1937.31 | AF26: 0.83557 | AG26: 45468 | AH26: 0.90706019 | AI26: 224751 | AJ26: 224752 | AK26: 224751 | AL26: 224747 | AM26: 224746 | AN26: 224747 | AO26: 224748 | AP26: 224749 | AQ26: 224748 | AR26: 224749 | AS26: 224750 | AT26: 224750 | AU26: =AU25 -> 0.834166 | AW26: 2 | AX26: WR00L2L2 | AY26: 13440 | AZ26: 32 | BA26: 2 | BB26: 2 | BC26: 1630.8 | BD26: 0.99261 | BS26: =BS25 -> 0.989744
A27: 3 | B27: WR00L2L2 | C27: 13440 | D27: 32 | E27: 2 | F27: 2 | G27: 1632.15 | H27: 0.99179 | I27: 45477 | J27: 0.81375 | K27: 170887 | L27: 170887 | M27: 170888 | N27: 170889 | O27: 170889 | P27: 170889 | Q27: 170886 | R27: 170885 | S27: 170885 | T27: 170887 | U27: 170886 | V27: 170887 | W27: =W26 -> 0.988362 | Y27: 3 | Z27: WR00L2L2 | AA27: 13440 | AB27: 32 | AC27: 2 | AD27: 2 | AE27: 1940.86 | AF27: 0.83404 | AG27: 45470 | AH27: 0.27072917 | AI27: 226129 | AJ27: 226128 | AK27: 226128 | AL27: 226160 | AM27: 226160 | AN27: 226160 | AO27: 226157 | AP27: 226157 | AQ27: 226156 | AR27: 226159 | AS27: 226160 | AT27: 226160 | AU27: =AU26 -> 0.834166 | AW27: 3 | AX27: WR00L2L2 | AY27: 13440 | AZ27: 32 | BA27: 2 | BB27: 2 | BC27: 1654.31 | BD27: 0.9785 | BS27: =BS26 -> 0.989744
A28: 4 | B28: WR00L2L2 | C28: 13440 | D28: 32 | E28: 2 | F28: 2 | G28: 1632.24 | H28: 0.99173 | I28: 45478 | J28: 0.79486111 | K28: 170951 | L28: 170950 | M28: 170950 | N28: 170948 | O28: 170948 | P28: 170947 | Q28: 170949 | R28: 170949 | S28: 170948 | T28: 170952 | U28: 170952 | V28: 170951 | W28: =W27 -> 0.988362 | Y28: 4 | Z28: WR00L2L2 | AA28: 13440 | AB28: 32 | AC28: 2 | AD28: 2 | AE28: 1952.08 | AF28: 0.82924 | AG28: 45471 | AH28: 0.62759259 | AI28: 226447 | AJ28: 226447 | AK28: 226447 | AL28: 226449 | AM28: 226448 | AN28: 226448 | AO28: 226473 | AP28: 226473 | AQ28: 226474 | AR28: 226475 | AS28: 226475 | AT28: 226475 | AU28: =AU27 -> 0.834166 | AW28: 4 | AX28: WR00L2L2 | AY28: 13440 | AZ28: 32 | BA28: 2 | BB28: 2 | BC28: 1629.75 | BD28: 0.99325 | BS28: =BS27 -> 0.989744
A29: 0 | B29: WR00L2L2 | C29: 14208 | D29: 32 | E29: 2 | F29: 2 | G29: 1916.79 | H29: 0.99771 | I29: 45475 | J29: 0.168125 | K29: 200835 | L29: 200835 | M29: 200835 | N29: 200858 | O29: 200858 | P29: 200858 | Q29: 200854 | R29: 200854 | S29: 200854 | T29: 200911 | U29: 200911 | V29: 200911 | W29: =AVERAGE(H29:H33) -> 0.993148 | Y29: 0 | Z29: WR00L2L2 | AA29: 14208 | AB29: 32 | AC29: 2 | AD29: 2 | AE29: 2291 | AF29: 0.83474 | AG29: 45466 | AH29: 0.5941088 | AI29: 263797 | AJ29: 263796 | AK29: 263797 | AL29: 263843 | AM29: 263842 | AN29: 263843 | AO29: 263899 | AP29: 263899 | AQ29: 263898 | AR29: 263958 | AS29: 263958 | AT29: 263958 | AU29: =AVERAGE(AF29:AF33) -> 0.834702 | AW29: 0 | AX29: WR00L2L2 | AY29: 14208 | AZ29: 32 | BA29: 2 | BB29: 2 | BC29: 1924.52 | BD29: 0.99369 | BS29: =AVERAGE(BD29:BD33) -> 0.990512
A30: 1 | B30: WR00L2L2 | C30: 14208 | D30: 32 | E30: 2 | F30: 2 | G30: 1927.9 | H30: 0.99195 | I30: 45476 | J30: 0.16297454 | K30: 201497 | L30: 201497 | M30: 201497 | N30: 201540 | O30: 201540 | P30: 201540 | Q30: 201595 | R30: 201594 | S30: 201594 | T30: 201663 | U30: 201663 | V30: 201663 | W30: =W29 -> 0.993148 | Y30: 1 | Z30: WR00L2L2 | AA30: 14208 | AB30: 32 | AC30: 2 | AD30: 2 | AE30: 2294.99 | AF30: 0.83329 | AG30: 45467 | AH30: 0.98310185 | AI30: 264163 | AJ30: 264163 | AK30: 264164 | AL30: 264192 | AM30: 264192 | AN30: 264192 | AO30: 264223 | AP30: 264223 | AQ30: 264222 | AR30: 264278 | AS30: 264277 | AT30: 264278 | AU30: =AU29 -> 0.834702 | AW30: 1 | AX30: WR00L2L2 | AY30: 14208 | AZ30: 32 | BA30: 2 | BB30: 2 | BC30: 1944.53 | BD30: 0.98347 | BS30: =BS29 -> 0.990512
A31: 2 | B31: WR00L2L2 | C31: 14208 | D31: 32 | E31: 2 | F31: 2 | G31: 1930.82 | H31: 0.99046 | I31: 45477 | J31: 0.15548611 | K31: 201877 | L31: 201878 | M31: 201877 | N31: 201920 | O31: 201920 | P31: 201920 | Q31: 201975 | R31: 201975 | S31: 201974 | T31: 202003 | U31: 202003 | V31: 202003 | W31: =W30 -> 0.993148 | Y31: 2 | Z31: WR00L2L2 | AA31: 14208 | AB31: 32 | AC31: 2 | AD31: 2 | AE31: 2307.97 | AF31: 0.8286 | AG31: 45469 | AH31: 0.35831019 | AI31: 265593 | AJ31: 265593 | AK31: 265593 | AL31: 265624 | AM31: 265623 | AN31: 265623 | AO31: 265657 | AP31: 265657 | AQ31: 265657 | AR31: 265735 | AS31: 265735 | AT31: 265736 | AU31: =AU30 -> 0.834702 | AW31: 2 | AX31: WR00L2L2 | AY31: 14208 | AZ31: 32 | BA31: 2 | BB31: 2 | BC31: 1920.77 | BD31: 0.99564 | BS31: =BS30 -> 0.990512
A32: 3 | B32: WR00L2L2 | C32: 14208 | D32: 32 | E32: 2 | F32: 2 | G32: 1921.22 | H32: 0.99541 | I32: 45478 | J32: 0.14332176 | K32: 200751 | L32: 200750 | M32: 200750 | N32: 200764 | O32: 200763 | P32: 200764 | Q32: 200800 | R32: 200800 | S32: 200799 | T32: 200860 | U32: 200859 | V32: 200859 | W32: =W31 -> 0.993148 | Y32: 3 | Z32: WR00L2L2 | AA32: 14208 | AB32: 32 | AC32: 2 | AD32: 2 | AE32: 2284.58 | AF32: 0.83709 | AG32: 45470 | AH32: 0.72059028 | AI32: 263634 | AJ32: 263633 | AK32: 263634 | AL32: 263680 | AM32: 263680 | AN32: 263679 | AO32: 263681 | AP32: 263680 | AQ32: 263680 | AR32: 263747 | AS32: 263746 | AT32: 263746 | AU32: =AU31 -> 0.834702 | AW32: 3 | AX32: WR00L2L2 | AY32: 14208 | AZ32: 32 | BA32: 2 | BB32: 2 | BC32: 1931.84 | BD32: 0.98993 | BS32: =BS31 -> 0.990512
A33: 4 | B33: WR00L2L2 | C33: 14208 | D33: 32 | E33: 2 | F33: 2 | G33: 1931.3 | H33: 0.99021 | I33: 45479 | J33: 0.12417824 | K33: 202492 | L33: 202492 | M33: 202492 | N33: 202539 | O33: 202538 | P33: 202538 | Q33: 202576 | R33: 202577 | S33: 202576 | T33: 202636 | U33: 202636 | V33: 202636 | W33: =W32 -> 0.993148 | Y33: 4 | Z33: WR00L2L2 | AA33: 14208 | AB33: 32 | AC33: 2 | AD33: 2 | AE33: 2277.23 | AF33: 0.83979 | AG33: 45472 | AH33: 0.083576389 | AI33: 262325 | AJ33: 262326 | AK33: 262325 | AL33: 262348 | AM33: 262348 | AN33: 262348 | AO33: 262367 | AP33: 262367 | AQ33: 262367 | AR33: 262369 | AS33: 262370 | AT33: 262369 | AU33: =AU32 -> 0.834702 | AW33: 4 | AX33: WR00L2L2 | AY33: 14208 | AZ33: 32 | BA33: 2 | BB33: 2 | BC33: 1932.03 | BD33: 0.98983 | BS33: =BS32 -> 0.990512
A34: 0 | B34: WR00L2L2 | C34: 12672 | D34: 64 | E34: 1 | F34: 4 | G34: 1359.79 | H34: 0.99781 | I34: 45474 | J34: 0.57851852 | K34: 142915 | L34: 142915 | M34: 142915 | N34: 142928 | O34: 142928 | P34: 142928 | Q34: 142932 | R34: 142932 | S34: 142932 | T34: 142937 | U34: 142938 | V34: 142938 | W34: =AVERAGE(H34:H38) -> 0.997594 | Y34: 0 | Z34: WR00L2L2 | AA34: 12672 | AB34: 64 | AC34: 1 | AD34: 4 | AE34: 1673.56 | AF34: 0.81074 | AG34: 45465 | AH34: 0.78184028 | AI34: 194830 | AJ34: 194831 | AK34: 194830 | AL34: 194827 | AM34: 194827 | AN34: 194827 | AO34: 194828 | AP34: 194829 | AQ34: 194829 | AR34: 194829 | AS34: 194829 | AT34: 194829 | AU34: =AVERAGE(AF34:AF38) -> 0.816028 | AW34: 0 | AX34: WR00L2L2 | AY34: 12672 | AZ34: 64 | BA34: 1 | BB34: 4 | BC34: 1361.48 | BD34: 0.99657 | BS34: =AVERAGE(BD34:BD38) -> 0.995582
A35: 1 | B35: WR00L2L2 | C35: 12672 | D35: 64 | E35: 1 | F35: 4 | G35: 1360.27 | H35: 0.99746 | I35: 45475 | J35: 0.57334491 | K35: 142972 | L35: 142971 | M35: 142971 | N35: 142973 | O35: 142973 | P35: 142973 | Q35: 142975 | R35: 142974 | S35: 142975 | T35: 142975 | U35: 142975 | V35: 142976 | W35: =W34 -> 0.997594 | Y35: 1 | Z35: WR00L2L2 | AA35: 12672 | AB35: 64 | AC35: 1 | AD35: 4 | AE35: 1658.04 | AF35: 0.81832 | AG35: 45467 | AH35: 0.1697338 | AI35: 193303 | AJ35: 193302 | AK35: 193303 | AL35: 193306 | AM35: 193305 | AN35: 193306 | AO35: 193308 | AP35: 193308 | AQ35: 193307 | AR35: 193309 | AS35: 193310 | AT35: 193309 | AU35: =AU34 -> 0.816028 | AW35: 1 | AX35: WR00L2L2 | AY35: 12672 | AZ35: 64 | BA35: 1 | BB35: 4 | BC35: 1364.82 | BD35: 0.99414 | BS35: =BS34 -> 0.995582
A36: 2 | B36: WR00L2L2 | C36: 12672 | D36: 64 | E36: 1 | F36: 4 | G36: 1359.81 | H36: 0.9978 | I36: 45476 | J36: 0.56547454 | K36: 142930 | L36: 142931 | M36: 142930 | N36: 142931 | O36: 142932 | P36: 142932 | Q36: 142934 | R36: 142934 | S36: 142934 | T36: 142935 | U36: 142936 | V36: 142935 | W36: =W35 -> 0.997594 | Y36: 2 | Z36: WR00L2L2 | AA36: 12672 | AB36: 64 | AC36: 1 | AD36: 4 | AE36: 1658.13 | AF36: 0.81828 | AG36: 45468 | AH36: 0.54803241 | AI36: 193304 | AJ36: 193305 | AK36: 193304 | AL36: 193305 | AM36: 193304 | AN36: 193304 | AO36: 193306 | AP36: 193306 | AQ36: 193307 | AR36: 193311 | AS36: 193312 | AT36: 193312 | AU36: =AU35 -> 0.816028 | AW36: 2 | AX36: WR00L2L2 | AY36: 12672 | AZ36: 64 | BA36: 1 | BB36: 4 | BC36: 1357.1 | BD36: 0.9998 | BS36: =BS35 -> 0.995582
A37: 3 | B37: WR00L2L2 | C37: 12672 | D37: 64 | E37: 1 | F37: 4 | G37: 1361.74 | H37: 0.99639 | I37: 45477 | J37: 0.55357639 | K37: 143142 | L37: 143143 | M37: 143142 | N37: 143144 | O37: 143145 | P37: 143145 | Q37: 143148 | R37: 143147 | S37: 143148 | T37: 143148 | U37: 143149 | V37: 143149 | W37: =W36 -> 0.997594 | Y37: 3 | Z37: WR00L2L2 | AA37: 12672 | AB37: 64 | AC37: 1 | AD37: 4 | AE37: 1659.42 | AF37: 0.81765 | AG37: 45469 | AH37: 0.91519676 | AI37: 193377 | AJ37: 193377 | AK37: 193378 | AL37: 193379 | AM37: 193379 | AN37: 193379 | AO37: 193384 | AP37: 193384 | AQ37: 193385 | AR37: 193386 | AS37: 193387 | AT37: 193387 | AU37: =AU36 -> 0.816028 | AW37: 3 | AX37: WR00L2L2 | AY37: 12672 | AZ37: 64 | BA37: 1 | BB37: 4 | BC37: 1357.39 | BD37: 0.99958 | BS37: =BS36 -> 0.995582
A38: 4 | B38: WR00L2L2 | C38: 12672 | D38: 64 | E38: 1 | F38: 4 | G38: 1358.84 | H38: 0.99851 | I38: 45478 | J38: 0.53461806 | K38: 142828 | L38: 142827 | M38: 142827 | N38: 142836 | O38: 142835 | P38: 142835 | Q38: 142837 | R38: 142836 | S38: 142837 | T38: 142838 | U38: 142838 | V38: 142838 | W38: =W37 -> 0.997594 | Y38: 4 | Z38: WR00L2L2 | AA38: 12672 | AB38: 64 | AC38: 1 | AD38: 4 | AE38: 1664.5 | AF38: 0.81515 | AG38: 45471 | AH38: 0.26655093 | AI38: 193887 | AJ38: 193886 | AK38: 193886 | AL38: 193888 | AM38: 193888 | AN38: 193888 | AO38: 193888 | AP38: 193889 | AQ38: 193889 | AR38: 193889 | AS38: 193890 | AT38: 193890 | AU38: =AU37 -> 0.816028 | AW38: 4 | AX38: WR00L2L2 | AY38: 12672 | AZ38: 64 | BA38: 1 | BB38: 4 | BC38: 1373.55 | BD38: 0.98782 | BS38: =BS37 -> 0.995582
A39: 0 | B39: WR00L2L2 | C39: 13440 | D39: 64 | E39: 1 | F39: 4 | G39: 1607.19 | H39: 1.0072 | I39: 45474 | J39: 0.85826389 | K39: 168442 | L39: 168441 | M39: 168441 | N39: 168442 | O39: 168443 | P39: 168442 | Q39: 168444 | R39: 168443 | S39: 168444 | T39: 168470 | U39: 168469 | V39: 168469 | W39: =AVERAGE(H39:H43) -> 1.00586 | Y39: 0 | Z39: WR00L2L2 | AA39: 13440 | AB39: 64 | AC39: 1 | AD39: 4 | AE39: 1959.45 | AF39: 0.82613 | AG39: 45466 | AH39: 0.16671296 | AI39: 226730 | AJ39: 226730 | AK39: 226730 | AL39: 226732 | AM39: 226732 | AN39: 226731 | AO39: 226732 | AP39: 226732 | AQ39: 226733 | AR39: 226735 | AS39: 226735 | AT39: 226735 | AU39: =AVERAGE(AF39:AF43) -> 0.812224 | AW39: 0 | AX39: WR00L2L2 | AY39: 13440 | AZ39: 64 | BA39: 1 | BB39: 4 | BC39: 1606.32 | BD39: 1.0077 | BS39: =AVERAGE(BD39:BD43) -> 1.00966
A40: 1 | B40: WR00L2L2 | C40: 13440 | D40: 64 | E40: 1 | F40: 4 | G40: 1613.98 | H40: 1.003 | I40: 45475 | J40: 0.85315972 | K40: 169299 | L40: 169299 | M40: 169299 | N40: 169329 | O40: 169330 | P40: 169331 | Q40: 169333 | R40: 169332 | S40: 169333 | T40: 169334 | U40: 169335 | V40: 169335 | W40: =W39 -> 1.00586 | Y40: 1 | Z40: WR00L2L2 | AA40: 13440 | AB40: 64 | AC40: 1 | AD40: 4 | AE40: 1961.11 | AF40: 0.82542 | AG40: 45467 | AH40: 0.55572917 | AI40: 226889 | AJ40: 226889 | AK40: 226889 | AL40: 226891 | AM40: 226891 | AN40: 226890 | AO40: 226904 | AP40: 226904 | AQ40: 226905 | AR40: 226904 | AS40: 226905 | AT40: 226905 | AU40: =AU39 -> 0.812224 | AW40: 1 | AX40: WR00L2L2 | AY40: 13440 | AZ40: 64 | BA40: 1 | BB40: 4 | BC40: 1605.16 | BD40: 1.0085 | BS40: =BS39 -> 1.00966
A41: 2 | B41: WR00L2L2 | C41: 13440 | D41: 64 | E41: 1 | F41: 4 | G41: 1606.14 | H41: 1.0078 | I41: 45476 | J41: 0.84547454 | K41: 168366 | L41: 168366 | M41: 168366 | N41: 168368 | O41: 168368 | P41: 168367 | Q41: 168365 | R41: 168364 | S41: 168365 | T41: 168365 | U41: 168366 | V41: 168366 | W41: =W40 -> 1.00586 | Y41: 2 | Z41: WR00L2L2 | AA41: 13440 | AB41: 64 | AC41: 1 | AD41: 4 | AE41: 1962.41 | AF41: 0.82488 | AG41: 45468 | AH41: 0.93340278 | AI41: 227038 | AJ41: 227038 | AK41: 227039 | AL41: 227045 | AM41: 227045 | AN41: 227045 | AO41: 227046 | AP41: 227047 | AQ41: 227047 | AR41: 227048 | AS41: 227049 | AT41: 227049 | AU41: =AU40 -> 0.812224 | AW41: 2 | AX41: WR00L2L2 | AY41: 13440 | AZ41: 64 | BA41: 1 | BB41: 4 | BC41: 1602.58 | BD41: 1.0101 | BS41: =BS40 -> 1.00966
A42: 3 | B42: WR00L2L2 | C42: 13440 | D42: 64 | E42: 1 | F42: 4 | G42: 1613.8 | H42: 1.0031 | I42: 45477 | J42: 0.83340278 | K42: 169148 | L42: 169148 | M42: 169148 | N42: 169149 | O42: 169149 | P42: 169148 | Q42: 169151 | R42: 169150 | S42: 169151 | T42: 169194 | U42: 169194 | V42: 169193 | W42: =W41 -> 1.00586 | Y42: 3 | Z42: WR00L2L2 | AA42: 13440 | AB42: 64 | AC42: 1 | AD42: 4 | AE42: 1984.86 | AF42: 0.81555 | AG42: 45470 | AH42: 0.29736111 | AI42: 229454 | AJ42: 229454 | AK42: 229453 | AL42: 229455 | AM42: 229454 | AN42: 229455 | AO42: 229485 | AP42: 229486 | AQ42: 229486 | AR42: 229515 | AS42: 229516 | AT42: 229516 | AU42: =AU41 -> 0.812224 | AW42: 3 | AX42: WR00L2L2 | AY42: 13440 | AZ42: 64 | BA42: 1 | BB42: 4 | BC42: 1601.91 | BD42: 1.0105 | BS42: =BS41 -> 1.00966
A43: 4 | B43: WR00L2L2 | C43: 13440 | D43: 64 | E43: 1 | F43: 4 | G43: 1605.5 | H43: 1.0082 | I43: 45478 | J43: 0.81439815 | K43: 168274 | L43: 168275 | M43: 168275 | N43: 168275 | O43: 168276 | P43: 168276 | Q43: 168278 | R43: 168277 | S43: 168278 | T43: 168279 | U43: 168279 | V43: 168279 | W43: =W42 -> 1.00586 | Y43: 4 | Z43: WR00L2L2 | AA43: 13440 | AB43: 64 | AC43: 1 | AD43: 4 | AE43: 2104.63 | AF43: 0.76914 | AG43: 45471 | AH43: 0.6555787 | AI43: 241243 | AJ43: 241243 | AK43: 241244 | AL43: 241246 | AM43: 241245 | AN43: 241245 | AO43: 241258 | AP43: 241258 | AQ43: 241257 | AR43: 241259 | AS43: 241260 | AT43: 241259 | AU43: =AU42 -> 0.812224 | AW43: 4 | AX43: WR00L2L2 | AY43: 13440 | AZ43: 64 | BA43: 1 | BB43: 4 | BC43: 1600.33 | BD43: 1.0115 | BS43: =BS42 -> 1.00966
A44: 0 | B44: WR00L2L2 | C44: 14208 | D44: 64 | E44: 1 | F44: 4 | G44: 1895.86 | H44: 1.0087 | I44: 45475 | J44: 0.19118056 | K44: 198429 | L44: 198429 | M44: 198428 | N44: 198473 | O44: 198473 | P44: 198473 | Q44: 198509 | R44: 198508 | S44: 198508 | T44: 198553 | U44: 198553 | V44: 198553 | W44: =AVERAGE(H44:H48) -> 1.001616 | Y44: 0 | Z44: WR00L2L2 | AA44: 14208 | AB44: 64 | AC44: 1 | AD44: 4 | AE44: 2639.83 | AF44: 0.72444 | AG44: 45466 | AH44: 0.62880787 | AI44: 299005 | AJ44: 299005 | AK44: 299005 | AL44: 299049 | AM44: 299049 | AN44: 299050 | AO44: 299097 | AP44: 299097 | AQ44: 299096 | AR44: 299170 | AS44: 299170 | AT44: 299169 | AU44: =AVERAGE(AF44:AF48) -> 0.786576 | AW44: 0 | AX44: WR00L2L2 | AY44: 14208 | AZ44: 64 | BA44: 1 | BB44: 4 | BC44: 1918.85 | BD44: 0.99663 | BS44: =AVERAGE(BD44:BD48) -> 0.99658
A45: 1 | B45: WR00L2L2 | C45: 14208 | D45: 64 | E45: 1 | F45: 4 | G45: 1932.65 | H45: 0.98952 | I45: 45476 | J45: 0.1865162 | K45: 202668 | L45: 202668 | M45: 202668 | N45: 202722 | O45: 202722 | P45: 202722 | Q45: 202759 | R45: 202760 | S45: 202761 | T45: 202804 | U45: 202804 | V45: 202805 | W45: =W44 -> 1.001616 | Y45: 1 | Z45: WR00L2L2 | AA45: 14208 | AB45: 64 | AC45: 1 | AD45: 4 | AE45: 2525.25 | AF45: 0.75731 | AG45: 45468 | AH45: 0.016458333 | AI45: 287439 | AJ45: 287439 | AK45: 287439 | AL45: 287491 | AM45: 287490 | AN45: 287491 | AO45: 287540 | AP45: 287539 | AQ45: 287539 | AR45: 287609 | AS45: 287609 | AT45: 287608 | AU45: =AU44 -> 0.786576 | AW45: 1 | AX45: WR00L2L2 | AY45: 14208 | AZ45: 64 | BA45: 1 | BB45: 4 | BC45: 1896.68 | BD45: 1.0083 | BS45: =BS44 -> 0.99658
A46: 2 | B46: WR00L2L2 | C46: 14208 | D46: 64 | E46: 1 | F46: 4 | G46: 1905.19 | H46: 1.0038 | I46: 45477 | J46: 0.17863426 | K46: 199326 | L46: 199326 | M46: 199325 | N46: 199376 | O46: 199376 | P46: 199377 | Q46: 199426 | R46: 199426 | S46: 199426 | T46: 199472 | U46: 199471 | V46: 199472 | W46: =W45 -> 1.001616 | Y46: 2 | Z46: WR00L2L2 | AA46: 14208 | AB46: 64 | AC46: 1 | AD46: 4 | AE46: 2358.95 | AF46: 0.81069 | AG46: 45469 | AH46: 0.38976852 | AI46: 271083 | AJ46: 271083 | AK46: 271082 | AL46: 271134 | AM46: 271133 | AN46: 271133 | AO46: 271166 | AP46: 271166 | AQ46: 271167 | AR46: 271228 | AS46: 271228 | AT46: 271229 | AU46: =AU45 -> 0.786576 | AW46: 2 | AX46: WR00L2L2 | AY46: 14208 | AZ46: 64 | BA46: 1 | BB46: 4 | BC46: 1959.66 | BD46: 0.97588 | BS46: =BS45 -> 0.99658
A47: 3 | B47: WR00L2L2 | C47: 14208 | D47: 64 | E47: 1 | F47: 4 | G47: 1913.61 | H47: 0.99936 | I47: 45478 | J47: 0.16657407 | K47: 200186 | L47: 200186 | M47: 200185 | N47: 200242 | O47: 200241 | P47: 200242 | Q47: 200292 | R47: 200292 | S47: 200292 | T47: 200350 | U47: 200350 | V47: 200350 | W47: =W46 -> 1.001616 | Y47: 3 | Z47: WR00L2L2 | AA47: 14208 | AB47: 64 | AC47: 1 | AD47: 4 | AE47: 2355.39 | AF47: 0.81192 | AG47: 45470 | AH47: 0.75196759 | AI47: 270352 | AJ47: 270353 | AK47: 270352 | AL47: 270409 | AM47: 270409 | AN47: 270408 | AO47: 270411 | AP47: 270410 | AQ47: 270410 | AR47: 270471 | AS47: 270471 | AT47: 270470 | AU47: =AU46 -> 0.786576 | AW47: 3 | AX47: WR00L2L2 | AY47: 14208 | AZ47: 64 | BA47: 1 | BB47: 4 | BC47: 1921.44 | BD47: 0.99529 | BS47: =BS46 -> 0.99658
A48: 4 | B48: WR00L2L2 | C48: 14208 | D48: 64 | E48: 1 | F48: 4 | G48: 1899.74 | H48: 1.0067 | I48: 45479 | J48: 0.14739583 | K48: 199805 | L48: 199805 | M48: 199804 | N48: 199854 | O48: 199853 | P48: 199853 | Q48: 199908 | R48: 199907 | S48: 199908 | T48: 199972 | U48: 199971 | V48: 199972 | W48: =W47 -> 1.001616 | Y48: 4 | Z48: WR00L2L2 | AA48: 14208 | AB48: 64 | AC48: 1 | AD48: 4 | AE48: 2308.19 | AF48: 0.82852 | AG48: 45472 | AH48: 0.114375 | AI48: 265422 | AJ48: 265421 | AK48: 265422 | AL48: 265456 | AM48: 265456 | AN48: 265455 | AO48: 265497 | AP48: 265497 | AQ48: 265496 | AR48: 265498 | AS48: 265498 | AT48: 265499 | AU48: =AU47 -> 0.786576 | AW48: 4 | AX48: WR00L2L2 | AY48: 14208 | AZ48: 64 | BA48: 1 | BB48: 4 | BC48: 1899.47 | BD48: 1.0068 | BS48: =BS47 -> 0.99658
A49: 0 | B49: WR00L2L2 | C49: 12672 | D49: 64 | E49: 2 | F49: 2 | G49: 1319.83 | H49: 1.028 | I49: 45474 | J49: 0.5946412 | K49: 138743 | L49: 138743 | M49: 138743 | N49: 138744 | O49: 138745 | P49: 138745 | Q49: 138747 | R49: 138746 | S49: 138747 | T49: 138751 | U49: 138752 | V49: 138752 | W49: =AVERAGE(H49:H53) -> 1.02662 | Y49: 0 | Z49: WR00L2L2 | AA49: 12672 | AB49: 64 | AC49: 2 | AD49: 2 | AE49: 1624.05 | AF49: 0.83545 | AG49: 45465 | AH49: 0.80385417 | AI49: 189666 | AJ49: 189666 | AK49: 189666 | AL49: 189667 | AM49: 189666 | AN49: 189666 | AO49: 189667 | AP49: 189668 | AQ49: 189668 | AR49: 189668 | AS49: 189668 | AT49: 189669 | AU49: =AVERAGE(AF49:AF53) -> 0.832782 | AW49: 0 | AX49: WR00L2L2 | AY49: 12672 | AZ49: 64 | BA49: 2 | BB49: 2 | BC49: 1318.17 | BD49: 1.0293 | BS49: =AVERAGE(BD49:BD53) -> 1.02946
A50: 1 | B50: WR00L2L2 | C50: 12672 | D50: 64 | E50: 2 | F50: 2 | G50: 1320.95 | H50: 1.0272 | I50: 45475 | J50: 0.58949074 | K50: 138931 | L50: 138932 | M50: 138932 | N50: 138933 | O50: 138934 | P50: 138933 | Q50: 138936 | R50: 138935 | S50: 138935 | T50: 138937 | U50: 138937 | V50: 138938 | W50: =W49 -> 1.02662 | Y50: 1 | Z50: WR00L2L2 | AA50: 12672 | AB50: 64 | AC50: 2 | AD50: 2 | AE50: 1624.27 | AF50: 0.83534 | AG50: 45467 | AH50: 0.19175926 | AI50: 189675 | AJ50: 189675 | AK50: 189674 | AL50: 189672 | AM50: 189672 | AN50: 189672 | AO50: 189672 | AP50: 189673 | AQ50: 189673 | AR50: 189673 | AS50: 189674 | AT50: 189673 | AU50: =AU49 -> 0.832782 | AW50: 1 | AX50: WR00L2L2 | AY50: 12672 | AZ50: 64 | BA50: 2 | BB50: 2 | BC50: 1318.01 | BD50: 1.0294 | BS50: =BS49 -> 1.02946
A51: 2 | B51: WR00L2L2 | C51: 12672 | D51: 64 | E51: 2 | F51: 2 | G51: 1318.63 | H51: 1.029 | I51: 45476 | J51: 0.58158565 | K51: 138642 | L51: 138641 | M51: 138642 | N51: 138644 | O51: 138645 | P51: 138645 | Q51: 138642 | R51: 138641 | S51: 138641 | T51: 138642 | U51: 138643 | V51: 138643 | W51: =W50 -> 1.02662 | Y51: 2 | Z51: WR00L2L2 | AA51: 12672 | AB51: 64 | AC51: 2 | AD51: 2 | AE51: 1623.52 | AF51: 0.83572 | AG51: 45468 | AH51: 0.57003472 | AI51: 189599 | AJ51: 189600 | AK51: 189599 | AL51: 189602 | AM51: 189601 | AN51: 189601 | AO51: 189603 | AP51: 189603 | AQ51: 189603 | AR51: 189605 | AS51: 189605 | AT51: 189606 | AU51: =AU50 -> 0.832782 | AW51: 2 | AX51: WR00L2L2 | AY51: 12672 | AZ51: 64 | BA51: 2 | BB51: 2 | BC51: 1318.35 | BD51: 1.0292 | BS51: =BS50 -> 1.02946
A52: 3 | B52: WR00L2L2 | C52: 12672 | D52: 64 | E52: 2 | F52: 2 | G52: 1320.15 | H52: 1.0278 | I52: 45477 | J52: 0.56971065 | K52: 138846 | L52: 138847 | M52: 138846 | N52: 138847 | O52: 138847 | P52: 138848 | Q52: 138848 | R52: 138847 | S52: 138848 | T52: 138849 | U52: 138849 | V52: 138849 | W52: =W51 -> 1.02662 | Y52: 3 | Z52: WR00L2L2 | AA52: 12672 | AB52: 64 | AC52: 2 | AD52: 2 | AE52: 1623.44 | AF52: 0.83577 | AG52: 45469 | AH52: 0.93721065 | AI52: 189587 | AJ52: 189587 | AK52: 189586 | AL52: 189588 | AM52: 189588 | AN52: 189587 | AO52: 189593 | AP52: 189593 | AQ52: 189593 | AR52: 189593 | AS52: 189594 | AT52: 189594 | AU52: =AU51 -> 0.832782 | AW52: 3 | AX52: WR00L2L2 | AY52: 12672 | AZ52: 64 | BA52: 2 | BB52: 2 | BC52: 1318.31 | BD52: 1.0292 | BS52: =BS51 -> 1.02946
A53: 4 | B53: WR00L2L2 | C53: 12672 | D53: 64 | E53: 2 | F53: 2 | G53: 1328.73 | H53: 1.0211 | I53: 45478 | J53: 0.55085648 | K53: 139686 | L53: 139687 | M53: 139686 | N53: 139691 | O53: 139691 | P53: 139692 | Q53: 139694 | R53: 139693 | S53: 139694 | T53: 139695 | U53: 139696 | V53: 139696 | W53: =W52 -> 1.02662 | Y53: 4 | Z53: WR00L2L2 | AA53: 12672 | AB53: 64 | AC53: 2 | AD53: 2 | AE53: 1651.37 | AF53: 0.82163 | AG53: 45471 | AH53: 0.28892361 | AI53: 192709 | AJ53: 192709 | AK53: 192709 | AL53: 192710 | AM53: 192709 | AN53: 192710 | AO53: 192720 | AP53: 192720 | AQ53: 192720 | AR53: 192721 | AS53: 192721 | AT53: 192722 | AU53: =AU52 -> 0.832782 | AW53: 4 | AX53: WR00L2L2 | AY53: 12672 | AZ53: 64 | BA53: 2 | BB53: 2 | BC53: 1317.01 | BD53: 1.0302 | BS53: =BS52 -> 1.02946
A54: 0 | B54: WR00L2L2 | C54: 13440 | D54: 64 | E54: 2 | F54: 2 | G54: 1560.13 | H54: 1.0376 | I54: 45474 | J54: 0.87726852 | K54: 163606 | L54: 163606 | M54: 163606 | N54: 163606 | O54: 163607 | P54: 163607 | Q54: 163629 | R54: 163628 | S54: 163629 | T54: 163631 | U54: 163631 | V54: 163631 | W54: =AVERAGE(H54:H58) -> 1.03676 | Y54: 0 | Z54: WR00L2L2 | AA54: 13440 | AB54: 64 | AC54: 2 | AD54: 2 | AE54: 1920.24 | AF54: 0.84299 | AG54: 45466 | AH54: 0.1925463 | AI54: 222605 | AJ54: 222606 | AK54: 222605 | AL54: 222608 | AM54: 222608 | AN54: 222608 | AO54: 222609 | AP54: 222610 | AQ54: 222610 | AR54: 222619 | AS54: 222618 | AT54: 222618 | AU54: =AVERAGE(AF54:AF58) -> 0.839766 | AW54: 0 | AX54: WR00L2L2 | AY54: 13440 | AZ54: 64 | BA54: 2 | BB54: 2 | BC54: 1559.91 | BD54: 1.0377 | BS54: =AVERAGE(BD54:BD58) -> 1.03502
A55: 1 | B55: WR00L2L2 | C55: 13440 | D55: 64 | E55: 2 | F55: 2 | G55: 1558.16 | H55: 1.0389 | I55: 45475 | J55: 0.8721412 | K55: 163421 | L55: 163422 | M55: 163421 | N55: 163419 | O55: 163418 | P55: 163419 | Q55: 163421 | R55: 163420 | S55: 163421 | T55: 163419 | U55: 163418 | V55: 163418 | W55: =W54 -> 1.03676 | Y55: 1 | Z55: WR00L2L2 | AA55: 13440 | AB55: 64 | AC55: 2 | AD55: 2 | AE55: 1924.74 | AF55: 0.84102 | AG55: 45467 | AH55: 0.5816088 | AI55: 223027 | AJ55: 223028 | AK55: 223027 | AL55: 223030 | AM55: 223029 | AN55: 223030 | AO55: 223026 | AP55: 223026 | AQ55: 223027 | AR55: 223023 | AS55: 223023 | AT55: 223023 | AU55: =AU54 -> 0.839766 | AW55: 1 | AX55: WR00L2L2 | AY55: 13440 | AZ55: 64 | BA55: 2 | BB55: 2 | BC55: 1572.6 | BD55: 1.0293 | BS55: =BS54 -> 1.03502
A56: 2 | B56: WR00L2L2 | C56: 13440 | D56: 64 | E56: 2 | F56: 2 | G56: 1560.39 | H56: 1.0374 | I56: 45476 | J56: 0.86447917 | K56: 163620 | L56: 163620 | M56: 163620 | N56: 163621 | O56: 163622 | P56: 163622 | Q56: 163618 | R56: 163618 | S56: 163618 | T56: 163623 | U56: 163624 | V56: 163623 | W56: =W55 -> 1.03676 | Y56: 2 | Z56: WR00L2L2 | AA56: 13440 | AB56: 64 | AC56: 2 | AD56: 2 | AE56: 1937.08 | AF56: 0.83567 | AG56: 45468 | AH56: 0.95943287 | AI56: 224274 | AJ56: 224274 | AK56: 224273 | AL56: 224276 | AM56: 224276 | AN56: 224275 | AO56: 224278 | AP56: 224278 | AQ56: 224278 | AR56: 224301 | AS56: 224301 | AT56: 224301 | AU56: =AU55 -> 0.839766 | AW56: 2 | AX56: WR00L2L2 | AY56: 13440 | AZ56: 64 | BA56: 2 | BB56: 2 | BC56: 1574.42 | BD56: 1.0282 | BS56: =BS55 -> 1.03502
A57: 3 | B57: WR00L2L2 | C57: 13440 | D57: 64 | E57: 2 | F57: 2 | G57: 1558.96 | H57: 1.0384 | I57: 45477 | J57: 0.85238426 | K57: 163449 | L57: 163449 | M57: 163449 | N57: 163455 | O57: 163455 | P57: 163455 | Q57: 163456 | R57: 163456 | S57: 163455 | T57: 163458 | U57: 163459 | V57: 163459 | W57: =W56 -> 1.03676 | Y57: 3 | Z57: WR00L2L2 | AA57: 13440 | AB57: 64 | AC57: 2 | AD57: 2 | AE57: 1933.78 | AF57: 0.83709 | AG57: 45470 | AH57: 0.32336806 | AI57: 224057 | AJ57: 224056 | AK57: 224057 | AL57: 224059 | AM57: 224059 | AN57: 224059 | AO57: 224073 | AP57: 224073 | AQ57: 224073 | AR57: 224074 | AS57: 224075 | AT57: 224074 | AU57: =AU56 -> 0.839766 | AW57: 3 | AX57: WR00L2L2 | AY57: 13440 | AZ57: 64 | BA57: 2 | BB57: 2 | BC57: 1556.8 | BD57: 1.0398 | BS57: =BS56 -> 1.03502
A58: 4 | B58: WR00L2L2 | C58: 13440 | D58: 64 | E58: 2 | F58: 2 | G58: 1569.37 | H58: 1.0315 | I58: 45478 | J58: 0.83353009 | K58: 164627 | L58: 164628 | M58: 164627 | N58: 164658 | O58: 164659 | P58: 164659 | Q58: 164660 | R58: 164660 | S58: 164659 | T58: 164661 | U58: 164661 | V58: 164662 | W58: =W57 -> 1.03676 | Y58: 4 | Z58: WR00L2L2 | AA58: 13440 | AB58: 64 | AC58: 2 | AD58: 2 | AE58: 1922.36 | AF58: 0.84206 | AG58: 45471 | AH58: 0.68143519 | AI58: 222798 | AJ58: 222798 | AK58: 222799 | AL58: 222800 | AM58: 222799 | AN58: 222800 | AO58: 222800 | AP58: 222801 | AQ58: 222800 | AR58: 222801 | AS58: 222801 | AT58: 222802 | AU58: =AU57 -> 0.839766 | AW58: 4 | AX58: WR00L2L2 | AY58: 13440 | AZ58: 64 | BA58: 2 | BB58: 2 | BC58: 1556.36 | BD58: 1.0401 | BS58: =BS57 -> 1.03502
A59: 0 | B59: WR00L2L2 | C59: 14208 | D59: 64 | E59: 2 | F59: 2 | G59: 1832.34 | H59: 1.0437 | I59: 45475 | J59: 0.21361111 | K59: 193099 | L59: 193099 | M59: 193100 | N59: 193145 | O59: 193144 | P59: 193144 | Q59: 193193 | R59: 193193 | S59: 193193 | T59: 193243 | U59: 193243 | V59: 193242 | W59: =AVERAGE(H59:H63) -> 1.0358 | Y59: 0 | Z59: WR00L2L2 | AA59: 14208 | AB59: 64 | AC59: 2 | AD59: 2 | AE59: 2748.67 | AF59: 0.69575 | AG59: 45466 | AH59: 0.66469907 | AI59: 309291 | AJ59: 309292 | AK59: 309291 | AL59: 309340 | AM59: 309340 | AN59: 309340 | AO59: 309379 | AP59: 309379 | AQ59: 309378 | AR59: 309465 | AS59: 309466 | AT59: 309466 | AU59: =AVERAGE(AF59:AF63) -> 0.761874 | AW59: 0 | AX59: WR00L2L2 | AY59: 14208 | AZ59: 64 | BA59: 2 | BB59: 2 | BC59: 1851.25 | BD59: 1.033 | BS59: =AVERAGE(BD59:BD63) -> 1.0354
A60: 1 | B60: WR00L2L2 | C60: 14208 | D60: 64 | E60: 2 | F60: 2 | G60: 1853.57 | H60: 1.0317 | I60: 45476 | J60: 0.2090625 | K60: 194004 | L60: 194004 | M60: 194003 | N60: 194057 | O60: 194057 | P60: 194057 | Q60: 194109 | R60: 194109 | S60: 194109 | T60: 194171 | U60: 194171 | V60: 194171 | W60: =W59 -> 1.0358 | Y60: 1 | Z60: WR00L2L2 | AA60: 14208 | AB60: 64 | AC60: 2 | AD60: 2 | AE60: 2445.34 | AF60: 0.78206 | AG60: 45468 | AH60: 0.048819444 | AI60: 278866 | AJ60: 278862 | AK60: 278862 | AL60: 278899 | AM60: 278899 | AN60: 278899 | AO60: 278925 | AP60: 278925 | AQ60: 278925 | AR60: 278981 | AS60: 278981 | AT60: 278981 | AU60: =AU59 -> 0.761874 | AW60: 1 | AX60: WR00L2L2 | AY60: 14208 | AZ60: 64 | BA60: 2 | BB60: 2 | BC60: 1851.71 | BD60: 1.0328 | BS60: =BS59 -> 1.0354
A61: 2 | B61: WR00L2L2 | C61: 14208 | D61: 64 | E61: 2 | F61: 2 | G61: 1845.67 | H61: 1.0361 | I61: 45477 | J61: 0.20109954 | K61: 193257 | L61: 193257 | M61: 193257 | N61: 193318 | O61: 193317 | P61: 193317 | Q61: 193384 | R61: 193384 | S61: 193384 | T61: 193442 | U61: 193442 | V61: 193442 | W61: =W60 -> 1.0358 | Y61: 2 | Z61: WR00L2L2 | AA61: 14208 | AB61: 64 | AC61: 2 | AD61: 2 | AE61: 2558.1 | AF61: 0.74758 | AG61: 45469 | AH61: 0.42357639 | AI61: 291311 | AJ61: 291310 | AK61: 291310 | AL61: 291363 | AM61: 291362 | AN61: 291362 | AO61: 291414 | AP61: 291414 | AQ61: 291413 | AR61: 291478 | AS61: 291478 | AT61: 291478 | AU61: =AU60 -> 0.761874 | AW61: 2 | AX61: WR00L2L2 | AY61: 14208 | AZ61: 64 | BA61: 2 | BB61: 2 | BC61: 1843.11 | BD61: 1.0376 | BS61: =BS60 -> 1.0354
A62: 3 | B62: WR00L2L2 | C62: 14208 | D62: 64 | E62: 2 | F62: 2 | G62: 1844.96 | H62: 1.0365 | I62: 45478 | J62: 0.18902778 | K62: 193216 | L62: 193215 | M62: 193215 | N62: 193266 | O62: 193265 | P62: 193265 | Q62: 193298 | R62: 193298 | S62: 193297 | T62: 193360 | U62: 193360 | V62: 193359 | W62: =W61 -> 1.0358 | Y62: 3 | Z62: WR00L2L2 | AA62: 14208 | AB62: 64 | AC62: 2 | AD62: 2 | AE62: 2559.38 | AF62: 0.74721 | AG62: 45470 | AH62: 0.78571759 | AI62: 290846 | AJ62: 290847 | AK62: 290846 | AL62: 290898 | AM62: 290897 | AN62: 290897 | AO62: 290912 | AP62: 290913 | AQ62: 290912 | AR62: 290989 | AS62: 290989 | AT62: 290990 | AU62: =AU61 -> 0.761874 | AW62: 3 | AX62: WR00L2L2 | AY62: 14208 | AZ62: 64 | BA62: 2 | BB62: 2 | BC62: 1840.38 | BD62: 1.0391 | BS62: =BS61 -> 1.0354
A63: 4 | B63: WR00L2L2 | C63: 14208 | D63: 64 | E63: 2 | F63: 2 | G63: 1854.93 | H63: 1.031 | I63: 45479 | J63: 0.1699537 | K63: 194156 | L63: 194156 | M63: 194156 | N63: 194212 | O63: 194212 | P63: 194211 | Q63: 194272 | R63: 194272 | S63: 194272 | T63: 194340 | U63: 194340 | V63: 194340 | W63: =W62 -> 1.0358 | Y63: 4 | Z63: WR00L2L2 | AA63: 14208 | AB63: 64 | AC63: 2 | AD63: 2 | AE63: 2285.43 | AF63: 0.83677 | AG63: 45472 | AH63: 0.14488426 | AI63: 262855 | AJ63: 262855 | AK63: 262854 | AL63: 262904 | AM63: 262903 | AN63: 262903 | AO63: 262922 | AP63: 262922 | AQ63: 262923 | AR63: 262985 | AS63: 262985 | AT63: 262985 | AU63: =AU62 -> 0.761874 | AW63: 4 | AX63: WR00L2L2 | AY63: 14208 | AZ63: 64 | BA63: 2 | BB63: 2 | BC63: 1848.54 | BD63: 1.0345 | BS63: =BS62 -> 1.0354
A64: 0 | B64: WR00L2L2 | C64: 12672 | D64: 96 | E64: 1 | F64: 4 | G64: 1385.53 | H64: 0.97928 | I64: 45474 | J64: 0.61153935 | K64: 145415 | L64: 145415 | M64: 145416 | N64: 145416 | O64: 145416 | P64: 145417 | Q64: 145417 | R64: 145417 | S64: 145417 | T64: 145419 | U64: 145420 | V64: 145419 | W64: =AVERAGE(H64:H68) -> 0.980566 | Y64: 0 | Z64: WR00L2L2 | AA64: 12672 | AB64: 96 | AC64: 1 | AD64: 4 | AE64: 1715.7 | AF64: 0.79082 | AG64: 45465 | AH64: 0.8269213 | AI64: 198692 | AJ64: 198692 | AK64: 198691 | AL64: 198697 | AM64: 198697 | AN64: 198697 | AO64: 198698 | AP64: 198698 | AQ64: 198699 | AR64: 198695 | AS64: 198695 | AT64: 198696 | AU64: =AVERAGE(AF64:AF68) -> 0.777368 | AW64: 0 | AX64: WR00L2L2 | AY64: 14464 | AZ64: 64 | BA64: 2 | BB64: 2 | BC64: 2063.33 | BD64: 0.97785 | BS64: =AVERAGE(BD64:BD68) -> 0.99162
A65: 1 | B65: WR00L2L2 | C65: 12672 | D65: 96 | E65: 1 | F65: 4 | G65: 1383.27 | H65: 0.98088 | I65: 45475 | J65: 0.60636574 | K65: 145206 | L65: 145206 | M65: 145207 | N65: 145208 | O65: 145207 | P65: 145207 | Q65: 145213 | R65: 145213 | S65: 145213 | T65: 145224 | U65: 145223 | V65: 145224 | W65: =W64 -> 0.980566 | Y65: 1 | Z65: WR00L2L2 | AA65: 12672 | AB65: 96 | AC65: 1 | AD65: 4 | AE65: 1841.35 | AF65: 0.73686 | AG65: 45467 | AH65: 0.21627315 | AI65: 211212 | AJ65: 211211 | AK65: 211211 | AL65: 211212 | AM65: 211212 | AN65: 211212 | AO65: 211213 | AP65: 211214 | AQ65: 211214 | AR65: 211215 | AS65: 211216 | AT65: 211216 | AU65: =AU64 -> 0.777368 | AW65: 1 | AX65: WR00L2L2 | AY65: 14464 | AZ65: 64 | BA65: 2 | BB65: 2 | BC65: 2057.54 | BD65: 0.9806 | BS65: =BS64 -> 0.99162
A66: 2 | B66: WR00L2L2 | C66: 12672 | D66: 96 | E66: 1 | F66: 4 | G66: 1383.52 | H66: 0.9807 | I66: 45476 | J66: 0.59846065 | K66: 145220 | L66: 145219 | M66: 145219 | N66: 145220 | O66: 145221 | P66: 145221 | Q66: 145217 | R66: 145217 | S66: 145217 | T66: 145219 | U66: 145219 | V66: 145219 | W66: =W65 -> 0.980566 | Y66: 2 | Z66: WR00L2L2 | AA66: 12672 | AB66: 96 | AC66: 1 | AD66: 4 | AE66: 1710.41 | AF66: 0.79327 | AG66: 45468 | AH66: 0.59303241 | AI66: 198113 | AJ66: 198113 | AK66: 198113 | AL66: 198114 | AM66: 198114 | AN66: 198114 | AO66: 198126 | AP66: 198126 | AQ66: 198126 | AR66: 198128 | AS66: 198129 | AT66: 198129 | AU66: =AU65 -> 0.777368 | AW66: 2 | AX66: WR00L2L2 | AY66: 14464 | AZ66: 64 | BA66: 2 | BB66: 2 | BC66: 2017.28 | BD66: 1.0002 | BS66: =BS65 -> 0.99162
A67: 3 | B67: WR00L2L2 | C67: 12672 | D67: 96 | E67: 1 | F67: 4 | G67: 1382.9 | H67: 0.98114 | I67: 45477 | J67: 0.58657407 | K67: 145189 | L67: 145190 | M67: 145189 | N67: 145186 | O67: 145186 | P67: 145186 | Q67: 145187 | R67: 145186 | S67: 145187 | T67: 145189 | U67: 145189 | V67: 145189 | W67: =W66 -> 0.980566 | Y67: 3 | Z67: WR00L2L2 | AA67: 12672 | AB67: 96 | AC67: 1 | AD67: 4 | AE67: 1746.43 | AF67: 0.77691 | AG67: 45469 | AH67: 0.960625 | AI67: 201722 | AJ67: 201723 | AK67: 201722 | AL67: 201724 | AM67: 201724 | AN67: 201723 | AO67: 201724 | AP67: 201724 | AQ67: 201725 | AR67: 201726 | AS67: 201727 | AT67: 201727 | AU67: =AU66 -> 0.777368 | AW67: 3 | AX67: WR00L2L2 | AY67: 14464 | AZ67: 64 | BA67: 2 | BB67: 2 | BC67: 2051.58 | BD67: 0.98345 | BS67: =BS66 -> 0.99162
A68: 4 | B68: WR00L2L2 | C68: 12672 | D68: 96 | E68: 1 | F68: 4 | G68: 1383.33 | H68: 0.98083 | I68: 45478 | J68: 0.56771991 | K68: 145191 | L68: 145190 | M68: 145191 | N68: 145187 | O68: 145187 | P68: 145187 | Q68: 145189 | R68: 145188 | S68: 145189 | T68: 145185 | U68: 145186 | V68: 145186 | W68: =W67 -> 0.980566 | Y68: 4 | Z68: WR00L2L2 | AA68: 12672 | AB68: 96 | AC68: 1 | AD68: 4 | AE68: 1719.71 | AF68: 0.78898 | AG68: 45471 | AH68: 0.31211806 | AI68: 199869 | AJ68: 199869 | AK68: 199868 | AL68: 199868 | AM68: 199867 | AN68: 199868 | AO68: 199873 | AP68: 199873 | AQ68: 199873 | AR68: 199875 | AS68: 199876 | AT68: 199875 | AU68: =AU67 -> 0.777368 | AW68: 4 | AX68: WR00L2L2 | AY68: 14464 | AZ68: 64 | BA68: 2 | BB68: 2 | BC68: 1985.92 | BD68: 1.016 | BS68: =BS67 -> 0.99162
A69: 0 | B69: WR00L2L2 | C69: 13440 | D69: 96 | E69: 1 | F69: 4 | G69: 1633.68 | H69: 0.99086 | I69: 45474 | J69: 0.89711806 | K69: 170993 | L69: 170993 | M69: 170993 | N69: 170994 | O69: 170995 | P69: 170994 | Q69: 170999 | R69: 170998 | S69: 170999 | T69: 171000 | U69: 171000 | V69: 171000 | W69: =AVERAGE(H69:H73) -> 0.989744 | Y69: 0 | Z69: WR00L2L2 | AA69: 13440 | AB69: 96 | AC69: 1 | AD69: 4 | AE69: 2038.82 | AF69: 0.79396 | AG69: 45466 | AH69: 0.2197338 | AI69: 234291 | AJ69: 234291 | AK69: 234291 | AL69: 234293 | AM69: 234292 | AN69: 234292 | AO69: 234294 | AP69: 234295 | AQ69: 234295 | AR69: 234326 | AS69: 234326 | AT69: 234326 | AU69: =AVERAGE(AF69:AF73) -> 0.778278 | AW69: 0 | AX69: WR00L2L2 | AY69: 14720 | AZ69: 64 | BA69: 2 | BB69: 2 | BC69: 2872.37 | BD69: 0.74038 | BS69: =AVERAGE(BD69:BD73) -> 0.752556
A70: 1 | B70: WR00L2L2 | C70: 13440 | D70: 96 | E70: 1 | F70: 4 | G70: 1633.61 | H70: 0.9909 | I70: 45475 | J70: 0.89200231 | K70: 170985 | L70: 170986 | M70: 170985 | N70: 170987 | O70: 170986 | P70: 170987 | Q70: 171007 | R70: 171006 | S70: 171006 | T70: 171009 | U70: 171009 | V70: 171009 | W70: =W69 -> 0.989744 | Y70: 1 | Z70: WR00L2L2 | AA70: 13440 | AB70: 96 | AC70: 1 | AD70: 4 | AE70: 2231.88 | AF70: 0.72528 | AG70: 45467 | AH70: 0.61101852 | AI70: 253597 | AJ70: 253596 | AK70: 253597 | AL70: 253599 | AM70: 253598 | AN70: 253599 | AO70: 253599 | AP70: 253600 | AQ70: 253599 | AR70: 253601 | AS70: 253602 | AT70: 253601 | AU70: =AU69 -> 0.778278 | AW70: 1 | AX70: WR00L2L2 | AY70: 14720 | AZ70: 64 | BA70: 2 | BB70: 2 | BC70: 2858.12 | BD70: 0.74408 | BS70: =BS69 -> 0.752556
A71: 2 | B71: WR00L2L2 | C71: 13440 | D71: 96 | E71: 1 | F71: 4 | G71: 1631.97 | H71: 0.9919 | I71: 45476 | J71: 0.88431713 | K71: 170821 | L71: 170820 | M71: 170821 | N71: 170819 | O71: 170818 | P71: 170818 | Q71: 170837 | R71: 170836 | S71: 170836 | T71: 170841 | U71: 170842 | V71: 170842 | W71: =W70 -> 0.989744 | Y71: 2 | Z71: WR00L2L2 | AA71: 13440 | AB71: 96 | AC71: 1 | AD71: 4 | AE71: 2033.54 | AF71: 0.79602 | AG71: 45468 | AH71: 0.98655093 | AI71: 233750 | AJ71: 233751 | AK71: 233751 | AL71: 233753 | AM71: 233752 | AN71: 233752 | AO71: 233753 | AP71: 233754 | AQ71: 233754 | AR71: 233758 | AS71: 233759 | AT71: 233758 | AU71: =AU70 -> 0.778278 | AW71: 2 | AX71: WR00L2L2 | AY71: 14720 | AZ71: 64 | BA71: 2 | BB71: 2 | BC71: 2768.95 | BD71: 0.76804 | BS71: =BS70 -> 0.752556
A72: 3 | B72: WR00L2L2 | C72: 13440 | D72: 96 | E72: 1 | F72: 4 | G72: 1645.33 | H72: 0.98384 | I72: 45477 | J72: 0.87240741 | K72: 172426 | L72: 172427 | M72: 172426 | N72: 172430 | O72: 172430 | P72: 172429 | Q72: 172431 | R72: 172431 | S72: 172431 | T72: 172436 | U72: 172437 | V72: 172437 | W72: =W71 -> 0.989744 | Y72: 3 | Z72: WR00L2L2 | AA72: 13440 | AB72: 96 | AC72: 1 | AD72: 4 | AE72: 2080.19 | AF72: 0.77817 | AG72: 45470 | AH72: 0.35103009 | AI72: 238375 | AJ72: 238376 | AK72: 238376 | AL72: 238378 | AM72: 238378 | AN72: 238377 | AO72: 238379 | AP72: 238380 | AQ72: 238379 | AR72: 238416 | AS72: 238416 | AT72: 238416 | AU72: =AU71 -> 0.778278 | AW72: 3 | AX72: WR00L2L2 | AY72: 14720 | AZ72: 64 | BA72: 2 | BB72: 2 | BC72: 2791.24 | BD72: 0.76191 | BS72: =BS71 -> 0.752556
A73: 4 | B73: WR00L2L2 | C73: 13440 | D73: 96 | E73: 1 | F73: 4 | G73: 1633.08 | H73: 0.99122 | I73: 45478 | J73: 0.85337963 | K73: 170936 | L73: 170937 | M73: 170937 | N73: 170940 | O73: 170940 | P73: 170939 | Q73: 170941 | R73: 170941 | S73: 170940 | T73: 170945 | U73: 170945 | V73: 170946 | W73: =W72 -> 0.989744 | Y73: 4 | Z73: WR00L2L2 | AA73: 13440 | AB73: 96 | AC73: 1 | AD73: 4 | AE73: 2028.62 | AF73: 0.79796 | AG73: 45471 | AH73: 0.70849537 | AI73: 233220 | AJ73: 233221 | AK73: 233220 | AL73: 233218 | AM73: 233217 | AN73: 233218 | AO73: 233225 | AP73: 233226 | AQ73: 233226 | AR73: 233227 | AS73: 233228 | AT73: 233228 | AU73: =AU72 -> 0.778278 | AW73: 4 | AX73: WR00L2L2 | AY73: 14720 | AZ73: 64 | BA73: 2 | BB73: 2 | BC73: 2841.74 | BD73: 0.74837 | BS73: =BS72 -> 0.752556
A74: 0 | B74: WR00L2L2 | C74: 14208 | D74: 96 | E74: 1 | F74: 4 | G74: 1933.31 | H74: 0.98918 | I74: 45475 | J74: 0.23708333 | K74: 202045 | L74: 202044 | M74: 202045 | N74: 202078 | O74: 202078 | P74: 202078 | Q74: 202121 | R74: 202121 | S74: 202121 | T74: 202186 | U74: 202186 | V74: 202187 | W74: =AVERAGE(H74:H78) -> 0.985308 | Y74: 0 | Z74: WR00L2L2 | AA74: 14208 | AB74: 96 | AC74: 1 | AD74: 4 | AE74: 2777.51 | AF74: 0.68853 | AG74: 45466 | AH74: 0.70087963 | AI74: 311910 | AJ74: 311909 | AK74: 311909 | AL74: 311952 | AM74: 311953 | AN74: 311953 | AO74: 312013 | AP74: 312013 | AQ74: 312013 | AR74: 312062 | AS74: 312062 | AT74: 312062 | AU74: =AVERAGE(AF74:AF78) -> 0.736424 | AW74: 0 | AX74: WR00L2L2 | AY74: 14976 | AZ74: 64 | BA74: 2 | BB74: 2 | BC74: 4392.85 | BD74: 0.50982 | BS74: =AVERAGE(BD74:BD78) -> 0.510696
A75: 1 | B75: WR00L2L2 | C75: 14208 | D75: 96 | E75: 1 | F75: 4 | G75: 1965.91 | H75: 0.97278 | I75: 45476 | J75: 0.23290509 | K75: 205257 | L75: 205256 | M75: 205256 | N75: 205296 | O75: 205296 | P75: 205297 | Q75: 205345 | R75: 205344 | S75: 205344 | T75: 205398 | U75: 205399 | V75: 205398 | W75: =W74 -> 0.985308 | Y75: 1 | Z75: WR00L2L2 | AA75: 14208 | AB75: 96 | AC75: 1 | AD75: 4 | AE75: 2724.05 | AF75: 0.70204 | AG75: 45468 | AH75: 0.084444444 | AI75: 307014 | AJ75: 307015 | AK75: 307014 | AL75: 307056 | AM75: 307056 | AN75: 307056 | AO75: 307090 | AP75: 307090 | AQ75: 307090 | AR75: 307146 | AS75: 307146 | AT75: 307147 | AU75: =AU74 -> 0.736424 | AW75: 1 | AX75: WR00L2L2 | AY75: 14976 | AZ75: 64 | BA75: 2 | BB75: 2 | BC75: 4409.73 | BD75: 0.50787 | BS75: =BS74 -> 0.510696
A76: 2 | B76: WR00L2L2 | C76: 14208 | D76: 96 | E76: 1 | F76: 4 | G76: 1941.7 | H76: 0.9849 | I76: 45477 | J76: 0.22467593 | K76: 202926 | L76: 202925 | M76: 202925 | N76: 202972 | O76: 202972 | P76: 202971 | Q76: 203024 | R76: 203024 | S76: 203023 | T76: 203092 | U76: 203092 | V76: 203093 | W76: =W75 -> 0.985308 | Y76: 2 | Z76: WR00L2L2 | AA76: 14208 | AB76: 96 | AC76: 1 | AD76: 4 | AE76: 2521.72 | AF76: 0.75837 | AG76: 45469 | AH76: 0.4568287 | AI76: 286551 | AJ76: 286550 | AK76: 286551 | AL76: 286613 | AM76: 286614 | AN76: 286613 | AO76: 286652 | AP76: 286651 | AQ76: 286652 | AR76: 286702 | AS76: 286701 | AT76: 286701 | AU76: =AU75 -> 0.736424 | AW76: 2 | AX76: WR00L2L2 | AY76: 14976 | AZ76: 64 | BA76: 2 | BB76: 2 | BC76: 4405.47 | BD76: 0.50836 | BS76: =BS75 -> 0.510696
A77: 3 | B77: WR00L2L2 | C77: 14208 | D77: 96 | E77: 1 | F77: 4 | G77: 1922.96 | H77: 0.9945 | I77: 45478 | J77: 0.21238426 | K77: 201012 | L77: 201012 | M77: 201013 | N77: 201066 | O77: 201065 | P77: 201066 | Q77: 201112 | R77: 201112 | S77: 201113 | T77: 201173 | U77: 201173 | V77: 201173 | W77: =W76 -> 0.985308 | Y77: 3 | Z77: WR00L2L2 | AA77: 14208 | AB77: 96 | AC77: 1 | AD77: 4 | AE77: 2562.68 | AF77: 0.74625 | AG77: 45470 | AH77: 0.8194213 | AI77: 290411 | AJ77: 290411 | AK77: 290410 | AL77: 290460 | AM77: 290460 | AN77: 290460 | AO77: 290494 | AP77: 290494 | AQ77: 290494 | AR77: 290563 | AS77: 290562 | AT77: 290563 | AU77: =AU76 -> 0.736424 | AW77: 3 | AX77: WR00L2L2 | AY77: 14976 | AZ77: 64 | BA77: 2 | BB77: 2 | BC77: 4380.51 | BD77: 0.51125 | BS77: =BS76 -> 0.510696
A78: 4 | B78: WR00L2L2 | C78: 14208 | D78: 96 | E78: 1 | F78: 4 | G78: 1941.17 | H78: 0.98518 | I78: 45479 | J78: 0.19353009 | K78: 202860 | L78: 202860 | M78: 202859 | N78: 202905 | O78: 202905 | P78: 202904 | Q78: 202958 | R78: 202958 | S78: 202957 | T78: 203022 | U78: 203022 | V78: 203022 | W78: =W77 -> 0.985308 | Y78: 4 | Z78: WR00L2L2 | AA78: 14208 | AB78: 96 | AC78: 1 | AD78: 4 | AE78: 2430.18 | AF78: 0.78693 | AG78: 45472 | AH78: 0.17706019 | AI78: 277193 | AJ78: 277193 | AK78: 277192 | AL78: 277245 | AM78: 277244 | AN78: 277244 | AO78: 277313 | AP78: 277313 | AQ78: 277313 | AR78: 277382 | AS78: 277381 | AT78: 277382 | AU78: =AU77 -> 0.736424 | AW78: 4 | AX78: WR00L2L2 | AY78: 14976 | AZ78: 64 | BA78: 2 | BB78: 2 | BC78: 4338.73 | BD78: 0.51618 | BS78: =BS77 -> 0.510696
A79: 0 | B79: WR00L2L2 | C79: 12672 | D79: 96 | E79: 2 | F79: 2 | G79: 1351.79 | H79: 1.0037 | I79: 45474 | J79: 0.62803241 | K79: 141962 | L79: 141963 | M79: 141962 | N79: 141964 | O79: 141964 | P79: 141965 | Q79: 141966 | R79: 141965 | S79: 141966 | T79: 141962 | U79: 141962 | V79: 141962 | W79: =AVERAGE(H79:H83) -> 1.0041 | Y79: 0 | Z79: WR00L2L2 | AA79: 12672 | AB79: 96 | AC79: 2 | AD79: 2 | AE79: 1791.63 | AF79: 0.75731 | AG79: 45465 | AH79: 0.85086806 | AI79: 206343 | AJ79: 206344 | AK79: 206343 | AL79: 206345 | AM79: 206345 | AN79: 206344 | AO79: 206346 | AP79: 206345 | AQ79: 206346 | AR79: 206346 | AS79: 206347 | AT79: 206347 | AU79: =AVERAGE(AF79:AF83) -> 0.794218 | AW79: 0 | AX79: WR00L2L2 | AY79: 12672 | AZ79: 96 | BA79: 1 | BB79: 4 | BC79: 1384.76 | BD79: 0.97982 | BS79: =AVERAGE(BD79:BD83) -> 0.980222
A80: 1 | B80: WR00L2L2 | C80: 12672 | D80: 96 | E80: 2 | F80: 2 | G80: 1351.52 | H80: 1.0039 | I80: 45475 | J80: 0.6228588 | K80: 141953 | L80: 141953 | M80: 141953 | N80: 141959 | O80: 141959 | P80: 141958 | Q80: 141960 | R80: 141959 | S80: 141960 | T80: 141965 | U80: 141965 | V80: 141966 | W80: =W79 -> 1.0041 | Y80: 1 | Z80: WR00L2L2 | AA80: 12672 | AB80: 96 | AC80: 2 | AD80: 2 | AE80: 1733.82 | AF80: 0.78256 | AG80: 45467 | AH80: 0.23954861 | AI80: 200562 | AJ80: 200563 | AK80: 200562 | AL80: 200564 | AM80: 200564 | AN80: 200563 | AO80: 200561 | AP80: 200561 | AQ80: 200561 | AR80: 200562 | AS80: 200563 | AT80: 200563 | AU80: =AU79 -> 0.794218 | AW80: 1 | AX80: WR00L2L2 | AY80: 12672 | AZ80: 96 | BA80: 1 | BB80: 4 | BC80: 1388.62 | BD80: 0.9771 | BS80: =BS79 -> 0.980222
A81: 2 | B81: WR00L2L2 | C81: 12672 | D81: 96 | E81: 2 | F81: 2 | G81: 1351.54 | H81: 1.0039 | I81: 45476 | J81: 0.6149537 | K81: 141955 | L81: 141956 | M81: 141956 | N81: 141958 | O81: 141958 | P81: 141958 | Q81: 141960 | R81: 141959 | S81: 141960 | T81: 141962 | U81: 141963 | V81: 141962 | W81: =W80 -> 1.0041 | Y81: 2 | Z81: WR00L2L2 | AA81: 12672 | AB81: 96 | AC81: 2 | AD81: 2 | AE81: 1670.53 | AF81: 0.81221 | AG81: 45468 | AH81: 0.61561343 | AI81: 194500 | AJ81: 194501 | AK81: 194500 | AL81: 194504 | AM81: 194504 | AN81: 194504 | AO81: 194510 | AP81: 194509 | AQ81: 194510 | AR81: 194510 | AS81: 194511 | AT81: 194511 | AU81: =AU80 -> 0.794218 | AW81: 2 | AX81: WR00L2L2 | AY81: 12672 | AZ81: 96 | BA81: 1 | BB81: 4 | BC81: 1382.88 | BD81: 0.98115 | BS81: =BS80 -> 0.980222
A82: 3 | B82: WR00L2L2 | C82: 12672 | D82: 96 | E82: 2 | F82: 2 | G82: 1350.68 | H82: 1.0045 | I82: 45477 | J82: 0.60305556 | K82: 141819 | L82: 141819 | M82: 141819 | N82: 141824 | O82: 141825 | P82: 141825 | Q82: 141830 | R82: 141830 | S82: 141829 | T82: 141832 | U82: 141832 | V82: 141831 | W82: =W81 -> 1.0041 | Y82: 3 | Z82: WR00L2L2 | AA82: 12672 | AB82: 96 | AC82: 2 | AD82: 2 | AE82: 1673.92 | AF82: 0.81056 | AG82: 45469 | AH82: 0.98320602 | AI82: 194562 | AJ82: 194561 | AK82: 194562 | AL82: 194563 | AM82: 194563 | AN82: 194563 | AO82: 194564 | AP82: 194565 | AQ82: 194565 | AR82: 194566 | AS82: 194567 | AT82: 194567 | AU82: =AU81 -> 0.794218 | AW82: 3 | AX82: WR00L2L2 | AY82: 12672 | AZ82: 96 | BA82: 1 | BB82: 4 | BC82: 1382.93 | BD82: 0.98112 | BS82: =BS81 -> 0.980222
A83: 4 | B83: WR00L2L2 | C83: 12672 | D83: 96 | E83: 2 | F83: 2 | G83: 1350.73 | H83: 1.0045 | I83: 45478 | J83: 0.58421296 | K83: 141846 | L83: 141846 | M83: 141845 | N83: 141852 | O83: 141852 | P83: 141851 | Q83: 141849 | R83: 141849 | S83: 141849 | T83: 141850 | U83: 141851 | V83: 141850 | W83: =W82 -> 1.0041 | Y83: 4 | Z83: WR00L2L2 | AA83: 12672 | AB83: 96 | AC83: 2 | AD83: 2 | AE83: 1678.28 | AF83: 0.80845 | AG83: 45471 | AH83: 0.33474537 | AI83: 194933 | AJ83: 194934 | AK83: 194933 | AL83: 194937 | AM83: 194936 | AN83: 194936 | AO83: 194941 | AP83: 194941 | AQ83: 194942 | AR83: 194947 | AS83: 194946 | AT83: 194946 | AU83: =AU82 -> 0.794218 | AW83: 4 | AX83: WR00L2L2 | AY83: 12672 | AZ83: 96 | BA83: 1 | BB83: 4 | BC83: 1381.8 | BD83: 0.98192 | BS83: =BS82 -> 0.980222
A84: 0 | B84: WR00L2L2 | C84: 13440 | D84: 96 | E84: 2 | F84: 2 | G84: 1597.7 | H84: 1.0132 | I84: 45474 | J84: 0.91655093 | K84: 167300 | L84: 167301 | M84: 167301 | N84: 167297 | O84: 167297 | P84: 167296 | Q84: 167300 | R84: 167300 | S84: 167300 | T84: 167319 | U84: 167319 | V84: 167320 | W84: =AVERAGE(H84:H88) -> 1.01134 | Y84: 0 | Z84: WR00L2L2 | AA84: 13440 | AB84: 96 | AC84: 2 | AD84: 2 | AE84: 2035.14 | AF84: 0.7954 | AG84: 45466 | AH84: 0.24689815 | AI84: 234170 | AJ84: 234171 | AK84: 234170 | AL84: 234178 | AM84: 234178 | AN84: 234178 | AO84: 234184 | AP84: 234184 | AQ84: 234184 | AR84: 234181 | AS84: 234181 | AT84: 234181 | AU84: =AVERAGE(AF84:AF88) -> 0.786474 | AW84: 0 | AX84: WR00L2L2 | AY84: 13440 | AZ84: 96 | BA84: 1 | BB84: 4 | BC84: 1634.97 | BD84: 0.99008 | BS84: =AVERAGE(BD84:BD88) -> 0.991096
A85: 1 | B85: WR00L2L2 | C85: 13440 | D85: 96 | E85: 2 | F85: 2 | G85: 1609.58 | H85: 1.0057 | I85: 45475 | J85: 0.91158565 | K85: 168663 | L85: 168663 | M85: 168663 | N85: 168670 | O85: 168669 | P85: 168669 | Q85: 168671 | R85: 168670 | S85: 168671 | T85: 168668 | U85: 168669 | V85: 168669 | W85: =W84 -> 1.01134 | Y85: 1 | Z85: WR00L2L2 | AA85: 13440 | AB85: 96 | AC85: 2 | AD85: 2 | AE85: 2102.13 | AF85: 0.77005 | AG85: 45467 | AH85: 0.63894676 | AI85: 240703 | AJ85: 240703 | AK85: 240702 | AL85: 240712 | AM85: 240712 | AN85: 240712 | AO85: 240713 | AP85: 240713 | AQ85: 240713 | AR85: 240740 | AS85: 240741 | AT85: 240740 | AU85: =AU84 -> 0.786474 | AW85: 1 | AX85: WR00L2L2 | AY85: 13440 | AZ85: 96 | BA85: 1 | BB85: 4 | BC85: 1630.69 | BD85: 0.99268 | BS85: =BS84 -> 0.991096
A86: 2 | B86: WR00L2L2 | C86: 13440 | D86: 96 | E86: 2 | F86: 2 | G86: 1595.62 | H86: 1.0145 | I86: 45476 | J86: 0.90372685 | K86: 167113 | L86: 167113 | M86: 167112 | N86: 167114 | O86: 167115 | P86: 167115 | Q86: 167116 | R86: 167115 | S86: 167116 | T86: 167117 | U86: 167117 | V86: 167117 | W86: =W85 -> 1.01134 | Y86: 2 | Z86: WR00L2L2 | AA86: 13440 | AB86: 96 | AC86: 2 | AD86: 2 | AE86: 2010.56 | AF86: 0.80512 | AG86: 45469 | AH86: 0.013449074 | AI86: 231688 | AJ86: 231688 | AK86: 231687 | AL86: 231707 | AM86: 231707 | AN86: 231707 | AO86: 231738 | AP86: 231738 | AQ86: 231738 | AR86: 231761 | AS86: 231762 | AT86: 231762 | AU86: =AU85 -> 0.786474 | AW86: 2 | AX86: WR00L2L2 | AY86: 13440 | AZ86: 96 | BA86: 1 | BB86: 4 | BC86: 1631.85 | BD86: 0.99197 | BS86: =BS85 -> 0.991096
A87: 3 | B87: WR00L2L2 | C87: 13440 | D87: 96 | E87: 2 | F87: 2 | G87: 1604.35 | H87: 1.009 | I87: 45477 | J87: 0.89194444 | K87: 168161 | L87: 168161 | M87: 168161 | N87: 168162 | O87: 168163 | P87: 168162 | Q87: 168191 | R87: 168191 | S87: 168190 | T87: 168197 | U87: 168197 | V87: 168197 | W87: =W86 -> 1.01134 | Y87: 3 | Z87: WR00L2L2 | AA87: 13440 | AB87: 96 | AC87: 2 | AD87: 2 | AE87: 2048.97 | AF87: 0.79003 | AG87: 45470 | AH87: 0.37833333 | AI87: 235351 | AJ87: 235351 | AK87: 235352 | AL87: 235366 | AM87: 235366 | AN87: 235366 | AO87: 235369 | AP87: 235369 | AQ87: 235369 | AR87: 235370 | AS87: 235370 | AT87: 235370 | AU87: =AU86 -> 0.786474 | AW87: 3 | AX87: WR00L2L2 | AY87: 13440 | AZ87: 96 | BA87: 1 | BB87: 4 | BC87: 1637.37 | BD87: 0.98862 | BS87: =BS86 -> 0.991096
A88: 4 | B88: WR00L2L2 | C88: 13440 | D88: 96 | E88: 2 | F88: 2 | G88: 1595.94 | H88: 1.0143 | I88: 45478 | J88: 0.87277778 | K88: 167097 | L88: 167098 | M88: 167097 | N88: 167099 | O88: 167099 | P88: 167100 | Q88: 167105 | R88: 167105 | S88: 167105 | T88: 167111 | U88: 167110 | V88: 167111 | W88: =W87 -> 1.01134 | Y88: 4 | Z88: WR00L2L2 | AA88: 13440 | AB88: 96 | AC88: 2 | AD88: 2 | AE88: 2097.46 | AF88: 0.77177 | AG88: 45471 | AH88: 0.73636574 | AI88: 240195 | AJ88: 240195 | AK88: 240195 | AL88: 240197 | AM88: 240196 | AN88: 240196 | AO88: 240197 | AP88: 240198 | AQ88: 240197 | AR88: 240201 | AS88: 240202 | AT88: 240202 | AU88: =AU87 -> 0.786474 | AW88: 4 | AX88: WR00L2L2 | AY88: 13440 | AZ88: 96 | BA88: 1 | BB88: 4 | BC88: 1631.58 | BD88: 0.99213 | BS88: =BS87 -> 0.991096
A89: 0 | B89: WR00L2L2 | C89: 14208 | D89: 96 | E89: 2 | F89: 2 | G89: 1914.24 | H89: 0.99903 | I89: 45475 | J89: 0.26037037 | K89: 200424 | L89: 200423 | M89: 200424 | N89: 200477 | O89: 200477 | P89: 200477 | Q89: 200515 | R89: 200516 | S89: 200516 | T89: 200575 | U89: 200575 | V89: 200576 | W89: =AVERAGE(H89:H93) -> 1.008606 | Y89: 0 | Z89: WR00L2L2 | AA89: 14208 | AB89: 96 | AC89: 2 | AD89: 2 | AE89: 2485.12 | AF89: 0.76954 | AG89: 45466 | AH89: 0.73375 | AI89: 283228 | AJ89: 283228 | AK89: 283227 | AL89: 283264 | AM89: 283264 | AN89: 283264 | AO89: 283320 | AP89: 283320 | AQ89: 283319 | AR89: 283384 | AS89: 283384 | AT89: 283384 | AU89: =AVERAGE(AF89:AF93) -> 0.721396 | AW89: 0 | AX89: WR00L2L2 | AY89: 14208 | AZ89: 96 | BA89: 1 | BB89: 4 | BC89: 1934.56 | BD89: 0.98854 | BS89: =AVERAGE(BD89:BD93) -> 0.980218
A90: 1 | B90: WR00L2L2 | C90: 14208 | D90: 96 | E90: 2 | F90: 2 | G90: 1909.78 | H90: 1.0014 | I90: 45476 | J90: 0.25615741 | K90: 200102 | L90: 200102 | M90: 200101 | N90: 200149 | O90: 200149 | P90: 200150 | Q90: 200204 | R90: 200203 | S90: 200203 | T90: 200259 | U90: 200259 | V90: 200259 | W90: =W89 -> 1.008606 | Y90: 1 | Z90: WR00L2L2 | AA90: 14208 | AB90: 96 | AC90: 2 | AD90: 2 | AE90: 2698.98 | AF90: 0.70856 | AG90: 45468 | AH90: 0.11979167 | AI90: 304660 | AJ90: 304660 | AK90: 304661 | AL90: 304704 | AM90: 304704 | AN90: 304703 | AO90: 304768 | AP90: 304768 | AQ90: 304767 | AR90: 304822 | AS90: 304821 | AT90: 304822 | AU90: =AU89 -> 0.721396 | AW90: 1 | AX90: WR00L2L2 | AY90: 14208 | AZ90: 96 | BA90: 1 | BB90: 4 | BC90: 1946.05 | BD90: 0.9827 | BS90: =BS89 -> 0.980218
A91: 2 | B91: WR00L2L2 | C91: 14208 | D91: 96 | E91: 2 | F91: 2 | G91: 1887.73 | H91: 1.0131 | I91: 45477 | J91: 0.24761574 | K91: 197453 | L91: 197453 | M91: 197453 | N91: 197511 | O91: 197511 | P91: 197511 | Q91: 197572 | R91: 197572 | S91: 197572 | T91: 197638 | U91: 197638 | V91: 197638 | W91: =W90 -> 1.008606 | Y91: 2 | Z91: WR00L2L2 | AA91: 14208 | AB91: 96 | AC91: 2 | AD91: 2 | AE91: 2941.62 | AF91: 0.65011 | AG91: 45469 | AH91: 0.49494213 | AI91: 328523 | AJ91: 328524 | AK91: 328523 | AL91: 328568 | AM91: 328568 | AN91: 328568 | AO91: 328627 | AP91: 328627 | AQ91: 328626 | AR91: 328692 | AS91: 328693 | AT91: 328693 | AU91: =AU90 -> 0.721396 | AW91: 2 | AX91: WR00L2L2 | AY91: 14208 | AZ91: 96 | BA91: 1 | BB91: 4 | BC91: 1982.42 | BD91: 0.96467 | BS91: =BS90 -> 0.980218
A92: 3 | B92: WR00L2L2 | C92: 14208 | D92: 96 | E92: 2 | F92: 2 | G92: 1887.9 | H92: 1.013 | I92: 45478 | J92: 0.2353125 | K92: 197395 | L92: 197395 | M92: 197395 | N92: 197428 | O92: 197427 | P92: 197428 | Q92: 197469 | R92: 197469 | S92: 197468 | T92: 197515 | U92: 197514 | V92: 197514 | W92: =W91 -> 1.008606 | Y92: 3 | Z92: WR00L2L2 | AA92: 14208 | AB92: 96 | AC92: 2 | AD92: 2 | AE92: 2482.36 | AF92: 0.77039 | AG92: 45470 | AH92: 0.8522338 | AI92: 282755 | AJ92: 282755 | AK92: 282755 | AL92: 282802 | AM92: 282802 | AN92: 282802 | AO92: 282853 | AP92: 282853 | AQ92: 282853 | AR92: 282916 | AS92: 282915 | AT92: 282915 | AU92: =AU91 -> 0.721396 | AW92: 3 | AX92: WR00L2L2 | AY92: 14208 | AZ92: 96 | BA92: 1 | BB92: 4 | BC92: 1941.29 | BD92: 0.98511 | BS92: =BS91 -> 0.980218
A93: 4 | B93: WR00L2L2 | C93: 14208 | D93: 96 | E93: 2 | F93: 2 | G93: 1881.38 | H93: 1.0165 | I93: 45479 | J93: 0.21646991 | K93: 197418 | L93: 197417 | M93: 197417 | N93: 197475 | O93: 197475 | P93: 197475 | Q93: 197536 | R93: 197536 | S93: 197535 | T93: 197591 | U93: 197591 | V93: 197591 | W93: =W92 -> 1.008606 | Y93: 4 | Z93: WR00L2L2 | AA93: 14208 | AB93: 96 | AC93: 2 | AD93: 2 | AE93: 2699.65 | AF93: 0.70838 | AG93: 45472 | AH93: 0.21239583 | AI93: 304491 | AJ93: 304491 | AK93: 304491 | AL93: 304551 | AM93: 304551 | AN93: 304550 | AO93: 304610 | AP93: 304610 | AQ93: 304610 | AR93: 304691 | AS93: 304690 | AT93: 304690 | AU93: =AU92 -> 0.721396 | AW93: 4 | AX93: WR00L2L2 | AY93: 14208 | AZ93: 96 | BA93: 1 | BB93: 4 | BC93: 1951.27 | BD93: 0.98007 | BS93: =BS92 -> 0.980218
A94: 0 | B94: WR00L2L2 | C94: 12672 | D94: 128 | E94: 1 | F94: 4 | G94: 1385.13 | H94: 0.97956 | I94: 45474 | J94: 0.64493056 | K94: 145435 | L94: 145436 | M94: 145435 | N94: 145440 | O94: 145441 | P94: 145441 | Q94: 145438 | R94: 145439 | S94: 145438 | T94: 145440 | U94: 145441 | V94: 145441 | W94: =AVERAGE(H94:H98) -> 0.979618 | Y94: 0 | Z94: WR00L2L2 | AA94: 12672 | AB94: 128 | AC94: 1 | AD94: 4 | AE94: 1690.08 | AF94: 0.80281 | AG94: 45465 | AH94: 0.87365741 | AI94: 196312 | AJ94: 196312 | AK94: 196311 | AL94: 196313 | AM94: 196313 | AN94: 196312 | AO94: 196320 | AP94: 196321 | AQ94: 196321 | AR94: 196316 | AS94: 196317 | AT94: 196317 | AU94: =AVERAGE(AF94:AF98) -> 0.799086 | AW94: 0 | AX94: WR00L2L2 | AY94: 12672 | AZ94: 96 | BA94: 2 | BB94: 2 | BC94: 1350.95 | BD94: 1.0043 | BS94: =AVERAGE(BD94:BD98) -> 1.001052
A95: 1 | B95: WR00L2L2 | C95: 12672 | D95: 128 | E95: 1 | F95: 4 | G95: 1384.07 | H95: 0.98031 | I95: 45475 | J95: 0.63974537 | K95: 145313 | L95: 145313 | M95: 145313 | N95: 145310 | O95: 145311 | P95: 145310 | Q95: 145316 | R95: 145316 | S95: 145317 | T95: 145318 | U95: 145318 | V95: 145319 | W95: =W94 -> 0.979618 | Y95: 1 | Z95: WR00L2L2 | AA95: 12672 | AB95: 128 | AC95: 1 | AD95: 4 | AE95: 1695.49 | AF95: 0.80025 | AG95: 45467 | AH95: 0.26239583 | AI95: 196824 | AJ95: 196824 | AK95: 196824 | AL95: 196821 | AM95: 196822 | AN95: 196821 | AO95: 196822 | AP95: 196823 | AQ95: 196823 | AR95: 196823 | AS95: 196824 | AT95: 196824 | AU95: =AU94 -> 0.799086 | AW95: 1 | AX95: WR00L2L2 | AY95: 12672 | AZ95: 96 | BA95: 2 | BB95: 2 | BC95: 1376.13 | BD95: 0.98596 | BS95: =BS94 -> 1.001052
A96: 2 | B96: WR00L2L2 | C96: 12672 | D96: 128 | E96: 1 | F96: 4 | G96: 1383.98 | H96: 0.98037 | I96: 45476 | J96: 0.63184028 | K96: 145305 | L96: 145306 | M96: 145305 | N96: 145309 | O96: 145309 | P96: 145309 | Q96: 145311 | R96: 145310 | S96: 145311 | T96: 145316 | U96: 145316 | V96: 145316 | W96: =W95 -> 0.979618 | Y96: 2 | Z96: WR00L2L2 | AA96: 12672 | AB96: 128 | AC96: 1 | AD96: 4 | AE96: 1710.66 | AF96: 0.79316 | AG96: 45468 | AH96: 0.63863426 | AI96: 198356 | AJ96: 198356 | AK96: 198357 | AL96: 198359 | AM96: 198358 | AN96: 198359 | AO96: 198359 | AP96: 198359 | AQ96: 198360 | AR96: 198360 | AS96: 198361 | AT96: 198360 | AU96: =AU95 -> 0.799086 | AW96: 2 | AX96: WR00L2L2 | AY96: 12672 | AZ96: 96 | BA96: 2 | BB96: 2 | BC96: 1350.45 | BD96: 1.0047 | BS96: =BS95 -> 1.001052
A97: 3 | B97: WR00L2L2 | C97: 12672 | D97: 128 | E97: 1 | F97: 4 | G97: 1388.09 | H97: 0.97747 | I97: 45477 | J97: 0.61998843 | K97: 145712 | L97: 145713 | M97: 145712 | N97: 145718 | O97: 145717 | P97: 145718 | Q97: 145715 | R97: 145715 | S97: 145715 | T97: 145717 | U97: 145717 | V97: 145717 | W97: =W96 -> 0.979618 | Y97: 3 | Z97: WR00L2L2 | AA97: 12672 | AB97: 128 | AC97: 1 | AD97: 4 | AE97: 1708.79 | AF97: 0.79402 | AG97: 45470 | AH97: 0.0062152778 | AI97: 198145 | AJ97: 198146 | AK97: 198146 | AL97: 198148 | AM97: 198148 | AN97: 198147 | AO97: 198149 | AP97: 198150 | AQ97: 198150 | AR97: 198153 | AS97: 198154 | AT97: 198153 | AU97: =AU96 -> 0.799086 | AW97: 3 | AX97: WR00L2L2 | AY97: 12672 | AZ97: 96 | BA97: 2 | BB97: 2 | BC97: 1350.4 | BD97: 1.0048 | BS97: =BS96 -> 1.001052
A98: 4 | B98: WR00L2L2 | C98: 12672 | D98: 128 | E98: 1 | F98: 4 | G98: 1383.98 | H98: 0.98038 | I98: 45478 | J98: 0.60108796 | K98: 145303 | L98: 145303 | M98: 145304 | N98: 145309 | O98: 145309 | P98: 145309 | Q98: 145311 | R98: 145310 | S98: 145310 | T98: 145312 | U98: 145312 | V98: 145311 | W98: =W97 -> 0.979618 | Y98: 4 | Z98: WR00L2L2 | AA98: 12672 | AB98: 128 | AC98: 1 | AD98: 4 | AE98: 1685.09 | AF98: 0.80519 | AG98: 45471 | AH98: 0.35747685 | AI98: 195832 | AJ98: 195833 | AK98: 195832 | AL98: 195834 | AM98: 195835 | AN98: 195835 | AO98: 195835 | AP98: 195835 | AQ98: 195836 | AR98: 195837 | AS98: 195838 | AT98: 195837 | AU98: =AU97 -> 0.799086 | AW98: 4 | AX98: WR00L2L2 | AY98: 12672 | AZ98: 96 | BA98: 2 | BB98: 2 | BC98: 1349.42 | BD98: 1.0055 | BS98: =BS97 -> 1.001052
A99: 0 | B99: WR00L2L2 | C99: 13440 | D99: 128 | E99: 1 | F99: 4 | G99: 1636.54 | H99: 0.98913 | I99: 45474 | J99: 0.93646991 | K99: 171509 | L99: 171509 | M99: 171510 | N99: 171507 | O99: 171508 | P99: 171507 | Q99: 171509 | R99: 171508 | S99: 171509 | T99: 171509 | U99: 171509 | V99: 171510 | W99: =AVERAGE(H99:H103) -> 0.990788 | Y99: 0 | Z99: WR00L2L2 | AA99: 13440 | AB99: 128 | AC99: 1 | AD99: 4 | AE99: 2027.17 | AF99: 0.79852 | AG99: 45466 | AH99: 0.27407407 | AI99: 234103 | AJ99: 234102 | AK99: 234103 | AL99: 234140 | AM99: 234140 | AN99: 234140 | AO99: 234142 | AP99: 234143 | AQ99: 234143 | AR99: 234167 | AS99: 234168 | AT99: 234168 | AU99: =AVERAGE(AF99:AF103) -> 0.799176 | AW99: 0 | AX99: WR00L2L2 | AY99: 13440 | AZ99: 96 | BA99: 2 | BB99: 2 | BC99: 1594.15 | BD99: 1.0154 | BS99: =AVERAGE(BD99:BD103) -> 1.01254
A100: 1 | B100: WR00L2L2 | C100: 13440 | D100: 128 | E100: 1 | F100: 4 | G100: 1632.5 | H100: 0.99158 | I100: 45475 | J100: 0.93145833 | K100: 171078 | L100: 171079 | M100: 171078 | N100: 171081 | O100: 171081 | P100: 171080 | Q100: 171083 | R100: 171082 | S100: 171083 | T100: 171088 | U100: 171089 | V100: 171089 | W100: =W99 -> 0.990788 | Y100: 1 | Z100: WR00L2L2 | AA100: 13440 | AB100: 128 | AC100: 1 | AD100: 4 | AE100: 1980.86 | AF100: 0.81719 | AG100: 45467 | AH100: 0.66555556 | AI100: 229293 | AJ100: 229293 | AK100: 229292 | AL100: 229300 | AM100: 229300 | AN100: 229301 | AO100: 229302 | AP100: 229302 | AQ100: 229302 | AR100: 229302 | AS100: 229302 | AT100: 229302 | AU100: =AU99 -> 0.799176 | AW100: 1 | AX100: WR00L2L2 | AY100: 13440 | AZ100: 96 | BA100: 2 | BB100: 2 | BC100: 1600.43 | BD100: 1.0114 | BS100: =BS99 -> 1.01254
...

Sheet 1 node, params
A1: ATLAS (arch-tune-flags) | G1: OpenBLAS
A2: =INDEX(A4:A500,MATCH(MAX(E4:E500),E4:E500,0)) -> 6720 | B2: =INDEX(B4:B500,MATCH(MAX(E4:E500),E4:E500,0)) -> 64 | C2: =INDEX(C4:C500,MATCH(MAX(E4:E500),E4:E500,0)) -> 1 | D2: =INDEX(D4:D500,MATCH(MAX(E4:E500),E4:E500,0)) -> 1 | E2: =MAX(E4:E500) -> 0.286854 | G2: =INDEX(G4:G500,MATCH(MAX(K4:K500),K4:K500,0)) -> 6720 | H2: =INDEX(H4:H500,MATCH(MAX(K4:K500),K4:K500,0)) -> 64 | I2: =INDEX(I4:I500,MATCH(MAX(K4:K500),K4:K500,0)) -> 1 | J2: =INDEX(J4:J500,MATCH(MAX(K4:K500),K4:K500,0)) -> 1 | K2: =MAX(K4:K500) -> 0.229676
A3: N | B3: NB | C3: P | D3: Q | E3: Average GFLOP/s | G3: N | H3: NB | I3: P | J3: Q | K3: Average GFLOP/s | M3: N | N3: N (rounded) | O3: NB | P3: P | Q3: Q | R3: Average GFLOP/s | T3: N | U3: N (rounded) | V3: NB | W3: P | X3: Q | Y3: Average GFLOP/s
A4: {=_xlfn.CHOOSECOLS(_xlfn._xlws.FILTER('1 node, params, RAW'!A4:N500,'1 node, params, RAW'!A4:A500=0),3,4,5,6,14)} -> 6336 | B4: 32 | C4: 1 | D4: 1 | E4: 0.27028 | G4: {=_xlfn.CHOOSECOLS(_xlfn._xlws.FILTER('1 node, params, RAW'!P4:AC500,'1 node, params, RAW'!P4:P500=0),3,4,5,6,14)} -> 6336 | H4: 32 | I4: 1 | J4: 1 | K4: 0.22606 | M4: 6336 | N4: =CHOOSE(IF(ABS(M4-6336) <= ABS(M4-6720),IF(ABS(M4-6336) <= ABS(M4-7104),1,3),IF(ABS(M4-6720) <= ABS(M4-7104),2,3)),6336,6720,7104) -> 6336 | O4: 32 | P4: 1 | Q4: 1 | R4: 0.27028 | T4: 6336 | U4: =CHOOSE(IF(ABS(T4-6336) <= ABS(T4-6720),IF(ABS(T4-6336) <= ABS(T4-7104),1,3),IF(ABS(T4-6720) <= ABS(T4-7104),2,3)),6336,6720,7104) -> 6336 | V4: 32 | W4: 1 | X4: 1 | Y4: 0.22606
A5: 6720 | B5: 32 | C5: 1 | D5: 1 | E5: 0.27124 | G5: 6720 | H5: 32 | I5: 1 | J5: 1 | K5: 0.22624 | M5: 6720 | N5: =CHOOSE(IF(ABS(M5-6336) <= ABS(M5-6720),IF(ABS(M5-6336) <= ABS(M5-7104),1,3),IF(ABS(M5-6720) <= ABS(M5-7104),2,3)),6336,6720,7104) -> 6720 | O5: 32 | P5: 1 | Q5: 1 | R5: 0.27124 | T5: 6720 | U5: =CHOOSE(IF(ABS(T5-6336) <= ABS(T5-6720),IF(ABS(T5-6336) <= ABS(T5-7104),1,3),IF(ABS(T5-6720) <= ABS(T5-7104),2,3)),6336,6720,7104) -> 6720 | V5: 32 | W5: 1 | X5: 1 | Y5: 0.22624
A6: 7104 | B6: 32 | C6: 1 | D6: 1 | E6: 0.270842 | G6: 7104 | H6: 32 | I6: 1 | J6: 1 | K6: 0.223478 | M6: 7104 | N6: =CHOOSE(IF(ABS(M6-6336) <= ABS(M6-6720),IF(ABS(M6-6336) <= ABS(M6-7104),1,3),IF(ABS(M6-6720) <= ABS(M6-7104),2,3)),6336,6720,7104) -> 7104 | O6: 32 | P6: 1 | Q6: 1 | R6: 0.270842 | T6: 7104 | U6: =CHOOSE(IF(ABS(T6-6336) <= ABS(T6-6720),IF(ABS(T6-6336) <= ABS(T6-7104),1,3),IF(ABS(T6-6720) <= ABS(T6-7104),2,3)),6336,6720,7104) -> 7104 | V6: 32 | W6: 1 | X6: 1 | Y6: 0.223478
A7: 6336 | B7: 64 | C7: 1 | D7: 1 | E7: 0.28599 | G7: 6336 | H7: 64 | I7: 1 | J7: 1 | K7: 0.225464 | M7: 6336 | N7: =CHOOSE(IF(ABS(M7-6336) <= ABS(M7-6720),IF(ABS(M7-6336) <= ABS(M7-7104),1,3),IF(ABS(M7-6720) <= ABS(M7-7104),2,3)),6336,6720,7104) -> 6336 | O7: 64 | P7: 1 | Q7: 1 | R7: 0.28599 | T7: 6336 | U7: =CHOOSE(IF(ABS(T7-6336) <= ABS(T7-6720),IF(ABS(T7-6336) <= ABS(T7-7104),1,3),IF(ABS(T7-6720) <= ABS(T7-7104),2,3)),6336,6720,7104) -> 6336 | V7: 64 | W7: 1 | X7: 1 | Y7: 0.225464
A8: 6720 | B8: 64 | C8: 1 | D8: 1 | E8: 0.286854 | G8: 6720 | H8: 64 | I8: 1 | J8: 1 | K8: 0.229676 | M8: 6720 | N8: =CHOOSE(IF(ABS(M8-6336) <= ABS(M8-6720),IF(ABS(M8-6336) <= ABS(M8-7104),1,3),IF(ABS(M8-6720) <= ABS(M8-7104),2,3)),6336,6720,7104) -> 6720 | O8: 64 | P8: 1 | Q8: 1 | R8: 0.286854 | T8: 6720 | U8: =CHOOSE(IF(ABS(T8-6336) <= ABS(T8-6720),IF(ABS(T8-6336) <= ABS(T8-7104),1,3),IF(ABS(T8-6720) <= ABS(T8-7104),2,3)),6336,6720,7104) -> 6720 | V8: 64 | W8: 1 | X8: 1 | Y8: 0.229676
A9: 7104 | B9: 64 | C9: 1 | D9: 1 | E9: 0.286156 | G9: 7104 | H9: 64 | I9: 1 | J9: 1 | K9: 0.2218 | M9: 7104 | N9: =CHOOSE(IF(ABS(M9-6336) <= ABS(M9-6720),IF(ABS(M9-6336) <= ABS(M9-7104),1,3),IF(ABS(M9-6720) <= ABS(M9-7104),2,3)),6336,6720,7104) -> 7104 | O9: 64 | P9: 1 | Q9: 1 | R9: 0.286156 | T9: 7104 | U9: =CHOOSE(IF(ABS(T9-6336) <= ABS(T9-6720),IF(ABS(T9-6336) <= ABS(T9-7104),1,3),IF(ABS(T9-6720) <= ABS(T9-7104),2,3)),6336,6720,7104) -> 7104 | V9: 64 | W9: 1 | X9: 1 | Y9: 0.2218
A10: 6336 | B10: 96 | C10: 1 | D10: 1 | E10: 0.281654 | G10: 6336 | H10: 96 | I10: 1 | J10: 1 | K10: 0.221694 | M10: 6336 | N10: =CHOOSE(IF(ABS(M10-6336) <= ABS(M10-6720),IF(ABS(M10-6336) <= ABS(M10-7104),1,3),IF(ABS(M10-6720) <= ABS(M10-7104),2,3)),6336,6720,7104) -> 6336 | O10: 96 | P10: 1 | Q10: 1 | R10: 0.281654 | T10: 6336 | U10: =CHOOSE(IF(ABS(T10-6336) <= ABS(T10-6720),IF(ABS(T10-6336) <= ABS(T10-7104),1,3),IF(ABS(T10-6720) <= ABS(T10-7104),2,3)),6336,6720,7104) -> 6336 | V10: 96 | W10: 1 | X10: 1 | Y10: 0.221694
A11: 6720 | B11: 96 | C11: 1 | D11: 1 | E11: 0.28115 | G11: 6720 | H11: 96 | I11: 1 | J11: 1 | K11: 0.222258 | M11: 6720 | N11: =CHOOSE(IF(ABS(M11-6336) <= ABS(M11-6720),IF(ABS(M11-6336) <= ABS(M11-7104),1,3),IF(ABS(M11-6720) <= ABS(M11-7104),2,3)),6336,6720,7104) -> 6720 | O11: 96 | P11: 1 | Q11: 1 | R11: 0.28115 | T11: 6720 | U11: =CHOOSE(IF(ABS(T11-6336) <= ABS(T11-6720),IF(ABS(T11-6336) <= ABS(T11-7104),1,3),IF(ABS(T11-6720) <= ABS(T11-7104),2,3)),6336,6720,7104) -> 6720 | V11: 96 | W11: 1 | X11: 1 | Y11: 0.222258
A12: 7104 | B12: 96 | C12: 1 | D12: 1 | E12: 0.280566 | G12: 7104 | H12: 96 | I12: 1 | J12: 1 | K12: 0.210506 | M12: 7104 | N12: =CHOOSE(IF(ABS(M12-6336) <= ABS(M12-6720),IF(ABS(M12-6336) <= ABS(M12-7104),1,3),IF(ABS(M12-6720) <= ABS(M12-7104),2,3)),6336,6720,7104) -> 7104 | O12: 96 | P12: 1 | Q12: 1 | R12: 0.280566 | T12: 7104 | U12: =CHOOSE(IF(ABS(T12-6336) <= ABS(T12-6720),IF(ABS(T12-6336) <= ABS(T12-7104),1,3),IF(ABS(T12-6720) <= ABS(T12-7104),2,3)),6336,6720,7104) -> 7104 | V12: 96 | W12: 1 | X12: 1 | Y12: 0.210506
A13: 6272 | B13: 128 | C13: 1 | D13: 1 | E13: 0.28423 | G13: 6272 | H13: 128 | I13: 1 | J13: 1 | K13: 0.226328 | M13: 6272 | N13: =CHOOSE(IF(ABS(M13-6336) <= ABS(M13-6720),IF(ABS(M13-6336) <= ABS(M13-7104),1,3),IF(ABS(M13-6720) <= ABS(M13-7104),2,3)),6336,6720,7104) -> 6336 | O13: 128 | P13: 1 | Q13: 1 | R13: 0.28423 | T13: 6272 | U13: =CHOOSE(IF(ABS(T13-6336) <= ABS(T13-6720),IF(ABS(T13-6336) <= ABS(T13-7104),1,3),IF(ABS(T13-6720) <= ABS(T13-7104),2,3)),6336,6720,7104) -> 6336 | V13: 128 | W13: 1 | X13: 1 | Y13: 0.226328
A14: 6656 | B14: 128 | C14: 1 | D14: 1 | E14: 0.262756 | G14: 6656 | H14: 128 | I14: 1 | J14: 1 | K14: 0.219484 | M14: 6656 | N14: =CHOOSE(IF(ABS(M14-6336) <= ABS(M14-6720),IF(ABS(M14-6336) <= ABS(M14-7104),1,3),IF(ABS(M14-6720) <= ABS(M14-7104),2,3)),6336,6720,7104) -> 6720 | O14: 128 | P14: 1 | Q14: 1 | R14: 0.262756 | T14: 6656 | U14: =CHOOSE(IF(ABS(T14-6336) <= ABS(T14-6720),IF(ABS(T14-6336) <= ABS(T14-7104),1,3),IF(ABS(T14-6720) <= ABS(T14-7104),2,3)),6336,6720,7104) -> 6720 | V14: 128 | W14: 1 | X14: 1 | Y14: 0.219484
A15: 7040 | B15: 128 | C15: 1 | D15: 1 | E15: 0.278644 | G15: 7040 | H15: 128 | I15: 1 | J15: 1 | K15: 0.225836 | M15: 7040 | N15: =CHOOSE(IF(ABS(M15-6336) <= ABS(M15-6720),IF(ABS(M15-6336) <= ABS(M15-7104),1,3),IF(ABS(M15-6720) <= ABS(M15-7104),2,3)),6336,6720,7104) -> 7104 | O15: 128 | P15: 1 | Q15: 1 | R15: 0.278644 | T15: 7040 | U15: =CHOOSE(IF(ABS(T15-6336) <= ABS(T15-6720),IF(ABS(T15-6336) <= ABS(T15-7104),1,3),IF(ABS(T15-6720) <= ABS(T15-7104),2,3)),6336,6720,7104) -> 7104 | V15: 128 | W15: 1 | X15: 1 | Y15: 0.225836
A16: 6240 | B16: 160 | C16: 1 | D16: 1 | E16: 0.27927 | G16: 6240 | H16: 160 | I16: 1 | J16: 1 | K16: 0.223778 | M16: 6240 | N16: =CHOOSE(IF(ABS(M16-6336) <= ABS(M16-6720),IF(ABS(M16-6336) <= ABS(M16-7104),1,3),IF(ABS(M16-6720) <= ABS(M16-7104),2,3)),6336,6720,7104) -> 6336 | O16: 160 | P16: 1 | Q16: 1 | R16: 0.27927 | T16: 6240 | U16: =CHOOSE(IF(ABS(T16-6336) <= ABS(T16-6720),IF(ABS(T16-6336) <= ABS(T16-7104),1,3),IF(ABS(T16-6720) <= ABS(T16-7104),2,3)),6336,6720,7104) -> 6336 | V16: 160 | W16: 1 | X16: 1 | Y16: 0.223778
... A27: 6912 | B27: 256 | C27: 1 | D27: 1 | E27: 0.279094 | G27: 6912 | H27: 256 | I27: 1 | J27: 1 | K27: 0.210546 | M27: 6912 | N27: =CHOOSE(IF(ABS(M27-6336) <= ABS(M27-6720),IF(ABS(M27-6336) <= ABS(M27-7104),1,3),IF(ABS(M27-6720) <= ABS(M27-7104),2,3)),6336,6720,7104) -> 6720 | O27: 256 | P27: 1 | Q27: 1 | R27: 0.279094 | T27: 6912 | U27: =CHOOSE(IF(ABS(T27-6336) <= ABS(T27-6720),IF(ABS(T27-6336) <= ABS(T27-7104),1,3),IF(ABS(T27-6720) <= ABS(T27-7104),2,3)),6336,6720,7104) -> 6720 | V27: 256 | W27: 1 | X27: 1 | Y27: 0.210546
A28: 0 | B28: 0 | C28: 0 | D28: 0 | E28: 0 | G28: 0 | H28: 0 | I28: 0 | J28: 0 | K28: 0
A29: 0 | B29: 0 | C29: 0 | D29: 0 | E29: 0 | G29: 0 | H29: 0 | I29: 0 | J29: 0 | K29: 0
A30: 0 | B30: 0 | C30: 0 | D30: 0 | E30: 0 | G30: 0 | H30: 0 | I30: 0 | J30: 0 | K30: 0
A31: 0 | B31: 0 | C31: 0 | D31: 0 | E31: 0 | G31: 0 | H31: 0 | I31: 0 | J31: 0 | K31: 0
A32: 0 | B32: 0 | C32: 0 | D32: 0 | E32: 0 | G32: 0 | H32: 0 | I32: 0 | J32: 0 | K32: 0
A33: 0 | B33: 0 | C33: 0 | D33: 0 | E33: 0 | G33: 0 | H33: 0 | I33: 0 | J33: 0 | K33: 0
A34: 0 | B34: 0 | C34: 0 | D34: 0 | E34: 0 | G34: 0 | H34: 0 | I34: 0 | J34: 0 | K34: 0
A35: 0 | B35: 0 | C35: 0 | D35: 0 | E35: 0 | G35: 0 | H35: 0 | I35: 0 | J35: 0 | K35: 0
A36: 0 | B36: 0 | C36: 0 | D36: 0 | E36: 0 | G36: 0 | H36: 0 | I36: 0 | J36: 0 | K36: 0
A37: 0 | B37: 0 | C37: 0 | D37: 0 | E37: 0 | G37: 0 | H37: 0 | I37: 0 | J37: 0 | K37: 0
A38: 0 | B38: 0 | C38: 0 | D38: 0 | E38: 0 | G38: 0 | H38: 0 | I38: 0 | J38: 0 | K38: 0
A39: 0 | B39: 0 | C39: 0 | D39: 0 | E39: 0 | G39: 0 | H39: 0 | I39: 0 | J39: 0 | K39: 0
... A404: 0 | B404: 0 | C404: 0 | D404: 0 | E404: 0 | G404: 0 | H404: 0 | I404: 0 | J404: 0 | K404: 0

Sheet 4 node, params
A1: ATLAS | G1: OpenBLAS
A2: =INDEX(A4:A500,MATCH(MAX(E4:E500),E4:E500,0)) -> 13440 | B2: =INDEX(B4:B500,MATCH(MAX(E4:E500),E4:E500,0)) -> 64 | C2: =INDEX(C4:C500,MATCH(MAX(E4:E500),E4:E500,0)) -> 2 | D2: =INDEX(D4:D500,MATCH(MAX(E4:E500),E4:E500,0)) -> 2 | E2: =MAX(E4:E500) -> 1.03676 | G2: =INDEX(G4:G500,MATCH(MAX(K4:K500),K4:K500,0)) -> 13440 | H2: =INDEX(H4:H500,MATCH(MAX(K4:K500),K4:K500,0)) -> 64 | I2: =INDEX(I4:I500,MATCH(MAX(K4:K500),K4:K500,0)) -> 2 | J2: =INDEX(J4:J500,MATCH(MAX(K4:K500),K4:K500,0)) -> 2 | K2: =MAX(K4:K500) -> 0.839766
A3: N | B3: NB | C3: P | D3: Q | E3: Average GFLOP/s | G3: N | H3: NB | I3: P | J3: Q | K3: Average GFLOP/s | N3: N | O3: NB | P3: P | Q3: Q | R3: Average GFLOP/s | U3: N | V3: NB | W3: P | X3: Q | Y3: Average GFLOP/s
A4: {=_xlfn.CHOOSECOLS(_xlfn._xlws.FILTER('4 node, params, RAW'!A4:W335,'4 node, params, RAW'!A4:A335=0),3,4,5,6,23)} -> 12672 | B4: 32 | C4: 1 | D4: 4 | E4: 0.947932 | G4: {=_xlfn.CHOOSECOLS(_xlfn._xlws.FILTER('4 node, params, RAW'!Y4:AU500,'4 node, params, RAW'!Y4:Y500=0),3,4,5,6,23)} -> 12672 | H4: 32 | I4: 1 | J4: 4 | K4: 0.801688 | M4: 12672 | N4: =CHOOSE(IF(ABS(M4-12672) <= ABS(M4-13440),IF(ABS(M4-12672) <= ABS(M4-14208),1,3),IF(ABS(M4-13440) <= ABS(M4-14208),2,3)),12672,13440,14208) -> 12672 | O4: 32 | P4: 1 | Q4: 4 | R4: 0.947932 | T4: 12672 | U4: =CHOOSE(IF(ABS(T4-12672) <= ABS(T4-13440),IF(ABS(T4-12672) <= ABS(T4-14208),1,3),IF(ABS(T4-13440) <= ABS(T4-14208),2,3)),12672,13440,14208) -> 12672 | V4: 32 | W4: 1 | X4: 4 | Y4: 0.801688
A5: 13440 | B5: 32 | C5: 1 | D5: 4 | E5: 0.962258 | G5: 13440 | H5: 32 | I5: 1 | J5: 4 | K5: 0.80911 | M5: 13440 | N5: =CHOOSE(IF(ABS(M5-12672) <= ABS(M5-13440),IF(ABS(M5-12672) <= ABS(M5-14208),1,3),IF(ABS(M5-13440) <= ABS(M5-14208),2,3)),12672,13440,14208) -> 13440 | O5: 32 | P5: 1 | Q5: 4 | R5: 0.962258 | T5: 13440 | U5: =CHOOSE(IF(ABS(T5-12672) <= ABS(T5-13440),IF(ABS(T5-12672) <= ABS(T5-14208),1,3),IF(ABS(T5-13440) <= ABS(T5-14208),2,3)),12672,13440,14208) -> 13440 | V5: 32 | W5: 1 | X5: 4 | Y5: 0.80911
A6: 14208 | B6: 32 | C6: 1 | D6: 4 | E6: 0.962742 | G6: 14208 | H6: 32 | I6: 1 | J6: 4 | K6: 0.813152 | M6: 14208 | N6: =CHOOSE(IF(ABS(M6-12672) <= ABS(M6-13440),IF(ABS(M6-12672) <= ABS(M6-14208),1,3),IF(ABS(M6-13440) <= ABS(M6-14208),2,3)),12672,13440,14208) -> 14208 | O6: 32 | P6: 1 | Q6: 4 | R6: 0.962742 | T6: 14208 | U6: =CHOOSE(IF(ABS(T6-12672) <= ABS(T6-13440),IF(ABS(T6-12672) <= ABS(T6-14208),1,3),IF(ABS(T6-13440) <= ABS(T6-14208),2,3)),12672,13440,14208) -> 14208 | V6: 32 | W6: 1 | X6: 4 | Y6: 0.813152
A7: 12672 | B7: 32 | C7: 2 | D7: 2 | E7: 0.97878 | G7: 12672 | H7: 32 | I7: 2 | J7: 2 | K7: 0.826772 | M7: 12672 | N7: =CHOOSE(IF(ABS(M7-12672) <= ABS(M7-13440),IF(ABS(M7-12672) <= ABS(M7-14208),1,3),IF(ABS(M7-13440) <= ABS(M7-14208),2,3)),12672,13440,14208) -> 12672 | O7: 32 | P7: 2 | Q7: 2 | R7: 0.97878 | T7: 12672 | U7: =CHOOSE(IF(ABS(T7-12672) <= ABS(T7-13440),IF(ABS(T7-12672) <= ABS(T7-14208),1,3),IF(ABS(T7-13440) <= ABS(T7-14208),2,3)),12672,13440,14208) -> 12672 | V7: 32 | W7: 2 | X7: 2 | Y7: 0.826772
A8: 13440 | B8: 32 | C8: 2 | D8: 2 | E8: 0.988362 | G8: 13440 | H8: 32 | I8: 2 | J8: 2 | K8: 0.834166 | M8: 13440 | N8: =CHOOSE(IF(ABS(M8-12672) <= ABS(M8-13440),IF(ABS(M8-12672) <= ABS(M8-14208),1,3),IF(ABS(M8-13440) <= ABS(M8-14208),2,3)),12672,13440,14208) -> 13440 | O8: 32 | P8: 2 | Q8: 2 | R8: 0.988362 | T8: 13440 | U8: =CHOOSE(IF(ABS(T8-12672) <= ABS(T8-13440),IF(ABS(T8-12672) <= ABS(T8-14208),1,3),IF(ABS(T8-13440) <= ABS(T8-14208),2,3)),12672,13440,14208) -> 13440 | V8: 32 | W8: 2 | X8: 2 | Y8: 0.834166
A9: 14208 | B9: 32 | C9: 2 | D9: 2 | E9: 0.993148 | G9: 14208 | H9: 32 | I9: 2 | J9: 2 | K9: 0.834702 | M9: 14208 | N9: =CHOOSE(IF(ABS(M9-12672) <= ABS(M9-13440),IF(ABS(M9-12672) <= ABS(M9-14208),1,3),IF(ABS(M9-13440) <= ABS(M9-14208),2,3)),12672,13440,14208) -> 14208 | O9: 32 | P9: 2 | Q9: 2 | R9: 0.993148 | T9: 14208 | U9: =CHOOSE(IF(ABS(T9-12672) <= ABS(T9-13440),IF(ABS(T9-12672) <= ABS(T9-14208),1,3),IF(ABS(T9-13440) <= ABS(T9-14208),2,3)),12672,13440,14208) -> 14208 | V9: 32 | W9: 2 | X9: 2 | Y9: 0.834702
A10: 12672 | B10: 64 | C10: 1 | D10: 4 | E10: 0.997594 | G10: 12672 | H10: 64 | I10: 1 | J10: 4 | K10: 0.816028 | M10: 12672 | N10: =CHOOSE(IF(ABS(M10-12672) <= ABS(M10-13440),IF(ABS(M10-12672) <= ABS(M10-14208),1,3),IF(ABS(M10-13440) <= ABS(M10-14208),2,3)),12672,13440,14208) -> 12672 | O10: 64 | P10: 1 | Q10: 4 | R10: 0.997594 | T10: 12672 | U10: =CHOOSE(IF(ABS(T10-12672) <= ABS(T10-13440),IF(ABS(T10-12672) <= ABS(T10-14208),1,3),IF(ABS(T10-13440) <= ABS(T10-14208),2,3)),12672,13440,14208) -> 12672 | V10: 64 | W10: 1 | X10: 4 | Y10: 0.816028
A11: 13440 | B11: 64 | C11: 1 | D11: 4 | E11: 1.00586 | G11: 13440 | H11: 64 | I11: 1 | J11: 4 | K11: 0.812224 | M11: 13440 | N11: =CHOOSE(IF(ABS(M11-12672) <= ABS(M11-13440),IF(ABS(M11-12672) <= ABS(M11-14208),1,3),IF(ABS(M11-13440) <= ABS(M11-14208),2,3)),12672,13440,14208) -> 13440 | O11: 64 | P11: 1 | Q11: 4 | R11: 1.00586 | T11: 13440 | U11: =CHOOSE(IF(ABS(T11-12672) <= ABS(T11-13440),IF(ABS(T11-12672) <= ABS(T11-14208),1,3),IF(ABS(T11-13440) <= ABS(T11-14208),2,3)),12672,13440,14208) -> 13440 | V11: 64 | W11: 1 | X11: 4 | Y11: 0.812224
A12: 14208 | B12: 64 | C12: 1 | D12: 4 | E12: 1.001616 | G12: 14208 | H12: 64 | I12: 1 | J12: 4 | K12: 0.786576 | M12: 14208 | N12: =CHOOSE(IF(ABS(M12-12672) <= ABS(M12-13440),IF(ABS(M12-12672) <= ABS(M12-14208),1,3),IF(ABS(M12-13440) <= ABS(M12-14208),2,3)),12672,13440,14208) -> 14208 | O12: 64 | P12: 1 | Q12: 4 | R12: 1.001616 | T12: 14208 | U12: =CHOOSE(IF(ABS(T12-12672) <= ABS(T12-13440),IF(ABS(T12-12672) <= ABS(T12-14208),1,3),IF(ABS(T12-13440) <= ABS(T12-14208),2,3)),12672,13440,14208) -> 14208 | V12: 64 | W12: 1 | X12: 4 | Y12: 0.786576
A13: 12672 | B13: 64 | C13: 2 | D13: 2 | E13: 1.02662 | G13: 12672 | H13: 64 | I13: 2 | J13: 2 | K13: 0.832782 | M13: 12672 | N13: =CHOOSE(IF(ABS(M13-12672) <= ABS(M13-13440),IF(ABS(M13-12672) <= ABS(M13-14208),1,3),IF(ABS(M13-13440) <= ABS(M13-14208),2,3)),12672,13440,14208) -> 12672 | O13: 64 | P13: 2 | Q13: 2 | R13: 1.02662 | T13: 12672 | U13: =CHOOSE(IF(ABS(T13-12672) <= ABS(T13-13440),IF(ABS(T13-12672) <= ABS(T13-14208),1,3),IF(ABS(T13-13440) <= ABS(T13-14208),2,3)),12672,13440,14208) -> 12672 | V13: 64 | W13: 2 | X13: 2 | Y13: 0.832782
A14: 13440 | B14: 64 | C14: 2 | D14: 2 | E14: 1.03676 | G14: 13440 | H14: 64 | I14: 2 | J14: 2 | K14: 0.839766 | M14: 13440 | N14: =CHOOSE(IF(ABS(M14-12672) <= ABS(M14-13440),IF(ABS(M14-12672) <= ABS(M14-14208),1,3),IF(ABS(M14-13440) <= ABS(M14-14208),2,3)),12672,13440,14208) -> 13440 | O14: 64 | P14: 2 | Q14: 2 | R14: 1.03676 | T14: 13440 | U14: =CHOOSE(IF(ABS(T14-12672) <= ABS(T14-13440),IF(ABS(T14-12672) <= ABS(T14-14208),1,3),IF(ABS(T14-13440) <= ABS(T14-14208),2,3)),12672,13440,14208) -> 13440 | V14: 64 | W14: 2 | X14: 2 | Y14: 0.839766
A15: 14208 | B15: 64 | C15: 2 | D15: 2 | E15: 1.0358 | G15: 14208 | H15: 64 | I15: 2 | J15: 2 | K15: 0.761874 | M15: 14208 | N15: =CHOOSE(IF(ABS(M15-12672) <= ABS(M15-13440),IF(ABS(M15-12672) <= ABS(M15-14208),1,3),IF(ABS(M15-13440) <= ABS(M15-14208),2,3)),12672,13440,14208) -> 14208 | O15: 64 | P15: 2 | Q15: 2 | R15: 1.0358 | T15: 14208 | U15: =CHOOSE(IF(ABS(T15-12672) <= ABS(T15-13440),IF(ABS(T15-12672) <= ABS(T15-14208),1,3),IF(ABS(T15-13440) <= ABS(T15-14208),2,3)),12672,13440,14208) -> 14208 | V15: 64 | W15: 2 | X15: 2 | Y15: 0.761874
A16: 12672 | B16: 96 | C16: 1 | D16: 4 | E16: 0.980566 | G16: 12672 | H16: 96 | I16: 1 | J16: 4 | K16: 0.777368 | M16: 12672 | N16: =CHOOSE(IF(ABS(M16-12672) <= ABS(M16-13440),IF(ABS(M16-12672) <= ABS(M16-14208),1,3),IF(ABS(M16-13440) <= ABS(M16-14208),2,3)),12672,13440,14208) -> 12672 | O16: 96 | P16: 1 | Q16: 4 | R16: 0.980566 | T16: 12672 | U16: =CHOOSE(IF(ABS(T16-12672) <= ABS(T16-13440),IF(ABS(T16-12672) <= ABS(T16-14208),1,3),IF(ABS(T16-13440) <= ABS(T16-14208),2,3)),12672,13440,14208) -> 12672 | V16: 96 | W16: 1 | X16: 4 | Y16: 0.777368
... A51: 14080 | B51: 256 | C51: 2 | D51: 2 | E51: 0.886736 | G51: 14080 | H51: 256 | I51: 2 | J51: 2 | K51: 0.686448 | M51: 14080 | N51: =CHOOSE(IF(ABS(M51-12672) <= ABS(M51-13440),IF(ABS(M51-12672) <= ABS(M51-14208),1,3),IF(ABS(M51-13440) <= ABS(M51-14208),2,3)),12672,13440,14208) -> 14208 | O51: 256 | P51: 2 | Q51: 2 | R51: 0.886736 | T51: 14080 | U51: =CHOOSE(IF(ABS(T51-12672) <= ABS(T51-13440),IF(ABS(T51-12672) <= ABS(T51-14208),1,3),IF(ABS(T51-13440) <= ABS(T51-14208),2,3)),12672,13440,14208) -> 14208 | V51: 256 | W51: 2 | X51: 2 | Y51: 0.686448
A52: 0 | B52: 0 | C52: 0 | D52: 0 | E52: 0 | G52: 0 | H52: 0 | I52: 0 | J52: 0 | K52: 0
A53: 0 | B53: 0 | C53: 0 | D53: 0 | E53: 0 | G53: 0 | H53: 0 | I53: 0 | J53: 0 | K53: 0
A54: 0 | B54: 0 | C54: 0 | D54: 0 | E54: 0 | G54: 0 | H54: 0 | I54: 0 | J54: 0 | K54: 0
A55: 0 | B55: 0 | C55: 0 | D55: 0 | E55: 0 | G55: 0 | H55: 0 | I55: 0 | J55: 0 | K55: 0
A56: 0 | B56: 0 | C56: 0 | D56: 0 | E56: 0 | G56: 0 | H56: 0 | I56: 0 | J56: 0 | K56: 0
A57: 0 | B57: 0 | C57: 0 | D57: 0 | E57: 0 | G57: 0 | H57: 0 | I57: 0 | J57: 0 | K57: 0
A58: 0 | B58: 0 | C58: 0 | D58: 0 | E58: 0 | G58: 0 | H58: 0 | I58: 0 | J58: 0 | K58: 0
A59: 0 | B59: 0 | C59: 0 | D59: 0 | E59: 0 | G59: 0 | H59: 0 | I59: 0 | J59: 0 | K59: 0
A60: 0 | B60: 0 | C60: 0 | D60: 0 | E60: 0 | G60: 0 | H60: 0 | I60: 0 | J60: 0 | K60: 0
A61: 0 | B61: 0 | C61: 0 | D61: 0 | E61: 0 | G61: 0 | H61: 0 | I61: 0 | J61: 0 | K61: 0
A62: 0 | B62: 0 | C62: 0 | D62: 0 | E62: 0 | G62: 0 | H62: 0 | I62: 0 | J62: 0 | K62: 0
A63: 0 | B63: 0 | C63: 0 | D63: 0 | E63: 0 | G63: 0 | H63: 0 | I63: 0 | J63: 0 | K63: 0
... A143: 0 | B143: 0 | C143: 0 | D143: 0 | E143: 0 | G143: 0 | H143: 0 | I143: 0 | J143: 0 | K143: 0
G144: 0 | H144: 0 | I144: 0 | J144: 0 | K144: 0
G145: 0 | H145: 0 | I145: 0 | J145: 0 | K145: 0
G146: 0 | H146: 0 | I146: 0 | J146: 0 | K146: 0
G147: 0 | H147: 0 | I147: 0 | J147: 0 | K147: 0
G148: 0 | H148: 0 | I148: 0 | J148: 0 | K148: 0
G149: 0 | H149: 0 | I149: 0 | J149: 0 | K149: 0
G150: 0 | H150: 0 | I150: 0 | J150: 0 | K150: 0
G151: 0 | H151: 0 | I151: 0 | J151: 0 | K151: 0
G152: 0 | H152: 0 | I152: 0 | J152: 0 | K152: 0
G153: 0 | H153: 0 | I153: 0 | J153: 0 | K153: 0
G154: 0 | H154: 0 | I154: 0 | J154: 0 | K154: 0
G155: 0 | H155: 0 | I155: 0 | J155: 0 | K155: 0
... G308: 0 | H308: 0 | I308: 0 | J308: 0 | K308: 0

Sheet Scalability analysis
A2: N | B2: NB | C2: P | D2: Q | E2: Average GFLOP/s | G2: N | H2: NB | I2: P | J2: Q | K2: Average GFLOP/s | M2: N (rounded) | N2: NB | O2: P | P2: Q | Q2: Average GFLOP/s | S2: N (rounded) | T2: NB | U2: P | V2: Q | W2: Average GFLOP/s | AY2: ATLAS speedup | BA2: OpenBLAS speedup
A3: 14208 | B3: 32 | C3: 1 | D3: 4 | E3: 0.962742 | G3: 14208 | H3: 32 | I3: 1 | J3: 4 | K3: 0.813152 | M3: 7104 | N3: 32 | O3: 1 | P3: 1 | Q3: 0.270842 | S3: 7104 | T3: 32 | U3: 1 | V3: 1 | W3: 0.223478 | Y3: 14208 | Z3: 32 | AA3: 2 | AB3: 2 | AC3: 0.993148 | AE3: 14208 | AF3: 32 | AG3: 2 | AH3: 2 | AI3: 0.834702 | AK3: 7104 | AL3: 32 | AM3: 1 | AN3: 1 | AO3: 0.270842 | AQ3: 7104 | AR3: 32 | AS3: 1 | AT3: 1 | AU3: 0.223478 | AW3: N(beta) | AX3: 32 | AY3: =AC3/AO3 -> 3.6668907 | BA3: =AI3/AU3 -> 3.7350522
A4: 14208 | B4: 64 | C4: 1 | D4: 4 | E4: 1.001616 | G4: 14208 | H4: 64 | I4: 1 | J4: 4 | K4: 0.786576 | M4: 7104 | N4: 64 | O4: 1 | P4: 1 | Q4: 0.286156 | S4: 7104 | T4: 64 | U4: 1 | V4: 1 | W4: 0.2218 | Y4: 14208 | Z4: 64 | AA4: 2 | AB4: 2 | AC4: 1.0358 | AE4: 14208 | AF4: 64 | AG4: 2 | AH4: 2 | AI4: 0.761874 | AK4: 7104 | AL4: 64 | AM4: 1 | AN4: 1 | AO4: 0.286156 | AQ4: 7104 | AR4: 64 | AS4: 1 | AT4: 1 | AU4: 0.2218 | AW4: N(beta) | AX4: 64 | AY4: =AC4/AO4 -> 3.6197039 | BA4: =AI4/AU4 -> 3.4349594
A5: 14208 | B5: 96 | C5: 1 | D5: 4 | E5: 0.985308 | G5: 14208 | H5: 96 | I5: 1 | J5: 4 | K5: 0.736424 | M5: 7104 | N5: 96 | O5: 1 | P5: 1 | Q5: 0.280566 | S5: 7104 | T5: 96 | U5: 1 | V5: 1 | W5: 0.210506 | Y5: 14208 | Z5: 96 | AA5: 2 | AB5: 2 | AC5: 1.008606 | AE5: 14208 | AF5: 96 | AG5: 2 | AH5: 2 | AI5: 0.721396 | AK5: 7104 | AL5: 96 | AM5: 1 | AN5: 1 | AO5: 0.280566 | AQ5: 7104 | AR5: 96 | AS5: 1 | AT5: 1 | AU5: 0.210506 | AW5: N(beta) | AX5: 96 | AY5: =AC5/AO5 -> 3.5948975 | BA5: =AI5/AU5 -> 3.4269617
A6: 14208 | B6: 128 | C6: 1 | D6: 4 | E6: 0.925838 | G6: 14208 | H6: 128 | I6: 1 | J6: 4 | K6: 0.773548 | M6: 7104 | N6: 128 | O6: 1 | P6: 1 | Q6: 0.278644 | S6: 7104 | T6: 128 | U6: 1 | V6: 1 | W6: 0.225836 | Y6: 14208 | Z6: 128 | AA6: 2 | AB6: 2 | AC6: 0.917992 | AE6: 14208 | AF6: 128 | AG6: 2 | AH6: 2 | AI6: 0.780076 | AK6: 7104 | AL6: 128 | AM6: 1 | AN6: 1 | AO6: 0.278644 | AQ6: 7104 | AR6: 128 | AS6: 1 | AT6: 1 | AU6: 0.225836 | AW6: N(beta) | AX6: 128 | AY6: =AC6/AO6 -> 3.2944976 | BA6: =AI6/AU6 -> 3.4541703
A7: 14208 | B7: 160 | C7: 1 | D7: 4 | E7: 0.945002 | G7: 14208 | H7: 160 | I7: 1 | J7: 4 | K7: 0.773024 | M7: 7104 | N7: 160 | O7: 1 | P7: 1 | Q7: 0.27714 | S7: 7104 | T7: 160 | U7: 1 | V7: 1 | W7: 0.212746 | Y7: 14208 | Z7: 160 | AA7: 2 | AB7: 2 | AC7: 0.974948 | AE7: 14208 | AF7: 160 | AG7: 2 | AH7: 2 | AI7: 0.76231 | AK7: 7104 | AL7: 160 | AM7: 1 | AN7: 1 | AO7: 0.27714 | AQ7: 7104 | AR7: 160 | AS7: 1 | AT7: 1 | AU7: 0.212746 | AW7: N(beta) | AX7: 160 | AY7: =AC7/AO7 -> 3.5178899 | BA7: =AI7/AU7 -> 3.5831931
A8: 14208 | B8: 192 | C8: 1 | D8: 4 | E8: 0.842656 | G8: 14208 | H8: 192 | I8: 1 | J8: 4 | K8: 0.602158 | M8: 7104 | N8: 192 | O8: 1 | P8: 1 | Q8: 0.28439 | S8: 7104 | T8: 192 | U8: 1 | V8: 1 | W8: 0.202414 | Y8: 14208 | Z8: 192 | AA8: 2 | AB8: 2 | AC8: 0.98683 | AE8: 14208 | AF8: 192 | AG8: 2 | AH8: 2 | AI8: 0.68303 | AK8: 7104 | AL8: 192 | AM8: 1 | AN8: 1 | AO8: 0.28439 | AQ8: 7104 | AR8: 192 | AS8: 1 | AT8: 1 | AU8: 0.202414 | AW8: N(beta) | AX8: 192 | AY8: =AC8/AO8 -> 3.4699884 | BA8: =AI8/AU8 -> 3.3744207
A9: 14208 | B9: 224 | C9: 1 | D9: 4 | E9: 0.849826 | G9: 14208 | H9: 224 | I9: 1 | J9: 4 | K9: 0.63896 | M9: 7104 | N9: 224 | O9: 1 | P9: 1 | Q9: 0.281028 | S9: 7104 | T9: 224 | U9: 1 | V9: 1 | W9: 0.205768 | Y9: 14208 | Z9: 224 | AA9: 2 | AB9: 2 | AC9: 0.896176 | AE9: 14208 | AF9: 224 | AG9: 2 | AH9: 2 | AI9: 0.671222 | AK9: 7104 | AL9: 224 | AM9: 1 | AN9: 1 | AO9: 0.281028 | AQ9: 7104 | AR9: 224 | AS9: 1 | AT9: 1 | AU9: 0.205768 | AW9: N(beta) | AX9: 224 | AY9: =AC9/AO9 -> 3.1889207 | BA9: =AI9/AU9 -> 3.262033
A10: 14208 | B10: 256 | C10: 1 | D10: 4 | E10: 0.816554 | G10: 14208 | H10: 256 | I10: 1 | J10: 4 | K10: 0.636566 | M10: 6720 | N10: 32 | O10: 1 | P10: 1 | Q10: 0.27124 | S10: 6720 | T10: 32 | U10: 1 | V10: 1 | W10: 0.22624 | Y10: 14208 | Z10: 256 | AA10: 2 | AB10: 2 | AC10: 0.886736 | AE10: 14208 | AF10: 256 | AG10: 2 | AH10: 2 | AI10: 0.686448 | AK10: 6720 | AL10: 32 | AM10: 1 | AN10: 1 | AO10: 0.27124 | AQ10: 6720 | AR10: 32 | AS10: 1 | AT10: 1 | AU10: 0.22624 | AW10: N(beta) | AX10: 256 | AY10: =AC10/AO10 -> 3.2691933 | BA10: =AI10/AU10 -> 3.0341584
A11: 13440 | B11: 32 | C11: 1 | D11: 4 | E11: 0.962258 | G11: 13440 | H11: 32 | I11: 1 | J11: 4 | K11: 0.80911 | M11: 6720 | N11: 64 | O11: 1 | P11: 1 | Q11: 0.286854 | S11: 6720 | T11: 64 | U11: 1 | V11: 1 | W11: 0.229676 | Y11: 13440 | Z11: 32 | AA11: 2 | AB11: 2 | AC11: 0.988362 | AE11: 13440 | AF11: 32 | AG11: 2 | AH11: 2 | AI11: 0.834166 | AK11: 6720 | AL11: 64 | AM11: 1 | AN11: 1 | AO11: 0.286854 | AQ11: 6720 | AR11: 64 | AS11: 1 | AT11: 1 | AU11: 0.229676 | AW11: N(mid) | AX11: 32 | AY11: =AC11/AO11 -> 3.4455228 | BA11: =AI11/AU11 -> 3.631925
A12: 13440 | B12: 64 | C12: 1 | D12: 4 | E12: 1.00586 | G12: 13440 | H12: 64 | I12: 1 | J12: 4 | K12: 0.812224 | M12: 6720 | N12: 96 | O12: 1 | P12: 1 | Q12: 0.28115 | S12: 6720 | T12: 96 | U12: 1 | V12: 1 | W12: 0.222258 | Y12: 13440 | Z12: 64 | AA12: 2 | AB12: 2 | AC12: 1.03676 | AE12: 13440 | AF12: 64 | AG12: 2 | AH12: 2 | AI12: 0.839766 | AK12: 6720 | AL12: 96 | AM12: 1 | AN12: 1 | AO12: 0.28115 | AQ12: 6720 | AR12: 96 | AS12: 1 | AT12: 1 | AU12: 0.222258 | AW12: N(mid) | AX12: 64 | AY12: =AC12/AO12 -> 3.6875689 | BA12: =AI12/AU12 -> 3.7783387
A13: 13440 | B13: 96 | C13: 1 | D13: 4 | E13: 0.989744 | G13: 13440 | H13: 96 | I13: 1 | J13: 4 | K13: 0.778278 | M13: 6720 | N13: 128 | O13: 1 | P13: 1 | Q13: 0.262756 | S13: 6720 | T13: 128 | U13: 1 | V13: 1 | W13: 0.219484 | Y13: 13440 | Z13: 96 | AA13: 2 | AB13: 2 | AC13: 1.01134 | AE13: 13440 | AF13: 96 | AG13: 2 | AH13: 2 | AI13: 0.786474 | AK13: 6720 | AL13: 128 | AM13: 1 | AN13: 1 | AO13: 0.262756 | AQ13: 6720 | AR13: 128 | AS13: 1 | AT13: 1 | AU13: 0.219484 | AW13: N(mid) | AX13: 96 | AY13: =AC13/AO13 -> 3.8489701 | BA13: =AI13/AU13 -> 3.5832863
A14: 13440 | B14: 128 | C14: 1 | D14: 4 | E14: 0.990788 | G14: 13440 | H14: 128 | I14: 1 | J14: 4 | K14: 0.799176 | M14: 6720 | N14: 160 | O14: 1 | P14: 1 | Q14: 0.282192 | S14: 6720 | T14: 160 | U14: 1 | V14: 1 | W14: 0.224642 | Y14: 13440 | Z14: 128 | AA14: 2 | AB14: 2 | AC14: 0.954674 | AE14: 13440 | AF14: 128 | AG14: 2 | AH14: 2 | AI14: 0.796898 | AK14: 6720 | AL14: 160 | AM14: 1 | AN14: 1 | AO14: 0.282192 | AQ14: 6720 | AR14: 160 | AS14: 1 | AT14: 1 | AU14: 0.224642 | AW14: N(mid) | AX14: 128 | AY14: =AC14/AO14 -> 3.3830654 | BA14: =AI14/AU14 -> 3.5474132
... A26: 12672 | B26: 256 | C26: 1 | D26: 4 | E26: 0.927838 | G26: 12672 | H26: 256 | I26: 1 | J26: 4 | K26: 0.726122 | M26: 6336 | N26: 256 | O26: 1 | P26: 1 | Q26: 0.253356 | S26: 6336 | T26: 256 | U26: 1 | V26: 1 | W26: 0.208158 | Y26: 12672 | Z26: 256 | AA26: 2 | AB26: 2 | AC26: 0.904036 | AE26: 12672 | AF26: 256 | AG26: 2 | AH26: 2 | AI26: 0.7193 | AK26: 6336 | AL26: 256 | AM26: 1 | AN26: 1 | AO26: 0.253356 | AQ26: 6336 | AR26: 256 | AS26: 1 | AT26: 1 | AU26: 0.208158 | AW26: N(alpha) | AX26: 256 | AY26: =AC26/AO26 -> 3.5682439 | BA26: =AI26/AU26 -> 3.4555482
A27: 14208 | B27: 32 | C27: 2 | D27: 2 | E27: 0.993148 | G27: 14208 | H27: 32 | I27: 2 | J27: 2 | K27: 0.834702
A28: 14208 | B28: 64 | C28: 2 | D28: 2 | E28: 1.0358 | G28: 14208 | H28: 64 | I28: 2 | J28: 2 | K28: 0.761874
A29: 14208 | B29: 96 | C29: 2 | D29: 2 | E29: 1.008606 | G29: 14208 | H29: 96 | I29: 2 | J29: 2 | K29: 0.721396
A30: 14208 | B30: 128 | C30: 2 | D30: 2 | E30: 0.917992 | G30: 14208 | H30: 128 | I30: 2 | J30: 2 | K30: 0.780076
A31: 14208 | B31: 160 | C31: 2 | D31: 2 | E31: 0.974948 | G31: 14208 | H31: 160 | I31: 2 | J31: 2 | K31: 0.76231
A32: 14208 | B32: 192 | C32: 2 | D32: 2 | E32: 0.98683 | G32: 14208 | H32: 192 | I32: 2 | J32: 2 | K32: 0.68303
A33: 14208 | B33: 224 | C33: 2 | D33: 2 | E33: 0.896176 | G33: 14208 | H33: 224 | I33: 2 | J33: 2 | K33: 0.671222
A34: 14208 | B34: 256 | C34: 2 | D34: 2 | E34: 0.886736 | G34: 14208 | H34: 256 | I34: 2 | J34: 2 | K34: 0.686448
A35: 13440 | B35: 32 | C35: 2 | D35: 2 | E35: 0.988362 | G35: 13440 | H35: 32 | I35: 2 | J35: 2 | K35: 0.834166
A36: 13440 | B36: 64 | C36: 2 | D36: 2 | E36: 1.03676 | G36: 13440 | H36: 64 | I36: 2 | J36: 2 | K36: 0.839766
A37: 13440 | B37: 96 | C37: 2 | D37: 2 | E37: 1.01134 | G37: 13440 | H37: 96 | I37: 2 | J37: 2 | K37: 0.786474
A38: 13440 | B38: 128 | C38: 2 | D38: 2 | E38: 0.954674 | G38: 13440 | H38: 128 | I38: 2 | J38: 2 | K38: 0.796898
... A50: 12672 | B50: 256 | C50: 2 | D50: 2 | E50: 0.904036 | G50: 12672 | H50: 256 | I50: 2 | J50: 2 | K50: 0.7193
