Workbook

Sheet Arch details
A1: SBC | B1: Cores | C1: march | D1: mcpu | E1: mtune | F1: fpu | G1: mfloat-abi | J1: ostalo | K1: ostalo (Thumb)
A2: Rpi 1B | C2: armv6 | D2: arm1176jzf-s | E2: arm1176jzf-s | F2: vfpv2 (alias is vfp) | G2: hard | K2: Thumb | L2: 16KB L1 and no L2
A3: Cubieboard2 | C3: armv7-a | D3: cortex-a7 | E3: cortex-a7 | F3: neon-vfpv4 | G3: hard | J3: -funsafe-math-optimizations | K3: Thumb-2
A4: OdroidU3 | C4: armv7-a | D4: cortex-a9 | E4: cortex-a9 | F4: neon-vfpv3 (alias is neon) | G4: hard | J4: -funsafe-math-optimizations | K4: Thumb or Thumb-2 | L4: 1MB L2 cache total? From paper…
A5: OdroidMC1 | B5: LITTLE | C5: armv7-a | D5: cortex-a7 | E5: cortex-a7 | F5: neon-vfpv4 | G5: hard | J5: -funsafe-math-optimizations | K5: Thumb-2 | L5: 2 sockets, 2,5MB L2 cache per socket
B6: Big | C6: armv7-a | D6: cortex-a15 | E6: cortex-a15 | F6: neon-vfpv4 | G6: hard | J6: -funsafe-math-optimizations | K6: Thumb-2
A12: HPL Runs (fixed parameters) | C12: Number of nodes | D12: Node | E12: Total memory of a node (kB) | F12: N, alpha | G12: N, alpha (NB round) | H12: N, beta | I12: N, beta (NB round) | J12: NB | K12: P | L12: Q | M12: Ns difference | N12: Half of the Ns difference | O12: N1 | P12: N2 | Q12: N3
A13: Number of nodes | B13: 4 | C13: 1 | D13: Raspberry Pi 4 B | E13: 3937528 | F13: =$B$14*SQRT(($C13*$E13*1024)/8) -> 17960.019 | G13: =_xlfn.CEILING.MATH(F13/J13)*J13 -> 17984 | H13: =SQRT($B$14*($C13*$E13*1024)/8) -> 20079.912 | I13: =_xlfn.CEILING.MATH(H13/J13)*J13 -> 20096 | J13: 64 | K13: 2 | L13: 2 | M13: =I13-G13 -> 2112 | N13: =M13/2 -> 1056 | O13: =G13 -> 17984 | P13: =_xlfn.CEILING.MATH((O13+N13)/J13)*J13 -> 19072 | Q13: =_xlfn.CEILING.MATH((P13+N13)/J13)*J13 -> 20160
A14: Percentage of mem | B14: 0.8 | C14: 4 | D14: Raspberry Pi 4 B | E14: 3937528 | F14: =$B$14*SQRT(($B$13*$E14*1024)/8) -> 35920.039 | G14: =_xlfn.CEILING.MATH(F14/J14)*J14 -> 36000 | H14: =SQRT($B$14*($B$13*$E14*1024)/8) -> 40159.824 | I14: =_xlfn.CEILING.MATH(H14/J14)*J14 -> 40160 | J14: 160 | K14: 2 | L14: 8 | M14: =I14-G14 -> 4160 | N14: =M14/2 -> 2080 | O14: =G14 -> 36000 | P14: =_xlfn.CEILING.MATH((O14+N14)/J14)*J14 -> 38080 | Q14: =_xlfn.CEILING.MATH((P14+N14)/J14)*J14 -> 40160

Sheet ATLAS builds
A1: Raspberry Pi 4B | C1: Repetitive flags | D1: 32/64 build (or none) | E1: Other ATLAS config flags | F1: Compiler flag addendum type | G1: Compiler flags used for building | H1: All flags | J1: Flags used for flagsearching - mandatory | K1: Flags used for flagsearching - optional | L1: Machine originally built on | M1: Needs flagsearching | N1: Flagsearched (d) | O1: Flagsearched (s) No need! HPL uses only double precision! See ATLAS install manual | P1: Flagsearched (Td) | Q1: Kernel | S1: NOTE | U1: TODO
A2: 1 | B2: atlarch | C2: -D c -DWALL | D2: -b 64 | E2: -A ARM64xgene1 | H2: =_xlfn.TEXTJOIN(" ", TRUE, C2, D2, E2, F2, G2) -> -D c -DWALL -b 64 -A ARM64xgene1 | I2: =VLOOKUP(B2,'HPL 4 nodes, builds'!$A$4:$Y$183,25,FALSE) -> 37.7186 | J2: -march=native -mtune=native -mcpu=native -march=armv8-a+crc -mtune=cortex-a72 -mcpu=cortex-a72 -mabi=lp64 | S2: https://gist.github.com/fm4dd/c663217935dc17f0fc73c9c81b0aa845 | U2: In progress
A3: 2 | B3: atlarch-tune | C3: -D c -DWALL | D3: -b 64 | E3: -A ARM64xgene1 | F3: -Fa alg | G3: -march=native -mtune=native -mcpu=native -mabi=lp64 | H3: =_xlfn.TEXTJOIN(" ", TRUE, C3, D3, E3, F3, G3) -> -D c -DWALL -b 64 -A ARM64xgene1 -Fa alg -march=native -mtune=native -mcpu=native -mabi=lp64 | I3: =VLOOKUP(B3,'HPL 4 nodes, builds'!$A$4:$Y$183,25,FALSE) -> 37.8688 | U3: Freshly finished
A4: 3 | B4: arch-tune | C4: -D c -DWALL | D4: -b 64 | F4: -Fa alg | G4: -march=native -mtune=native -mcpu=native -mabi=lp64 | H4: =_xlfn.TEXTJOIN(" ", TRUE, C4, D4, E4, F4, G4) -> -D c -DWALL -b 64 -Fa alg -march=native -mtune=native -mcpu=native -mabi=lp64 | I4: =VLOOKUP(B4,'HPL 4 nodes, builds'!$A$4:$Y$183,25,FALSE) -> 37.5448 | U4: Done
A5: 4 | B5: atlarch-tune-spec-crc | C5: -D c -DWALL | D5: -b 64 | E5: -A ARM64xgene1 | F5: -Fa alg | G5: -march=armv8-a+crc -mtune=cortex-a72 -mcpu=cortex-a72 -mabi=lp64 | H5: =_xlfn.TEXTJOIN(" ", TRUE, C5, D5, E5, F5, G5) -> -D c -DWALL -b 64 -A ARM64xgene1 -Fa alg -march=armv8-a+crc -mtune=cortex-a72 -mcpu=cortex-a72 -mabi=lp64 | I5: =VLOOKUP(B5,'HPL 4 nodes, builds'!$A$4:$Y$183,25,FALSE) -> 37.7226 | U5: TODO with the same settings!
A6: 5 | B6: atlarch-tune-spec | C6: -D c -DWALL | D6: -b 64 | E6: -A ARM64xgene1 | F6: -Fa alg | G6: -march=armv8-a -mtune=cortex-a72 -mcpu=cortex-a72 -mabi=lp64 | H6: =_xlfn.TEXTJOIN(" ", TRUE, C6, D6, E6, F6, G6) -> -D c -DWALL -b 64 -A ARM64xgene1 -Fa alg -march=armv8-a -mtune=cortex-a72 -mcpu=cortex-a72 -mabi=lp64 | I6: =VLOOKUP(B6,'HPL 4 nodes, builds'!$A$4:$Y$183,25,FALSE) -> 37.8396
A7: 6 | B7: cpu | C7: -D c -DWALL | D7: -b 64 | F7: -Fa alg | G7: -mcpu=cortex-a72 -mabi=lp64 | H7: =_xlfn.TEXTJOIN(" ", TRUE, C7, D7, E7, F7, G7) -> -D c -DWALL -b 64 -Fa alg -mcpu=cortex-a72 -mabi=lp64 | I7: =VLOOKUP(B7,'HPL 4 nodes, builds'!$A$4:$Y$183,25,FALSE) -> 37.4826
A8: 7 | B8: cpu-tune | C8: -D c -DWALL | D8: -b 64 | F8: -Fa alg | G8: -mcpu=cortex-a72 -mtune=cortex-a72 -mabi=lp64 | H8: =_xlfn.TEXTJOIN(" ", TRUE, C8, D8, E8, F8, G8) -> -D c -DWALL -b 64 -Fa alg -mcpu=cortex-a72 -mtune=cortex-a72 -mabi=lp64 | I8: =VLOOKUP(B8,'HPL 4 nodes, builds'!$A$4:$Y$183,25,FALSE) -> 37.751
A9: 8 | B9: atlarch-cpu | C9: -D c -DWALL | D9: -b 64 | E9: -A ARM64xgene1 | F9: -Fa alg | G9: -mcpu=cortex-a72 -mabi=lp64 | H9: =_xlfn.TEXTJOIN(" ", TRUE, C9, D9, E9, F9, G9) -> -D c -DWALL -b 64 -A ARM64xgene1 -Fa alg -mcpu=cortex-a72 -mabi=lp64 | I9: =VLOOKUP(B9,'HPL 4 nodes, builds'!$A$4:$Y$183,25,FALSE) -> 36.8264
A10: 9 | B10: atlarch-cpu-tune | C10: -D c -DWALL | D10: -b 64 | E10: -A ARM64xgene1 | F10: -Fa alg | G10: -mcpu=cortex-a72 -mtune=cortex-a72 -mabi=lp64 | H10: =_xlfn.TEXTJOIN(" ", TRUE, C10, D10, E10, F10, G10) -> -D c -DWALL -b 64 -A ARM64xgene1 -Fa alg -mcpu=cortex-a72 -mtune=cortex-a72 -mabi=lp64 | I10: =VLOOKUP(B10,'HPL 4 nodes, builds'!$A$4:$Y$183,25,FALSE) -> 38.0274
A11: 10 | B11: atlarch-tune-overr | C11: -D c -DWALL | D11: -b 64 | E11: -A ARM64xgene1 | F11: -F alg | G11: -march=native -mtune=native -mcpu=native -mabi=lp64 | H11: =_xlfn.TEXTJOIN(" ", TRUE, C11, D11, E11, F11, G11) -> -D c -DWALL -b 64 -A ARM64xgene1 -F alg -march=native -mtune=native -mcpu=native -mabi=lp64 | I11: =VLOOKUP(B11,'HPL 4 nodes, builds'!$A$4:$Y$183,25,FALSE) -> 26.0796
A12: 11 | B12: arch-tune-overr | C12: -D c -DWALL | D12: -b 64 | F12: -Fa alg | G12: -march=native -mtune=native -mcpu=native -mabi=lp64 | H12: =_xlfn.TEXTJOIN(" ", TRUE, C12, D12, E12, F12, G12) -> -D c -DWALL -b 64 -Fa alg -march=native -mtune=native -mcpu=native -mabi=lp64 | I12: =VLOOKUP(B12,'HPL 4 nodes, builds'!$A$4:$Y$183,25,FALSE) -> 27.4566
A13: 12 | B13: atlarch-tune-spec-crc-overr | C13: -D c -DWALL | D13: -b 64 | E13: -A ARM64xgene1 | F13: -F alg | G13: -march=armv8-a+crc -mtune=cortex-a72 -mcpu=cortex-a72 -mabi=lp64 | H13: =_xlfn.TEXTJOIN(" ", TRUE, C13, D13, E13, F13, G13) -> -D c -DWALL -b 64 -A ARM64xgene1 -F alg -march=armv8-a+crc -mtune=cortex-a72 -mcpu=cortex-a72 -mabi=lp64 | I13: =VLOOKUP(B13,'HPL 4 nodes, builds'!$A$4:$Y$183,25,FALSE) -> 27.7634
A14: 13 | B14: atlarch-tune-spec-overr | C14: -D c -DWALL | D14: -b 64 | E14: -A ARM64xgene1 | F14: -F alg | G14: -march=armv8-a -mtune=cortex-a72 -mcpu=cortex-a72 -mabi=lp64 | H14: =_xlfn.TEXTJOIN(" ", TRUE, C14, D14, E14, F14, G14) -> -D c -DWALL -b 64 -A ARM64xgene1 -F alg -march=armv8-a -mtune=cortex-a72 -mcpu=cortex-a72 -mabi=lp64 | I14: =VLOOKUP(B14,'HPL 4 nodes, builds'!$A$4:$Y$183,25,FALSE) -> 27.267
A15: 14 | B15: cpu-overr | C15: -D c -DWALL | D15: -b 64 | F15: -F alg | G15: -mcpu=cortex-a72 -mabi=lp64 | H15: =_xlfn.TEXTJOIN(" ", TRUE, C15, D15, E15, F15, G15) -> -D c -DWALL -b 64 -F alg -mcpu=cortex-a72 -mabi=lp64 | I15: =VLOOKUP(B15,'HPL 4 nodes, builds'!$A$4:$Y$183,25,FALSE) -> 27.8834
A16: 15 | B16: cpu-tune-overr | C16: -D c -DWALL | D16: -b 64 | F16: -F alg | G16: -mcpu=cortex-a72 -mtune=cortex-a72 -mabi=lp64 | H16: =_xlfn.TEXTJOIN(" ", TRUE, C16, D16, E16, F16, G16) -> -D c -DWALL -b 64 -F alg -mcpu=cortex-a72 -mtune=cortex-a72 -mabi=lp64 | I16: =VLOOKUP(B16,'HPL 4 nodes, builds'!$A$4:$Y$183,25,FALSE) -> 27.9334
A17: 16 | B17: atlarch-cpu-overr | C17: -D c -DWALL | D17: -b 64 | E17: -A ARM64xgene1 | F17: -F alg | G17: -mcpu=cortex-a72 -mabi=lp64 | H17: =_xlfn.TEXTJOIN(" ", TRUE, C17, D17, E17, F17, G17) -> -D c -DWALL -b 64 -A ARM64xgene1 -F alg -mcpu=cortex-a72 -mabi=lp64 | I17: =VLOOKUP(B17,'HPL 4 nodes, builds'!$A$4:$Y$183,25,FALSE) -> 27.9388
A18: 17 | B18: atlarch-cpu-tune-overr | C18: -D c -DWALL | D18: -b 64 | E18: -A ARM64xgene1 | F18: -F alg | G18: -mcpu=cortex-a72 -mtune=cortex-a72 -mabi=lp64 | H18: =_xlfn.TEXTJOIN(" ", TRUE, C18, D18, E18, F18, G18) -> -D c -DWALL -b 64 -A ARM64xgene1 -F alg -mcpu=cortex-a72 -mtune=cortex-a72 -mabi=lp64 | I18: =VLOOKUP(B18,'HPL 4 nodes, builds'!$A$4:$Y$183,25,FALSE) -> 27.6152
A19: 18 | B19: generic | C19: -D c -DWALL | E19: -Si archdef 1 | H19: =_xlfn.TEXTJOIN(" ", TRUE, C19, D19, E19, F19, G19) -> -D c -DWALL -Si archdef 1 | I19: =VLOOKUP(B19,'HPL 4 nodes, builds'!$A$4:$Y$183,25,FALSE) -> 36.6642
A20: 19 | B20: noarch | C20: -D c -DWALL | E20: -Si archdef 0 | H20: =_xlfn.TEXTJOIN(" ", TRUE, C20, D20, E20, F20, G20) -> -D c -DWALL -Si archdef 0 | I20: =VLOOKUP(B20,'HPL 4 nodes, builds'!$A$4:$Y$183,25,FALSE) -> #N/A
A21: 20 | B21: atlarch-flags | C21: -D c -DWALL | D21: -b 64 | F21: -Fa alg | G21: -O1 -pipe -fschedule-insns2 | H21: =_xlfn.TEXTJOIN(" ", TRUE, C21, D21, E21, F21, G21) -> -D c -DWALL -b 64 -Fa alg -O1 -pipe -fschedule-insns2 | I21: =VLOOKUP(B21,'HPL 4 nodes, builds'!$A$4:$Y$183,25,FALSE) -> 38.1116 | K21: 243761
A22: 21 | B22: atlarch-tune-flags | C22: -D c -DWALL | D22: -b 64 | F22: -Fa alg | G22: -O1 -pipe -fno-schedule-insns -fno-expensive-optimizations -fschedule-insns2 | H22: =_xlfn.TEXTJOIN(" ", TRUE, C22, D22, E22, F22, G22) -> -D c -DWALL -b 64 -Fa alg -O1 -pipe -fno-schedule-insns -fno-expensive-optimizations -fschedule-insns2 | I22: =VLOOKUP(B22,'HPL 4 nodes, builds'!$A$4:$Y$183,25,FALSE) -> 38.2788 | K22: 231860
A23: 22 | B23: arch-tune-flags | C23: -D c -DWALL | D23: -b 64 | F23: -Fa alg | G23: -Os -pipe -funroll-all-loops | H23: =_xlfn.TEXTJOIN(" ", TRUE, C23, D23, E23, F23, G23) -> -D c -DWALL -b 64 -Fa alg -Os -pipe -funroll-all-loops | I23: =VLOOKUP(B23,'HPL 4 nodes, builds'!$A$4:$Y$183,25,FALSE) -> 38.0034 | K23: 217447
A24: 23 | B24: atlarch-tune-spec-crc-flags | C24: -D c -DWALL | D24: -b 64 | F24: -Fa alg | G24: -Os -pipe -fschedule-insns2 -mtune=native -fexpensive-optimizations | H24: =_xlfn.TEXTJOIN(" ", TRUE, C24, D24, E24, F24, G24) -> -D c -DWALL -b 64 -Fa alg -Os -pipe -fschedule-insns2 -mtune=native -fexpensive-optimizations | I24: =VLOOKUP(B24,'HPL 4 nodes, builds'!$A$4:$Y$183,25,FALSE) -> 39.1944 | K24: 249047
A25: 24 | B25: atlarch-tune-spec-flags | C25: -D c -DWALL | D25: -b 64 | F25: -Fa alg | G25: -O1 -pipe -fno-schedule-insns -fno-expensive-optimizations -fschedule-insns2 | H25: =_xlfn.TEXTJOIN(" ", TRUE, C25, D25, E25, F25, G25) -> -D c -DWALL -b 64 -Fa alg -O1 -pipe -fno-schedule-insns -fno-expensive-optimizations -fschedule-insns2 | I25: =VLOOKUP(B25,'HPL 4 nodes, builds'!$A$4:$Y$183,25,FALSE) -> 37.389 | K25: 232195
A26: 25 | B26: cpu-flags | C26: -D c -DWALL | D26: -b 64 | F26: -Fa alg | G26: -Os -pipe -fschedule-insns2 -mtune=native -frename-registers | H26: =_xlfn.TEXTJOIN(" ", TRUE, C26, D26, E26, F26, G26) -> -D c -DWALL -b 64 -Fa alg -Os -pipe -fschedule-insns2 -mtune=native -frename-registers | I26: =VLOOKUP(B26,'HPL 4 nodes, builds'!$A$4:$Y$183,25,FALSE) -> 39.1934 | K26: 250512
A27: 26 | B27: cpu-tune-flags | C27: -D c -DWALL | D27: -b 64 | F27: -Fa alg | G27: -Os -pipe -fno-expensive-optimizations | H27: =_xlfn.TEXTJOIN(" ", TRUE, C27, D27, E27, F27, G27) -> -D c -DWALL -b 64 -Fa alg -Os -pipe -fno-expensive-optimizations | I27: =VLOOKUP(B27,'HPL 4 nodes, builds'!$A$4:$Y$183,25,FALSE) -> 38.2004 | K27: 251713
A28: 27 | B28: atlarch-cpu-flags | C28: -D c -DWALL | D28: -b 64 | F28: -Fa alg | G28: -O1 -pipe -fschedule-insns2 | H28: =_xlfn.TEXTJOIN(" ", TRUE, C28, D28, E28, F28, G28) -> -D c -DWALL -b 64 -Fa alg -O1 -pipe -fschedule-insns2 | I28: =VLOOKUP(B28,'HPL 4 nodes, builds'!$A$4:$Y$183,25,FALSE) -> 38.2768 | K28: 245070
A29: 28 | B29: atlarch-cpu-tune-flags | C29: -D c -DWALL | D29: -b 64 | F29: -Fa alg | G29: -O1 -pipe -fno-schedule-insns -fschedule-insns2 -fno-tree-ter | H29: =_xlfn.TEXTJOIN(" ", TRUE, C29, D29, E29, F29, G29) -> -D c -DWALL -b 64 -Fa alg -O1 -pipe -fno-schedule-insns -fschedule-insns2 -fno-tree-ter | I29: =VLOOKUP(B29,'HPL 4 nodes, builds'!$A$4:$Y$183,25,FALSE) -> 38.341 | K29: 245968
A30: 29 | B30: atlarch-tune-overr-flags | C30: -D c -DWALL | D30: -b 64 | F30: -Fa alg | G30: -O1 -pipe -fschedule-insns2 | H30: =_xlfn.TEXTJOIN(" ", TRUE, C30, D30, E30, F30, G30) -> -D c -DWALL -b 64 -Fa alg -O1 -pipe -fschedule-insns2 | I30: =VLOOKUP(B30,'HPL 4 nodes, builds'!$A$4:$Y$183,25,FALSE) -> 38.3944 | K30: 229366
A31: 30 | B31: arch-tune-overr-flags | C31: -D c -DWALL | D31: -b 64 | F31: -Fa alg | G31: -Os -pipe -fschedule-insns2 -mtune=native -fno-tree-ter | H31: =_xlfn.TEXTJOIN(" ", TRUE, C31, D31, E31, F31, G31) -> -D c -DWALL -b 64 -Fa alg -Os -pipe -fschedule-insns2 -mtune=native -fno-tree-ter | I31: =VLOOKUP(B31,'HPL 4 nodes, builds'!$A$4:$Y$183,25,FALSE) -> 39.0966 | K31: 246153
A32: 31 | B32: atlarch-tune-spec-crc-overr-flags | C32: -D c -DWALL | D32: -b 64 | F32: -Fa alg | G32: -O1 -pipe -fschedule-insns2 | H32: =_xlfn.TEXTJOIN(" ", TRUE, C32, D32, E32, F32, G32) -> -D c -DWALL -b 64 -Fa alg -O1 -pipe -fschedule-insns2 | I32: =VLOOKUP(B32,'HPL 4 nodes, builds'!$A$4:$Y$183,25,FALSE) -> 37.8516 | K32: 231666
... A38: 37 | B38: generic-flags | C38: -D c -DWALL | D38: -b 64 | F38: -Fa alg | G38: -Os -pipe -fschedule-insns2 -mtune=native | H38: =_xlfn.TEXTJOIN(" ", TRUE, C38, D38, E38, F38, G38) -> -D c -DWALL -b 64 -Fa alg -Os -pipe -fschedule-insns2 -mtune=native | I38: =VLOOKUP(B38,'HPL 4 nodes, builds'!$A$4:$Y$183,25,FALSE) -> 39.423 | K38: 253163
A43: Raspberry Pi 4B | C43: Other ATLAS config flags | E43: Compiler flags used for building
A44: 1 | B44: atlarch | C44: -A ARM64xgene1 | E44: N/A | F44: 37.7186
A45: 19 | B45: noarch | C45: -Si archdef 0 | E45: N/A | F45: #N/A
A46: 18 | B46: generic | C46: -Si archdef 1 | E46: N/A | F46: #N/A
A47: 17 | B47: atlarch-cpu-tune-overr | C47: -A ARM64xgene1 | D47: (override) | E47: -mcpu=cortex-a72 -mtune=cortex-a72 -mabi=lp64 | F47: #N/A
A48: 9 | B48: atlarch-cpu-tune | C48: -A ARM64xgene1 | E48: -mcpu=cortex-a72 -mtune=cortex-a72 -mabi=lp64 | F48: 38.0274
A49: 15 | B49: cpu-tune-overr | C49: N/A | D49: (override) | E49: -mcpu=cortex-a72 -mtune=cortex-a72 -mabi=lp64 | F49: #N/A
A50: 7 | B50: cpu-tune | C50: N/A | E50: -mcpu=cortex-a72 -mtune=cortex-a72 -mabi=lp64 | F50: 37.751
A51: 16 | B51: atlarch-cpu-overr | C51: -A ARM64xgene1 | D51: (override) | E51: -mcpu=cortex-a72 -mabi=lp64 | F51: #N/A
A52: 8 | B52: atlarch-cpu | C52: -A ARM64xgene1 | E52: -mcpu=cortex-a72 -mabi=lp64 | F52: 36.8264
A53: 14 | B53: cpu-overr | C53: N/A | D53: (override) | E53: -mcpu=cortex-a72 -mabi=lp64 | F53: #N/A
A54: 6 | B54: cpu | C54: N/A | E54: -mcpu=cortex-a72 -mabi=lp64 | F54: 37.4826
A55: 2 | B55: atlarch-tune | C55: -A ARM64xgene1 | E55: -march=native -mtune=native -mcpu=native -mabi=lp64 | F55: 37.8688
A56: 10 | B56: atlarch-tune-overr | C56: -A ARM64xgene1 | D56: (override) | E56: -march=native -mtune=native -mcpu=native -mabi=lp64 | F56: 26.0796
A57: 3 | B57: arch-tune | C57: N/A | E57: -march=native -mtune=native -mcpu=native -mabi=lp64 | F57: 37.5448
A58: 11 | B58: arch-tune-overr | C58: N/A | D58: (override) | E58: -march=native -mtune=native -mcpu=native -mabi=lp64 | F58: 27.4566
A59: 4 | B59: atlarch-tune-spec-crc | C59: -A ARM64xgene1 | E59: -march=armv8-a+crc -mtune=cortex-a72 -mcpu=cortex-a72 -mabi=lp64 | F59: 37.7226
A60: 12 | B60: atlarch-tune-spec-crc-overr | C60: -A ARM64xgene1 | D60: (override) | E60: -march=armv8-a+crc -mtune=cortex-a72 -mcpu=cortex-a72 -mabi=lp64 | F60: 27.7634
A61: 5 | B61: atlarch-tune-spec | C61: -A ARM64xgene1 | E61: -march=armv8-a -mtune=cortex-a72 -mcpu=cortex-a72 -mabi=lp64 | F61: 37.8396
A62: 13 | B62: atlarch-tune-spec-overr | C62: -A ARM64xgene1 | D62: (override) | E62: -march=armv8-a -mtune=cortex-a72 -mcpu=cortex-a72 -mabi=lp64 | F62: 27.267
A63: 22 | B63: arch-tune-flags | C63: N/A | E63: -Os -pipe -funroll-all-loops | F63: 38.0034
A64: 25 | B64: cpu-flags | C64: N/A | E64: -Os -pipe -fschedule-insns2 -mtune=native -frename-registers | F64: 39.1934
A65: 30 | B65: arch-tune-overr-flags | C65: N/A | E65: -Os -pipe -fschedule-insns2 -mtune=native -fno-tree-ter | F65: 39.0966
A66: 23 | B66: atlarch-tune-spec-crc-flags | C66: N/A | E66: -Os -pipe -fschedule-insns2 -mtune=native -fexpensive-optimizations | F66: 39.1944
A67: 37 | B67: generic-flags | C67: N/A | E67: -Os -pipe -fschedule-insns2 -mtune=native | F67: 39.423
A68: 34 | B68: cpu-tune-overr-flags | C68: N/A | E68: -Os -pipe -fschedule-insns2 -mcpu=cortex-a72 -fno-tree-ter | F68: 39.445
A69: 26 | B69: cpu-tune-flags | C69: N/A | E69: -Os -pipe -fno-expensive-optimizations | F69: 38.2004
A70: 33 | B70: cpu-overr-flags | C70: N/A | E70: -O1 -pipe -fschedule-insns2 -frename-registers | F70: 38.7468
A71: 32 | B71: atlarch-tune-spec-overr-flags | C71: N/A | E71: -O1 -pipe -fschedule-insns2 -fexpensive-optimizations | F71: 39.3184
A72: 35 | B72: atlarch-cpu-overr-flags | C72: N/A | E72: -O1 -pipe -fschedule-insns2 -fexpensive-optimizations | F72: 38.9472
A73: 36 | B73: atlarch-cpu-tune-overr-flags | C73: N/A | E73: -O1 -pipe -fschedule-insns2 | F73: 39.0376
A74: 29 | B74: atlarch-tune-overr-flags | C74: N/A | E74: -O1 -pipe -fschedule-insns2 | F74: 38.3944
... A80: 24 | B80: atlarch-tune-spec-flags | C80: N/A | E80: -O1 -pipe -fno-schedule-insns -fno-expensive-optimizations -fschedule-insns2 | F80: 37.389

Sheet HPL 4 nodes, builds
A1: Max avg. GFLOPS (and params): | B1: =INDEX(A:A,MATCH(MAX($Y:$Y),$Y:$Y,0)) -> cpu-tune-overr-flags | F1: =MAX(Y:Y) -> 39.445 | G1: =INDEX(D:D,MATCH(MAX($Y:$Y),$Y:$Y,0)) -> 36000 | H1: =INDEX(E:E,MATCH(MAX($Y:$Y),$Y:$Y,0)) -> 160 | I1: =INDEX(F:F,MATCH(MAX($Y:$Y),$Y:$Y,0)) -> 2 | J1: =INDEX(G:G,MATCH(MAX($Y:$Y),$Y:$Y,0)) -> 8 | L1: ATLAS | Y1: Average GFLOPs
A2: MAX GFLOPS: | D2: =MAX(I4:I841) -> 40.12 | L2: raspi21 throttling time [1/100s] | O2: raspi22 throttling time [1/100s] | R2: raspi23 throttling time [1/100s] | U2: raspi24 throttling time [1/100s]
A3: Build | B3: RUN | D3: N | E3: NB | F3: P | G3: Q | H3: Time | I3: GFLOPS | J3: Date | K3: Time | L3: 1200MHz | M3: 1300MHz | N3: 1400MHz | O3: 1200MHz | P3: 1300MHz | Q3: 1400MHz | R3: 1200MHz | S3: 1300MHz | T3: 1400MHz | U3: 1200MHz | V3: 1300MHz | W3: 1400MHz
A4: cpu-tune-overr-flags | B4: 0 | C4: WR00L2L2 | D4: 36000 | E4: 160 | F4: 2 | G4: 8 | H4: 791.03 | I4: 39.323 | J4: 45481 | K4: 0.73668981 | L4: 0 | M4: 0 | N4: 0 | O4: 0 | P4: 0 | Q4: 0 | R4: 0 | S4: 0 | T4: 0 | U4: 0 | V4: 0 | W4: 0 | Y4: =AVERAGE(I4:I8) -> 39.445
A5: cpu-tune-overr-flags | B5: 1 | C5: WR00L2L2 | D5: 36000 | E5: 160 | F5: 2 | G5: 8 | H5: 778.07 | I5: 39.978 | J5: 45481 | K5: 0.74596065 | L5: 0 | M5: 0 | N5: 0 | O5: 0 | P5: 0 | Q5: 0 | R5: 0 | S5: 0 | T5: 0 | U5: 0 | V5: 0 | W5: 0 | Y5: =Y4 -> 39.445
A6: cpu-tune-overr-flags | B6: 2 | C6: WR00L2L2 | D6: 36000 | E6: 160 | F6: 2 | G6: 8 | H6: 775.32 | I6: 40.12 | J6: 45481 | K6: 0.75519676 | L6: 0 | M6: 0 | N6: 0 | O6: 0 | P6: 0 | Q6: 0 | R6: 0 | S6: 0 | T6: 0 | U6: 0 | V6: 0 | W6: 0 | Y6: =Y5 -> 39.445
A7: cpu-tune-overr-flags | B7: 3 | C7: WR00L2L2 | D7: 36000 | E7: 160 | F7: 2 | G7: 8 | H7: 803.21 | I7: 38.727 | J7: 45481 | K7: 0.76476852 | L7: 0 | M7: 0 | N7: 0 | O7: 0 | P7: 0 | Q7: 0 | R7: 0 | S7: 0 | T7: 0 | U7: 0 | V7: 0 | W7: 0 | Y7: =Y6 -> 39.445
A8: cpu-tune-overr-flags | B8: 4 | C8: WR00L2L2 | D8: 36000 | E8: 160 | F8: 2 | G8: 8 | H8: 796.02 | I8: 39.077 | J8: 45481 | K8: 0.77424769 | L8: 0 | M8: 0 | N8: 0 | O8: 0 | P8: 0 | Q8: 0 | R8: 0 | S8: 0 | T8: 0 | U8: 0 | V8: 0 | W8: 0 | Y8: =Y7 -> 39.445
A9: generic-flags | B9: 0 | C9: WR00L2L2 | D9: 36000 | E9: 160 | F9: 2 | G9: 8 | H9: 802.43 | I9: 38.765 | J9: 45481 | K9: 0.87944444 | L9: 0 | M9: 0 | N9: 0 | O9: 0 | P9: 0 | Q9: 0 | R9: 0 | S9: 0 | T9: 0 | U9: 0 | V9: 0 | W9: 0 | Y9: =AVERAGE(I9:I13) -> 39.423
A10: generic-flags | B10: 1 | C10: WR00L2L2 | D10: 36000 | E10: 160 | F10: 2 | G10: 8 | H10: 782.38 | I10: 39.758 | J10: 45481 | K10: 0.88878472 | L10: 0 | M10: 0 | N10: 0 | O10: 0 | P10: 0 | Q10: 0 | R10: 0 | S10: 0 | T10: 0 | U10: 0 | V10: 0 | W10: 0 | Y10: =Y9 -> 39.423
A11: generic-flags | B11: 2 | C11: WR00L2L2 | D11: 36000 | E11: 160 | F11: 2 | G11: 8 | H11: 796.9 | I11: 39.033 | J11: 45481 | K11: 0.89829861 | L11: 0 | M11: 0 | N11: 0 | O11: 0 | P11: 0 | Q11: 0 | R11: 0 | S11: 0 | T11: 0 | U11: 0 | V11: 0 | W11: 0 | Y11: =Y10 -> 39.423
A12: generic-flags | B12: 3 | C12: WR00L2L2 | D12: 36000 | E12: 160 | F12: 2 | G12: 8 | H12: 787.21 | I12: 39.514 | J12: 45481 | K12: 0.90769676 | L12: 0 | M12: 0 | N12: 0 | O12: 0 | P12: 0 | Q12: 0 | R12: 0 | S12: 0 | T12: 0 | U12: 0 | V12: 0 | W12: 0 | Y12: =Y11 -> 39.423
A13: generic-flags | B13: 4 | C13: WR00L2L2 | D13: 36000 | E13: 160 | F13: 2 | G13: 8 | H13: 776.78 | I13: 40.045 | J13: 45481 | K13: 0.91697917 | L13: 0 | M13: 0 | N13: 0 | O13: 0 | P13: 0 | Q13: 0 | R13: 0 | S13: 0 | T13: 0 | U13: 0 | V13: 0 | W13: 0 | Y13: =Y12 -> 39.423
A14: atlarch-tune-spec-overr-flags | B14: 0 | C14: WR00L2L2 | D14: 36000 | E14: 160 | F14: 2 | G14: 8 | H14: 784.44 | I14: 39.654 | J14: 45481 | K14: 0.64101852 | L14: 0 | M14: 0 | N14: 0 | O14: 0 | P14: 0 | Q14: 0 | R14: 0 | S14: 0 | T14: 0 | U14: 0 | V14: 0 | W14: 0 | Y14: =AVERAGE(I14:I18) -> 39.3184
A15: atlarch-tune-spec-overr-flags | B15: 1 | C15: WR00L2L2 | D15: 36000 | E15: 160 | F15: 2 | G15: 8 | H15: 799.19 | I15: 38.922 | J15: 45481 | K15: 0.65060185 | L15: 0 | M15: 0 | N15: 0 | O15: 0 | P15: 0 | Q15: 0 | R15: 0 | S15: 0 | T15: 0 | U15: 0 | V15: 0 | W15: 0 | Y15: =Y14 -> 39.3184
A16: atlarch-tune-spec-overr-flags | B16: 2 | C16: WR00L2L2 | D16: 36000 | E16: 160 | F16: 2 | G16: 8 | H16: 790.66 | I16: 39.342 | J16: 45481 | K16: 0.66008102 | L16: 0 | M16: 0 | N16: 0 | O16: 0 | P16: 0 | Q16: 0 | R16: 0 | S16: 0 | T16: 0 | U16: 0 | V16: 0 | W16: 0 | Y16: =Y15 -> 39.3184
A17: atlarch-tune-spec-overr-flags | B17: 3 | C17: WR00L2L2 | D17: 36000 | E17: 160 | F17: 2 | G17: 8 | H17: 784.6 | I17: 39.646 | J17: 45481 | K17: 0.66947917 | L17: 0 | M17: 0 | N17: 0 | O17: 0 | P17: 0 | Q17: 0 | R17: 0 | S17: 0 | T17: 0 | U17: 0 | V17: 0 | W17: 0 | Y17: =Y16 -> 39.3184
A18: atlarch-tune-spec-overr-flags | B18: 4 | C18: WR00L2L2 | D18: 36000 | E18: 160 | F18: 2 | G18: 8 | H18: 797.02 | I18: 39.028 | J18: 45481 | K18: 0.67903935 | L18: 0 | M18: 0 | N18: 0 | O18: 0 | P18: 0 | Q18: 0 | R18: 0 | S18: 0 | T18: 0 | U18: 0 | V18: 0 | W18: 0 | Y18: =Y17 -> 39.3184
A19: atlarch-tune-spec-crc-flags | B19: 0 | C19: WR00L2L2 | D19: 36000 | E19: 160 | F19: 2 | G19: 8 | H19: 787.29 | I19: 39.51 | J19: 45481 | K19: 0.20553241 | L19: 0 | M19: 0 | N19: 0 | O19: 0 | P19: 0 | Q19: 0 | R19: 0 | S19: 0 | T19: 0 | U19: 0 | V19: 0 | W19: 0 | Y19: =AVERAGE(I19:I23) -> 39.1944
A20: atlarch-tune-spec-crc-flags | B20: 1 | C20: WR00L2L2 | D20: 36000 | E20: 160 | F20: 2 | G20: 8 | H20: 794.48 | I20: 39.153 | J20: 45481 | K20: 0.21501157 | L20: 0 | M20: 0 | N20: 0 | O20: 0 | P20: 0 | Q20: 0 | R20: 0 | S20: 0 | T20: 0 | U20: 0 | V20: 0 | W20: 0 | Y20: =Y19 -> 39.1944
A21: atlarch-tune-spec-crc-flags | B21: 2 | C21: WR00L2L2 | D21: 36000 | E21: 160 | F21: 2 | G21: 8 | H21: 805.93 | I21: 38.596 | J21: 45481 | K21: 0.22462963 | L21: 0 | M21: 0 | N21: 0 | O21: 0 | P21: 0 | Q21: 0 | R21: 0 | S21: 0 | T21: 0 | U21: 0 | V21: 0 | W21: 0 | Y21: =Y20 -> 39.1944
A22: atlarch-tune-spec-crc-flags | B22: 3 | C22: WR00L2L2 | D22: 36000 | E22: 160 | F22: 2 | G22: 8 | H22: 798.87 | I22: 38.937 | J22: 45481 | K22: 0.23416667 | L22: 0 | M22: 0 | N22: 0 | O22: 0 | P22: 0 | Q22: 0 | R22: 0 | S22: 0 | T22: 0 | U22: 0 | V22: 0 | W22: 0 | Y22: =Y21 -> 39.1944
A23: atlarch-tune-spec-crc-flags | B23: 4 | C23: WR00L2L2 | D23: 36000 | E23: 160 | F23: 2 | G23: 8 | H23: 782.03 | I23: 39.776 | J23: 45481 | K23: 0.24350694 | L23: 0 | M23: 0 | N23: 0 | O23: 0 | P23: 0 | Q23: 0 | R23: 0 | S23: 0 | T23: 0 | U23: 0 | V23: 0 | W23: 0 | Y23: =Y22 -> 39.1944
A24: cpu-flags | B24: 0 | C24: WR00L2L2 | D24: 36000 | E24: 160 | F24: 2 | G24: 8 | H24: 789.32 | I24: 39.409 | J24: 45481 | K24: 0.30270833 | L24: 0 | M24: 0 | N24: 0 | O24: 0 | P24: 0 | Q24: 0 | R24: 0 | S24: 0 | T24: 0 | U24: 0 | V24: 0 | W24: 0 | Y24: =AVERAGE(I24:I28) -> 39.1934
A25: cpu-flags | B25: 1 | C25: WR00L2L2 | D25: 36000 | E25: 160 | F25: 2 | G25: 8 | H25: 797.6 | I25: 39 | J25: 45481 | K25: 0.31221065 | L25: 0 | M25: 0 | N25: 0 | O25: 0 | P25: 0 | Q25: 0 | R25: 0 | S25: 0 | T25: 0 | U25: 0 | V25: 0 | W25: 0 | Y25: =Y24 -> 39.1934
A26: cpu-flags | B26: 2 | C26: WR00L2L2 | D26: 36000 | E26: 160 | F26: 2 | G26: 8 | H26: 794.68 | I26: 39.143 | J26: 45481 | K26: 0.32168981 | L26: 0 | M26: 0 | N26: 0 | O26: 0 | P26: 0 | Q26: 0 | R26: 0 | S26: 0 | T26: 0 | U26: 0 | V26: 0 | W26: 0 | Y26: =Y25 -> 39.1934
A27: cpu-flags | B27: 3 | C27: WR00L2L2 | D27: 36000 | E27: 160 | F27: 2 | G27: 8 | H27: 791.7 | I27: 39.29 | J27: 45481 | K27: 0.33113426 | L27: 0 | M27: 0 | N27: 0 | O27: 0 | P27: 0 | Q27: 0 | R27: 0 | S27: 0 | T27: 0 | U27: 0 | V27: 0 | W27: 0 | Y27: =Y26 -> 39.1934
A28: cpu-flags | B28: 4 | C28: WR00L2L2 | D28: 36000 | E28: 160 | F28: 2 | G28: 8 | H28: 795.03 | I28: 39.125 | J28: 45481 | K28: 0.340625 | L28: 0 | M28: 0 | N28: 0 | O28: 0 | P28: 0 | Q28: 0 | R28: 0 | S28: 0 | T28: 0 | U28: 0 | V28: 0 | W28: 0 | Y28: =Y27 -> 39.1934
A29: arch-tune-overr-flags | B29: 0 | C29: WR00L2L2 | D29: 36000 | E29: 160 | F29: 2 | G29: 8 | H29: 804.65 | I29: 38.658 | J29: 45481 | K29: 0.54454861 | L29: 0 | M29: 0 | N29: 0 | O29: 0 | P29: 0 | Q29: 0 | R29: 0 | S29: 0 | T29: 0 | U29: 0 | V29: 0 | W29: 0 | Y29: =AVERAGE(I29:I33) -> 39.0966
A30: arch-tune-overr-flags | B30: 1 | C30: WR00L2L2 | D30: 36000 | E30: 160 | F30: 2 | G30: 8 | H30: 794.97 | I30: 39.129 | J30: 45481 | K30: 0.5540162 | L30: 0 | M30: 0 | N30: 0 | O30: 0 | P30: 0 | Q30: 0 | R30: 0 | S30: 0 | T30: 0 | U30: 0 | V30: 0 | W30: 0 | Y30: =Y29 -> 39.0966
A31: arch-tune-overr-flags | B31: 2 | C31: WR00L2L2 | D31: 36000 | E31: 160 | F31: 2 | G31: 8 | H31: 792.38 | I31: 39.257 | J31: 45481 | K31: 0.56344907 | L31: 0 | M31: 0 | N31: 0 | O31: 0 | P31: 0 | Q31: 0 | R31: 0 | S31: 0 | T31: 0 | U31: 0 | V31: 0 | W31: 0 | Y31: =Y30 -> 39.0966
A32: arch-tune-overr-flags | B32: 3 | C32: WR00L2L2 | D32: 36000 | E32: 160 | F32: 2 | G32: 8 | H32: 789.36 | I32: 39.406 | J32: 45481 | K32: 0.5728588 | L32: 0 | M32: 0 | N32: 0 | O32: 0 | P32: 0 | Q32: 0 | R32: 0 | S32: 0 | T32: 0 | U32: 0 | V32: 0 | W32: 0 | Y32: =Y31 -> 39.0966
A33: arch-tune-overr-flags | B33: 4 | C33: WR00L2L2 | D33: 36000 | E33: 160 | F33: 2 | G33: 8 | H33: 796.92 | I33: 39.033 | J33: 45481 | K33: 0.58234954 | L33: 0 | M33: 0 | N33: 0 | O33: 0 | P33: 0 | Q33: 0 | R33: 0 | S33: 0 | T33: 0 | U33: 0 | V33: 0 | W33: 0 | Y33: =Y32 -> 39.0966
A34: atlarch-cpu-tune-overr-flags | B34: 0 | C34: WR00L2L2 | D34: 36000 | E34: 160 | F34: 2 | G34: 8 | H34: 804.88 | I34: 38.647 | J34: 45481 | K34: 0.83175926 | L34: 0 | M34: 0 | N34: 0 | O34: 0 | P34: 0 | Q34: 0 | R34: 0 | S34: 0 | T34: 0 | U34: 0 | V34: 0 | W34: 0 | Y34: =AVERAGE(I34:I38) -> 39.0376
A35: atlarch-cpu-tune-overr-flags | B35: 1 | C35: WR00L2L2 | D35: 36000 | E35: 160 | F35: 2 | G35: 8 | H35: 798.67 | I35: 38.947 | J35: 45481 | K35: 0.84133102 | L35: 0 | M35: 0 | N35: 0 | O35: 0 | P35: 0 | Q35: 0 | R35: 0 | S35: 0 | T35: 0 | U35: 0 | V35: 0 | W35: 0 | Y35: =Y34 -> 39.0376
A36: atlarch-cpu-tune-overr-flags | B36: 2 | C36: WR00L2L2 | D36: 36000 | E36: 160 | F36: 2 | G36: 8 | H36: 803.29 | I36: 38.723 | J36: 45481 | K36: 0.85094907 | L36: 0 | M36: 0 | N36: 0 | O36: 0 | P36: 0 | Q36: 0 | R36: 0 | S36: 0 | T36: 0 | U36: 0 | V36: 0 | W36: 0 | Y36: =Y35 -> 39.0376
A37: atlarch-cpu-tune-overr-flags | B37: 3 | C37: WR00L2L2 | D37: 36000 | E37: 160 | F37: 2 | G37: 8 | H37: 798.62 | I37: 38.95 | J37: 45481 | K37: 0.86052083 | L37: 0 | M37: 0 | N37: 0 | O37: 0 | P37: 0 | Q37: 0 | R37: 0 | S37: 0 | T37: 0 | U37: 0 | V37: 0 | W37: 0 | Y37: =Y36 -> 39.0376
A38: atlarch-cpu-tune-overr-flags | B38: 4 | C38: WR00L2L2 | D38: 36000 | E38: 160 | F38: 2 | G38: 8 | H38: 779.19 | I38: 39.921 | J38: 45481 | K38: 0.86986111 | L38: 0 | M38: 0 | N38: 0 | O38: 0 | P38: 0 | Q38: 0 | R38: 0 | S38: 0 | T38: 0 | U38: 0 | V38: 0 | W38: 0 | Y38: =Y37 -> 39.0376
A39: atlarch-cpu-overr-flags | B39: 0 | C39: WR00L2L2 | D39: 36000 | E39: 160 | F39: 2 | G39: 8 | H39: 802.1 | I39: 38.781 | J39: 45481 | K39: 0.78385417 | L39: 0 | M39: 0 | N39: 0 | O39: 0 | P39: 0 | Q39: 0 | R39: 0 | S39: 0 | T39: 0 | U39: 0 | V39: 0 | W39: 0 | Y39: =AVERAGE(I39:I43) -> 38.9472
A40: atlarch-cpu-overr-flags | B40: 1 | C40: WR00L2L2 | D40: 36000 | E40: 160 | F40: 2 | G40: 8 | H40: 800.8 | I40: 38.844 | J40: 45481 | K40: 0.79344907 | L40: 0 | M40: 0 | N40: 0 | O40: 0 | P40: 0 | Q40: 0 | R40: 0 | S40: 0 | T40: 0 | U40: 0 | V40: 0 | W40: 0 | Y40: =Y39 -> 38.9472
A41: atlarch-cpu-overr-flags | B41: 2 | C41: WR00L2L2 | D41: 36000 | E41: 160 | F41: 2 | G41: 8 | H41: 784.94 | I41: 39.629 | J41: 45481 | K41: 0.80287037 | L41: 0 | M41: 0 | N41: 0 | O41: 0 | P41: 0 | Q41: 0 | R41: 0 | S41: 0 | T41: 0 | U41: 0 | V41: 0 | W41: 0 | Y41: =Y40 -> 38.9472
A42: atlarch-cpu-overr-flags | B42: 3 | C42: WR00L2L2 | D42: 36000 | E42: 160 | F42: 2 | G42: 8 | H42: 795.08 | I42: 39.123 | J42: 45481 | K42: 0.81239583 | L42: 0 | M42: 0 | N42: 0 | O42: 0 | P42: 0 | Q42: 0 | R42: 0 | S42: 0 | T42: 0 | U42: 0 | V42: 0 | W42: 0 | Y42: =Y41 -> 38.9472
A43: atlarch-cpu-overr-flags | B43: 4 | C43: WR00L2L2 | D43: 36000 | E43: 160 | F43: 2 | G43: 8 | H43: 810.91 | I43: 38.359 | J43: 45481 | K43: 0.82211806 | L43: 0 | M43: 0 | N43: 0 | O43: 0 | P43: 0 | Q43: 0 | R43: 0 | S43: 0 | T43: 0 | U43: 0 | V43: 0 | W43: 0 | Y43: =Y42 -> 38.9472
A44: cpu-overr-flags | B44: 0 | C44: WR00L2L2 | D44: 36000 | E44: 160 | F44: 2 | G44: 8 | H44: 804.18 | I44: 38.68 | J44: 45481 | K44: 0.6887037 | L44: 0 | M44: 0 | N44: 0 | O44: 0 | P44: 0 | Q44: 0 | R44: 0 | S44: 0 | T44: 0 | U44: 0 | V44: 0 | W44: 0 | Y44: =AVERAGE(I44:I48) -> 38.7468
A45: cpu-overr-flags | B45: 1 | C45: WR00L2L2 | D45: 36000 | E45: 160 | F45: 2 | G45: 8 | H45: 799.12 | I45: 38.925 | J45: 45481 | K45: 0.69829861 | L45: 0 | M45: 0 | N45: 0 | O45: 0 | P45: 0 | Q45: 0 | R45: 0 | S45: 0 | T45: 0 | U45: 0 | V45: 0 | W45: 0 | Y45: =Y44 -> 38.7468
A46: cpu-overr-flags | B46: 2 | C46: WR00L2L2 | D46: 36000 | E46: 160 | F46: 2 | G46: 8 | H46: 802.26 | I46: 38.773 | J46: 45481 | K46: 0.70793981 | L46: 0 | M46: 0 | N46: 0 | O46: 0 | P46: 0 | Q46: 0 | R46: 0 | S46: 0 | T46: 0 | U46: 0 | V46: 0 | W46: 0 | Y46: =Y45 -> 38.7468
A47: cpu-overr-flags | B47: 3 | C47: WR00L2L2 | D47: 36000 | E47: 160 | F47: 2 | G47: 8 | H47: 804.14 | I47: 38.682 | J47: 45481 | K47: 0.71760417 | L47: 0 | M47: 0 | N47: 0 | O47: 0 | P47: 0 | Q47: 0 | R47: 0 | S47: 0 | T47: 0 | U47: 0 | V47: 0 | W47: 0 | Y47: =Y46 -> 38.7468
A48: cpu-overr-flags | B48: 4 | C48: WR00L2L2 | D48: 36000 | E48: 160 | F48: 2 | G48: 8 | H48: 804.3 | I48: 38.674 | J48: 45481 | K48: 0.72726852 | L48: 0 | M48: 0 | N48: 0 | O48: 0 | P48: 0 | Q48: 0 | R48: 0 | S48: 0 | T48: 0 | U48: 0 | V48: 0 | W48: 0 | Y48: =Y47 -> 38.7468
A49: atlarch-tune-overr-flags | B49: 0 | C49: WR00L2L2 | D49: 36000 | E49: 160 | F49: 2 | G49: 8 | H49: 806.12 | I49: 38.587 | J49: 45481 | K49: 0.49609954 | L49: 0 | M49: 0 | N49: 0 | O49: 0 | P49: 0 | Q49: 0 | R49: 0 | S49: 0 | T49: 0 | U49: 0 | V49: 0 | W49: 0 | Y49: =AVERAGE(I49:I53) -> 38.3944
A50: atlarch-tune-overr-flags | B50: 1 | C50: WR00L2L2 | D50: 36000 | E50: 160 | F50: 2 | G50: 8 | H50: 821.4 | I50: 37.87 | J50: 45481 | K50: 0.5059375 | L50: 0 | M50: 0 | N50: 0 | O50: 0 | P50: 0 | Q50: 0 | R50: 0 | S50: 0 | T50: 0 | U50: 0 | V50: 0 | W50: 0 | Y50: =Y49 -> 38.3944
A51: atlarch-tune-overr-flags | B51: 2 | C51: WR00L2L2 | D51: 36000 | E51: 160 | F51: 2 | G51: 8 | H51: 805.32 | I51: 38.625 | J51: 45481 | K51: 0.5155787 | L51: 0 | M51: 0 | N51: 0 | O51: 0 | P51: 0 | Q51: 0 | R51: 0 | S51: 0 | T51: 0 | U51: 0 | V51: 0 | W51: 0 | Y51: =Y50 -> 38.3944
A52: atlarch-tune-overr-flags | B52: 3 | C52: WR00L2L2 | D52: 36000 | E52: 160 | F52: 2 | G52: 8 | H52: 823.42 | I52: 37.776 | J52: 45481 | K52: 0.52543981 | L52: 0 | M52: 0 | N52: 0 | O52: 0 | P52: 0 | Q52: 0 | R52: 0 | S52: 0 | T52: 0 | U52: 0 | V52: 0 | W52: 0 | Y52: =Y51 -> 38.3944
A53: atlarch-tune-overr-flags | B53: 4 | C53: WR00L2L2 | D53: 36000 | E53: 160 | F53: 2 | G53: 8 | H53: 795.27 | I53: 39.114 | J53: 45481 | K53: 0.53496528 | L53: 0 | M53: 0 | N53: 0 | O53: 0 | P53: 0 | Q53: 0 | R53: 0 | S53: 0 | T53: 0 | U53: 0 | V53: 0 | W53: 0 | Y53: =Y52 -> 38.3944
A54: atlarch-cpu-tune-flags | B54: 0 | C54: WR00L2L2 | D54: 36000 | E54: 160 | F54: 2 | G54: 8 | H54: 811.18 | I54: 38.346 | J54: 45481 | K54: 0.44755787 | L54: 0 | M54: 0 | N54: 0 | O54: 0 | P54: 0 | Q54: 0 | R54: 0 | S54: 0 | T54: 0 | U54: 0 | V54: 0 | W54: 0 | Y54: =AVERAGE(I54:I58) -> 38.341
A55: atlarch-cpu-tune-flags | B55: 1 | C55: WR00L2L2 | D55: 36000 | E55: 160 | F55: 2 | G55: 8 | H55: 820.51 | I55: 37.911 | J55: 45481 | K55: 0.45738426 | L55: 0 | M55: 0 | N55: 0 | O55: 0 | P55: 0 | Q55: 0 | R55: 0 | S55: 0 | T55: 0 | U55: 0 | V55: 0 | W55: 0 | Y55: =Y54 -> 38.341
A56: atlarch-cpu-tune-flags | B56: 2 | C56: WR00L2L2 | D56: 36000 | E56: 160 | F56: 2 | G56: 8 | H56: 804.7 | I56: 38.655 | J56: 45481 | K56: 0.46702546 | L56: 0 | M56: 0 | N56: 0 | O56: 0 | P56: 0 | Q56: 0 | R56: 0 | S56: 0 | T56: 0 | U56: 0 | V56: 0 | W56: 0 | Y56: =Y55 -> 38.341
A57: atlarch-cpu-tune-flags | B57: 3 | C57: WR00L2L2 | D57: 36000 | E57: 160 | F57: 2 | G57: 8 | H57: 809.98 | I57: 38.403 | J57: 45481 | K57: 0.47673611 | L57: 0 | M57: 0 | N57: 0 | O57: 0 | P57: 0 | Q57: 0 | R57: 0 | S57: 0 | T57: 0 | U57: 0 | V57: 0 | W57: 0 | Y57: =Y56 -> 38.341
A58: atlarch-cpu-tune-flags | B58: 4 | C58: WR00L2L2 | D58: 36000 | E58: 160 | F58: 2 | G58: 8 | H58: 810.27 | I58: 38.39 | J58: 45481 | K58: 0.48644676 | L58: 0 | M58: 0 | N58: 0 | O58: 0 | P58: 0 | Q58: 0 | R58: 0 | S58: 0 | T58: 0 | U58: 0 | V58: 0 | W58: 0 | Y58: =Y57 -> 38.341
A59: atlarch-tune-flags | B59: 0 | C59: WR00L2L2 | D59: 36000 | E59: 160 | F59: 2 | G59: 8 | H59: 811.91 | I59: 38.312 | J59: 45481 | K59: 0.10841435 | L59: 0 | M59: 0 | N59: 0 | O59: 0 | P59: 0 | Q59: 0 | R59: 0 | S59: 0 | T59: 0 | U59: 0 | V59: 0 | W59: 0 | Y59: =AVERAGE(I59:I63) -> 38.2788
A60: atlarch-tune-flags | B60: 1 | C60: WR00L2L2 | D60: 36000 | E60: 160 | F60: 2 | G60: 8 | H60: 812.37 | I60: 38.29 | J60: 45481 | K60: 0.11813657 | L60: 0 | M60: 0 | N60: 0 | O60: 0 | P60: 0 | Q60: 0 | R60: 0 | S60: 0 | T60: 0 | U60: 0 | V60: 0 | W60: 0 | Y60: =Y59 -> 38.2788
A61: atlarch-tune-flags | B61: 2 | C61: WR00L2L2 | D61: 36000 | E61: 160 | F61: 2 | G61: 8 | H61: 813.1 | I61: 38.256 | J61: 45481 | K61: 0.12788194 | L61: 0 | M61: 0 | N61: 0 | O61: 0 | P61: 0 | Q61: 0 | R61: 0 | S61: 0 | T61: 0 | U61: 0 | V61: 0 | W61: 0 | Y61: =Y60 -> 38.2788
A62: atlarch-tune-flags | B62: 3 | C62: WR00L2L2 | D62: 36000 | E62: 160 | F62: 2 | G62: 8 | H62: 808.75 | I62: 38.462 | J62: 45481 | K62: 0.13755787 | L62: 0 | M62: 0 | N62: 0 | O62: 0 | P62: 0 | Q62: 0 | R62: 0 | S62: 0 | T62: 0 | U62: 0 | V62: 0 | W62: 0 | Y62: =Y61 -> 38.2788
A63: atlarch-tune-flags | B63: 4 | C63: WR00L2L2 | D63: 36000 | E63: 160 | F63: 2 | G63: 8 | H63: 816.99 | I63: 38.074 | J63: 45481 | K63: 0.14734954 | L63: 0 | M63: 0 | N63: 0 | O63: 0 | P63: 0 | Q63: 0 | R63: 0 | S63: 0 | T63: 0 | U63: 0 | V63: 0 | W63: 0 | Y63: =Y62 -> 38.2788
A64: atlarch-cpu-flags | B64: 0 | C64: WR00L2L2 | D64: 36000 | E64: 160 | F64: 2 | G64: 8 | H64: 818.1 | I64: 38.022 | J64: 45481 | K64: 0.39896991 | L64: 0 | M64: 0 | N64: 0 | O64: 0 | P64: 0 | Q64: 0 | R64: 0 | S64: 0 | T64: 0 | U64: 0 | V64: 0 | W64: 0 | Y64: =AVERAGE(I64:I68) -> 38.2768
A65: atlarch-cpu-flags | B65: 1 | C65: WR00L2L2 | D65: 36000 | E65: 160 | F65: 2 | G65: 8 | H65: 814.21 | I65: 38.204 | J65: 45481 | K65: 0.40871528 | L65: 0 | M65: 0 | N65: 0 | O65: 0 | P65: 0 | Q65: 0 | R65: 0 | S65: 0 | T65: 0 | U65: 0 | V65: 0 | W65: 0 | Y65: =Y64 -> 38.2768
A66: atlarch-cpu-flags | B66: 2 | C66: WR00L2L2 | D66: 36000 | E66: 160 | F66: 2 | G66: 8 | H66: 814.77 | I66: 38.177 | J66: 45481 | K66: 0.41847222 | L66: 0 | M66: 0 | N66: 0 | O66: 0 | P66: 0 | Q66: 0 | R66: 0 | S66: 0 | T66: 0 | U66: 0 | V66: 0 | W66: 0 | Y66: =Y65 -> 38.2768
A67: atlarch-cpu-flags | B67: 3 | C67: WR00L2L2 | D67: 36000 | E67: 160 | F67: 2 | G67: 8 | H67: 814.88 | I67: 38.172 | J67: 45481 | K67: 0.42822917 | L67: 0 | M67: 0 | N67: 0 | O67: 0 | P67: 0 | Q67: 0 | R67: 0 | S67: 0 | T67: 0 | U67: 0 | V67: 0 | W67: 0 | Y67: =Y66 -> 38.2768
A68: atlarch-cpu-flags | B68: 4 | C68: WR00L2L2 | D68: 36000 | E68: 160 | F68: 2 | G68: 8 | H68: 801.52 | I68: 38.809 | J68: 45481 | K68: 0.43783565 | L68: 0 | M68: 0 | N68: 0 | O68: 0 | P68: 0 | Q68: 0 | R68: 0 | S68: 0 | T68: 0 | U68: 0 | V68: 0 | W68: 0 | Y68: =Y67 -> 38.2768
A69: cpu-tune-flags | B69: 0 | C69: WR00L2L2 | D69: 36000 | E69: 160 | F69: 2 | G69: 8 | H69: 811.9 | I69: 38.313 | J69: 45481 | K69: 0.35030093 | L69: 0 | M69: 0 | N69: 0 | O69: 0 | P69: 0 | Q69: 0 | R69: 0 | S69: 0 | T69: 0 | U69: 0 | V69: 0 | W69: 0 | Y69: =AVERAGE(I69:I73) -> 38.2004
A70: cpu-tune-flags | B70: 1 | C70: WR00L2L2 | D70: 36000 | E70: 160 | F70: 2 | G70: 8 | H70: 816.29 | I70: 38.106 | J70: 45481 | K70: 0.36003472 | L70: 0 | M70: 0 | N70: 0 | O70: 0 | P70: 0 | Q70: 0 | R70: 0 | S70: 0 | T70: 0 | U70: 0 | V70: 0 | W70: 0 | Y70: =Y69 -> 38.2004
A71: cpu-tune-flags | B71: 2 | C71: WR00L2L2 | D71: 36000 | E71: 160 | F71: 2 | G71: 8 | H71: 822.49 | I71: 37.819 | J71: 45481 | K71: 0.36983796 | L71: 0 | M71: 0 | N71: 0 | O71: 0 | P71: 0 | Q71: 0 | R71: 0 | S71: 0 | T71: 0 | U71: 0 | V71: 0 | W71: 0 | Y71: =Y70 -> 38.2004
A72: cpu-tune-flags | B72: 3 | C72: WR00L2L2 | D72: 36000 | E72: 160 | F72: 2 | G72: 8 | H72: 806.67 | I72: 38.561 | J72: 45481 | K72: 0.37946759 | L72: 0 | M72: 0 | N72: 0 | O72: 0 | P72: 0 | Q72: 0 | R72: 0 | S72: 0 | T72: 0 | U72: 0 | V72: 0 | W72: 0 | Y72: =Y71 -> 38.2004
A73: cpu-tune-flags | B73: 4 | C73: WR00L2L2 | D73: 36000 | E73: 160 | F73: 2 | G73: 8 | H73: 814.24 | I73: 38.203 | J73: 45481 | K73: 0.38917824 | L73: 0 | M73: 0 | N73: 0 | O73: 0 | P73: 0 | Q73: 0 | R73: 0 | S73: 0 | T73: 0 | U73: 0 | V73: 0 | W73: 0 | Y73: =Y72 -> 38.2004
A74: tlarch-flags | B74: 0 | C74: WR00L2L2 | D74: 36000 | E74: 160 | F74: 2 | G74: 8 | H74: 804.29 | I74: 38.675 | J74: 45481 | K74: 0.05943287 | L74: 0 | M74: 0 | N74: 0 | O74: 0 | P74: 0 | Q74: 0 | R74: 0 | S74: 0 | T74: 0 | U74: 0 | V74: 0 | W74: 0 | Y74: =AVERAGE(I74:I78) -> 38.1116
A75: atlarch-flags | B75: 1 | C75: WR00L2L2 | D75: 36000 | E75: 160 | F75: 2 | G75: 8 | H75: 803.67 | I75: 38.705 | J75: 45481 | K75: 0.069074074 | L75: 0 | M75: 0 | N75: 0 | O75: 0 | P75: 0 | Q75: 0 | R75: 0 | S75: 0 | T75: 0 | U75: 0 | V75: 0 | W75: 0 | Y75: =Y74 -> 38.1116
A76: atlarch-flags | B76: 2 | C76: WR00L2L2 | D76: 36000 | E76: 160 | F76: 2 | G76: 8 | H76: 817.98 | I76: 38.028 | J76: 45481 | K76: 0.078877315 | L76: 0 | M76: 0 | N76: 0 | O76: 0 | P76: 0 | Q76: 0 | R76: 0 | S76: 0 | T76: 0 | U76: 0 | V76: 0 | W76: 0 | Y76: =Y75 -> 38.1116
A77: atlarch-flags | B77: 3 | C77: WR00L2L2 | D77: 36000 | E77: 160 | F77: 2 | G77: 8 | H77: 818.09 | I77: 38.023 | J77: 45481 | K77: 0.088668981 | L77: 0 | M77: 0 | N77: 0 | O77: 0 | P77: 0 | Q77: 0 | R77: 0 | S77: 0 | T77: 0 | U77: 0 | V77: 0 | W77: 0 | Y77: =Y76 -> 38.1116
A78: atlarch-flags | B78: 4 | C78: WR00L2L2 | D78: 36000 | E78: 160 | F78: 2 | G78: 8 | H78: 837.81 | I78: 37.127 | J78: 45481 | K78: 0.09869213 | L78: 0 | M78: 0 | N78: 0 | O78: 0 | P78: 0 | Q78: 0 | R78: 0 | S78: 0 | T78: 0 | U78: 0 | V78: 0 | W78: 0 | Y78: =Y77 -> 38.1116
A79: atlarch-cpu-tune | B79: 0 | C79: WR00L2L2 | D79: 36000 | E79: 160 | F79: 2 | G79: 8 | H79: 808.48 | I79: 38.475 | J79: 45128 | K79: 0.028391204 | Y79: =AVERAGE(I79:I83) -> 38.0274
A80: atlarch-cpu-tune | B80: 1 | C80: WR00L2L2 | D80: 36000 | E80: 160 | F80: 2 | G80: 8 | H80: 816.14 | I80: 38.113 | J80: 45128 | K80: 0.038657407 | Y80: =Y79 -> 38.0274
A81: atlarch-cpu-tune | B81: 2 | C81: WR00L2L2 | D81: 36000 | E81: 160 | F81: 2 | G81: 8 | H81: 815.42 | I81: 38.147 | J81: 45128 | K81: 0.048912037 | Y81: =Y80 -> 38.0274
A82: atlarch-cpu-tune | B82: 3 | C82: WR00L2L2 | D82: 36000 | E82: 160 | F82: 2 | G82: 8 | H82: 823.2 | I82: 37.787 | J82: 45128 | K82: 0.059247685 | Y82: =Y81 -> 38.0274
A83: atlarch-cpu-tune | B83: 4 | C83: WR00L2L2 | D83: 36000 | E83: 160 | F83: 2 | G83: 8 | H83: 826.96 | I83: 37.615 | J83: 45128 | K83: 0.069641204 | Y83: =Y82 -> 38.0274
A84: arch-tune-flags | B84: 0 | C84: WR00L2L2 | D84: 36000 | E84: 160 | F84: 2 | G84: 8 | H84: 806.01 | I84: 38.593 | J84: 45481 | K84: 0.15695602 | L84: 0 | M84: 0 | N84: 0 | O84: 0 | P84: 0 | Q84: 0 | R84: 0 | S84: 0 | T84: 0 | U84: 0 | V84: 0 | W84: 0 | Y84: =AVERAGE(I84:I88) -> 38.0034
A85: arch-tune-flags | B85: 1 | C85: WR00L2L2 | D85: 36000 | E85: 160 | F85: 2 | G85: 8 | H85: 809.05 | I85: 38.447 | J85: 45481 | K85: 0.16659722 | L85: 0 | M85: 0 | N85: 0 | O85: 0 | P85: 0 | Q85: 0 | R85: 0 | S85: 0 | T85: 0 | U85: 0 | V85: 0 | W85: 0 | Y85: =Y84 -> 38.0034
A86: arch-tune-flags | B86: 2 | C86: WR00L2L2 | D86: 36000 | E86: 160 | F86: 2 | G86: 8 | H86: 851.55 | I86: 36.529 | J86: 45481 | K86: 0.17673611 | L86: 0 | M86: 0 | N86: 0 | O86: 0 | P86: 0 | Q86: 0 | R86: 0 | S86: 0 | T86: 0 | U86: 0 | V86: 0 | W86: 0 | Y86: =Y85 -> 38.0034
A87: arch-tune-flags | B87: 3 | C87: WR00L2L2 | D87: 36000 | E87: 160 | F87: 2 | G87: 8 | H87: 827.87 | I87: 37.573 | J87: 45481 | K87: 0.18659722 | L87: 0 | M87: 0 | N87: 0 | O87: 0 | P87: 0 | Q87: 0 | R87: 0 | S87: 0 | T87: 0 | U87: 0 | V87: 0 | W87: 0 | Y87: =Y86 -> 38.0034
A88: arch-tune-flags | B88: 4 | C88: WR00L2L2 | D88: 36000 | E88: 160 | F88: 2 | G88: 8 | H88: 800.15 | I88: 38.875 | J88: 45481 | K88: 0.19613426 | L88: 0 | M88: 0 | N88: 0 | O88: 0 | P88: 0 | Q88: 0 | R88: 0 | S88: 0 | T88: 0 | U88: 0 | V88: 0 | W88: 0 | Y88: =Y87 -> 38.0034
A89: atlarch-tune | B89: 0 | C89: WR00L2L2 | D89: 36000 | E89: 160 | F89: 2 | G89: 8 | H89: 819.91 | I89: 37.938 | J89: 45127 | K89: 0.66418981 | Y89: =AVERAGE(I89:I93) -> 37.8688
A90: atlarch-tune | B90: 1 | C90: WR00L2L2 | D90: 36000 | E90: 160 | F90: 2 | G90: 8 | H90: 824.55 | I90: 37.725 | J90: 45127 | K90: 0.67457176 | Y90: =Y89 -> 37.8688
A91: atlarch-tune | B91: 2 | C91: WR00L2L2 | D91: 36000 | E91: 160 | F91: 2 | G91: 8 | H91: 819.52 | I91: 37.956 | J91: 45127 | K91: 0.68488426 | Y91: =Y90 -> 37.8688
A92: atlarch-tune | B92: 3 | C92: WR00L2L2 | D92: 36000 | E92: 160 | F92: 2 | G92: 8 | H92: 817.24 | I92: 38.062 | J92: 45127 | K92: 0.69518519 | Y92: =Y91 -> 37.8688
A93: atlarch-tune | B93: 4 | C93: WR00L2L2 | D93: 36000 | E93: 160 | F93: 2 | G93: 8 | H93: 825.89 | I93: 37.663 | J93: 45127 | K93: 0.7055787 | Y93: =Y92 -> 37.8688
A94: atlarch-tune-spec-crc-overr-flags | B94: 0 | C94: WR00L2L2 | D94: 36000 | E94: 160 | F94: 2 | G94: 8 | H94: 827.03 | I94: 37.612 | J94: 45481 | K94: 0.59225694 | L94: 0 | M94: 0 | N94: 0 | O94: 0 | P94: 0 | Q94: 0 | R94: 0 | S94: 0 | T94: 0 | U94: 0 | V94: 0 | W94: 0 | Y94: =AVERAGE(I94:I98) -> 37.8516
A95: atlarch-tune-spec-crc-overr-flags | B95: 1 | C95: WR00L2L2 | D95: 36000 | E95: 160 | F95: 2 | G95: 8 | H95: 817.32 | I95: 38.058 | J95: 45481 | K95: 0.60206019 | L95: 0 | M95: 0 | N95: 0 | O95: 0 | P95: 0 | Q95: 0 | R95: 0 | S95: 0 | T95: 0 | U95: 0 | V95: 0 | W95: 0 | Y95: =Y94 -> 37.8516
A96: atlarch-tune-spec-crc-overr-flags | B96: 2 | C96: WR00L2L2 | D96: 36000 | E96: 160 | F96: 2 | G96: 8 | H96: 827.82 | I96: 37.576 | J96: 45481 | K96: 0.61197917 | L96: 0 | M96: 0 | N96: 0 | O96: 0 | P96: 0 | Q96: 0 | R96: 0 | S96: 0 | T96: 0 | U96: 0 | V96: 0 | W96: 0 | Y96: =Y95 -> 37.8516
A97: atlarch-tune-spec-crc-overr-flags | B97: 3 | C97: WR00L2L2 | D97: 36000 | E97: 160 | F97: 2 | G97: 8 | H97: 818.02 | I97: 38.026 | J97: 45481 | K97: 0.62179398 | L97: 0 | M97: 0 | N97: 0 | O97: 0 | P97: 0 | Q97: 0 | R97: 0 | S97: 0 | T97: 0 | U97: 0 | V97: 0 | W97: 0 | Y97: =Y96 -> 37.8516
A98: atlarch-tune-spec-crc-overr-flags | B98: 4 | C98: WR00L2L2 | D98: 36000 | E98: 160 | F98: 2 | G98: 8 | H98: 818.87 | I98: 37.986 | J98: 45481 | K98: 0.6316088 | L98: 0 | M98: 0 | N98: 0 | O98: 0 | P98: 0 | Q98: 0 | R98: 0 | S98: 0 | T98: 0 | U98: 0 | V98: 0 | W98: 0 | Y98: =Y97 -> 37.8516
A99: atlarch-tune-spec | B99: 0 | C99: WR00L2L2 | D99: 36000 | E99: 160 | F99: 2 | G99: 8 | H99: 820.12 | I99: 37.928 | J99: 45127 | K99: 0.81981481 | Y99: =AVERAGE(I99:I103) -> 37.8396
A100: atlarch-tune-spec | B100: 1 | C100: WR00L2L2 | D100: 36000 | E100: 160 | F100: 2 | G100: 8 | H100: 818.46 | I100: 38.005 | J100: 45127 | K100: 0.83011574 | Y100: =Y99 -> 37.8396
...

Sheet 1 node, params, RAW
A1: Max avg. GFLOPS (and params): | E1: =MAX(N:N) -> 11.673 | F1: =INDEX(C:C,MATCH(MAX($N:$N),$N:$N,0)) -> 19040 | G1: =INDEX(D:D,MATCH(MAX($N:$N),$N:$N,0)) -> 160 | H1: =INDEX(E:E,MATCH(MAX($N:$N),$N:$N,0)) -> 1 | I1: =INDEX(F:F,MATCH(MAX($N:$N),$N:$N,0)) -> 4 | K1: ATLAS ("--bind to" ne utječe na rez) | N1: Average GFLOP/s | Q1: Max avg. GFLOPS (and params): | U1: =MAX(AD:AD) -> 12.9226 | V1: =INDEX(S:S,MATCH(MAX($AD:$AD),$AD:$AD,0)) -> 20096 | W1: =INDEX(T:T,MATCH(MAX($AD:$AD),$AD:$AD,0)) -> 128 | X1: =INDEX(U:U,MATCH(MAX($AD:$AD),$AD:$AD,0)) -> 1 | Y1: =INDEX(V:V,MATCH(MAX($AD:$AD),$AD:$AD,0)) -> 4 | AA1: OpenBLAS | AD1: Average GFLOP/s | AF1: Max avg. GFLOPS (and params): | AJ1: =MAX(AS:AS) -> 13.0066 | AK1: =INDEX(AH:AH,MATCH(MAX($AS:$AS),$AS:$AS,0)) -> 20096 | AL1: =INDEX(AI:AI,MATCH(MAX($AS:$AS),$AS:$AS,0)) -> 128 | AM1: =INDEX(AJ:AJ,MATCH(MAX($AS:$AS),$AS:$AS,0)) -> 1 | AN1: =INDEX(AK:AK,MATCH(MAX($AS:$AS),$AS:$AS,0)) -> 4 | AP1: OpenBLAS (--bind-to core za mpiexec) | AS1: Average GFLOP/s | AV1: Max avg. GFLOPS (and params): | AZ1: =MAX(BI:BI) -> 12.889333 | BA1: =INDEX(AX:AX,MATCH(MAX($BI:$BI),$BI:$BI,0)) -> 20096 | BB1: =INDEX(AY:AY,MATCH(MAX($BI:$BI),$BI:$BI,0)) -> 128 | BC1: =INDEX(AZ:AZ,MATCH(MAX($BI:$BI),$BI:$BI,0)) -> 1 | BD1: =INDEX(BA:BA,MATCH(MAX($BI:$BI),$BI:$BI,0)) -> 4 | BF1: OpenBLAS - old, by Luke Vassallo | BI1: Average GFLOP/s
A2: MAX GFLOPS: | C2: =MAX(H4:H835) -> 11.748 | K2: raspi21 throttling time [1/100s] | Q2: MAX GFLOPS: | S2: =MAX(X4:X835) -> 13.224 | AA2: raspi21 throttling time [1/100s] | AF2: MAX GFLOPS: | AH2: =MAX(AM4:AM835) -> 13.113 | AP2: raspi21 throttling time [1/100s] | AV2: MAX GFLOPS: | AX2: =MAX(BC4:BC835) -> 13.034 | BF2: raspi21 throttling time [1/100s]
A3: RUN | C3: N | D3: NB | E3: P | F3: Q | G3: Time | H3: GFLOPS | I3: Date | J3: Time | K3: 1200MHz | L3: 1300MHz | M3: 1400MHz | Q3: RUN | S3: N | T3: NB | U3: P | V3: Q | W3: Time | X3: GFLOPS | Y3: Date | Z3: Time | AA3: 1200MHz | AB3: 1300MHz | AC3: 1400MHz | AF3: RUN | AH3: N | AI3: NB | AJ3: P | AK3: Q | AL3: Time | AM3: GFLOPS | AN3: Date | AO3: Time | AP3: 1200MHz | AQ3: 1300MHz | AR3: 1400MHz | AV3: RUN | AX3: N | AY3: NB | AZ3: P | BA3: Q | BB3: Time | BC3: GFLOPS | BD3: Date | BE3: Time | BF3: 1200MHz | BG3: 1300MHz | BH3: 1400MHz
A4: 0 | B4: WR00L2L2 | C4: 17984 | D4: 32 | E4: 1 | F4: 4 | G4: 566.48 | H4: 6.846 | I4: 45508 | J4: 0.84255787 | K4: 0 | L4: 0 | M4: 0 | N4: =AVERAGE(H4:H8) -> 6.87264 | Q4: 0 | R4: WR00L2L2 | S4: 17984 | T4: 32 | U4: 1 | V4: 4 | W4: 518.2 | X4: 7.4838 | Y4: 45505 | Z4: 0.72141204 | AA4: 0 | AB4: 0 | AC4: 0 | AD4: =AVERAGE(X4:X8) -> 7.46272 | AF4: 0 | AG4: WR00L2L2 | AH4: 20096 | AI4: 128 | AJ4: 1 | AK4: 4 | AL4: 412.64 | AM4: 13.113 | AN4: 45509 | AO4: 0.026041667 | AP4: 0 | AQ4: 0 | AR4: 0 | AS4: =AVERAGE(AM4:AM8) -> 13.0066 | AT4: =AS4 -> 13.0066 | AV4: id | AW4: experiment_name | AX4: HPL_N | AY4: HPL_NB | AZ4: HPL_P | BA4: HPL_Q | BB4: HPL_TIME | BC4: HPL_FLOPS
A5: 1 | B5: WR00L2L2 | C5: 17984 | D5: 32 | E5: 1 | F5: 4 | G5: 563.96 | H5: 6.8766 | I5: 45509 | J5: 0.11178241 | K5: 0 | L5: 0 | M5: 0 | N5: =N4 -> 6.87264 | Q5: 1 | R5: WR00L2L2 | S5: 17984 | T5: 32 | U5: 1 | V5: 4 | W5: 519.9 | X5: 7.4594 | Y5: 45505 | Z5: 0.96112269 | AA5: 0 | AB5: 0 | AC5: 0 | AD5: =AD4 -> 7.46272 | AF5: 1 | AG5: WR00L2L2 | AH5: 20096 | AI5: 128 | AJ5: 1 | AK5: 4 | AL5: 415.81 | AM5: 13.013 | AN5: 45509 | AO5: 0.26369213 | AP5: 0 | AQ5: 0 | AR5: 0 | AS5: =AS4 -> 13.0066 | AT5: =AT4 -> 13.0066 | AV5: 1 | AW5: test-1node | AX5: 18048 | AY5: 32 | AZ5: 1 | BA5: 4 | BB5: 527.2 | BC5: 7.4349 | BF5: 0 | BG5: 0 | BH5: 0 | BI5: =AVERAGE(BC5:BC10) -> 7.4426333
A6: 2 | B6: WR00L2L2 | C6: 17984 | D6: 32 | E6: 1 | F6: 4 | G6: 563.83 | H6: 6.8782 | I6: 45509 | J6: 0.37996528 | K6: 0 | L6: 0 | M6: 0 | N6: =N5 -> 6.87264 | Q6: 2 | R6: WR00L2L2 | S6: 17984 | T6: 32 | U6: 1 | V6: 4 | W6: 520.34 | X6: 7.4531 | Y6: 45506 | Z6: 0.19832176 | AA6: 0 | AB6: 0 | AC6: 0 | AD6: =AD5 -> 7.46272 | AF6: 2 | AG6: WR00L2L2 | AH6: 20096 | AI6: 128 | AJ6: 1 | AK6: 4 | AL6: 418.29 | AM6: 12.936 | AN6: 45509 | AO6: 0.5019213 | AP6: 0 | AQ6: 0 | AR6: 0 | AS6: =AS5 -> 13.0066 | AT6: =AT5 -> 13.0066 | AV6: 49 | AW6: test-1node | AX6: 18048 | AY6: 32 | AZ6: 1 | BA6: 4 | BB6: 525.69 | BC6: 7.4563 | BF6: 0 | BG6: 0 | BH6: 0 | BI6: =BI5 -> 7.4426333
A7: 3 | B7: WR00L2L2 | C7: 17984 | D7: 32 | E7: 1 | F7: 4 | G7: 563.4 | H7: 6.8835 | I7: 45509 | J7: 0.6478588 | K7: 0 | L7: 0 | M7: 0 | N7: =N6 -> 6.87264 | Q7: 3 | R7: WR00L2L2 | S7: 17984 | T7: 32 | U7: 1 | V7: 4 | W7: 519.86 | X7: 7.46 | Y7: 45506 | Z7: 0.43575231 | AA7: 0 | AB7: 0 | AC7: 0 | AD7: =AD6 -> 7.46272 | AF7: 3 | AG7: WR00L2L2 | AH7: 20096 | AI7: 128 | AJ7: 1 | AK7: 4 | AL7: 415.47 | AM7: 13.024 | AN7: 45509 | AO7: 0.74020833 | AP7: 0 | AQ7: 0 | AR7: 0 | AS7: =AS6 -> 13.0066 | AT7: =AT6 -> 13.0066 | AV7: 97 | AW7: test-1node | AX7: 18048 | AY7: 32 | AZ7: 1 | BA7: 4 | BB7: 526.57 | BC7: 7.4438 | BF7: 0 | BG7: 0 | BH7: 0 | BI7: =BI6 -> 7.4426333
A8: 4 | B8: WR00L2L2 | C8: 17984 | D8: 32 | E8: 1 | F8: 4 | G8: 563.77 | H8: 6.8789 | I8: 45509 | J8: 0.91585648 | K8: 0 | L8: 0 | M8: 0 | N8: =N7 -> 6.87264 | Q8: 4 | R8: WR00L2L2 | S8: 17984 | T8: 32 | U8: 1 | V8: 4 | W8: 520.04 | X8: 7.4573 | Y8: 45506 | Z8: 0.67290509 | AA8: 0 | AB8: 0 | AC8: 0 | AD8: =AD7 -> 7.46272 | AF8: 4 | AG8: WR00L2L2 | AH8: 20096 | AI8: 128 | AJ8: 1 | AK8: 4 | AL8: 417.95 | AM8: 12.947 | AN8: 45509 | AO8: 0.97791667 | AP8: 0 | AQ8: 0 | AR8: 0 | AS8: =AS7 -> 13.0066 | AT8: =AT7 -> 13.0066 | AV8: 145 | AW8: test-1node | AX8: 18048 | AY8: 32 | AZ8: 1 | BA8: 4 | BB8: 526.26 | BC8: 7.4481 | BF8: 0 | BG8: 0 | BH8: 0 | BI8: =BI7 -> 7.4426333
A9: 0 | B9: WR00L2L2 | C9: 19072 | D9: 32 | E9: 1 | F9: 4 | G9: 657.65 | H9: 7.0332 | I9: 45508 | J9: 0.91997685 | K9: 0 | L9: 0 | M9: 0 | N9: =AVERAGE(H9:H13) -> 7.0233 | Q9: 0 | R9: WR00L2L2 | S9: 19072 | T9: 32 | U9: 1 | V9: 4 | W9: 587.42 | X9: 7.8741 | Y9: 45505 | Z9: 0.78939815 | AA9: 0 | AB9: 0 | AC9: 0 | AD9: =AVERAGE(X9:X13) -> 7.84898 | AF9: 0 | AG9: WR00L2L2 | AH9: 19072 | AI9: 128 | AJ9: 1 | AK9: 4 | AL9: 364.37 | AM9: 12.694 | AN9: 45508 | AO9: 0.94113426 | AP9: 0 | AQ9: 0 | AR9: 0 | AS9: =AVERAGE(AM9:AM13) -> 12.9614 | AT9: =AS9 -> 12.9614 | AV9: 193 | AW9: test-1node | AX9: 18048 | AY9: 32 | AZ9: 1 | BA9: 4 | BB9: 527.39 | BC9: 7.4322 | BF9: 0 | BG9: 0 | BH9: 0 | BI9: =BI8 -> 7.4426333
A10: 1 | B10: WR00L2L2 | C10: 19072 | D10: 32 | E10: 1 | F10: 4 | G10: 665.85 | H10: 6.9466 | I10: 45509 | J10: 0.18851852 | K10: 0 | L10: 0 | M10: 0 | N10: =N9 -> 7.0233 | Q10: 1 | R10: WR00L2L2 | S10: 19072 | T10: 32 | U10: 1 | V10: 4 | W10: 587.94 | X10: 7.8671 | Y10: 45506 | Z10: 0.028414352 | AA10: 0 | AB10: 0 | AC10: 0 | AD10: =AD9 -> 7.84898 | AF10: 1 | AG10: WR00L2L2 | AH10: 19072 | AI10: 128 | AJ10: 1 | AK10: 4 | AL10: 357.13 | AM10: 12.952 | AN10: 45509 | AO10: 0.1784375 | AP10: 0 | AQ10: 0 | AR10: 0 | AS10: =AS9 -> 12.9614 | AT10: =AT9 -> 12.9614 | AV10: 241 | AW10: test-1node | AX10: 18048 | AY10: 32 | AZ10: 1 | BA10: 4 | BB10: 526.8 | BC10: 7.4405 | BF10: 0 | BG10: 0 | BH10: 0 | BI10: =BI9 -> 7.4426333
A11: 2 | B11: WR00L2L2 | C11: 19072 | D11: 32 | E11: 1 | F11: 4 | G11: 656.74 | H11: 7.043 | I11: 45509 | J11: 0.45658565 | K11: 0 | L11: 0 | M11: 0 | N11: =N10 -> 7.0233 | Q11: 2 | R11: WR00L2L2 | S11: 19072 | T11: 32 | U11: 1 | V11: 4 | W11: 589.31 | X11: 7.8489 | Y11: 45506 | Z11: 0.26583333 | AA11: 0 | AB11: 0 | AC11: 0 | AD11: =AD10 -> 7.84898 | AF11: 2 | AG11: WR00L2L2 | AH11: 19072 | AI11: 128 | AJ11: 1 | AK11: 4 | AL11: 353.6 | AM11: 13.081 | AN11: 45509 | AO11: 0.41577546 | AP11: 0 | AQ11: 0 | AR11: 0 | AS11: =AS10 -> 12.9614 | AT11: =AT10 -> 12.9614 | AV11: 17 | AW11: test-1node | AX11: 19072 | AY11: 32 | AZ11: 1 | BA11: 4 | BB11: 593.61 | BC11: 7.792 | BF11: 0 | BG11: 0 | BH11: 0 | BI11: =AVERAGE(BC11:BC16) -> 7.7875833
A12: 3 | B12: WR00L2L2 | C12: 19072 | D12: 32 | E12: 1 | F12: 4 | G12: 656.55 | H12: 7.045 | I12: 45509 | J12: 0.72453704 | K12: 0 | L12: 0 | M12: 0 | N12: =N11 -> 7.0233 | Q12: 3 | R12: WR00L2L2 | S12: 19072 | T12: 32 | U12: 1 | V12: 4 | W12: 591.47 | X12: 7.8202 | Y12: 45506 | Z12: 0.50315972 | AA12: 0 | AB12: 0 | AC12: 0 | AD12: =AD11 -> 7.84898 | AF12: 3 | AG12: WR00L2L2 | AH12: 19072 | AI12: 128 | AJ12: 1 | AK12: 4 | AL12: 352.89 | AM12: 13.107 | AN12: 45509 | AO12: 0.65447917 | AP12: 0 | AQ12: 0 | AR12: 0 | AS12: =AS11 -> 12.9614 | AT12: =AT11 -> 12.9614 | AV12: 65 | AW12: test-1node | AX12: 19072 | AY12: 32 | AZ12: 1 | BA12: 4 | BB12: 592.51 | BC12: 7.8064 | BF12: 0 | BG12: 0 | BH12: 0 | BI12: =BI11 -> 7.7875833
A13: 4 | B13: WR00L2L2 | C13: 19072 | D13: 32 | E13: 1 | F13: 4 | G13: 656.21 | H13: 7.0487 | I13: 45509 | J13: 0.9924537 | K13: 0 | L13: 0 | M13: 0 | N13: =N12 -> 7.0233 | Q13: 4 | R13: WR00L2L2 | S13: 19072 | T13: 32 | U13: 1 | V13: 4 | W13: 590.38 | X13: 7.8346 | Y13: 45506 | Z13: 0.74033565 | AA13: 0 | AB13: 0 | AC13: 0 | AD13: =AD12 -> 7.84898 | AF13: 4 | AG13: WR00L2L2 | AH13: 19072 | AI13: 128 | AJ13: 1 | AK13: 4 | AL13: 356.53 | AM13: 12.973 | AN13: 45509 | AO13: 0.89252315 | AP13: 0 | AQ13: 0 | AR13: 0 | AS13: =AS12 -> 12.9614 | AT13: =AT12 -> 12.9614 | AV13: 113 | AW13: test-1node | AX13: 19072 | AY13: 32 | AZ13: 1 | BA13: 4 | BB13: 593.35 | BC13: 7.7954 | BF13: 0 | BG13: 0 | BH13: 0 | BI13: =BI12 -> 7.7875833
A14: 0 | B14: WR00L2L2 | C14: 20160 | D14: 32 | E14: 1 | F14: 4 | G14: 787.67 | H14: 6.9356 | I14: 45509 | J14: 0.010115741 | K14: 0 | L14: 0 | M14: 0 | N14: =AVERAGE(H14:H18) -> 6.92302 | Q14: 0 | R14: WR00L2L2 | S14: 20160 | T14: 32 | U14: 1 | V14: 4 | W14: 711.94 | X14: 7.6734 | Y14: 45505 | Z14: 0.87028935 | AA14: 0 | AB14: 0 | AC14: 0 | AD14: =AVERAGE(X14:X18) -> 7.6702 | AF14: 0 | AG14: WR00L2L2 | AH14: 19008 | AI14: 192 | AJ14: 1 | AK14: 4 | AL14: 356.68 | AM14: 12.838 | AN14: 45508 | AO14: 0.95920139 | AP14: 0 | AQ14: 0 | AR14: 0 | AS14: =AVERAGE(AM14:AM18) -> 12.8602 | AT14: =AS14 -> 12.8602 | AV14: 161 | AW14: test-1node | AX14: 19072 | AY14: 32 | AZ14: 1 | BA14: 4 | BB14: 597.05 | BC14: 7.747 | BF14: 0 | BG14: 0 | BH14: 0 | BI14: =BI13 -> 7.7875833
A15: 1 | B15: WR00L2L2 | C15: 20160 | D15: 32 | E15: 1 | F15: 4 | G15: 787.9 | H15: 6.9336 | I15: 45509 | J15: 0.27825231 | K15: 0 | L15: 0 | M15: 0 | N15: =N14 -> 6.92302 | Q15: 1 | R15: WR00L2L2 | S15: 20160 | T15: 32 | U15: 1 | V15: 4 | W15: 710.23 | X15: 7.6918 | Y15: 45506 | Z15: 0.10800926 | AA15: 0 | AB15: 0 | AC15: 0 | AD15: =AD14 -> 7.6702 | AF15: 1 | AG15: WR00L2L2 | AH15: 19008 | AI15: 192 | AJ15: 1 | AK15: 4 | AL15: 354.92 | AM15: 12.902 | AN15: 45509 | AO15: 0.19662037 | AP15: 0 | AQ15: 0 | AR15: 0 | AS15: =AS14 -> 12.8602 | AT15: =AT14 -> 12.8602 | AV15: 209 | AW15: test-1node | AX15: 19072 | AY15: 32 | AZ15: 1 | BA15: 4 | BB15: 594.62 | BC15: 7.7788 | BF15: 0 | BG15: 0 | BH15: 0 | BI15: =BI14 -> 7.7875833
A16: 2 | B16: WR00L2L2 | C16: 20160 | D16: 32 | E16: 1 | F16: 4 | G16: 790.24 | H16: 6.913 | I16: 45509 | J16: 0.54626157 | K16: 0 | L16: 0 | M16: 0 | N16: =N15 -> 6.92302 | Q16: 2 | R16: WR00L2L2 | S16: 20160 | T16: 32 | U16: 1 | V16: 4 | W16: 712.64 | X16: 7.6659 | Y16: 45506 | Z16: 0.34525463 | AA16: 0 | AB16: 0 | AC16: 0 | AD16: =AD15 -> 7.6702 | AF16: 2 | AG16: WR00L2L2 | AH16: 19008 | AI16: 192 | AJ16: 1 | AK16: 4 | AL16: 354.32 | AM16: 12.923 | AN16: 45509 | AO16: 0.43391204 | AP16: 0 | AQ16: 0 | AR16: 0 | AS16: =AS15 -> 12.8602 | AT16: =AT15 -> 12.8602 | AV16: 257 | AW16: test-1node | AX16: 19072 | AY16: 32 | AZ16: 1 | BA16: 4 | BB16: 592.55 | BC16: 7.8059 | BF16: 0 | BG16: 0 | BH16: 0 | BI16: =BI15 -> 7.7875833
A17: 3 | B17: WR00L2L2 | C17: 20160 | D17: 32 | E17: 1 | F17: 4 | G17: 790.81 | H17: 6.9081 | I17: 45509 | J17: 0.81415509 | K17: 0 | L17: 0 | M17: 0 | N17: =N16 -> 6.92302 | Q17: 3 | R17: WR00L2L2 | S17: 20160 | T17: 32 | U17: 1 | V17: 4 | W17: 712.52 | X17: 7.6671 | Y17: 45506 | Z17: 0.58262731 | AA17: 0 | AB17: 0 | AC17: 0 | AD17: =AD16 -> 7.6702 | AF17: 3 | AG17: WR00L2L2 | AH17: 19008 | AI17: 192 | AJ17: 1 | AK17: 4 | AL17: 358.9 | AM17: 12.758 | AN17: 45509 | AO17: 0.67280093 | AP17: 0 | AQ17: 0 | AR17: 0 | AS17: =AS16 -> 12.8602 | AT17: =AT16 -> 12.8602 | AV17: 33 | AW17: test-1node | AX17: 20096 | AY17: 32 | AZ17: 1 | BA17: 4 | BB17: 700.72 | BC17: 7.7222 | BF17: 0 | BG17: 0 | BH17: 0 | BI17: =AVERAGE(BC17:BC22) -> 7.68585
A18: 4 | B18: WR00L2L2 | C18: 20160 | D18: 32 | E18: 1 | F18: 4 | G18: 788.9 | H18: 6.9248 | I18: 45510 | J18: 0.082141204 | K18: 0 | L18: 0 | M18: 0 | N18: =N17 -> 6.92302 | Q18: 4 | R18: WR00L2L2 | S18: 20160 | T18: 32 | U18: 1 | V18: 4 | W18: 713.86 | X18: 7.6528 | Y18: 45506 | Z18: 0.82027778 | AA18: 0 | AB18: 0 | AC18: 0 | AD18: =AD17 -> 7.6702 | AF18: 4 | AG18: WR00L2L2 | AH18: 19008 | AI18: 192 | AJ18: 1 | AK18: 4 | AL18: 355.52 | AM18: 12.88 | AN18: 45509 | AO18: 0.91061343 | AP18: 0 | AQ18: 0 | AR18: 0 | AS18: =AS17 -> 12.8602 | AT18: =AT17 -> 12.8602 | AV18: 81 | AW18: test-1node | AX18: 20096 | AY18: 32 | AZ18: 1 | BA18: 4 | BB18: 702.1 | BC18: 7.7071 | BF18: 0 | BG18: 0 | BH18: 0 | BI18: =BI17 -> 7.68585
A19: 0 | B19: WR00L2L2 | C19: 17984 | D19: 32 | E19: 2 | F19: 2 | G19: 563.08 | H19: 6.8873 | I19: 45508 | J19: 0.84931713 | K19: 0 | L19: 0 | M19: 0 | N19: =AVERAGE(H19:H23) -> 6.8488 | Q19: 0 | R19: WR00L2L2 | S19: 17984 | T19: 32 | U19: 2 | V19: 2 | W19: 506.12 | X19: 7.6625 | Y19: 45505 | Z19: 0.72751157 | AA19: 0 | AB19: 0 | AC19: 0 | AD19: =AVERAGE(X19:X23) -> 7.65188 | AF19: 0 | AG19: WR00L2L2 | AH19: 20160 | AI19: 192 | AJ19: 1 | AK19: 4 | AL19: 426.13 | AM19: 12.82 | AN19: 45509 | AO19: 0.047592593 | AP19: 0 | AQ19: 0 | AR19: 0 | AS19: =AVERAGE(AM19:AM23) -> 12.7894 | AT19: =AS19 -> 12.7894 | AV19: 129 | AW19: test-1node | AX19: 20096 | AY19: 32 | AZ19: 1 | BA19: 4 | BB19: 700.34 | BC19: 7.7264 | BF19: 0 | BG19: 0 | BH19: 0 | BI19: =BI18 -> 7.68585
A20: 1 | B20: WR00L2L2 | C20: 17984 | D20: 32 | E20: 2 | F20: 2 | G20: 566.81 | H20: 6.842 | I20: 45509 | J20: 0.11857639 | K20: 0 | L20: 0 | M20: 0 | N20: =N19 -> 6.8488 | Q20: 1 | R20: WR00L2L2 | S20: 17984 | T20: 32 | U20: 2 | V20: 2 | W20: 507.46 | X20: 7.6423 | Y20: 45505 | Z20: 0.96724537 | AA20: 0 | AB20: 0 | AC20: 0 | AD20: =AD19 -> 7.65188 | AF20: 1 | AG20: WR00L2L2 | AH20: 20160 | AI20: 192 | AJ20: 1 | AK20: 4 | AL20: 425.08 | AM20: 12.852 | AN20: 45509 | AO20: 0.28524306 | AP20: 0 | AQ20: 0 | AR20: 0 | AS20: =AS19 -> 12.7894 | AT20: =AT19 -> 12.7894 | AV20: 177 | AW20: test-1node | AX20: 20096 | AY20: 32 | AZ20: 1 | BA20: 4 | BB20: 702.13 | BC20: 7.7067 | BF20: 0 | BG20: 0 | BH20: 0 | BI20: =BI19 -> 7.68585
A21: 2 | B21: WR00L2L2 | C21: 17984 | D21: 32 | E21: 2 | F21: 2 | G21: 566.09 | H21: 6.8507 | I21: 45509 | J21: 0.38675926 | K21: 0 | L21: 0 | M21: 0 | N21: =N20 -> 6.8488 | Q21: 2 | R21: WR00L2L2 | S21: 17984 | T21: 32 | U21: 2 | V21: 2 | W21: 506.44 | X21: 7.6576 | Y21: 45506 | Z21: 0.20443287 | AA21: 0 | AB21: 0 | AC21: 0 | AD21: =AD20 -> 7.65188 | AF21: 2 | AG21: WR00L2L2 | AH21: 20160 | AI21: 192 | AJ21: 1 | AK21: 4 | AL21: 429 | AM21: 12.734 | AN21: 45509 | AO21: 0.52356481 | AP21: 0 | AQ21: 0 | AR21: 0 | AS21: =AS20 -> 12.7894 | AT21: =AT20 -> 12.7894 | AV21: 225 | AW21: test-1node | AX21: 20096 | AY21: 32 | AZ21: 1 | BA21: 4 | BB21: 703.8 | BC21: 7.6884 | BF21: 0 | BG21: 0 | BH21: 0 | BI21: =BI20 -> 7.68585
A22: 3 | B22: WR00L2L2 | C22: 17984 | D22: 32 | E22: 2 | F22: 2 | G22: 566.65 | H22: 6.844 | I22: 45509 | J22: 0.65465278 | K22: 0 | L22: 0 | M22: 0 | N22: =N21 -> 6.8488 | Q22: 3 | R22: WR00L2L2 | S22: 17984 | T22: 32 | U22: 2 | V22: 2 | W22: 506.87 | X22: 7.6512 | Y22: 45506 | Z22: 0.44186343 | AA22: 0 | AB22: 0 | AC22: 0 | AD22: =AD21 -> 7.65188 | AF22: 3 | AG22: WR00L2L2 | AH22: 20160 | AI22: 192 | AJ22: 1 | AK22: 4 | AL22: 426.39 | AM22: 12.812 | AN22: 45509 | AO22: 0.76178241 | AP22: 0 | AQ22: 0 | AR22: 0 | AS22: =AS21 -> 12.7894 | AT22: =AT21 -> 12.7894 | AV22: 273 | AW22: test-1node | AX22: 20096 | AY22: 32 | AZ22: 1 | BA22: 4 | BB22: 715.34 | BC22: 7.5643 | BF22: 0 | BG22: 0 | BH22: 0 | BI22: =BI21 -> 7.68585
A23: 4 | B23: WR00L2L2 | C23: 17984 | D23: 32 | E23: 2 | F23: 2 | G23: 568.64 | H23: 6.82 | I23: 45509 | J23: 0.92267361 | K23: 0 | L23: 0 | M23: 0 | N23: =N22 -> 6.8488 | Q23: 4 | R23: WR00L2L2 | S23: 17984 | T23: 32 | U23: 2 | V23: 2 | W23: 507.23 | X23: 7.6458 | Y23: 45506 | Z23: 0.6790162 | AA23: 0 | AB23: 0 | AC23: 0 | AD23: =AD22 -> 7.65188 | AF23: 4 | AG23: WR00L2L2 | AH23: 20160 | AI23: 192 | AJ23: 1 | AK23: 4 | AL23: 429.18 | AM23: 12.729 | AN23: 45509 | AO23: 0.99950231 | AP23: 0 | AQ23: 0 | AR23: 0 | AS23: =AS22 -> 12.7894 | AT23: =AT22 -> 12.7894 | AV23: 2 | AW23: test-1node | AX23: 18048 | AY23: 32 | AZ23: 2 | BA23: 2 | BB23: 509.84 | BC23: 7.688 | BF23: 0 | BG23: 0 | BH23: 0 | BI23: =AVERAGE(BC23:BC28) -> 7.68225
A24: 0 | B24: WR00L2L2 | C24: 19072 | D24: 32 | E24: 2 | F24: 2 | G24: 666.08 | H24: 6.9442 | I24: 45508 | J24: 0.92795139 | K24: 0 | L24: 0 | M24: 0 | N24: =AVERAGE(H24:H28) -> 6.94606 | Q24: 0 | R24: WR00L2L2 | S24: 19072 | T24: 32 | U24: 2 | V24: 2 | W24: 597.47 | X24: 7.7416 | Y24: 45505 | Z24: 0.79658565 | AA24: 0 | AB24: 0 | AC24: 0 | AD24: =AVERAGE(X24:X28) -> 7.74676 | AF24: 0 | AG24: WR00L2L2 | AH24: 19008 | AI24: 96 | AJ24: 1 | AK24: 4 | AL24: 356.45 | AM24: 12.846 | AN24: 45508 | AO24: 0.93208333 | AP24: 0 | AQ24: 0 | AR24: 0 | AS24: =AVERAGE(AM24:AM28) -> 12.779 | AT24: =AS24 -> 12.779 | AV24: 50 | AW24: test-1node | AX24: 18048 | AY24: 32 | AZ24: 2 | BA24: 2 | BB24: 511.07 | BC24: 7.6696 | BF24: 0 | BG24: 0 | BH24: 0 | BI24: =BI23 -> 7.68225
A25: 1 | B25: WR00L2L2 | C25: 19072 | D25: 32 | E25: 2 | F25: 2 | G25: 665.89 | H25: 6.9462 | I25: 45509 | J25: 0.19650463 | K25: 0 | L25: 0 | M25: 0 | N25: =N24 -> 6.94606 | Q25: 1 | R25: WR00L2L2 | S25: 19072 | T25: 32 | U25: 2 | V25: 2 | W25: 595.9 | X25: 7.762 | Y25: 45506 | Z25: 0.035578704 | AA25: 0 | AB25: 0 | AC25: 0 | AD25: =AD24 -> 7.74676 | AF25: 1 | AG25: WR00L2L2 | AH25: 19008 | AI25: 96 | AJ25: 1 | AK25: 4 | AL25: 359.75 | AM25: 12.728 | AN25: 45509 | AO25: 0.16943287 | AP25: 0 | AQ25: 0 | AR25: 0 | AS25: =AS24 -> 12.779 | AT25: =AT24 -> 12.779 | AV25: 98 | AW25: test-1node | AX25: 18048 | AY25: 32 | AZ25: 2 | BA25: 2 | BB25: 510.21 | BC25: 7.6824 | BF25: 0 | BG25: 0 | BH25: 0 | BI25: =BI24 -> 7.68225
A26: 2 | B26: WR00L2L2 | C26: 19072 | D26: 32 | E26: 2 | F26: 2 | G26: 666.12 | H26: 6.9437 | I26: 45509 | J26: 0.46456019 | K26: 0 | L26: 0 | M26: 0 | N26: =N25 -> 6.94606 | Q26: 2 | R26: WR00L2L2 | S26: 19072 | T26: 32 | U26: 2 | V26: 2 | W26: 595.89 | X26: 7.7622 | Y26: 45506 | Z26: 0.27299769 | AA26: 0 | AB26: 0 | AC26: 0 | AD26: =AD25 -> 7.74676 | AF26: 2 | AG26: WR00L2L2 | AH26: 19008 | AI26: 96 | AJ26: 1 | AK26: 4 | AL26: 358.14 | AM26: 12.786 | AN26: 45509 | AO26: 0.40685185 | AP26: 0 | AQ26: 0 | AR26: 0 | AS26: =AS25 -> 12.779 | AT26: =AT25 -> 12.779 | AV26: 146 | AW26: test-1node | AX26: 18048 | AY26: 32 | AZ26: 2 | BA26: 2 | BB26: 511.16 | BC26: 7.6683 | BF26: 0 | BG26: 0 | BH26: 0 | BI26: =BI25 -> 7.68225
A27: 3 | B27: WR00L2L2 | C27: 19072 | D27: 32 | E27: 2 | F27: 2 | G27: 665.51 | H27: 6.9502 | I27: 45509 | J27: 0.73251157 | K27: 0 | L27: 0 | M27: 0 | N27: =N26 -> 6.94606 | Q27: 3 | R27: WR00L2L2 | S27: 19072 | T27: 32 | U27: 2 | V27: 2 | W27: 596.23 | X27: 7.7578 | Y27: 45506 | Z27: 0.51033565 | AA27: 0 | AB27: 0 | AC27: 0 | AD27: =AD26 -> 7.74676 | AF27: 3 | AG27: WR00L2L2 | AH27: 19008 | AI27: 96 | AJ27: 1 | AK27: 4 | AL27: 356.73 | AM27: 12.836 | AN27: 45509 | AO27: 0.64530093 | AP27: 0 | AQ27: 0 | AR27: 0 | AS27: =AS26 -> 12.779 | AT27: =AT26 -> 12.779 | AV27: 194 | AW27: test-1node | AX27: 18048 | AY27: 32 | AZ27: 2 | BA27: 2 | BB27: 509.74 | BC27: 7.6896 | BF27: 0 | BG27: 0 | BH27: 0 | BI27: =BI26 -> 7.68225
A28: 4 | B28: WR00L2L2 | C28: 19072 | D28: 32 | E28: 2 | F28: 2 | G28: 665.91 | H28: 6.946 | I28: 45510 | J28: 0.00043981481 | K28: 0 | L28: 0 | M28: 0 | N28: =N27 -> 6.94606 | Q28: 4 | R28: WR00L2L2 | S28: 19072 | T28: 32 | U28: 2 | V28: 2 | W28: 599.91 | X28: 7.7102 | Y28: 45506 | Z28: 0.74755787 | AA28: 0 | AB28: 0 | AC28: 0 | AD28: =AD27 -> 7.74676 | AF28: 4 | AG28: WR00L2L2 | AH28: 19008 | AI28: 96 | AJ28: 1 | AK28: 4 | AL28: 360.57 | AM28: 12.699 | AN28: 45509 | AO28: 0.88355324 | AP28: 0 | AQ28: 0 | AR28: 0 | AS28: =AS27 -> 12.779 | AT28: =AT27 -> 12.779 | AV28: 242 | AW28: test-1node | AX28: 18048 | AY28: 32 | AZ28: 2 | BA28: 2 | BB28: 509.34 | BC28: 7.6956 | BF28: 0 | BG28: 0 | BH28: 0 | BI28: =BI27 -> 7.68225
A29: 0 | B29: WR00L2L2 | C29: 20160 | D29: 32 | E29: 2 | F29: 2 | G29: 801.97 | H29: 6.8119 | I29: 45509 | J29: 0.019699074 | K29: 0 | L29: 0 | M29: 0 | N29: =AVERAGE(H29:H33) -> 6.79426 | Q29: 0 | R29: WR00L2L2 | S29: 20160 | T29: 32 | U29: 2 | V29: 2 | W29: 725.8 | X29: 7.5268 | Y29: 45505 | Z29: 0.87899306 | AA29: 0 | AB29: 0 | AC29: 0 | AD29: =AVERAGE(X29:X33) -> 7.51472 | AF29: 0 | AG29: WR00L2L2 | AH29: 17920 | AI29: 128 | AJ29: 1 | AK29: 4 | AL29: 299.13 | AM29: 12.827 | AN29: 45508 | AO29: 0.86915509 | AP29: 0 | AQ29: 0 | AR29: 0 | AS29: =AVERAGE(AM29:AM33) -> 12.766 | AT29: =AS29 -> 12.766 | AV29: 18 | AW29: test-1node | AX29: 19072 | AY29: 32 | AZ29: 2 | BA29: 2 | BB29: 600.66 | BC29: 7.7005 | BF29: 0 | BG29: 0 | BH29: 0 | BI29: =AVERAGE(BC29:BC34) -> 7.7301667
A30: 1 | B30: WR00L2L2 | C30: 20160 | D30: 32 | E30: 2 | F30: 2 | G30: 803.65 | H30: 6.7977 | I30: 45509 | J30: 0.2878588 | K30: 0 | L30: 0 | M30: 0 | N30: =N29 -> 6.79426 | Q30: 1 | R30: WR00L2L2 | S30: 20160 | T30: 32 | U30: 2 | V30: 2 | W30: 729.64 | X30: 7.4872 | Y30: 45506 | Z30: 0.11675926 | AA30: 0 | AB30: 0 | AC30: 0 | AD30: =AD29 -> 7.51472 | AF30: 1 | AG30: WR00L2L2 | AH30: 17920 | AI30: 128 | AJ30: 1 | AK30: 4 | AL30: 298.08 | AM30: 12.872 | AN30: 45509 | AO30: 0.10643519 | AP30: 0 | AQ30: 0 | AR30: 0 | AS30: =AS29 -> 12.766 | AT30: =AT29 -> 12.766 | AV30: 66 | AW30: test-1node | AX30: 19072 | AY30: 32 | AZ30: 2 | BA30: 2 | BB30: 597.38 | BC30: 7.7428 | BF30: 0 | BG30: 0 | BH30: 0 | BI30: =BI29 -> 7.7301667
A31: 2 | B31: WR00L2L2 | C31: 20160 | D31: 32 | E31: 2 | F31: 2 | G31: 803.9 | H31: 6.7956 | I31: 45509 | J31: 0.55585648 | K31: 0 | L31: 0 | M31: 0 | N31: =N30 -> 6.79426 | Q31: 2 | R31: WR00L2L2 | S31: 20160 | T31: 32 | U31: 2 | V31: 2 | W31: 725.27 | X31: 7.5323 | Y31: 45506 | Z31: 0.35394676 | AA31: 0 | AB31: 0 | AC31: 0 | AD31: =AD30 -> 7.51472 | AF31: 2 | AG31: WR00L2L2 | AH31: 17920 | AI31: 128 | AJ31: 1 | AK31: 4 | AL31: 300.29 | AM31: 12.777 | AN31: 45509 | AO31: 0.34398148 | AP31: 0 | AQ31: 0 | AR31: 0 | AS31: =AS30 -> 12.766 | AT31: =AT30 -> 12.766 | AV31: 114 | AW31: test-1node | AX31: 19072 | AY31: 32 | AZ31: 2 | BA31: 2 | BB31: 598.5 | BC31: 7.7284 | BF31: 0 | BG31: 0 | BH31: 0 | BI31: =BI30 -> 7.7301667
A32: 3 | B32: WR00L2L2 | C32: 20160 | D32: 32 | E32: 2 | F32: 2 | G32: 804.54 | H32: 6.7902 | I32: 45509 | J32: 0.82377315 | K32: 0 | L32: 0 | M32: 0 | N32: =N31 -> 6.79426 | Q32: 3 | R32: WR00L2L2 | S32: 20160 | T32: 32 | U32: 2 | V32: 2 | W32: 728.84 | X32: 7.4954 | Y32: 45506 | Z32: 0.59136574 | AA32: 0 | AB32: 0 | AC32: 0 | AD32: =AD31 -> 7.51472 | AF32: 3 | AG32: WR00L2L2 | AH32: 17920 | AI32: 128 | AJ32: 1 | AK32: 4 | AL32: 301.17 | AM32: 12.74 | AN32: 45509 | AO32: 0.58243056 | AP32: 0 | AQ32: 0 | AR32: 0 | AS32: =AS31 -> 12.766 | AT32: =AT31 -> 12.766 | AV32: 162 | AW32: test-1node | AX32: 19072 | AY32: 32 | AZ32: 2 | BA32: 2 | BB32: 598.46 | BC32: 7.7288 | BF32: 0 | BG32: 0 | BH32: 0 | BI32: =BI31 -> 7.7301667
A33: 4 | B33: WR00L2L2 | C33: 20160 | D33: 32 | E33: 2 | F33: 2 | G33: 806.24 | H33: 6.7759 | I33: 45510 | J33: 0.091782407 | K33: 0 | L33: 0 | M33: 0 | N33: =N32 -> 6.79426 | Q33: 4 | R33: WR00L2L2 | S33: 20160 | T33: 32 | U33: 2 | V33: 2 | W33: 725.31 | X33: 7.5319 | Y33: 45506 | Z33: 0.82896991 | AA33: 0 | AB33: 0 | AC33: 0 | AD33: =AD32 -> 7.51472 | AF33: 4 | AG33: WR00L2L2 | AH33: 17920 | AI33: 128 | AJ33: 1 | AK33: 4 | AL33: 304.17 | AM33: 12.614 | AN33: 45509 | AO33: 0.820625 | AP33: 0 | AQ33: 0 | AR33: 0 | AS33: =AS32 -> 12.766 | AT33: =AT32 -> 12.766 | AV33: 210 | AW33: test-1node | AX33: 19072 | AY33: 32 | AZ33: 2 | BA33: 2 | BB33: 597.68 | BC33: 7.7389 | BF33: 0 | BG33: 0 | BH33: 0 | BI33: =BI32 -> 7.7301667
A34: 0 | B34: WR00L2L2 | C34: 17984 | D34: 64 | E34: 1 | F34: 4 | G34: 386.12 | H34: 10.044 | I34: 45508 | J34: 0.85403935 | K34: 0 | L34: 0 | M34: 0 | N34: =AVERAGE(H34:H38) -> 10.1258 | Q34: 0 | R34: WR00L2L2 | S34: 17984 | T34: 64 | U34: 1 | V34: 4 | W34: 332.25 | X34: 11.672 | Y34: 45505 | Z34: 0.73162037 | AA34: 0 | AB34: 0 | AC34: 0 | AD34: =AVERAGE(X34:X38) -> 11.69 | AF34: 0 | AG34: WR00L2L2 | AH34: 19040 | AI34: 224 | AJ34: 1 | AK34: 4 | AL34: 360.5 | AM34: 12.766 | AN34: 45508 | AO34: 0.96825231 | AP34: 0 | AQ34: 0 | AR34: 0 | AS34: =AVERAGE(AM34:AM38) -> 12.7298 | AT34: =AS34 -> 12.7298 | AV34: 258 | AW34: test-1node | AX34: 19072 | AY34: 32 | AZ34: 2 | BA34: 2 | BB34: 597.48 | BC34: 7.7416 | BF34: 0 | BG34: 0 | BH34: 0 | BI34: =BI33 -> 7.7301667
A35: 1 | B35: WR00L2L2 | C35: 17984 | D35: 64 | E35: 1 | F35: 4 | G35: 382.45 | H35: 10.14 | I35: 45509 | J35: 0.12325231 | K35: 0 | L35: 0 | M35: 0 | N35: =N34 -> 10.1258 | Q35: 1 | R35: WR00L2L2 | S35: 17984 | T35: 64 | U35: 1 | V35: 4 | W35: 331.61 | X35: 11.695 | Y35: 45505 | Z35: 0.97134259 | AA35: 0 | AB35: 0 | AC35: 0 | AD35: =AD34 -> 11.69 | AF35: 1 | AG35: WR00L2L2 | AH35: 19040 | AI35: 224 | AJ35: 1 | AK35: 4 | AL35: 361.12 | AM35: 12.744 | AN35: 45509 | AO35: 0.20565972 | AP35: 0 | AQ35: 0 | AR35: 0 | AS35: =AS34 -> 12.7298 | AT35: =AT34 -> 12.7298 | AV35: 34 | AW35: test-1node | AX35: 20096 | AY35: 32 | AZ35: 2 | BA35: 2 | BB35: 715.82 | BC35: 7.5593 | BF35: 0 | BG35: 0 | BH35: 0 | BI35: =AVERAGE(BC35:BC40) -> 7.5499167
A36: 2 | B36: WR00L2L2 | C36: 17984 | D36: 64 | E36: 1 | F36: 4 | G36: 382.23 | H36: 10.146 | I36: 45509 | J36: 0.39143519 | K36: 0 | L36: 0 | M36: 0 | N36: =N35 -> 10.1258 | Q36: 2 | R36: WR00L2L2 | S36: 17984 | T36: 64 | U36: 1 | V36: 4 | W36: 330.2 | X36: 11.745 | Y36: 45506 | Z36: 0.20851852 | AA36: 0 | AB36: 0 | AC36: 0 | AD36: =AD35 -> 11.69 | AF36: 2 | AG36: WR00L2L2 | AH36: 19040 | AI36: 224 | AJ36: 1 | AK36: 4 | AL36: 361.94 | AM36: 12.715 | AN36: 45509 | AO36: 0.44331019 | AP36: 0 | AQ36: 0 | AR36: 0 | AS36: =AS35 -> 12.7298 | AT36: =AT35 -> 12.7298 | AV36: 82 | AW36: test-1node | AX36: 20096 | AY36: 32 | AZ36: 2 | BA36: 2 | BB36: 717.22 | BC36: 7.5445 | BF36: 0 | BG36: 0 | BH36: 0 | BI36: =BI35 -> 7.5499167
A37: 3 | B37: WR00L2L2 | C37: 17984 | D37: 64 | E37: 1 | F37: 4 | G37: 382.33 | H37: 10.143 | I37: 45509 | J37: 0.6593287 | K37: 0 | L37: 0 | M37: 0 | N37: =N36 -> 10.1258 | Q37: 3 | R37: WR00L2L2 | S37: 17984 | T37: 64 | U37: 1 | V37: 4 | W37: 331 | X37: 11.716 | Y37: 45506 | Z37: 0.44596065 | AA37: 0 | AB37: 0 | AC37: 0 | AD37: =AD36 -> 11.69 | AF37: 3 | AG37: WR00L2L2 | AH37: 19040 | AI37: 224 | AJ37: 1 | AK37: 4 | AL37: 361.94 | AM37: 12.715 | AN37: 45509 | AO37: 0.68185185 | AP37: 0 | AQ37: 0 | AR37: 0 | AS37: =AS36 -> 12.7298 | AT37: =AT36 -> 12.7298 | AV37: 130 | AW37: test-1node | AX37: 20096 | AY37: 32 | AZ37: 2 | BA37: 2 | BB37: 716.97 | BC37: 7.5471 | BF37: 0 | BG37: 0 | BH37: 0 | BI37: =BI36 -> 7.5499167
A38: 4 | B38: WR00L2L2 | C38: 17984 | D38: 64 | E38: 1 | F38: 4 | G38: 381.85 | H38: 10.156 | I38: 45509 | J38: 0.92736111 | K38: 0 | L38: 0 | M38: 0 | N38: =N37 -> 10.1258 | Q38: 4 | R38: WR00L2L2 | S38: 17984 | T38: 64 | U38: 1 | V38: 4 | W38: 333.69 | X38: 11.622 | Y38: 45506 | Z38: 0.68313657 | AA38: 0 | AB38: 0 | AC38: 0 | AD38: =AD37 -> 11.69 | AF38: 4 | AG38: WR00L2L2 | AH38: 19040 | AI38: 224 | AJ38: 1 | AK38: 4 | AL38: 362.11 | AM38: 12.709 | AN38: 45509 | AO38: 0.91965278 | AP38: 0 | AQ38: 0 | AR38: 0 | AS38: =AS37 -> 12.7298 | AT38: =AT37 -> 12.7298 | AV38: 178 | AW38: test-1node | AX38: 20096 | AY38: 32 | AZ38: 2 | BA38: 2 | BB38: 716.99 | BC38: 7.5469 | BF38: 0 | BG38: 0 | BH38: 0 | BI38: =BI37 -> 7.5499167
A39: 0 | B39: WR00L2L2 | C39: 19072 | D39: 64 | E39: 1 | F39: 4 | G39: 453.41 | H39: 10.201 | I39: 45508 | J39: 0.9334838 | K39: 0 | L39: 0 | M39: 0 | N39: =AVERAGE(H39:H43) -> 10.278 | Q39: 0 | R39: WR00L2L2 | S39: 19072 | T39: 64 | U39: 1 | V39: 4 | W39: 385.11 | X39: 12.011 | Y39: 45505 | Z39: 0.80134259 | AA39: 0 | AB39: 0 | AC39: 0 | AD39: =AVERAGE(X39:X43) -> 11.9558 | AF39: 0 | AG39: WR00L2L2 | AH39: 18944 | AI39: 256 | AJ39: 1 | AK39: 4 | AL39: 348.56 | AM39: 13.004 | AN39: 45508 | AO39: 0.97709491 | AP39: 0 | AQ39: 0 | AR39: 0 | AS39: =AVERAGE(AM39:AM43) -> 12.7104 | AT39: =AS39 -> 12.7104 | AV39: 226 | AW39: test-1node | AX39: 20096 | AY39: 32 | AZ39: 2 | BA39: 2 | BB39: 716.85 | BC39: 7.5484 | BF39: 0 | BG39: 0 | BH39: 0 | BI39: =BI38 -> 7.5499167
A40: 1 | B40: WR00L2L2 | C40: 19072 | D40: 64 | E40: 1 | F40: 4 | G40: 448.92 | H40: 10.303 | I40: 45509 | J40: 0.20197917 | K40: 0 | L40: 0 | M40: 0 | N40: =N39 -> 10.278 | Q40: 1 | R40: WR00L2L2 | S40: 19072 | T40: 64 | U40: 1 | V40: 4 | W40: 388.34 | X40: 11.911 | Y40: 45506 | Z40: 0.04037037 | AA40: 0 | AB40: 0 | AC40: 0 | AD40: =AD39 -> 11.9558 | AF40: 1 | AG40: WR00L2L2 | AH40: 18944 | AI40: 256 | AJ40: 1 | AK40: 4 | AL40: 355.91 | AM40: 12.736 | AN40: 45509 | AO40: 0.21469907 | AP40: 0 | AQ40: 0 | AR40: 0 | AS40: =AS39 -> 12.7104 | AT40: =AT39 -> 12.7104 | AV40: 274 | AW40: test-1node | AX40: 20096 | AY40: 32 | AZ40: 2 | BA40: 2 | BB40: 716.39 | BC40: 7.5533 | BF40: 0 | BG40: 0 | BH40: 0 | BI40: =BI39 -> 7.5499167
A41: 2 | B41: WR00L2L2 | C41: 19072 | D41: 64 | E41: 1 | F41: 4 | G41: 448.99 | H41: 10.302 | I41: 45509 | J41: 0.47003472 | K41: 0 | L41: 0 | M41: 0 | N41: =N40 -> 10.278 | Q41: 2 | R41: WR00L2L2 | S41: 19072 | T41: 64 | U41: 1 | V41: 4 | W41: 386.38 | X41: 11.971 | Y41: 45506 | Z41: 0.2777662 | AA41: 0 | AB41: 0 | AC41: 0 | AD41: =AD40 -> 11.9558 | AF41: 2 | AG41: WR00L2L2 | AH41: 18944 | AI41: 256 | AJ41: 1 | AK41: 4 | AL41: 362.38 | AM41: 12.509 | AN41: 45509 | AO41: 0.45232639 | AP41: 0 | AQ41: 0 | AR41: 0 | AS41: =AS40 -> 12.7104 | AT41: =AT40 -> 12.7104 | AV41: 3 | AW41: test-1node | AX41: 18048 | AY41: 64 | AZ41: 1 | BA41: 4 | BB41: 336.97 | BC41: 11.632 | BF41: 0 | BG41: 0 | BH41: 0 | BI41: =AVERAGE(BC41:BC46) -> 11.650167
A42: 3 | B42: WR00L2L2 | C42: 19072 | D42: 64 | E42: 1 | F42: 4 | G42: 449.84 | H42: 10.282 | I42: 45509 | J42: 0.73799769 | K42: 0 | L42: 0 | M42: 0 | N42: =N41 -> 10.278 | Q42: 3 | R42: WR00L2L2 | S42: 19072 | T42: 64 | U42: 1 | V42: 4 | W42: 386.03 | X42: 11.982 | Y42: 45506 | Z42: 0.51510417 | AA42: 0 | AB42: 0 | AC42: 0 | AD42: =AD41 -> 11.9558 | AF42: 3 | AG42: WR00L2L2 | AH42: 18944 | AI42: 256 | AJ42: 1 | AK42: 4 | AL42: 360.53 | AM42: 12.573 | AN42: 45509 | AO42: 0.69090278 | AP42: 0 | AQ42: 0 | AR42: 0 | AS42: =AS41 -> 12.7104 | AT42: =AT41 -> 12.7104 | AV42: 51 | AW42: test-1node | AX42: 18048 | AY42: 64 | AZ42: 1 | BA42: 4 | BB42: 335.72 | BC42: 11.676 | BF42: 0 | BG42: 0 | BH42: 0 | BI42: =BI41 -> 11.650167
A43: 4 | B43: WR00L2L2 | C43: 19072 | D43: 64 | E43: 1 | F43: 4 | G43: 448.97 | H43: 10.302 | I43: 45510 | J43: 0.0059143519 | K43: 0 | L43: 0 | M43: 0 | N43: =N42 -> 10.278 | Q43: 4 | R43: WR00L2L2 | S43: 19072 | T43: 64 | U43: 1 | V43: 4 | W43: 388.55 | X43: 11.904 | Y43: 45506 | Z43: 0.75234954 | AA43: 0 | AB43: 0 | AC43: 0 | AD43: =AD42 -> 11.9558 | AF43: 4 | AG43: WR00L2L2 | AH43: 18944 | AI43: 256 | AJ43: 1 | AK43: 4 | AL43: 356.08 | AM43: 12.73 | AN43: 45509 | AO43: 0.92863426 | AP43: 0 | AQ43: 0 | AR43: 0 | AS43: =AS42 -> 12.7104 | AT43: =AT42 -> 12.7104 | AV43: 99 | AW43: test-1node | AX43: 18048 | AY43: 64 | AZ43: 1 | BA43: 4 | BB43: 337.31 | BC43: 11.62 | BF43: 0 | BG43: 0 | BH43: 0 | BI43: =BI42 -> 11.650167
A44: 0 | B44: WR00L2L2 | C44: 20160 | D44: 64 | E44: 1 | F44: 4 | G44: 540.33 | H44: 10.11 | I44: 45509 | J44: 0.026273148 | K44: 0 | L44: 0 | M44: 0 | N44: =AVERAGE(H44:H48) -> 10.0856 | Q44: 0 | R44: WR00L2L2 | S44: 20160 | T44: 64 | U44: 1 | V44: 4 | W44: 459.75 | X44: 11.882 | Y44: 45505 | Z44: 0.8846412 | AA44: 0 | AB44: 0 | AC44: 0 | AD44: =AVERAGE(X44:X48) -> 11.8858 | AF44: 0 | AG44: WR00L2L2 | AH44: 17856 | AI44: 192 | AJ44: 1 | AK44: 4 | AL44: 299.21 | AM44: 12.687 | AN44: 45508 | AO44: 0.88451389 | AP44: 0 | AQ44: 0 | AR44: 0 | AS44: =AVERAGE(AM44:AM48) -> 12.6838 | AT44: =AS44 -> 12.6838 | AV44: 147 | AW44: test-1node | AX44: 18048 | AY44: 64 | AZ44: 1 | BA44: 4 | BB44: 335.82 | BC44: 11.672 | BF44: 0 | BG44: 0 | BH44: 0 | BI44: =BI43 -> 11.650167
A45: 1 | B45: WR00L2L2 | C45: 20160 | D45: 64 | E45: 1 | F45: 4 | G45: 543.21 | H45: 10.057 | I45: 45509 | J45: 0.29446759 | K45: 0 | L45: 0 | M45: 0 | N45: =N44 -> 10.0856 | Q45: 1 | R45: WR00L2L2 | S45: 20160 | T45: 64 | U45: 1 | V45: 4 | W45: 459.93 | X45: 11.878 | Y45: 45506 | Z45: 0.12241898 | AA45: 0 | AB45: 0 | AC45: 0 | AD45: =AD44 -> 11.8858 | AF45: 1 | AG45: WR00L2L2 | AH45: 17856 | AI45: 192 | AJ45: 1 | AK45: 4 | AL45: 300.75 | AM45: 12.622 | AN45: 45509 | AO45: 0.121875 | AP45: 0 | AQ45: 0 | AR45: 0 | AS45: =AS44 -> 12.6838 | AT45: =AT44 -> 12.6838 | AV45: 195 | AW45: test-1node | AX45: 18048 | AY45: 64 | AZ45: 1 | BA45: 4 | BB45: 336.22 | BC45: 11.658 | BF45: 0 | BG45: 0 | BH45: 0 | BI45: =BI44 -> 11.650167
A46: 2 | B46: WR00L2L2 | C46: 20160 | D46: 64 | E46: 1 | F46: 4 | G46: 540.64 | H46: 10.105 | I46: 45509 | J46: 0.56244213 | K46: 0 | L46: 0 | M46: 0 | N46: =N45 -> 10.0856 | Q46: 2 | R46: WR00L2L2 | S46: 20160 | T46: 64 | U46: 1 | V46: 4 | W46: 459.05 | X46: 11.901 | Y46: 45506 | Z46: 0.35960648 | AA46: 0 | AB46: 0 | AC46: 0 | AD46: =AD45 -> 11.8858 | AF46: 2 | AG46: WR00L2L2 | AH46: 17856 | AI46: 192 | AJ46: 1 | AK46: 4 | AL46: 297.93 | AM46: 12.741 | AN46: 45509 | AO46: 0.35929398 | AP46: 0 | AQ46: 0 | AR46: 0 | AS46: =AS45 -> 12.6838 | AT46: =AT45 -> 12.6838 | AV46: 243 | AW46: test-1node | AX46: 18048 | AY46: 64 | AZ46: 1 | BA46: 4 | BB46: 336.64 | BC46: 11.643 | BF46: 0 | BG46: 0 | BH46: 0 | BI46: =BI45 -> 11.650167
A47: 3 | B47: WR00L2L2 | C47: 20160 | D47: 64 | E47: 1 | F47: 4 | G47: 543.55 | H47: 10.05 | I47: 45509 | J47: 0.83038194 | K47: 0 | L47: 0 | M47: 0 | N47: =N46 -> 10.0856 | Q47: 3 | R47: WR00L2L2 | S47: 20160 | T47: 64 | U47: 1 | V47: 4 | W47: 460.09 | X47: 11.874 | Y47: 45506 | Z47: 0.59702546 | AA47: 0 | AB47: 0 | AC47: 0 | AD47: =AD46 -> 11.8858 | AF47: 3 | AG47: WR00L2L2 | AH47: 17856 | AI47: 192 | AJ47: 1 | AK47: 4 | AL47: 298.91 | AM47: 12.699 | AN47: 45509 | AO47: 0.59778935 | AP47: 0 | AQ47: 0 | AR47: 0 | AS47: =AS46 -> 12.6838 | AT47: =AT46 -> 12.6838 | AV47: 19 | AW47: test-1node | AX47: 19072 | AY47: 64 | AZ47: 1 | BA47: 4 | BB47: 392.27 | BC47: 11.791 | BF47: 0 | BG47: 0 | BH47: 0 | BI47: =AVERAGE(BC47:BC52) -> 11.794
A48: 4 | B48: WR00L2L2 | C48: 20160 | D48: 64 | E48: 1 | F48: 4 | G48: 540.54 | H48: 10.106 | I48: 45510 | J48: 0.098356481 | K48: 0 | L48: 0 | M48: 0 | N48: =N47 -> 10.0856 | Q48: 4 | R48: WR00L2L2 | S48: 20160 | T48: 64 | U48: 1 | V48: 4 | W48: 459.31 | X48: 11.894 | Y48: 45506 | Z48: 0.83462963 | AA48: 0 | AB48: 0 | AC48: 0 | AD48: =AD47 -> 11.8858 | AF48: 4 | AG48: WR00L2L2 | AH48: 17856 | AI48: 192 | AJ48: 1 | AK48: 4 | AL48: 299.59 | AM48: 12.67 | AN48: 45509 | AO48: 0.83600694 | AP48: 0 | AQ48: 0 | AR48: 0 | AS48: =AS47 -> 12.6838 | AT48: =AT47 -> 12.6838 | AV48: 67 | AW48: test-1node | AX48: 19072 | AY48: 64 | AZ48: 1 | BA48: 4 | BB48: 392.63 | BC48: 11.78 | BF48: 0 | BG48: 0 | BH48: 0 | BI48: =BI47 -> 11.794
A49: 0 | B49: WR00L2L2 | C49: 17984 | D49: 64 | E49: 2 | F49: 2 | G49: 393.46 | H49: 9.8564 | I49: 45508 | J49: 0.85883102 | K49: 0 | L49: 0 | M49: 0 | N49: =AVERAGE(H49:H53) -> 9.82558 | Q49: 0 | R49: WR00L2L2 | S49: 17984 | T49: 64 | U49: 2 | V49: 2 | W49: 334.72 | X49: 11.586 | Y49: 45505 | Z49: 0.73572917 | AA49: 0 | AB49: 0 | AC49: 0 | AD49: =AVERAGE(X49:X53) -> 11.602 | AF49: 0 | AG49: WR00L2L2 | AH49: 20160 | AI49: 224 | AJ49: 1 | AK49: 4 | AL49: 429.04 | AM49: 12.733 | AN49: 45509 | AO49: 0.058275463 | AP49: 0 | AQ49: 0 | AR49: 0 | AS49: =AVERAGE(AM49:AM53) -> 12.6576 | AT49: =AS49 -> 12.6576 | AV49: 115 | AW49: test-1node | AX49: 19072 | AY49: 64 | AZ49: 1 | BA49: 4 | BB49: 394.93 | BC49: 11.712 | BF49: 0 | BG49: 0 | BH49: 0 | BI49: =BI48 -> 11.794
A50: 1 | B50: WR00L2L2 | C50: 17984 | D50: 64 | E50: 2 | F50: 2 | G50: 395.05 | H50: 9.8167 | I50: 45509 | J50: 0.12806713 | K50: 0 | L50: 0 | M50: 0 | N50: =N49 -> 9.82558 | Q50: 1 | R50: WR00L2L2 | S50: 17984 | T50: 64 | U50: 2 | V50: 2 | W50: 332.73 | X50: 11.656 | Y50: 45505 | Z50: 0.97543981 | AA50: 0 | AB50: 0 | AC50: 0 | AD50: =AD49 -> 11.602 | AF50: 1 | AG50: WR00L2L2 | AH50: 20160 | AI50: 224 | AJ50: 1 | AK50: 4 | AL50: 428.85 | AM50: 12.739 | AN50: 45509 | AO50: 0.29596065 | AP50: 0 | AQ50: 0 | AR50: 0 | AS50: =AS49 -> 12.6576 | AT50: =AT49 -> 12.6576 | AV50: 163 | AW50: test-1node | AX50: 19072 | AY50: 64 | AZ50: 1 | BA50: 4 | BB50: 390.21 | BC50: 11.854 | BF50: 0 | BG50: 0 | BH50: 0 | BI50: =BI49 -> 11.794
A51: 2 | B51: WR00L2L2 | C51: 17984 | D51: 64 | E51: 2 | F51: 2 | G51: 396.15 | H51: 9.7894 | I51: 45509 | J51: 0.39626157 | K51: 0 | L51: 0 | M51: 0 | N51: =N50 -> 9.82558 | Q51: 2 | R51: WR00L2L2 | S51: 17984 | T51: 64 | U51: 2 | V51: 2 | W51: 333.97 | X51: 11.612 | Y51: 45506 | Z51: 0.21261574 | AA51: 0 | AB51: 0 | AC51: 0 | AD51: =AD50 -> 11.602 | AF51: 2 | AG51: WR00L2L2 | AH51: 20160 | AI51: 224 | AJ51: 1 | AK51: 4 | AL51: 429.03 | AM51: 12.733 | AN51: 45509 | AO51: 0.53420139 | AP51: 0 | AQ51: 0 | AR51: 0 | AS51: =AS50 -> 12.6576 | AT51: =AT50 -> 12.6576 | AV51: 211 | AW51: test-1node | AX51: 19072 | AY51: 64 | AZ51: 1 | BA51: 4 | BB51: 392.53 | BC51: 11.784 | BF51: 0 | BG51: 0 | BH51: 0 | BI51: =BI50 -> 11.794
A52: 3 | B52: WR00L2L2 | C52: 17984 | D52: 64 | E52: 2 | F52: 2 | G52: 396.23 | H52: 9.7877 | I52: 45509 | J52: 0.66415509 | K52: 0 | L52: 0 | M52: 0 | N52: =N51 -> 9.82558 | Q52: 3 | R52: WR00L2L2 | S52: 17984 | T52: 64 | U52: 2 | V52: 2 | W52: 334.3 | X52: 11.601 | Y52: 45506 | Z52: 0.45006944 | AA52: 0 | AB52: 0 | AC52: 0 | AD52: =AD51 -> 11.602 | AF52: 3 | AG52: WR00L2L2 | AH52: 20160 | AI52: 224 | AJ52: 1 | AK52: 4 | AL52: 434.85 | AM52: 12.563 | AN52: 45509 | AO52: 0.77251157 | AP52: 0 | AQ52: 0 | AR52: 0 | AS52: =AS51 -> 12.6576 | AT52: =AT51 -> 12.6576 | AV52: 259 | AW52: test-1node | AX52: 19072 | AY52: 64 | AZ52: 1 | BA52: 4 | BB52: 390.57 | BC52: 11.843 | BF52: 0 | BG52: 0 | BH52: 0 | BI52: =BI51 -> 11.794
A53: 4 | B53: WR00L2L2 | C53: 17984 | D53: 64 | E53: 2 | F53: 2 | G53: 392.61 | H53: 9.8777 | I53: 45509 | J53: 0.9321412 | K53: 0 | L53: 0 | M53: 0 | N53: =N52 -> 9.82558 | Q53: 4 | R53: WR00L2L2 | S53: 17984 | T53: 64 | U53: 2 | V53: 2 | W53: 335.62 | X53: 11.555 | Y53: 45506 | Z53: 0.68726852 | AA53: 0 | AB53: 0 | AC53: 0 | AD53: =AD52 -> 11.602 | AF53: 4 | AG53: WR00L2L2 | AH53: 20160 | AI53: 224 | AJ53: 1 | AK53: 4 | AL53: 436.35 | AM53: 12.52 | AN53: 45510 | AO53: 0.010266204 | AP53: 0 | AQ53: 0 | AR53: 0 | AS53: =AS52 -> 12.6576 | AT53: =AT52 -> 12.6576 | AV53: 35 | AW53: test-1node | AX53: 20096 | AY53: 64 | AZ53: 1 | BA53: 4 | BB53: 456.68 | BC53: 11.849 | BF53: 0 | BG53: 0 | BH53: 0 | BI53: =AVERAGE(BC53:BC58) -> 11.811333
A54: 0 | B54: WR00L2L2 | C54: 19072 | D54: 64 | E54: 2 | F54: 2 | G54: 460.81 | H54: 10.038 | I54: 45508 | J54: 0.93908565 | K54: 0 | L54: 0 | M54: 0 | N54: =AVERAGE(H54:H58) -> 10.0658 | Q54: 0 | R54: WR00L2L2 | S54: 19072 | T54: 64 | U54: 2 | V54: 2 | W54: 395.45 | X54: 11.697 | Y54: 45505 | Z54: 0.80619213 | AA54: 0 | AB54: 0 | AC54: 0 | AD54: =AVERAGE(X54:X58) -> 11.6942 | AF54: 0 | AG54: WR00L2L2 | AH54: 19968 | AI54: 256 | AJ54: 1 | AK54: 4 | AL54: 417.66 | AM54: 12.71 | AN54: 45509 | AO54: 0.068865741 | AP54: 0 | AQ54: 0 | AR54: 0 | AS54: =AVERAGE(AM54:AM58) -> 12.654 | AT54: =AS54 -> 12.654 | AV54: 83 | AW54: test-1node | AX54: 20096 | AY54: 64 | AZ54: 1 | BA54: 4 | BB54: 457.31 | BC54: 11.832 | BF54: 0 | BG54: 0 | BH54: 0 | BI54: =BI53 -> 11.811333
A55: 1 | B55: WR00L2L2 | C55: 19072 | D55: 64 | E55: 2 | F55: 2 | G55: 458.79 | H55: 10.082 | I55: 45509 | J55: 0.20755787 | K55: 0 | L55: 0 | M55: 0 | N55: =N54 -> 10.0658 | Q55: 1 | R55: WR00L2L2 | S55: 19072 | T55: 64 | U55: 2 | V55: 2 | W55: 396.52 | X55: 11.665 | Y55: 45506 | Z55: 0.045231481 | AA55: 0 | AB55: 0 | AC55: 0 | AD55: =AD54 -> 11.6942 | AF55: 1 | AG55: WR00L2L2 | AH55: 19968 | AI55: 256 | AJ55: 1 | AK55: 4 | AL55: 411.63 | AM55: 12.896 | AN55: 45509 | AO55: 0.30646991 | AP55: 0 | AQ55: 0 | AR55: 0 | AS55: =AS54 -> 12.654 | AT55: =AT54 -> 12.654 | AV55: 131 | AW55: test-1node | AX55: 20096 | AY55: 64 | AZ55: 1 | BA55: 4 | BB55: 459.37 | BC55: 11.779 | BF55: 0 | BG55: 0 | BH55: 0 | BI55: =BI54 -> 11.811333
A56: 2 | B56: WR00L2L2 | C56: 19072 | D56: 64 | E56: 2 | F56: 2 | G56: 458.53 | H56: 10.087 | I56: 45509 | J56: 0.47561343 | K56: 0 | L56: 0 | M56: 0 | N56: =N55 -> 10.0658 | Q56: 2 | R56: WR00L2L2 | S56: 19072 | T56: 64 | U56: 2 | V56: 2 | W56: 395.11 | X56: 11.707 | Y56: 45506 | Z56: 0.28261574 | AA56: 0 | AB56: 0 | AC56: 0 | AD56: =AD55 -> 11.6942 | AF56: 2 | AG56: WR00L2L2 | AH56: 19968 | AI56: 256 | AJ56: 1 | AK56: 4 | AL56: 424.48 | AM56: 12.506 | AN56: 45509 | AO56: 0.54489583 | AP56: 0 | AQ56: 0 | AR56: 0 | AS56: =AS55 -> 12.654 | AT56: =AT55 -> 12.654 | AV56: 179 | AW56: test-1node | AX56: 20096 | AY56: 64 | AZ56: 1 | BA56: 4 | BB56: 458.32 | BC56: 11.806 | BF56: 0 | BG56: 0 | BH56: 0 | BI56: =BI55 -> 11.811333
A57: 3 | B57: WR00L2L2 | C57: 19072 | D57: 64 | E57: 2 | F57: 2 | G57: 460.78 | H57: 10.038 | I57: 45509 | J57: 0.74359954 | K57: 0 | L57: 0 | M57: 0 | N57: =N56 -> 10.0658 | Q57: 3 | R57: WR00L2L2 | S57: 19072 | T57: 64 | U57: 2 | V57: 2 | W57: 395.54 | X57: 11.694 | Y57: 45506 | Z57: 0.51994213 | AA57: 0 | AB57: 0 | AC57: 0 | AD57: =AD56 -> 11.6942 | AF57: 3 | AG57: WR00L2L2 | AH57: 19968 | AI57: 256 | AJ57: 1 | AK57: 4 | AL57: 421.96 | AM57: 12.58 | AN57: 45509 | AO57: 0.7830787 | AP57: 0 | AQ57: 0 | AR57: 0 | AS57: =AS56 -> 12.654 | AT57: =AT56 -> 12.654 | AV57: 227 | AW57: test-1node | AX57: 20096 | AY57: 64 | AZ57: 1 | BA57: 4 | BB57: 459.78 | BC57: 11.769 | BF57: 0 | BG57: 0 | BH57: 0 | BI57: =BI56 -> 11.811333
A58: 4 | B58: WR00L2L2 | C58: 19072 | D58: 64 | E58: 2 | F58: 2 | G58: 458.7 | H58: 10.084 | I58: 45510 | J58: 0.011493056 | K58: 0 | L58: 0 | M58: 0 | N58: =N57 -> 10.0658 | Q58: 4 | R58: WR00L2L2 | S58: 19072 | T58: 64 | U58: 2 | V58: 2 | W58: 395.05 | X58: 11.708 | Y58: 45506 | Z58: 0.7571875 | AA58: 0 | AB58: 0 | AC58: 0 | AD58: =AD57 -> 11.6942 | AF58: 4 | AG58: WR00L2L2 | AH58: 19968 | AI58: 256 | AJ58: 1 | AK58: 4 | AL58: 422.03 | AM58: 12.578 | AN58: 45510 | AO58: 0.020983796 | AP58: 0 | AQ58: 0 | AR58: 0 | AS58: =AS57 -> 12.654 | AT58: =AT57 -> 12.654 | AV58: 275 | AW58: test-1node | AX58: 20096 | AY58: 64 | AZ58: 1 | BA58: 4 | BB58: 457.31 | BC58: 11.833 | BF58: 0 | BG58: 0 | BH58: 0 | BI58: =BI57 -> 11.811333
A59: 0 | B59: WR00L2L2 | C59: 20160 | D59: 64 | E59: 2 | F59: 2 | G59: 544.33 | H59: 10.036 | I59: 45509 | J59: 0.03287037 | K59: 0 | L59: 0 | M59: 0 | N59: =AVERAGE(H59:H63) -> 10.0298 | Q59: 0 | R59: WR00L2L2 | S59: 20160 | T59: 64 | U59: 2 | V59: 2 | W59: 471.16 | X59: 11.595 | Y59: 45505 | Z59: 0.89039352 | AA59: 0 | AB59: 0 | AC59: 0 | AD59: =AVERAGE(X59:X63) -> 11.6098 | AF59: 0 | AG59: WR00L2L2 | AH59: 17952 | AI59: 96 | AJ59: 1 | AK59: 4 | AL59: 304.8 | AM59: 12.656 | AN59: 45508 | AO59: 0.86158565 | AP59: 0 | AQ59: 0 | AR59: 0 | AS59: =AVERAGE(AM59:AM63) -> 12.6468 | AT59: =AS59 -> 12.6468 | AV59: 4 | AW59: test-1node | AX59: 18048 | AY59: 64 | AZ59: 2 | BA59: 2 | BB59: 338.31 | BC59: 11.586 | BF59: 0 | BG59: 0 | BH59: 0 | BI59: =AVERAGE(BC59:BC64) -> 11.546833
A60: 1 | B60: WR00L2L2 | C60: 20160 | D60: 64 | E60: 2 | F60: 2 | G60: 545.43 | H60: 10.016 | I60: 45509 | J60: 0.30107639 | K60: 0 | L60: 0 | M60: 0 | N60: =N59 -> 10.0298 | Q60: 1 | R60: WR00L2L2 | S60: 20160 | T60: 64 | U60: 2 | V60: 2 | W60: 470.61 | X60: 11.608 | Y60: 45506 | Z60: 0.12815972 | AA60: 0 | AB60: 0 | AC60: 0 | AD60: =AD59 -> 11.6098 | AF60: 1 | AG60: WR00L2L2 | AH60: 17952 | AI60: 96 | AJ60: 1 | AK60: 4 | AL60: 304.62 | AM60: 12.663 | AN60: 45509 | AO60: 0.098900463 | AP60: 0 | AQ60: 0 | AR60: 0 | AS60: =AS59 -> 12.6468 | AT60: =AT59 -> 12.6468 | AV60: 52 | AW60: test-1node | AX60: 18048 | AY60: 64 | AZ60: 2 | BA60: 2 | BB60: 340.25 | BC60: 11.52 | BF60: 0 | BG60: 0 | BH60: 0 | BI60: =BI59 -> 11.546833
A61: 2 | B61: WR00L2L2 | C61: 20160 | D61: 64 | E61: 2 | F61: 2 | G61: 544.76 | H61: 10.028 | I61: 45509 | J61: 0.56903935 | K61: 0 | L61: 0 | M61: 0 | N61: =N60 -> 10.0298 | Q61: 2 | R61: WR00L2L2 | S61: 20160 | T61: 64 | U61: 2 | V61: 2 | W61: 471.53 | X61: 11.586 | Y61: 45506 | Z61: 0.3653588 | AA61: 0 | AB61: 0 | AC61: 0 | AD61: =AD60 -> 11.6098 | AF61: 2 | AG61: WR00L2L2 | AH61: 17952 | AI61: 96 | AJ61: 1 | AK61: 4 | AL61: 306.63 | AM61: 12.58 | AN61: 45509 | AO61: 0.33637731 | AP61: 0 | AQ61: 0 | AR61: 0 | AS61: =AS60 -> 12.6468 | AT61: =AT60 -> 12.6468 | AV61: 100 | AW61: test-1node | AX61: 18048 | AY61: 64 | AZ61: 2 | BA61: 2 | BB61: 339.73 | BC61: 11.538 | BF61: 0 | BG61: 0 | BH61: 0 | BI61: =BI60 -> 11.546833
A62: 3 | B62: WR00L2L2 | C62: 20160 | D62: 64 | E62: 2 | F62: 2 | G62: 545.04 | H62: 10.023 | I62: 45509 | J62: 0.83697917 | K62: 0 | L62: 0 | M62: 0 | N62: =N61 -> 10.0298 | Q62: 3 | R62: WR00L2L2 | S62: 20160 | T62: 64 | U62: 2 | V62: 2 | W62: 470.52 | X62: 11.611 | Y62: 45506 | Z62: 0.60277778 | AA62: 0 | AB62: 0 | AC62: 0 | AD62: =AD61 -> 11.6098 | AF62: 3 | AG62: WR00L2L2 | AH62: 17952 | AI62: 96 | AJ62: 1 | AK62: 4 | AL62: 304.49 | AM62: 12.669 | AN62: 45509 | AO62: 0.57482639 | AP62: 0 | AQ62: 0 | AR62: 0 | AS62: =AS61 -> 12.6468 | AT62: =AT61 -> 12.6468 | AV62: 148 | AW62: test-1node | AX62: 18048 | AY62: 64 | AZ62: 2 | BA62: 2 | BB62: 338.94 | BC62: 11.565 | BF62: 0 | BG62: 0 | BH62: 0 | BI62: =BI61 -> 11.546833
A63: 4 | B63: WR00L2L2 | C63: 20160 | D63: 64 | E63: 2 | F63: 2 | G63: 543.79 | H63: 10.046 | I63: 45510 | J63: 0.10494213 | K63: 0 | L63: 0 | M63: 0 | N63: =N62 -> 10.0298 | Q63: 4 | R63: WR00L2L2 | S63: 20160 | T63: 64 | U63: 2 | V63: 2 | W63: 468.97 | X63: 11.649 | Y63: 45506 | Z63: 0.8403588 | AA63: 0 | AB63: 0 | AC63: 0 | AD63: =AD62 -> 11.6098 | AF63: 4 | AG63: WR00L2L2 | AH63: 17952 | AI63: 96 | AJ63: 1 | AK63: 4 | AL63: 304.55 | AM63: 12.666 | AN63: 45509 | AO63: 0.81298611 | AP63: 0 | AQ63: 0 | AR63: 0 | AS63: =AS62 -> 12.6468 | AT63: =AT62 -> 12.6468 | AV63: 196 | AW63: test-1node | AX63: 18048 | AY63: 64 | AZ63: 2 | BA63: 2 | BB63: 341.08 | BC63: 11.492 | BF63: 0 | BG63: 0 | BH63: 0 | BI63: =BI62 -> 11.546833
A64: 0 | B64: WR00L2L2 | C64: 17952 | D64: 96 | E64: 1 | F64: 4 | G64: 408.75 | H64: 9.4373 | I64: 45508 | J64: 0.86380787 | K64: 0 | L64: 0 | M64: 0 | N64: =AVERAGE(H64:H68) -> 9.62656 | Q64: 0 | R64: WR00L2L2 | S64: 17952 | T64: 96 | U64: 1 | V64: 4 | W64: 303.5 | X64: 12.71 | Y64: 45505 | Z64: 0.73951389 | AA64: 0 | AB64: 0 | AC64: 0 | AD64: =AVERAGE(X64:X68) -> 12.6422 | AF64: 0 | AG64: WR00L2L2 | AH64: 19072 | AI64: 128 | AJ64: 2 | AK64: 2 | AL64: 360.23 | AM64: 12.84 | AN64: 45508 | AO64: 0.9455787 | AP64: 0 | AQ64: 0 | AR64: 0 | AS64: =AVERAGE(AM64:AM68) -> 12.6206 | AT64: =AS64 -> 12.6206 | AV64: 244 | AW64: test-1node | AX64: 18048 | AY64: 64 | AZ64: 2 | BA64: 2 | BB64: 338.48 | BC64: 11.58 | BF64: 0 | BG64: 0 | BH64: 0 | BI64: =BI63 -> 11.546833
A65: 1 | B65: WR00L2L2 | C65: 17952 | D65: 96 | E65: 1 | F65: 4 | G65: 398.4 | H65: 9.6825 | I65: 45509 | J65: 0.13292824 | K65: 0 | L65: 0 | M65: 0 | N65: =N64 -> 9.62656 | Q65: 1 | R65: WR00L2L2 | S65: 17952 | T65: 96 | U65: 1 | V65: 4 | W65: 305.61 | X65: 12.622 | Y65: 45505 | Z65: 0.97923611 | AA65: 0 | AB65: 0 | AC65: 0 | AD65: =AD64 -> 12.6422 | AF65: 1 | AG65: WR00L2L2 | AH65: 19072 | AI65: 128 | AJ65: 2 | AK65: 2 | AL65: 368.31 | AM65: 12.558 | AN65: 45509 | AO65: 0.18298611 | AP65: 0 | AQ65: 0 | AR65: 0 | AS65: =AS64 -> 12.6206 | AT65: =AT64 -> 12.6206 | AV65: 20 | AW65: test-1node | AX65: 19072 | AY65: 64 | AZ65: 2 | BA65: 2 | BB65: 399.81 | BC65: 11.569 | BF65: 0 | BG65: 0 | BH65: 0 | BI65: =AVERAGE(BC65:BC70) -> 11.58
A66: 2 | B66: WR00L2L2 | C66: 17952 | D66: 96 | E66: 1 | F66: 4 | G66: 399.1 | H66: 9.6655 | I66: 45509 | J66: 0.40113426 | K66: 0 | L66: 0 | M66: 0 | N66: =N65 -> 9.62656 | Q66: 2 | R66: WR00L2L2 | S66: 17952 | T66: 96 | U66: 1 | V66: 4 | W66: 304.95 | X66: 12.65 | Y66: 45506 | Z66: 0.21641204 | AA66: 0 | AB66: 0 | AC66: 0 | AD66: =AD65 -> 12.6422 | AF66: 2 | AG66: WR00L2L2 | AH66: 19072 | AI66: 128 | AJ66: 2 | AK66: 2 | AL66: 368.02 | AM66: 12.568 | AN66: 45509 | AO66: 0.42030093 | AP66: 0 | AQ66: 0 | AR66: 0 | AS66: =AS65 -> 12.6206 | AT66: =AT65 -> 12.6206 | AV66: 68 | AW66: test-1node | AX66: 19072 | AY66: 64 | AZ66: 2 | BA66: 2 | BB66: 399.9 | BC66: 11.566 | BF66: 0 | BG66: 0 | BH66: 0 | BI66: =BI65 -> 11.58
A67: 3 | B67: WR00L2L2 | C67: 17952 | D67: 96 | E67: 1 | F67: 4 | G67: 398.4 | H67: 9.6824 | I67: 45509 | J67: 0.66902778 | K67: 0 | L67: 0 | M67: 0 | N67: =N66 -> 9.62656 | Q67: 3 | R67: WR00L2L2 | S67: 17952 | T67: 96 | U67: 1 | V67: 4 | W67: 305.62 | X67: 12.622 | Y67: 45506 | Z67: 0.45386574 | AA67: 0 | AB67: 0 | AC67: 0 | AD67: =AD66 -> 12.6422 | AF67: 3 | AG67: WR00L2L2 | AH67: 19072 | AI67: 128 | AJ67: 2 | AK67: 2 | AL67: 374.49 | AM67: 12.351 | AN67: 45509 | AO67: 0.65908565 | AP67: 0 | AQ67: 0 | AR67: 0 | AS67: =AS66 -> 12.6206 | AT67: =AT66 -> 12.6206 | AV67: 116 | AW67: test-1node | AX67: 19072 | AY67: 64 | AZ67: 2 | BA67: 2 | BB67: 397.49 | BC67: 11.636 | BF67: 0 | BG67: 0 | BH67: 0 | BI67: =BI66 -> 11.58
A68: 4 | B68: WR00L2L2 | C68: 17952 | D68: 96 | E68: 1 | F68: 4 | G68: 399.11 | H68: 9.6651 | I68: 45509 | J68: 0.93700231 | K68: 0 | L68: 0 | M68: 0 | N68: =N67 -> 9.62656 | Q68: 4 | R68: WR00L2L2 | S68: 17952 | T68: 96 | U68: 1 | V68: 4 | W68: 305.98 | X68: 12.607 | Y68: 45506 | Z68: 0.69107639 | AA68: 0 | AB68: 0 | AC68: 0 | AD68: =AD67 -> 12.6422 | AF68: 4 | AG68: WR00L2L2 | AH68: 19072 | AI68: 128 | AJ68: 2 | AK68: 2 | AL68: 361.76 | AM68: 12.786 | AN68: 45509 | AO68: 0.89699074 | AP68: 0 | AQ68: 0 | AR68: 0 | AS68: =AS67 -> 12.6206 | AT68: =AT67 -> 12.6206 | AV68: 164 | AW68: test-1node | AX68: 19072 | AY68: 64 | AZ68: 2 | BA68: 2 | BB68: 402.69 | BC68: 11.486 | BF68: 0 | BG68: 0 | BH68: 0 | BI68: =BI67 -> 11.58
A69: 0 | B69: WR00L2L2 | C69: 19008 | D69: 96 | E69: 1 | F69: 4 | G69: 469.36 | H69: 9.7559 | I69: 45508 | J69: 0.94479167 | K69: 0 | L69: 0 | M69: 0 | N69: =AVERAGE(H69:H73) -> 9.86726 | Q69: 0 | R69: WR00L2L2 | S69: 19008 | T69: 96 | U69: 1 | V69: 4 | W69: 362.17 | X69: 12.643 | Y69: 45505 | Z69: 0.81068287 | AA69: 0 | AB69: 0 | AC69: 0 | AD69: =AVERAGE(X69:X73) -> 12.7106 | AF69: 0 | AG69: WR00L2L2 | AH69: 17920 | AI69: 224 | AJ69: 1 | AK69: 4 | AL69: 304.9 | AM69: 12.584 | AN69: 45508 | AO69: 0.89209491 | AP69: 0 | AQ69: 0 | AR69: 0 | AS69: =AVERAGE(AM69:AM73) -> 12.5836 | AT69: =AS69 -> 12.5836 | AV69: 212 | AW69: test-1node | AX69: 19072 | AY69: 64 | AZ69: 2 | BA69: 2 | BB69: 397.62 | BC69: 11.633 | BF69: 0 | BG69: 0 | BH69: 0 | BI69: =BI68 -> 11.58
A70: 1 | B70: WR00L2L2 | C70: 19008 | D70: 96 | E70: 1 | F70: 4 | G70: 462.97 | H70: 9.8904 | I70: 45509 | J70: 0.21320602 | K70: 0 | L70: 0 | M70: 0 | N70: =N69 -> 9.86726 | Q70: 1 | R70: WR00L2L2 | S70: 19008 | T70: 96 | U70: 1 | V70: 4 | W70: 356.19 | X70: 12.856 | Y70: 45506 | Z70: 0.049652778 | AA70: 0 | AB70: 0 | AC70: 0 | AD70: =AD69 -> 12.7106 | AF70: 1 | AG70: WR00L2L2 | AH70: 17920 | AI70: 224 | AJ70: 1 | AK70: 4 | AL70: 304.16 | AM70: 12.615 | AN70: 45509 | AO70: 0.12946759 | AP70: 0 | AQ70: 0 | AR70: 0 | AS70: =AS69 -> 12.5836 | AT70: =AT69 -> 12.5836 | AV70: 260 | AW70: test-1node | AX70: 19072 | AY70: 64 | AZ70: 2 | BA70: 2 | BB70: 399.09 | BC70: 11.59 | BF70: 0 | BG70: 0 | BH70: 0 | BI70: =BI69 -> 11.58
A71: 2 | B71: WR00L2L2 | C71: 19008 | D71: 96 | E71: 1 | F71: 4 | G71: 462.68 | H71: 9.8968 | I71: 45509 | J71: 0.48125 | K71: 0 | L71: 0 | M71: 0 | N71: =N70 -> 9.86726 | Q71: 2 | R71: WR00L2L2 | S71: 19008 | T71: 96 | U71: 1 | V71: 4 | W71: 363.34 | X71: 12.602 | Y71: 45506 | Z71: 0.28711806 | AA71: 0 | AB71: 0 | AC71: 0 | AD71: =AD70 -> 12.7106 | AF71: 2 | AG71: WR00L2L2 | AH71: 17920 | AI71: 224 | AJ71: 1 | AK71: 4 | AL71: 305.13 | AM71: 12.574 | AN71: 45509 | AO71: 0.36688657 | AP71: 0 | AQ71: 0 | AR71: 0 | AS71: =AS70 -> 12.5836 | AT71: =AT70 -> 12.5836 | AV71: 36 | AW71: test-1node | AX71: 20096 | AY71: 64 | AZ71: 2 | BA71: 2 | BB71: 467.38 | BC71: 11.578 | BF71: 0 | BG71: 0 | BH71: 0 | BI71: =AVERAGE(BC71:BC76) -> 11.530333
A72: 3 | B72: WR00L2L2 | C72: 19008 | D72: 96 | E72: 1 | F72: 4 | G72: 462.54 | H72: 9.8997 | I72: 45509 | J72: 0.74923611 | K72: 0 | L72: 0 | M72: 0 | N72: =N71 -> 9.86726 | Q72: 3 | R72: WR00L2L2 | S72: 19008 | T72: 96 | U72: 1 | V72: 4 | W72: 356.59 | X72: 12.841 | Y72: 45506 | Z72: 0.524375 | AA72: 0 | AB72: 0 | AC72: 0 | AD72: =AD71 -> 12.7106 | AF72: 3 | AG72: WR00L2L2 | AH72: 17920 | AI72: 224 | AJ72: 1 | AK72: 4 | AL72: 304.47 | AM72: 12.602 | AN72: 45509 | AO72: 0.60538194 | AP72: 0 | AQ72: 0 | AR72: 0 | AS72: =AS71 -> 12.5836 | AT72: =AT71 -> 12.5836 | AV72: 84 | AW72: test-1node | AX72: 20096 | AY72: 64 | AZ72: 2 | BA72: 2 | BB72: 468.02 | BC72: 11.562 | BF72: 0 | BG72: 0 | BH72: 0 | BI72: =BI71 -> 11.530333
A73: 4 | B73: WR00L2L2 | C73: 19008 | D73: 96 | E73: 1 | F73: 4 | G73: 462.83 | H73: 9.8935 | I73: 45510 | J73: 0.01712963 | K73: 0 | L73: 0 | M73: 0 | N73: =N72 -> 9.86726 | Q73: 4 | R73: WR00L2L2 | S73: 19008 | T73: 96 | U73: 1 | V73: 4 | W73: 363.11 | X73: 12.611 | Y73: 45506 | Z73: 0.76168981 | AA73: 0 | AB73: 0 | AC73: 0 | AD73: =AD72 -> 12.7106 | AF73: 4 | AG73: WR00L2L2 | AH73: 17920 | AI73: 224 | AJ73: 1 | AK73: 4 | AL73: 305.9 | AM73: 12.543 | AN73: 45509 | AO73: 0.84361111 | AP73: 0 | AQ73: 0 | AR73: 0 | AS73: =AS72 -> 12.5836 | AT73: =AT72 -> 12.5836 | AV73: 132 | AW73: test-1node | AX73: 20096 | AY73: 64 | AZ73: 2 | BA73: 2 | BB73: 472.08 | BC73: 11.462 | BF73: 0 | BG73: 0 | BH73: 0 | BI73: =BI72 -> 11.530333
A74: 0 | B74: WR00L2L2 | C74: 20160 | D74: 96 | E74: 1 | F74: 4 | G74: 558.69 | H74: 9.7781 | I74: 45509 | J74: 0.039652778 | K74: 0 | L74: 0 | M74: 0 | N74: =AVERAGE(H74:H78) -> 9.76884 | Q74: 0 | R74: WR00L2L2 | S74: 20160 | T74: 96 | U74: 1 | V74: 4 | W74: 426.67 | X74: 12.804 | Y74: 45505 | Z74: 0.8956713 | AA74: 0 | AB74: 0 | AC74: 0 | AD74: =AVERAGE(X74:X78) -> 12.7762 | AF74: 0 | AG74: WR00L2L2 | AH74: 17920 | AI74: 256 | AJ74: 1 | AK74: 4 | AL74: 304.52 | AM74: 12.6 | AN74: 45508 | AO74: 0.8996875 | AP74: 0 | AQ74: 0 | AR74: 0 | AS74: =AVERAGE(AM74:AM78) -> 12.576 | AT74: =AS74 -> 12.576 | AV74: 180 | AW74: test-1node | AX74: 20096 | AY74: 64 | AZ74: 2 | BA74: 2 | BB74: 469.84 | BC74: 11.517 | BF74: 0 | BG74: 0 | BH74: 0 | BI74: =BI73 -> 11.530333
A75: 1 | B75: WR00L2L2 | C75: 20160 | D75: 96 | E75: 1 | F75: 4 | G75: 559.65 | H75: 9.7614 | I75: 45509 | J75: 0.30787037 | K75: 0 | L75: 0 | M75: 0 | N75: =N74 -> 9.76884 | Q75: 1 | R75: WR00L2L2 | S75: 20160 | T75: 96 | U75: 1 | V75: 4 | W75: 426.35 | X75: 12.813 | Y75: 45506 | Z75: 0.1334375 | AA75: 0 | AB75: 0 | AC75: 0 | AD75: =AD74 -> 12.7762 | AF75: 1 | AG75: WR00L2L2 | AH75: 17920 | AI75: 256 | AJ75: 1 | AK75: 4 | AL75: 308.2 | AM75: 12.449 | AN75: 45509 | AO75: 0.13715278 | AP75: 0 | AQ75: 0 | AR75: 0 | AS75: =AS74 -> 12.576 | AT75: =AT74 -> 12.576 | AV75: 228 | AW75: test-1node | AX75: 20096 | AY75: 64 | AZ75: 2 | BA75: 2 | BB75: 468.34 | BC75: 11.554 | BF75: 0 | BG75: 0 | BH75: 0 | BI75: =BI74 -> 11.530333
A76: 2 | B76: WR00L2L2 | C76: 20160 | D76: 96 | E76: 1 | F76: 4 | G76: 557.89 | H76: 9.7921 | I76: 45509 | J76: 0.57582176 | K76: 0 | L76: 0 | M76: 0 | N76: =N75 -> 9.76884 | Q76: 2 | R76: WR00L2L2 | S76: 20160 | T76: 96 | U76: 1 | V76: 4 | W76: 431.56 | X76: 12.659 | Y76: 45506 | Z76: 0.37069444 | AA76: 0 | AB76: 0 | AC76: 0 | AD76: =AD75 -> 12.7762 | AF76: 2 | AG76: WR00L2L2 | AH76: 17920 | AI76: 256 | AJ76: 1 | AK76: 4 | AL76: 302.69 | AM76: 12.676 | AN76: 45509 | AO76: 0.37451389 | AP76: 0 | AQ76: 0 | AR76: 0 | AS76: =AS75 -> 12.576 | AT76: =AT75 -> 12.576 | AV76: 276 | AW76: test-1node | AX76: 20096 | AY76: 64 | AZ76: 2 | BA76: 2 | BB76: 470.14 | BC76: 11.509 | BF76: 0 | BG76: 0 | BH76: 0 | BI76: =BI75 -> 11.530333
A77: 3 | B77: WR00L2L2 | C77: 20160 | D77: 96 | E77: 1 | F77: 4 | G77: 560.53 | H77: 9.746 | I77: 45509 | J77: 0.84378472 | K77: 0 | L77: 0 | M77: 0 | N77: =N76 -> 9.76884 | Q77: 3 | R77: WR00L2L2 | S77: 20160 | T77: 96 | U77: 1 | V77: 4 | W77: 426.61 | X77: 12.806 | Y77: 45506 | Z77: 0.60804398 | AA77: 0 | AB77: 0 | AC77: 0 | AD77: =AD76 -> 12.7762 | AF77: 3 | AG77: WR00L2L2 | AH77: 17920 | AI77: 256 | AJ77: 1 | AK77: 4 | AL77: 305.64 | AM77: 12.553 | AN77: 45509 | AO77: 0.61302083 | AP77: 0 | AQ77: 0 | AR77: 0 | AS77: =AS76 -> 12.576 | AT77: =AT76 -> 12.576 | AV77: 5 | AW77: test-1node | AX77: 18048 | AY77: 96 | AZ77: 1 | BA77: 4 | BB77: 310.59 | BC77: 12.62 | BF77: 0 | BG77: 0 | BH77: 0 | BI77: =AVERAGE(BC77:BC82) -> 12.603333
A78: 4 | B78: WR00L2L2 | C78: 20160 | D78: 96 | E78: 1 | F78: 4 | G78: 559.35 | H78: 9.7666 | I78: 45510 | J78: 0.11173611 | K78: 0 | L78: 0 | M78: 0 | N78: =N77 -> 9.76884 | Q78: 4 | R78: WR00L2L2 | S78: 20160 | T78: 96 | U78: 1 | V78: 4 | W78: 426.81 | X78: 12.799 | Y78: 45506 | Z78: 0.84563657 | AA78: 0 | AB78: 0 | AC78: 0 | AD78: =AD77 -> 12.7762 | AF78: 4 | AG78: WR00L2L2 | AH78: 17920 | AI78: 256 | AJ78: 1 | AK78: 4 | AL78: 304.47 | AM78: 12.602 | AN78: 45509 | AO78: 0.8512963 | AP78: 0 | AQ78: 0 | AR78: 0 | AS78: =AS77 -> 12.576 | AT78: =AT77 -> 12.576 | AV78: 53 | AW78: test-1node | AX78: 18048 | AY78: 96 | AZ78: 1 | BA78: 4 | BB78: 310.32 | BC78: 12.631 | BF78: 0 | BG78: 0 | BH78: 0 | BI78: =BI77 -> 12.603333
A79: 0 | B79: WR00L2L2 | C79: 17952 | D79: 96 | E79: 2 | F79: 2 | G79: 369.37 | H79: 10.443 | I79: 45508 | J79: 0.86832176 | K79: 0 | L79: 0 | M79: 0 | N79: =AVERAGE(H79:H83) -> 10.4218 | Q79: 0 | R79: WR00L2L2 | S79: 17952 | T79: 96 | U79: 2 | V79: 2 | W79: 318.09 | X79: 12.127 | Y79: 45505 | Z79: 0.7434375 | AA79: 0 | AB79: 0 | AC79: 0 | AD79: =AVERAGE(X79:X83) -> 12.3546 | AF79: 0 | AG79: WR00L2L2 | AH79: 20160 | AI79: 96 | AJ79: 1 | AK79: 4 | AL79: 429.06 | AM79: 12.732 | AN79: 45509 | AO79: 0.015543981 | AP79: 0 | AQ79: 0 | AR79: 0 | AS79: =AVERAGE(AM79:AM83) -> 12.54 | AT79: =AS79 -> 12.54 | AV79: 101 | AW79: test-1node | AX79: 18048 | AY79: 96 | AZ79: 1 | BA79: 4 | BB79: 312.59 | BC79: 12.539 | BF79: 0 | BG79: 0 | BH79: 0 | BI79: =BI78 -> 12.603333
A80: 1 | B80: WR00L2L2 | C80: 17952 | D80: 96 | E80: 2 | F80: 2 | G80: 370.6 | H80: 10.409 | I80: 45509 | J80: 0.1374537 | K80: 0 | L80: 0 | M80: 0 | N80: =N79 -> 10.4218 | Q80: 1 | R80: WR00L2L2 | S80: 17952 | T80: 96 | U80: 2 | V80: 2 | W80: 311.04 | X80: 12.402 | Y80: 45505 | Z80: 0.9830787 | AA80: 0 | AB80: 0 | AC80: 0 | AD80: =AD79 -> 12.3546 | AF80: 1 | AG80: WR00L2L2 | AH80: 20160 | AI80: 96 | AJ80: 1 | AK80: 4 | AL80: 427.51 | AM80: 12.779 | AN80: 45509 | AO80: 0.2531713 | AP80: 0 | AQ80: 0 | AR80: 0 | AS80: =AS79 -> 12.54 | AT80: =AT79 -> 12.54 | AV80: 149 | AW80: test-1node | AX80: 18048 | AY80: 96 | AZ80: 1 | BA80: 4 | BB80: 311.37 | BC80: 12.589 | BF80: 0 | BG80: 0 | BH80: 0 | BI80: =BI79 -> 12.603333
A81: 2 | B81: WR00L2L2 | C81: 17952 | D81: 96 | E81: 2 | F81: 2 | G81: 370.09 | H81: 10.423 | I81: 45509 | J81: 0.40565972 | K81: 0 | L81: 0 | M81: 0 | N81: =N80 -> 10.4218 | Q81: 2 | R81: WR00L2L2 | S81: 17952 | T81: 96 | U81: 2 | V81: 2 | W81: 309.74 | X81: 12.454 | Y81: 45506 | Z81: 0.22024306 | AA81: 0 | AB81: 0 | AC81: 0 | AD81: =AD80 -> 12.3546 | AF81: 2 | AG81: WR00L2L2 | AH81: 20160 | AI81: 96 | AJ81: 1 | AK81: 4 | AL81: 464.96 | AM81: 11.749 | AN81: 45509 | AO81: 0.49134259 | AP81: 0 | AQ81: 0 | AR81: 0 | AS81: =AS80 -> 12.54 | AT81: =AT80 -> 12.54 | AV81: 197 | AW81: test-1node | AX81: 18048 | AY81: 96 | AZ81: 1 | BA81: 4 | BB81: 309.91 | BC81: 12.648 | BF81: 0 | BG81: 0 | BH81: 0 | BI81: =BI80 -> 12.603333
A82: 3 | B82: WR00L2L2 | C82: 17952 | D82: 96 | E82: 2 | F82: 2 | G82: 370.6 | H82: 10.409 | I82: 45509 | J82: 0.67355324 | K82: 0 | L82: 0 | M82: 0 | N82: =N81 -> 10.4218 | Q82: 3 | R82: WR00L2L2 | S82: 17952 | T82: 96 | U82: 2 | V82: 2 | W82: 310.88 | X82: 12.408 | Y82: 45506 | Z82: 0.45770833 | AA82: 0 | AB82: 0 | AC82: 0 | AD82: =AD81 -> 12.3546 | AF82: 3 | AG82: WR00L2L2 | AH82: 20160 | AI82: 96 | AJ82: 1 | AK82: 4 | AL82: 432.76 | AM82: 12.624 | AN82: 45509 | AO82: 0.72965278 | AP82: 0 | AQ82: 0 | AR82: 0 | AS82: =AS81 -> 12.54 | AT82: =AT81 -> 12.54 | AV82: 245 | AW82: test-1node | AX82: 18048 | AY82: 96 | AZ82: 1 | BA82: 4 | BB82: 311.25 | BC82: 12.593 | BF82: 0 | BG82: 0 | BH82: 0 | BI82: =BI81 -> 12.603333
A83: 4 | B83: WR00L2L2 | C83: 17952 | D83: 96 | E83: 2 | F83: 2 | G83: 370.03 | H83: 10.425 | I83: 45509 | J83: 0.94152778 | K83: 0 | L83: 0 | M83: 0 | N83: =N82 -> 10.4218 | Q83: 4 | R83: WR00L2L2 | S83: 17952 | T83: 96 | U83: 2 | V83: 2 | W83: 311.54 | X83: 12.382 | Y83: 45506 | Z83: 0.69491898 | AA83: 0 | AB83: 0 | AC83: 0 | AD83: =AD82 -> 12.3546 | AF83: 4 | AG83: WR00L2L2 | AH83: 20160 | AI83: 96 | AJ83: 1 | AK83: 4 | AL83: 426.27 | AM83: 12.816 | AN83: 45509 | AO83: 0.96738426 | AP83: 0 | AQ83: 0 | AR83: 0 | AS83: =AS82 -> 12.54 | AT83: =AT82 -> 12.54 | AV83: 21 | AW83: test-1node | AX83: 19072 | AY83: 96 | AZ83: 1 | BA83: 4 | BB83: 367.31 | BC83: 12.656 | BF83: 0 | BG83: 0 | BH83: 0 | BI83: =AVERAGE(BC83:BC88) -> 12.5805
A84: 0 | B84: WR00L2L2 | C84: 19008 | D84: 96 | E84: 2 | F84: 2 | G84: 432.34 | H84: 10.591 | I84: 45508 | J84: 0.95005787 | K84: 0 | L84: 0 | M84: 0 | N84: =AVERAGE(H84:H88) -> 10.5764 | Q84: 0 | R84: WR00L2L2 | S84: 19008 | T84: 96 | U84: 2 | V84: 2 | W84: 369.62 | X84: 12.388 | Y84: 45505 | Z84: 0.81521991 | AA84: 0 | AB84: 0 | AC84: 0 | AD84: =AVERAGE(X84:X88) -> 12.4298 | AF84: 0 | AG84: WR00L2L2 | AH84: 20160 | AI84: 160 | AJ84: 1 | AK84: 4 | AL84: 436.31 | AM84: 12.521 | AN84: 45509 | AO84: 0.036770833 | AP84: 0 | AQ84: 0 | AR84: 0 | AS84: =AVERAGE(AM84:AM88) -> 12.5244 | AT84: =AS84 -> 12.5244 | AV84: 69 | AW84: test-1node | AX84: 19072 | AY84: 96 | AZ84: 1 | BA84: 4 | BB84: 367.52 | BC84: 12.649 | BF84: 0 | BG84: 0 | BH84: 0 | BI84: =BI83 -> 12.5805
A85: 1 | B85: WR00L2L2 | C85: 19008 | D85: 96 | E85: 2 | F85: 2 | G85: 433.18 | H85: 10.571 | I85: 45509 | J85: 0.2184838 | K85: 0 | L85: 0 | M85: 0 | N85: =N84 -> 10.5764 | Q85: 1 | R85: WR00L2L2 | S85: 19008 | T85: 96 | U85: 2 | V85: 2 | W85: 366.81 | X85: 12.483 | Y85: 45506 | Z85: 0.054155093 | AA85: 0 | AB85: 0 | AC85: 0 | AD85: =AD84 -> 12.4298 | AF85: 1 | AG85: WR00L2L2 | AH85: 20160 | AI85: 160 | AJ85: 1 | AK85: 4 | AL85: 437.74 | AM85: 12.48 | AN85: 45509 | AO85: 0.27445602 | AP85: 0 | AQ85: 0 | AR85: 0 | AS85: =AS84 -> 12.5244 | AT85: =AT84 -> 12.5244 | AV85: 117 | AW85: test-1node | AX85: 19072 | AY85: 96 | AZ85: 1 | BA85: 4 | BB85: 367.4 | BC85: 12.653 | BF85: 0 | BG85: 0 | BH85: 0 | BI85: =BI84 -> 12.5805
A86: 2 | B86: WR00L2L2 | C86: 19008 | D86: 96 | E86: 2 | F86: 2 | G86: 432.58 | H86: 10.585 | I86: 45509 | J86: 0.48652778 | K86: 0 | L86: 0 | M86: 0 | N86: =N85 -> 10.5764 | Q86: 2 | R86: WR00L2L2 | S86: 19008 | T86: 96 | U86: 2 | V86: 2 | W86: 365.92 | X86: 12.514 | Y86: 45506 | Z86: 0.29162037 | AA86: 0 | AB86: 0 | AC86: 0 | AD86: =AD85 -> 12.4298 | AF86: 2 | AG86: WR00L2L2 | AH86: 20160 | AI86: 160 | AJ86: 1 | AK86: 4 | AL86: 436.45 | AM86: 12.517 | AN86: 45509 | AO86: 0.5127662 | AP86: 0 | AQ86: 0 | AR86: 0 | AS86: =AS85 -> 12.5244 | AT86: =AT85 -> 12.5244 | AV86: 165 | AW86: test-1node | AX86: 19072 | AY86: 96 | AZ86: 1 | BA86: 4 | BB86: 371.62 | BC86: 12.509 | BF86: 0 | BG86: 0 | BH86: 0 | BI86: =BI85 -> 12.5805
A87: 3 | B87: WR00L2L2 | C87: 19008 | D87: 96 | E87: 2 | F87: 2 | G87: 432.93 | H87: 10.577 | I87: 45509 | J87: 0.75451389 | K87: 0 | L87: 0 | M87: 0 | N87: =N86 -> 10.5764 | Q87: 3 | R87: WR00L2L2 | S87: 19008 | T87: 96 | U87: 2 | V87: 2 | W87: 369.34 | X87: 12.398 | Y87: 45506 | Z87: 0.52891204 | AA87: 0 | AB87: 0 | AC87: 0 | AD87: =AD86 -> 12.4298 | AF87: 3 | AG87: WR00L2L2 | AH87: 20160 | AI87: 160 | AJ87: 1 | AK87: 4 | AL87: 434.79 | AM87: 12.565 | AN87: 45509 | AO87: 0.75100694 | AP87: 0 | AQ87: 0 | AR87: 0 | AS87: =AS86 -> 12.5244 | AT87: =AT86 -> 12.5244 | AV87: 213 | AW87: test-1node | AX87: 19072 | AY87: 96 | AZ87: 1 | BA87: 4 | BB87: 371.52 | BC87: 12.513 | BF87: 0 | BG87: 0 | BH87: 0 | BI87: =BI86 -> 12.5805
A88: 4 | B88: WR00L2L2 | C88: 19008 | D88: 96 | E88: 2 | F88: 2 | G88: 433.68 | H88: 10.558 | I88: 45510 | J88: 0.022407407 | K88: 0 | L88: 0 | M88: 0 | N88: =N87 -> 10.5764 | Q88: 4 | R88: WR00L2L2 | S88: 19008 | T88: 96 | U88: 2 | V88: 2 | W88: 370.29 | X88: 12.366 | Y88: 45506 | Z88: 0.76623843 | AA88: 0 | AB88: 0 | AC88: 0 | AD88: =AD87 -> 12.4298 | AF88: 4 | AG88: WR00L2L2 | AH88: 20160 | AI88: 160 | AJ88: 1 | AK88: 4 | AL88: 435.69 | AM88: 12.539 | AN88: 45509 | AO88: 0.98864583 | AP88: 0 | AQ88: 0 | AR88: 0 | AS88: =AS87 -> 12.5244 | AT88: =AT87 -> 12.5244 | AV88: 261 | AW88: test-1node | AX88: 19072 | AY88: 96 | AZ88: 1 | BA88: 4 | BB88: 371.81 | BC88: 12.503 | BF88: 0 | BG88: 0 | BH88: 0 | BI88: =BI87 -> 12.5805
A89: 0 | B89: WR00L2L2 | C89: 20160 | D89: 96 | E89: 2 | F89: 2 | G89: 525.58 | H89: 10.394 | I89: 45509 | J89: 0.046030093 | K89: 0 | L89: 0 | M89: 0 | N89: =AVERAGE(H89:H93) -> 10.398 | Q89: 0 | R89: WR00L2L2 | S89: 20160 | T89: 96 | U89: 2 | V89: 2 | W89: 437.23 | X89: 12.495 | Y89: 45505 | Z89: 0.90103009 | AA89: 0 | AB89: 0 | AC89: 0 | AD89: =AVERAGE(X89:X93) -> 12.4658 | AF89: 0 | AG89: WR00L2L2 | AH89: 19040 | AI89: 160 | AJ89: 1 | AK89: 4 | AL89: 368.11 | AM89: 12.502 | AN89: 45508 | AO89: 0.95013889 | AP89: 0 | AQ89: 0 | AR89: 0 | AS89: =AVERAGE(AM89:AM93) -> 12.5196 | AT89: =AS89 -> 12.5196 | AV89: 37 | AW89: test-1node | AX89: 20096 | AY89: 96 | AZ89: 1 | BA89: 4 | BB89: 426.9 | BC89: 12.615 | BF89: 0 | BG89: 0 | BH89: 0 | BI89: =AVERAGE(BC89:BC94) -> 12.616333
A90: 1 | B90: WR00L2L2 | C90: 20160 | D90: 96 | E90: 2 | F90: 2 | G90: 529.64 | H90: 10.315 | I90: 45509 | J90: 0.31429398 | K90: 0 | L90: 0 | M90: 0 | N90: =N89 -> 10.398 | Q90: 1 | R90: WR00L2L2 | S90: 20160 | T90: 96 | U90: 2 | V90: 2 | W90: 437.63 | X90: 12.483 | Y90: 45506 | Z90: 0.1387963 | AA90: 0 | AB90: 0 | AC90: 0 | AD90: =AD89 -> 12.4658 | AF90: 1 | AG90: WR00L2L2 | AH90: 19040 | AI90: 160 | AJ90: 1 | AK90: 4 | AL90: 367.94 | AM90: 12.508 | AN90: 45509 | AO90: 0.1875463 | AP90: 0 | AQ90: 0 | AR90: 0 | AS90: =AS89 -> 12.5196 | AT90: =AT89 -> 12.5196 | AV90: 85 | AW90: test-1node | AX90: 20096 | AY90: 96 | AZ90: 1 | BA90: 4 | BB90: 429.65 | BC90: 12.534 | BF90: 0 | BG90: 0 | BH90: 0 | BI90: =BI89 -> 12.616333
A91: 2 | B91: WR00L2L2 | C91: 20160 | D91: 96 | E91: 2 | F91: 2 | G91: 523.53 | H91: 10.435 | I91: 45509 | J91: 0.58217593 | K91: 0 | L91: 0 | M91: 0 | N91: =N90 -> 10.398 | Q91: 2 | R91: WR00L2L2 | S91: 20160 | T91: 96 | U91: 2 | V91: 2 | W91: 438.28 | X91: 12.465 | Y91: 45506 | Z91: 0.37606481 | AA91: 0 | AB91: 0 | AC91: 0 | AD91: =AD90 -> 12.4658 | AF91: 2 | AG91: WR00L2L2 | AH91: 19040 | AI91: 160 | AJ91: 1 | AK91: 4 | AL91: 367.23 | AM91: 12.532 | AN91: 45509 | AO91: 0.42486111 | AP91: 0 | AQ91: 0 | AR91: 0 | AS91: =AS90 -> 12.5196 | AT91: =AT90 -> 12.5196 | AV91: 133 | AW91: test-1node | AX91: 20096 | AY91: 96 | AZ91: 1 | BA91: 4 | BB91: 426.35 | BC91: 12.631 | BF91: 0 | BG91: 0 | BH91: 0 | BI91: =BI90 -> 12.616333
A92: 3 | B92: WR00L2L2 | C92: 20160 | D92: 96 | E92: 2 | F92: 2 | G92: 524.11 | H92: 10.423 | I92: 45509 | J92: 0.85015046 | K92: 0 | L92: 0 | M92: 0 | N92: =N91 -> 10.398 | Q92: 3 | R92: WR00L2L2 | S92: 20160 | T92: 96 | U92: 2 | V92: 2 | W92: 438.25 | X92: 12.466 | Y92: 45506 | Z92: 0.61341435 | AA92: 0 | AB92: 0 | AC92: 0 | AD92: =AD91 -> 12.4658 | AF92: 3 | AG92: WR00L2L2 | AH92: 19040 | AI92: 160 | AJ92: 1 | AK92: 4 | AL92: 367.46 | AM92: 12.524 | AN92: 45509 | AO92: 0.66364583 | AP92: 0 | AQ92: 0 | AR92: 0 | AS92: =AS91 -> 12.5196 | AT92: =AT91 -> 12.5196 | AV92: 181 | AW92: test-1node | AX92: 20096 | AY92: 96 | AZ92: 1 | BA92: 4 | BB92: 425.69 | BC92: 12.651 | BF92: 0 | BG92: 0 | BH92: 0 | BI92: =BI91 -> 12.616333
A93: 4 | B93: WR00L2L2 | C93: 20160 | D93: 96 | E93: 2 | F93: 2 | G93: 524.14 | H93: 10.423 | I93: 45510 | J93: 0.11810185 | K93: 0 | L93: 0 | M93: 0 | N93: =N92 -> 10.398 | Q93: 4 | R93: WR00L2L2 | S93: 20160 | T93: 96 | U93: 2 | V93: 2 | W93: 439.86 | X93: 12.42 | Y93: 45506 | Z93: 0.85101852 | AA93: 0 | AB93: 0 | AC93: 0 | AD93: =AD92 -> 12.4658 | AF93: 4 | AG93: WR00L2L2 | AH93: 19040 | AI93: 160 | AJ93: 1 | AK93: 4 | AL93: 367.24 | AM93: 12.532 | AN93: 45509 | AO93: 0.90153935 | AP93: 0 | AQ93: 0 | AR93: 0 | AS93: =AS92 -> 12.5196 | AT93: =AT92 -> 12.5196 | AV93: 229 | AW93: test-1node | AX93: 20096 | AY93: 96 | AZ93: 1 | BA93: 4 | BB93: 422.52 | BC93: 12.746 | BF93: 0 | BG93: 0 | BH93: 0 | BI93: =BI92 -> 12.616333
A94: 0 | B94: WR00L2L2 | C94: 17920 | D94: 128 | E94: 1 | F94: 4 | G94: 391.63 | H94: 9.7971 | I94: 45508 | J94: 0.87310185 | K94: 0 | L94: 0 | M94: 0 | N94: =AVERAGE(H94:H98) -> 10.04222 | Q94: 0 | R94: WR00L2L2 | S94: 17920 | T94: 128 | U94: 1 | V94: 4 | W94: 324.53 | X94: 11.823 | Y94: 45505 | Z94: 0.7474537 | AA94: 0 | AB94: 0 | AC94: 0 | AD94: =AVERAGE(X94:X98) -> 12.67 | AF94: 0 | AG94: WR00L2L2 | AH94: 20160 | AI94: 192 | AJ94: 2 | AK94: 2 | AL94: 437.08 | AM94: 12.499 | AN94: 45509 | AO94: 0.052962963 | AP94: 0 | AQ94: 0 | AR94: 0 | AS94: =AVERAGE(AM94:AM98) -> 12.5034 | AT94: =AS94 -> 12.5034 | AV94: 277 | AW94: test-1node | AX94: 20096 | AY94: 96 | AZ94: 1 | BA94: 4 | BB94: 430.11 | BC94: 12.521 | BF94: 0 | BG94: 0 | BH94: 0 | BI94: =BI93 -> 12.616333
A95: 1 | B95: WR00L2L2 | C95: 17920 | D95: 128 | E95: 1 | F95: 4 | G95: 379.64 | H95: 10.107 | I95: 45509 | J95: 0.14210648 | K95: 0 | L95: 0 | M95: 0 | N95: =N94 -> 10.04222 | Q95: 1 | R95: WR00L2L2 | S95: 17920 | T95: 128 | U95: 1 | V95: 4 | W95: 297.9 | X95: 12.88 | Y95: 45505 | Z95: 0.98679398 | AA95: 0 | AB95: 0 | AC95: 0 | AD95: =AD94 -> 12.67 | AF95: 1 | AG95: WR00L2L2 | AH95: 20160 | AI95: 192 | AJ95: 2 | AK95: 2 | AL95: 439.88 | AM95: 12.419 | AN95: 45509 | AO95: 0.29064815 | AP95: 0 | AQ95: 0 | AR95: 0 | AS95: =AS94 -> 12.5034 | AT95: =AT94 -> 12.5034 | AV95: 6 | AW95: test-1node | AX95: 18048 | AY95: 96 | AZ95: 2 | BA95: 2 | BB95: 316.81 | BC95: 12.372 | BF95: 0 | BG95: 0 | BH95: 0 | BI95: =AVERAGE(BC95:BC100) -> 12.387833
A96: 2 | B96: WR00L2L2 | C96: 17920 | D96: 128 | E96: 1 | F96: 4 | G96: 379.68 | H96: 10.106 | I96: 45509 | J96: 0.41030093 | K96: 0 | L96: 0 | M96: 0 | N96: =N95 -> 10.04222 | Q96: 2 | R96: WR00L2L2 | S96: 17920 | T96: 128 | U96: 1 | V96: 4 | W96: 297.56 | X96: 12.894 | Y96: 45506 | Z96: 0.22394676 | AA96: 0 | AB96: 0 | AC96: 0 | AD96: =AD95 -> 12.67 | AF96: 2 | AG96: WR00L2L2 | AH96: 20160 | AI96: 192 | AJ96: 2 | AK96: 2 | AL96: 433.69 | AM96: 12.597 | AN96: 45509 | AO96: 0.52888889 | AP96: 0 | AQ96: 0 | AR96: 0 | AS96: =AS95 -> 12.5034 | AT96: =AT95 -> 12.5034 | AV96: 54 | AW96: test-1node | AX96: 18048 | AY96: 96 | AZ96: 2 | BA96: 2 | BB96: 316.32 | BC96: 12.391 | BF96: 0 | BG96: 0 | BH96: 0 | BI96: =BI95 -> 12.387833
A97: 3 | B97: WR00L2L2 | C97: 17920 | D97: 128 | E97: 1 | F97: 4 | G97: 380.9 | H97: 10.073 | I97: 45509 | J97: 0.67820602 | K97: 0 | L97: 0 | M97: 0 | N97: =N96 -> 10.04222 | Q97: 3 | R97: WR00L2L2 | S97: 17920 | T97: 128 | U97: 1 | V97: 4 | W97: 298.89 | X97: 12.837 | Y97: 45506 | Z97: 0.46142361 | AA97: 0 | AB97: 0 | AC97: 0 | AD97: =AD96 -> 12.67 | AF97: 3 | AG97: WR00L2L2 | AH97: 20160 | AI97: 192 | AJ97: 2 | AK97: 2 | AL97: 436.65 | AM97: 12.511 | AN97: 45509 | AO97: 0.7671412 | AP97: 0 | AQ97: 0 | AR97: 0 | AS97: =AS96 -> 12.5034 | AT97: =AT96 -> 12.5034 | AV97: 102 | AW97: test-1node | AX97: 18048 | AY97: 96 | AZ97: 2 | BA97: 2 | BB97: 315.35 | BC97: 12.43 | BF97: 0 | BG97: 0 | BH97: 0 | BI97: =BI96 -> 12.387833
A98: 4 | B98: WR00L2L2 | C98: 17920 | D98: 128 | E98: 1 | F98: 4 | G98: 378.83 | H98: 10.128 | I98: 45509 | J98: 0.94615741 | K98: 0 | L98: 0 | M98: 0 | N98: =N97 -> 10.04222 | Q98: 4 | R98: WR00L2L2 | S98: 17920 | T98: 128 | U98: 1 | V98: 4 | W98: 297.07 | X98: 12.916 | Y98: 45506 | Z98: 0.69862269 | AA98: 0 | AB98: 0 | AC98: 0 | AD98: =AD97 -> 12.67 | AF98: 4 | AG98: WR00L2L2 | AH98: 20160 | AI98: 192 | AJ98: 2 | AK98: 2 | AL98: 437.36 | AM98: 12.491 | AN98: 45510 | AO98: 0.0048726852 | AP98: 0 | AQ98: 0 | AR98: 0 | AS98: =AS97 -> 12.5034 | AT98: =AT97 -> 12.5034 | AV98: 150 | AW98: test-1node | AX98: 18048 | AY98: 96 | AZ98: 2 | BA98: 2 | BB98: 316.93 | BC98: 12.368 | BF98: 0 | BG98: 0 | BH98: 0 | BI98: =BI97 -> 12.387833
A99: 0 | B99: WR00L2L2 | C99: 19072 | D99: 128 | E99: 1 | F99: 4 | G99: 436.74 | H99: 10.591 | I99: 45508 | J99: 0.95540509 | K99: 0 | L99: 0 | M99: 0 | N99: =AVERAGE(H99:H103) -> 10.7466 | Q99: 0 | R99: WR00L2L2 | S99: 19072 | T99: 128 | U99: 1 | V99: 4 | W99: 451.18 | X99: 10.252 | Y99: 45505 | Z99: 0.82075231 | AA99: 0 | AB99: 0 | AC99: 0 | AD99: =AVERAGE(X99:X103) -> 12.4722 | AF99: 0 | AG99: WR00L2L2 | AH99: 20160 | AI99: 96 | AJ99: 2 | AK99: 2 | AL99: 437.98 | AM99: 12.473 | AN99: 45509 | AO99: 0.020925926 | AP99: 0 | AQ99: 0 | AR99: 0 | AS99: =AVERAGE(AM99:AM103) -> 12.4586 | AT99: =AS99 -> 12.4586 | AV99: 198 | AW99: test-1node | AX99: 18048 | AY99: 96 | AZ99: 2 | BA99: 2 | BB99: 316.25 | BC99: 12.394 | BF99: 0 | BG99: 0 | BH99: 0 | BI99: =BI98 -> 12.387833
A100: 1 | B100: WR00L2L2 | C100: 19072 | D100: 128 | E100: 1 | F100: 4 | G100: 428.44 | H100: 10.796 | I100: 45509 | J100: 0.22372685 | K100: 0 | L100: 0 | M100: 0 | N100: =N99 -> 10.7466 | Q100: 1 | R100: WR00L2L2 | S100: 19072 | T100: 128 | U100: 1 | V100: 4 | W100: 352.2 | X100: 13.133 | Y100: 45506 | Z100: 0.058541667 | AA100: 0 | AB100: 0 | AC100: 0 | AD100: =AD99 -> 12.4722 | AF100: 1 | AG100: WR00L2L2 | AH100: 20160 | AI100: 96 | AJ100: 2 | AK100: 2 | AL100: 438.01 | AM100: 12.472 | AN100: 45509 | AO100: 0.25854167 | AP100: 0 | AQ100: 0 | AR100: 0 | AS100: =AS99 -> 12.4586 | AT100: =AT99 -> 12.4586 | AV100: 246 | AW100: test-1node | AX100: 18048 | AY100: 96 | AZ100: 2 | BA100: 2 | BB100: 316.81 | BC100: 12.372 | BF100: 0 | BG100: 0 | BH100: 0 | BI100: =BI99 -> 12.387833
...

Sheet 4 node, params, RAW
A1: Max avg. GFLOPS (and params): | E1: =MAX(W:W) -> 41.3902 | F1: =INDEX(C:C,MATCH(MAX($W:$W),$W:$W,0)) -> 40160 | G1: =INDEX(D:D,MATCH(MAX($W:$W),$W:$W,0)) -> 160 | H1: =INDEX(E:E,MATCH(MAX($W:$W),$W:$W,0)) -> 4 | I1: =INDEX(F:F,MATCH(MAX($W:$W),$W:$W,0)) -> 4 | K1: ATLAS | W1: Average GFLOP/s | Y1: Max avg. GFLOPS (and params): | AC1: =MAX(AU:AU) -> 45.2184 | AD1: =INDEX(AA:AA,MATCH(MAX($AU:$AU),$AU:$AU,0)) -> 40064 | AE1: =INDEX(AB:AB,MATCH(MAX($AU:$AU),$AU:$AU,0)) -> 128 | AF1: =INDEX(AC:AC,MATCH(MAX($AU:$AU),$AU:$AU,0)) -> 2 | AG1: =INDEX(AD:AD,MATCH(MAX($AU:$AU),$AU:$AU,0)) -> 8 | AI1: OpenBLAS | AU1: Average GFLOP/s | AW1: Max avg. GFLOPS (and params): | BA1: =MAX(BS:BS) -> 35.224 | BB1: =INDEX(AY:AY,MATCH(MAX($AU:$AU),$AU:$AU,0)) -> 40064 | BC1: =INDEX(AZ:AZ,MATCH(MAX($AU:$AU),$AU:$AU,0)) -> 128 | BD1: =INDEX(BA:BA,MATCH(MAX($AU:$AU),$AU:$AU,0)) -> 2 | BE1: =INDEX(BB:BB,MATCH(MAX($AU:$AU),$AU:$AU,0)) -> 8 | BG1: OpenBLAS - old measurements | BS1: Average GFLOP/s | BU1: Max avg. GFLOPS (and params): | BY1: =MAX(BS:BS) -> 35.224 | BZ1: =INDEX(AY:AY,MATCH(MAX($BS:$BS),$BS:$BS,0)) -> 40064 | CA1: =INDEX(AZ:AZ,MATCH(MAX($BS:$BS),$BS:$BS,0)) -> 128 | CB1: =INDEX(BA:BA,MATCH(MAX($BS:$BS),$BS:$BS,0)) -> 1 | CC1: =INDEX(BB:BB,MATCH(MAX($BS:$BS),$BS:$BS,0)) -> 16 | CE1: OpenBLAS | CQ1: Average GFLOP/s
A2: MAX GFLOPS: | C2: =MAX(H4:H835) -> 42.049 | K2: raspi21 throttling time [1/100s] | N2: raspi22 throttling time [1/100s] | Q2: raspi23 throttling time [1/100s] | T2: raspi24 throttling time [1/100s] | Y2: MAX GFLOPS: | AA2: =MAX(AF4:AF835) -> 46.051 | AI2: raspi21 throttling time [1/100s] | AL2: raspi22 throttling time [1/100s] | AO2: raspi23 throttling time [1/100s] | AR2: raspi24 throttling time [1/100s] | AW2: MAX GFLOPS: | AY2: =MAX(BD4:BD830) -> 35.413 | BG2: raspi21 throttling time [1/100s] | BJ2: raspi22 throttling time [1/100s] | BM2: raspi23 throttling time [1/100s] | BP2: raspi24 throttling time [1/100s] | BU2: MAX GFLOPS: | BW2: =MAX(BD4:BD822) -> 35.413 | CE2: raspi21 throttling time [1/100s] | CH2: raspi22 throttling time [1/100s] | CK2: raspi23 throttling time [1/100s] | CN2: raspi24 throttling time [1/100s]
A3: RUN | C3: N | D3: NB | E3: P | F3: Q | G3: Time | H3: GFLOPS | I3: Date | J3: Time | K3: 1200MHz | L3: 1300MHz | M3: 1400MHz | N3: 1200MHz | O3: 1300MHz | P3: 1400MHz | Q3: 1200MHz | R3: 1300MHz | S3: 1400MHz | T3: 1200MHz | U3: 1300MHz | V3: 1400MHz | Y3: RUN | AA3: N | AB3: NB | AC3: P | AD3: Q | AE3: Time | AF3: GFLOPS | AG3: Date | AH3: Time | AI3: 1200MHz | AJ3: 1300MHz | AK3: 1400MHz | AL3: 1200MHz | AM3: 1300MHz | AN3: 1400MHz | AO3: 1200MHz | AP3: 1300MHz | AQ3: 1400MHz | AR3: 1200MHz | AS3: 1300MHz | AT3: 1400MHz | AW3: RUN | AY3: N | AZ3: NB | BA3: P | BB3: Q | BC3: Time | BD3: GFLOPS | BE3: Date | BF3: Time | BG3: 1200MHz | BH3: 1300MHz | BI3: 1400MHz | BJ3: 1200MHz | BK3: 1300MHz | BL3: 1400MHz | BM3: 1200MHz | BN3: 1300MHz | BO3: 1400MHz | BP3: 1200MHz | BQ3: 1300MHz | BR3: 1400MHz | BU3: RUN | BW3: N | BX3: NB | BY3: P | BZ3: Q | CA3: Time | CB3: GFLOPS | CC3: Date | CD3: Time | CE3: 1200MHz | CF3: 1300MHz | CG3: 1400MHz | CH3: 1200MHz | CI3: 1300MHz | CJ3: 1400MHz | CK3: 1200MHz | CL3: 1300MHz | CM3: 1400MHz | CN3: 1200MHz | CO3: 1300MHz | CP3: 1400MHz
A4: 0 | B4: WR00L2L2 | C4: 36000 | D4: 32 | E4: 1 | F4: 16 | G4: 1200.83 | H4: 25.904 | I4: 45482 | J4: 0.36896991 | K4: 0 | L4: 0 | M4: 0 | N4: 0 | O4: 0 | P4: 0 | Q4: 0 | R4: 0 | S4: 0 | T4: 0 | U4: 0 | V4: 0 | W4: =AVERAGE(H4:H8) -> 25.8832 | Y4: 0 | Z4: WR00L2L2 | AA4: 36000 | AB4: 32 | AC4: 1 | AD4: 16 | AE4: 1111.2 | AF4: 27.993 | AG4: 45499 | AH4: 0.51796296 | AI4: 0 | AJ4: 0 | AK4: 0 | AL4: 0 | AM4: 0 | AN4: 0 | AO4: 0 | AP4: 0 | AQ4: 0 | AR4: 0 | AS4: 0 | AT4: 0 | AU4: =AVERAGE(AF4:AF8) -> 28.092 | AW4: 0 | AX4: WR00L2L2 | AY4: 36000 | AZ4: 32 | BA4: 1 | BB4: 16 | BC4: 1311.97 | BD4: 23.709 | BE4: 45488 | BF4: 0.53715278 | BG4: 0 | BH4: 0 | BI4: 0 | BJ4: 0 | BK4: 0 | BL4: 0 | BM4: 0 | BN4: 0 | BO4: 0 | BP4: 0 | BQ4: 0 | BR4: 0 | BS4: =AVERAGE(BD4:BD8) -> 23.7526 | BU4: id | BV4: experiment_name | BW4: HPL_N | BX4: HPL_NB | BY4: HPL_P | BZ4: HPL_Q | CA4: HPL_TIME | CB4: HPL_FLOPS
A5: 1 | B5: WR00L2L2 | C5: 36000 | D5: 32 | E5: 1 | F5: 16 | G5: 1190.85 | H5: 26.121 | I5: 45483 | J5: 0.22928241 | K5: 0 | L5: 0 | M5: 0 | N5: 0 | O5: 0 | P5: 0 | Q5: 0 | R5: 0 | S5: 0 | T5: 0 | U5: 0 | V5: 0 | W5: =W4 -> 25.8832 | Y5: 1 | Z5: WR00L2L2 | AA5: 36000 | AB5: 32 | AC5: 1 | AD5: 16 | AE5: 1105.27 | AF5: 28.143 | AG5: 45500 | AH5: 0.63880787 | AI5: 0 | AJ5: 0 | AK5: 0 | AL5: 0 | AM5: 0 | AN5: 0 | AO5: 0 | AP5: 0 | AQ5: 0 | AR5: 0 | AS5: 0 | AT5: 0 | AU5: =AU4 -> 28.092 | AW5: 1 | AX5: WR00L2L2 | AY5: 36000 | AZ5: 32 | BA5: 1 | BB5: 16 | BC5: 1312.81 | BD5: 23.694 | BE5: 45489 | BF5: 0.93126157 | BG5: 0 | BH5: 0 | BI5: 0 | BJ5: 0 | BK5: 0 | BL5: 0 | BM5: 0 | BN5: 0 | BO5: 0 | BP5: 0 | BQ5: 0 | BR5: 0 | BS5: =BS4 -> 23.7526 | BU5: 1 | BV5: test-4node | BW5: 35968 | BX5: 32 | BY5: 1 | BZ5: 16 | CA5: 1159.74 | CB5: 26.75 | CQ5: =AVERAGE(CB5:CB10) -> 26.963833
A6: 2 | B6: WR00L2L2 | C6: 36000 | D6: 32 | E6: 1 | F6: 16 | G6: 1197.44 | H6: 25.977 | I6: 45484 | J6: 0.094212963 | K6: 0 | L6: 0 | M6: 0 | N6: 0 | O6: 0 | P6: 0 | Q6: 0 | R6: 0 | S6: 0 | T6: 0 | U6: 0 | V6: 0 | W6: =W5 -> 25.8832 | Y6: 2 | Z6: WR00L2L2 | AA6: 36000 | AB6: 32 | AC6: 1 | AD6: 16 | AE6: 1112.19 | AF6: 27.968 | AG6: 45501 | AH6: 0.43271991 | AI6: 0 | AJ6: 0 | AK6: 0 | AL6: 0 | AM6: 0 | AN6: 0 | AO6: 0 | AP6: 0 | AQ6: 0 | AR6: 0 | AS6: 0 | AT6: 0 | AU6: =AU5 -> 28.092 | AW6: 2 | AX6: WR00L2L2 | AY6: 36000 | AZ6: 32 | BA6: 1 | BB6: 16 | BC6: 1307.44 | BD6: 23.791 | BE6: 45491 | BF6: 0.016527778 | BG6: 0 | BH6: 0 | BI6: 0 | BJ6: 0 | BK6: 0 | BL6: 0 | BM6: 0 | BN6: 0 | BO6: 0 | BP6: 0 | BQ6: 0 | BR6: 0 | BS6: =BS5 -> 23.7526 | BU6: 72 | BV6: test-4node | BW6: 35968 | BX6: 32 | BY6: 1 | BZ6: 16 | CA6: 1146.95 | CB6: 27.048 | CQ6: =CQ5 -> 26.963833
A7: 3 | B7: WR00L2L2 | C7: 36000 | D7: 32 | E7: 1 | F7: 16 | G7: 1189.34 | H7: 26.154 | I7: 45484 | J7: 0.95685185 | K7: 0 | L7: 0 | M7: 0 | N7: 0 | O7: 0 | P7: 0 | Q7: 0 | R7: 0 | S7: 0 | T7: 0 | U7: 0 | V7: 0 | W7: =W6 -> 25.8832 | Y7: 3 | Z7: WR00L2L2 | AA7: 36000 | AB7: 32 | AC7: 1 | AD7: 16 | AE7: 1105.05 | AF7: 28.149 | AG7: 45502 | AH7: 0.2278125 | AI7: 0 | AJ7: 0 | AK7: 0 | AL7: 0 | AM7: 0 | AN7: 0 | AO7: 0 | AP7: 0 | AQ7: 0 | AR7: 0 | AS7: 0 | AT7: 0 | AU7: =AU6 -> 28.092 | AW7: 3 | AX7: WR00L2L2 | AY7: 36000 | AZ7: 32 | BA7: 1 | BB7: 16 | BC7: 1307.15 | BD7: 23.797 | BE7: 45492 | BF7: 0.10174769 | BG7: 0 | BH7: 0 | BI7: 0 | BJ7: 0 | BK7: 0 | BL7: 0 | BM7: 0 | BN7: 0 | BO7: 0 | BP7: 0 | BQ7: 0 | BR7: 0 | BS7: =BS6 -> 23.7526 | BU7: 143 | BV7: test-4node | BW7: 35968 | BX7: 32 | BY7: 1 | BZ7: 16 | CA7: 1149.65 | CB7: 26.985 | CQ7: =CQ6 -> 26.963833
A8: 4 | B8: WR00L2L2 | C8: 36000 | D8: 32 | E8: 1 | F8: 16 | G8: 1231.42 | H8: 25.26 | I8: 45485 | J8: 0.83184028 | K8: 0 | L8: 0 | M8: 0 | N8: 0 | O8: 0 | P8: 0 | Q8: 0 | R8: 0 | S8: 0 | T8: 0 | U8: 0 | V8: 0 | W8: =W7 -> 25.8832 | Y8: 4 | Z8: WR00L2L2 | AA8: 36000 | AB8: 32 | AC8: 1 | AD8: 16 | AE8: 1102.78 | AF8: 28.207 | AG8: 45503 | AH8: 0.022685185 | AI8: 0 | AJ8: 0 | AK8: 0 | AL8: 0 | AM8: 0 | AN8: 0 | AO8: 0 | AP8: 0 | AQ8: 0 | AR8: 0 | AS8: 0 | AT8: 0 | AU8: =AU7 -> 28.092 | AW8: 4 | AX8: WR00L2L2 | AY8: 36000 | AZ8: 32 | BA8: 1 | BB8: 16 | BC8: 1308.49 | BD8: 23.772 | BE8: 45493 | BF8: 0.18703704 | BG8: 0 | BH8: 0 | BI8: 0 | BJ8: 0 | BK8: 0 | BL8: 0 | BM8: 0 | BN8: 0 | BO8: 0 | BP8: 0 | BQ8: 0 | BR8: 0 | BS8: =BS7 -> 23.7526 | BU8: 214 | BV8: test-4node | BW8: 35968 | BX8: 32 | BY8: 1 | BZ8: 16 | CA8: 1145.86 | CB8: 27.074 | CQ8: =CQ7 -> 26.963833
A9: 0 | B9: WR00L2L2 | C9: 38080 | D9: 32 | E9: 1 | F9: 16 | G9: 1426.99 | H9: 25.799 | I9: 45482 | J9: 0.61767361 | K9: 0 | L9: 0 | M9: 0 | N9: 0 | O9: 0 | P9: 0 | Q9: 0 | R9: 0 | S9: 0 | T9: 0 | U9: 0 | V9: 0 | W9: =AVERAGE(H9:H13) -> 25.642 | Y9: 0 | Z9: WR00L2L2 | AA9: 38080 | AB9: 32 | AC9: 1 | AD9: 16 | AE9: 1329.82 | AF9: 27.684 | AG9: 45499 | AH9: 0.74605324 | AI9: 0 | AJ9: 0 | AK9: 0 | AL9: 0 | AM9: 0 | AN9: 0 | AO9: 0 | AP9: 0 | AQ9: 0 | AR9: 0 | AS9: 0 | AT9: 0 | AU9: =AVERAGE(AF9:AF13) -> 27.537 | AW9: 0 | AX9: WR00L2L2 | AY9: 38080 | AZ9: 32 | BA9: 1 | BB9: 16 | BC9: 1543.37 | BD9: 23.854 | BE9: 45488 | BF9: 0.85396991 | BG9: 0 | BH9: 0 | BI9: 0 | BJ9: 0 | BK9: 0 | BL9: 0 | BM9: 0 | BN9: 0 | BO9: 0 | BP9: 0 | BQ9: 0 | BR9: 0 | BS9: =AVERAGE(BD9:BD13) -> 23.7356 | BU9: 285 | BV9: test-4node | BW9: 35968 | BX9: 32 | BY9: 1 | BZ9: 16 | CA9: 1148.69 | CB9: 27.007 | CQ9: =CQ8 -> 26.963833
A10: 1 | B10: WR00L2L2 | C10: 38080 | D10: 32 | E10: 1 | F10: 16 | G10: 1423.55 | H10: 25.861 | I10: 45483 | J10: 0.4800463 | K10: 0 | L10: 0 | M10: 0 | N10: 0 | O10: 0 | P10: 0 | Q10: 0 | R10: 0 | S10: 0 | T10: 0 | U10: 0 | V10: 0 | W10: =W9 -> 25.642 | Y10: 1 | Z10: WR00L2L2 | AA10: 38080 | AB10: 32 | AC10: 1 | AD10: 16 | AE10: 1338.26 | AF10: 27.51 | AG10: 45500 | AH10: 0.86775463 | AI10: 0 | AJ10: 0 | AK10: 0 | AL10: 0 | AM10: 0 | AN10: 0 | AO10: 0 | AP10: 0 | AQ10: 0 | AR10: 0 | AS10: 0 | AT10: 0 | AU10: =AU9 -> 27.537 | AW10: 1 | AX10: WR00L2L2 | AY10: 38080 | AZ10: 32 | BA10: 1 | BB10: 16 | BC10: 1542.73 | BD10: 23.864 | BE10: 45490 | BF10: 0.24741898 | BG10: 0 | BH10: 0 | BI10: 0 | BJ10: 0 | BK10: 0 | BL10: 0 | BM10: 0 | BN10: 0 | BO10: 0 | BP10: 0 | BQ10: 0 | BR10: 0 | BS10: =BS9 -> 23.7356 | BU10: 356 | BV10: test-4node | BW10: 35968 | BX10: 32 | BY10: 1 | BZ10: 16 | CA10: 1152.47 | CB10: 26.919 | CQ10: =CQ9 -> 26.963833
A11: 2 | B11: WR00L2L2 | C11: 38080 | D11: 32 | E11: 1 | F11: 16 | G11: 1421.98 | H11: 25.89 | I11: 45484 | J11: 0.34274306 | K11: 0 | L11: 0 | M11: 0 | N11: 0 | O11: 0 | P11: 0 | Q11: 0 | R11: 0 | S11: 0 | T11: 0 | U11: 0 | V11: 0 | W11: =W10 -> 25.642 | Y11: 2 | Z11: WR00L2L2 | AA11: 38080 | AB11: 32 | AC11: 1 | AD11: 16 | AE11: 1337.8 | AF11: 27.519 | AG11: 45501 | AH11: 0.66178241 | AI11: 0 | AJ11: 0 | AK11: 0 | AL11: 0 | AM11: 0 | AN11: 0 | AO11: 0 | AP11: 0 | AQ11: 0 | AR11: 0 | AS11: 0 | AT11: 0 | AU11: =AU10 -> 27.537 | AW11: 2 | AX11: WR00L2L2 | AY11: 38080 | AZ11: 32 | BA11: 1 | BB11: 16 | BC11: 1553.46 | BD11: 23.699 | BE11: 45491 | BF11: 0.33358796 | BG11: 0 | BH11: 0 | BI11: 0 | BJ11: 0 | BK11: 0 | BL11: 0 | BM11: 0 | BN11: 0 | BO11: 0 | BP11: 0 | BQ11: 0 | BR11: 0 | BS11: =BS10 -> 23.7356 | BU11: 25 | BV11: test-4node | BW11: 38144 | BX11: 32 | BY11: 1 | BZ11: 16 | CA11: 1411.85 | CB11: 26.207 | CQ11: =AVERAGE(CB11:CB16) -> 26.092667
A12: 3 | B12: WR00L2L2 | C12: 38080 | D12: 32 | E12: 1 | F12: 16 | G12: 1435.5 | H12: 25.646 | I12: 45485 | J12: 0.20601852 | K12: 0 | L12: 0 | M12: 0 | N12: 0 | O12: 0 | P12: 0 | Q12: 0 | R12: 0 | S12: 0 | T12: 0 | U12: 0 | V12: 0 | W12: =W11 -> 25.642 | Y12: 3 | Z12: WR00L2L2 | AA12: 38080 | AB12: 32 | AC12: 1 | AD12: 16 | AE12: 1342.83 | AF12: 27.416 | AG12: 45502 | AH12: 0.45604167 | AI12: 0 | AJ12: 0 | AK12: 0 | AL12: 0 | AM12: 0 | AN12: 0 | AO12: 0 | AP12: 0 | AQ12: 0 | AR12: 0 | AS12: 0 | AT12: 0 | AU12: =AU11 -> 27.537 | AW12: 3 | AX12: WR00L2L2 | AY12: 38080 | AZ12: 32 | BA12: 1 | BB12: 16 | BC12: 1550.48 | BD12: 23.744 | BE12: 45492 | BF12: 0.41859954 | BG12: 0 | BH12: 0 | BI12: 0 | BJ12: 0 | BK12: 0 | BL12: 0 | BM12: 0 | BN12: 0 | BO12: 0 | BP12: 0 | BQ12: 0 | BR12: 0 | BS12: =BS11 -> 23.7356 | BU12: 96 | BV12: test-4node | BW12: 38144 | BX12: 32 | BY12: 1 | BZ12: 16 | CA12: 1415.07 | CB12: 26.148 | CQ12: =CQ11 -> 26.092667
A13: 4 | B13: WR00L2L2 | C13: 38080 | D13: 32 | E13: 1 | F13: 16 | G13: 1471.75 | H13: 25.014 | I13: 45486 | J13: 0.088217593 | K13: 0 | L13: 0 | M13: 0 | N13: 0 | O13: 0 | P13: 0 | Q13: 0 | R13: 0 | S13: 0 | T13: 0 | U13: 0 | V13: 0 | W13: =W12 -> 25.642 | Y13: 4 | Z13: WR00L2L2 | AA13: 38080 | AB13: 32 | AC13: 1 | AD13: 16 | AE13: 1336.01 | AF13: 27.556 | AG13: 45503 | AH13: 0.25079861 | AI13: 0 | AJ13: 0 | AK13: 0 | AL13: 0 | AM13: 0 | AN13: 0 | AO13: 0 | AP13: 0 | AQ13: 0 | AR13: 0 | AS13: 0 | AT13: 0 | AU13: =AU12 -> 27.537 | AW13: 4 | AX13: WR00L2L2 | AY13: 38080 | AZ13: 32 | BA13: 1 | BB13: 16 | BC13: 1565.5 | BD13: 23.517 | BE13: 45493 | BF13: 0.50400463 | BG13: 0 | BH13: 0 | BI13: 0 | BJ13: 0 | BK13: 0 | BL13: 0 | BM13: 0 | BN13: 0 | BO13: 0 | BP13: 0 | BQ13: 0 | BR13: 0 | BS13: =BS12 -> 23.7356 | BU13: 167 | BV13: test-4node | BW13: 38144 | BX13: 32 | BY13: 1 | BZ13: 16 | CA13: 1421.02 | CB13: 26.038 | CQ13: =CQ12 -> 26.092667
A14: 0 | B14: WR00L2L2 | C14: 40160 | D14: 32 | E14: 1 | F14: 16 | G14: 1651.82 | H14: 26.143 | I14: 45482 | J14: 0.90537037 | K14: 0 | L14: 0 | M14: 0 | N14: 0 | O14: 0 | P14: 0 | Q14: 0 | R14: 0 | S14: 0 | T14: 0 | U14: 0 | V14: 0 | W14: =AVERAGE(H14:H18) -> 25.821 | Y14: 0 | Z14: WR00L2L2 | AA14: 40160 | AB14: 32 | AC14: 1 | AD14: 16 | AE14: 1547.24 | AF14: 27.91 | AG14: 45500 | AH14: 0.010509259 | AI14: 0 | AJ14: 0 | AK14: 0 | AL14: 0 | AM14: 0 | AN14: 0 | AO14: 0 | AP14: 0 | AQ14: 0 | AR14: 0 | AS14: 0 | AT14: 0 | AU14: =AVERAGE(AF14:AF18) -> 28.0278 | AW14: 0 | AX14: WR00L2L2 | AY14: 40160 | AZ14: 32 | BA14: 1 | BB14: 16 | BC14: 1770.76 | BD14: 24.387 | BE14: 45489 | BF14: 0.21657407 | BG14: 0 | BH14: 0 | BI14: 0 | BJ14: 0 | BK14: 0 | BL14: 0 | BM14: 0 | BN14: 0 | BO14: 0 | BP14: 0 | BQ14: 0 | BR14: 0 | BS14: =AVERAGE(BD14:BD18) -> 24.373 | BU14: 238 | BV14: test-4node | BW14: 38144 | BX14: 32 | BY14: 1 | BZ14: 16 | CA14: 1423.64 | CB14: 25.99 | CQ14: =CQ13 -> 26.092667
A15: 1 | B15: WR00L2L2 | C15: 40160 | D15: 32 | E15: 1 | F15: 16 | G15: 1646.53 | H15: 26.227 | I15: 45483 | J15: 0.77042824 | K15: 0 | L15: 0 | M15: 0 | N15: 0 | O15: 0 | P15: 0 | Q15: 0 | R15: 0 | S15: 0 | T15: 0 | U15: 0 | V15: 0 | W15: =W14 -> 25.821 | Y15: 1 | Z15: WR00L2L2 | AA15: 40160 | AB15: 32 | AC15: 1 | AD15: 16 | AE15: 1536.96 | AF15: 28.096 | AG15: 45501 | AH15: 0.13253472 | AI15: 0 | AJ15: 0 | AK15: 0 | AL15: 0 | AM15: 0 | AN15: 0 | AO15: 0 | AP15: 0 | AQ15: 0 | AR15: 0 | AS15: 0 | AT15: 0 | AU15: =AU14 -> 28.0278 | AW15: 1 | AX15: WR00L2L2 | AY15: 40160 | AZ15: 32 | BA15: 1 | BB15: 16 | BC15: 1770.49 | BD15: 24.39 | BE15: 45490 | BF15: 0.61015046 | BG15: 0 | BH15: 0 | BI15: 0 | BJ15: 0 | BK15: 0 | BL15: 0 | BM15: 0 | BN15: 0 | BO15: 0 | BP15: 0 | BQ15: 0 | BR15: 0 | BS15: =BS14 -> 24.373 | BU15: 309 | BV15: test-4node | BW15: 38144 | BX15: 32 | BY15: 1 | BZ15: 16 | CA15: 1418.05 | CB15: 26.093 | CQ15: =CQ14 -> 26.092667
A16: 2 | B16: WR00L2L2 | C16: 40160 | D16: 32 | E16: 1 | F16: 16 | G16: 1645.25 | H16: 26.247 | I16: 45484 | J16: 0.63275463 | K16: 0 | L16: 0 | M16: 0 | N16: 0 | O16: 0 | P16: 0 | Q16: 0 | R16: 0 | S16: 0 | T16: 0 | U16: 0 | V16: 0 | W16: =W15 -> 25.821 | Y16: 2 | Z16: WR00L2L2 | AA16: 40160 | AB16: 32 | AC16: 1 | AD16: 16 | AE16: 1535.75 | AF16: 28.119 | AG16: 45501 | AH16: 0.92711806 | AI16: 0 | AJ16: 0 | AK16: 0 | AL16: 0 | AM16: 0 | AN16: 0 | AO16: 0 | AP16: 0 | AQ16: 0 | AR16: 0 | AS16: 0 | AT16: 0 | AU16: =AU15 -> 28.0278 | AW16: 2 | AX16: WR00L2L2 | AY16: 40160 | AZ16: 32 | BA16: 1 | BB16: 16 | BC16: 1773.53 | BD16: 24.349 | BE16: 45491 | BF16: 0.69587963 | BG16: 0 | BH16: 0 | BI16: 0 | BJ16: 0 | BK16: 0 | BL16: 0 | BM16: 0 | BN16: 0 | BO16: 0 | BP16: 0 | BQ16: 0 | BR16: 0 | BS16: =BS15 -> 24.373 | BU16: 380 | BV16: test-4node | BW16: 38144 | BX16: 32 | BY16: 1 | BZ16: 16 | CA16: 1418.78 | CB16: 26.08 | CQ16: =CQ15 -> 26.092667
A17: 3 | B17: WR00L2L2 | C17: 40160 | D17: 32 | E17: 1 | F17: 16 | G17: 1707.73 | H17: 25.287 | I17: 45485 | J17: 0.4981713 | K17: 0 | L17: 0 | M17: 0 | N17: 0 | O17: 0 | P17: 0 | Q17: 0 | R17: 0 | S17: 0 | T17: 0 | U17: 0 | V17: 0 | W17: =W16 -> 25.821 | Y17: 3 | Z17: WR00L2L2 | AA17: 40160 | AB17: 32 | AC17: 1 | AD17: 16 | AE17: 1536.51 | AF17: 28.105 | AG17: 45502 | AH17: 0.72158565 | AI17: 0 | AJ17: 0 | AK17: 0 | AL17: 0 | AM17: 0 | AN17: 0 | AO17: 0 | AP17: 0 | AQ17: 0 | AR17: 0 | AS17: 0 | AT17: 0 | AU17: =AU16 -> 28.0278 | AW17: 3 | AX17: WR00L2L2 | AY17: 40160 | AZ17: 32 | BA17: 1 | BB17: 16 | BC17: 1772.58 | BD17: 24.362 | BE17: 45492 | BF17: 0.78119213 | BG17: 0 | BH17: 0 | BI17: 0 | BJ17: 0 | BK17: 0 | BL17: 0 | BM17: 0 | BN17: 0 | BO17: 0 | BP17: 0 | BQ17: 0 | BR17: 0 | BS17: =BS16 -> 24.373 | BU17: 49 | BV17: test-4node | BW17: 40320 | BX17: 32 | BY17: 1 | BZ17: 16 | CA17: 1628.82 | CB17: 26.83 | CQ17: =AVERAGE(CB17:CB22) -> 26.691333
A18: 4 | B18: WR00L2L2 | C18: 40160 | D18: 32 | E18: 1 | F18: 16 | G18: 1713.52 | H18: 25.201 | I18: 45486 | J18: 0.38649306 | K18: 0 | L18: 0 | M18: 0 | N18: 0 | O18: 0 | P18: 0 | Q18: 0 | R18: 0 | S18: 0 | T18: 0 | U18: 0 | V18: 0 | W18: =W17 -> 25.821 | Y18: 4 | Z18: WR00L2L2 | AA18: 40160 | AB18: 32 | AC18: 1 | AD18: 16 | AE18: 1547.26 | AF18: 27.909 | AG18: 45503 | AH18: 0.51655093 | AI18: 0 | AJ18: 0 | AK18: 0 | AL18: 0 | AM18: 0 | AN18: 0 | AO18: 0 | AP18: 0 | AQ18: 0 | AR18: 0 | AS18: 0 | AT18: 0 | AU18: =AU17 -> 28.0278 | AW18: 4 | AX18: WR00L2L2 | AY18: 40160 | AZ18: 32 | BA18: 1 | BB18: 16 | BC18: 1771.46 | BD18: 24.377 | BE18: 45493 | BF18: 0.8668287 | BG18: 0 | BH18: 0 | BI18: 0 | BJ18: 0 | BK18: 0 | BL18: 0 | BM18: 0 | BN18: 0 | BO18: 0 | BP18: 0 | BQ18: 0 | BR18: 0 | BS18: =BS17 -> 24.373 | BU18: 120 | BV18: test-4node | BW18: 40320 | BX18: 32 | BY18: 1 | BZ18: 16 | CA18: 1638.57 | CB18: 26.67 | CQ18: =CQ17 -> 26.691333
A19: 0 | B19: WR00L2L2 | C19: 36000 | D19: 32 | E19: 2 | F19: 8 | G19: 1172 | H19: 26.541 | I19: 45482 | J19: 0.38280093 | K19: 0 | L19: 0 | M19: 0 | N19: 0 | O19: 0 | P19: 0 | Q19: 0 | R19: 0 | S19: 0 | T19: 0 | U19: 0 | V19: 0 | W19: =AVERAGE(H19:H23) -> 26.3064 | Y19: 0 | Z19: WR00L2L2 | AA19: 36000 | AB19: 32 | AC19: 2 | AD19: 8 | AE19: 1137.91 | AF19: 27.336 | AG19: 45499 | AH19: 0.53141204 | AI19: 0 | AJ19: 0 | AK19: 0 | AL19: 0 | AM19: 0 | AN19: 0 | AO19: 0 | AP19: 0 | AQ19: 0 | AR19: 0 | AS19: 0 | AT19: 0 | AU19: =AVERAGE(AF19:AF23) -> 27.5364 | AW19: 0 | AX19: WR00L2L2 | AY19: 36000 | AZ19: 32 | BA19: 2 | BB19: 8 | BC19: 1391.45 | BD19: 22.355 | BE19: 45488 | BF19: 0.5541088 | BG19: 0 | BH19: 0 | BI19: 0 | BJ19: 0 | BK19: 0 | BL19: 0 | BM19: 0 | BN19: 0 | BO19: 0 | BP19: 0 | BQ19: 0 | BR19: 0 | BS19: =AVERAGE(BD19:BD23) -> 22.4554 | BU19: 191 | BV19: test-4node | BW19: 40320 | BX19: 32 | BY19: 1 | BZ19: 16 | CA19: 1638.59 | CB19: 26.67 | CQ19: =CQ18 -> 26.691333
A20: 1 | B20: WR00L2L2 | C20: 36000 | D20: 32 | E20: 2 | F20: 8 | G20: 1179.66 | H20: 26.369 | I20: 45483 | J20: 0.24319444 | K20: 0 | L20: 0 | M20: 0 | N20: 0 | O20: 0 | P20: 0 | Q20: 0 | R20: 0 | S20: 0 | T20: 0 | U20: 0 | V20: 0 | W20: =W19 -> 26.3064 | Y20: 1 | Z20: WR00L2L2 | AA20: 36000 | AB20: 32 | AC20: 2 | AD20: 8 | AE20: 1129.33 | AF20: 27.544 | AG20: 45500 | AH20: 0.65216435 | AI20: 0 | AJ20: 0 | AK20: 0 | AL20: 0 | AM20: 0 | AN20: 0 | AO20: 0 | AP20: 0 | AQ20: 0 | AR20: 0 | AS20: 0 | AT20: 0 | AU20: =AU19 -> 27.5364 | AW20: 1 | AX20: WR00L2L2 | AY20: 36000 | AZ20: 32 | BA20: 2 | BB20: 8 | BC20: 1382.29 | BD20: 22.503 | BE20: 45489 | BF20: 0.9480787 | BG20: 0 | BH20: 0 | BI20: 0 | BJ20: 0 | BK20: 0 | BL20: 0 | BM20: 0 | BN20: 0 | BO20: 0 | BP20: 0 | BQ20: 0 | BR20: 0 | BS20: =BS19 -> 22.4554 | BU20: 262 | BV20: test-4node | BW20: 40320 | BX20: 32 | BY20: 1 | BZ20: 16 | CA20: 1645.69 | CB20: 26.555 | CQ20: =CQ19 -> 26.691333
A21: 2 | B21: WR00L2L2 | C21: 36000 | D21: 32 | E21: 2 | F21: 8 | G21: 1179.41 | H21: 26.374 | I21: 45484 | J21: 0.108125 | K21: 0 | L21: 0 | M21: 0 | N21: 0 | O21: 0 | P21: 0 | Q21: 0 | R21: 0 | S21: 0 | T21: 0 | U21: 0 | V21: 0 | W21: =W20 -> 26.3064 | Y21: 2 | Z21: WR00L2L2 | AA21: 36000 | AB21: 32 | AC21: 2 | AD21: 8 | AE21: 1128.35 | AF21: 27.568 | AG21: 45501 | AH21: 0.44606481 | AI21: 0 | AJ21: 0 | AK21: 0 | AL21: 0 | AM21: 0 | AN21: 0 | AO21: 0 | AP21: 0 | AQ21: 0 | AR21: 0 | AS21: 0 | AT21: 0 | AU21: =AU20 -> 27.5364 | AW21: 2 | AX21: WR00L2L2 | AY21: 36000 | AZ21: 32 | BA21: 2 | BB21: 8 | BC21: 1387.24 | BD21: 22.423 | BE21: 45491 | BF21: 0.033402778 | BG21: 0 | BH21: 0 | BI21: 0 | BJ21: 0 | BK21: 0 | BL21: 0 | BM21: 0 | BN21: 0 | BO21: 0 | BP21: 0 | BQ21: 0 | BR21: 0 | BS21: =BS20 -> 22.4554 | BU21: 333 | BV21: test-4node | BW21: 40320 | BX21: 32 | BY21: 1 | BZ21: 16 | CA21: 1639.93 | CB21: 26.648 | CQ21: =CQ20 -> 26.691333
A22: 3 | B22: WR00L2L2 | C22: 36000 | D22: 32 | E22: 2 | F22: 8 | G22: 1172.49 | H22: 26.53 | I22: 45484 | J22: 0.97068287 | K22: 0 | L22: 0 | M22: 0 | N22: 0 | O22: 0 | P22: 0 | Q22: 0 | R22: 0 | S22: 0 | T22: 0 | U22: 0 | V22: 0 | W22: =W21 -> 26.3064 | Y22: 3 | Z22: WR00L2L2 | AA22: 36000 | AB22: 32 | AC22: 2 | AD22: 8 | AE22: 1124.44 | AF22: 27.663 | AG22: 45502 | AH22: 0.24111111 | AI22: 0 | AJ22: 0 | AK22: 0 | AL22: 0 | AM22: 0 | AN22: 0 | AO22: 0 | AP22: 0 | AQ22: 0 | AR22: 0 | AS22: 0 | AT22: 0 | AU22: =AU21 -> 27.5364 | AW22: 3 | AX22: WR00L2L2 | AY22: 36000 | AZ22: 32 | BA22: 2 | BB22: 8 | BC22: 1383.14 | BD22: 22.489 | BE22: 45492 | BF22: 0.11856481 | BG22: 0 | BH22: 0 | BI22: 0 | BJ22: 0 | BK22: 0 | BL22: 0 | BM22: 0 | BN22: 0 | BO22: 0 | BP22: 0 | BQ22: 0 | BR22: 0 | BS22: =BS21 -> 22.4554 | BU22: 404 | BV22: test-4node | BW22: 40320 | BX22: 32 | BY22: 1 | BZ22: 16 | CA22: 1632.16 | CB22: 26.775 | CQ22: =CQ21 -> 26.691333
A23: 4 | B23: WR00L2L2 | C23: 36000 | D23: 32 | E23: 2 | F23: 8 | G23: 1209.48 | H23: 25.718 | I23: 45485 | J23: 0.84611111 | K23: 0 | L23: 0 | M23: 0 | N23: 0 | O23: 0 | P23: 0 | Q23: 0 | R23: 0 | S23: 0 | T23: 0 | U23: 0 | V23: 0 | W23: =W22 -> 26.3064 | Y23: 4 | Z23: WR00L2L2 | AA23: 36000 | AB23: 32 | AC23: 2 | AD23: 8 | AE23: 1128.23 | AF23: 27.571 | AG23: 45503 | AH23: 0.036030093 | AI23: 0 | AJ23: 0 | AK23: 0 | AL23: 0 | AM23: 0 | AN23: 0 | AO23: 0 | AP23: 0 | AQ23: 0 | AR23: 0 | AS23: 0 | AT23: 0 | AU23: =AU22 -> 27.5364 | AW23: 4 | AX23: WR00L2L2 | AY23: 36000 | AZ23: 32 | BA23: 2 | BB23: 8 | BC23: 1382.06 | BD23: 22.507 | BE23: 45493 | BF23: 0.20384259 | BG23: 0 | BH23: 0 | BI23: 0 | BJ23: 0 | BK23: 0 | BL23: 0 | BM23: 0 | BN23: 0 | BO23: 0 | BP23: 0 | BQ23: 0 | BR23: 0 | BS23: =BS22 -> 22.4554 | BU23: 2 | BV23: test-4node | BW23: 35968 | BX23: 32 | BY23: 2 | BZ23: 8 | CA23: 1195.18 | CB23: 25.957 | CQ23: =AVERAGE(CB23:CB28) -> 26.126667
A24: 0 | B24: WR00L2L2 | C24: 38080 | D24: 32 | E24: 2 | F24: 8 | G24: 1343.2 | H24: 27.409 | I24: 45482 | J24: 0.63350694 | K24: 0 | L24: 0 | M24: 0 | N24: 0 | O24: 0 | P24: 0 | Q24: 0 | R24: 0 | S24: 0 | T24: 0 | U24: 0 | V24: 0 | W24: =AVERAGE(H24:H28) -> 27.1116 | Y24: 0 | Z24: WR00L2L2 | AA24: 38080 | AB24: 32 | AC24: 2 | AD24: 8 | AE24: 1260.28 | AF24: 29.212 | AG24: 45499 | AH24: 0.76094907 | AI24: 0 | AJ24: 0 | AK24: 0 | AL24: 0 | AM24: 0 | AN24: 0 | AO24: 0 | AP24: 0 | AQ24: 0 | AR24: 0 | AS24: 0 | AT24: 0 | AU24: =AVERAGE(AF24:AF28) -> 29.1978 | AW24: 0 | AX24: WR00L2L2 | AY24: 38080 | AZ24: 32 | BA24: 2 | BB24: 8 | BC24: 1540.76 | BD24: 23.894 | BE24: 45488 | BF24: 0.87273148 | BG24: 0 | BH24: 0 | BI24: 0 | BJ24: 0 | BK24: 0 | BL24: 0 | BM24: 0 | BN24: 0 | BO24: 0 | BP24: 0 | BQ24: 0 | BR24: 0 | BS24: =AVERAGE(BD24:BD28) -> 23.872 | BU24: 73 | BV24: test-4node | BW24: 35968 | BX24: 32 | BY24: 2 | BZ24: 8 | CA24: 1179.85 | CB24: 26.294 | CQ24: =CQ23 -> 26.126667
A25: 1 | B25: WR00L2L2 | C25: 38080 | D25: 32 | E25: 2 | F25: 8 | G25: 1345.48 | H25: 27.362 | I25: 45483 | J25: 0.49591435 | K25: 0 | L25: 0 | M25: 0 | N25: 0 | O25: 0 | P25: 0 | Q25: 0 | R25: 0 | S25: 0 | T25: 0 | U25: 0 | V25: 0 | W25: =W24 -> 27.1116 | Y25: 1 | Z25: WR00L2L2 | AA25: 38080 | AB25: 32 | AC25: 2 | AD25: 8 | AE25: 1257.16 | AF25: 29.284 | AG25: 45500 | AH25: 0.88262731 | AI25: 0 | AJ25: 0 | AK25: 0 | AL25: 0 | AM25: 0 | AN25: 0 | AO25: 0 | AP25: 0 | AQ25: 0 | AR25: 0 | AS25: 0 | AT25: 0 | AU25: =AU24 -> 29.1978 | AW25: 1 | AX25: WR00L2L2 | AY25: 38080 | AZ25: 32 | BA25: 2 | BB25: 8 | BC25: 1540.77 | BD25: 23.894 | BE25: 45490 | BF25: 0.26615741 | BG25: 0 | BH25: 0 | BI25: 0 | BJ25: 0 | BK25: 0 | BL25: 0 | BM25: 0 | BN25: 0 | BO25: 0 | BP25: 0 | BQ25: 0 | BR25: 0 | BS25: =BS24 -> 23.872 | BU25: 144 | BV25: test-4node | BW25: 35968 | BX25: 32 | BY25: 2 | BZ25: 8 | CA25: 1185.04 | CB25: 26.179 | CQ25: =CQ24 -> 26.126667
A26: 2 | B26: WR00L2L2 | C26: 38080 | D26: 32 | E26: 2 | F26: 8 | G26: 1356.89 | H26: 27.132 | I26: 45484 | J26: 0.35875 | K26: 0 | L26: 0 | M26: 0 | N26: 0 | O26: 0 | P26: 0 | Q26: 0 | R26: 0 | S26: 0 | T26: 0 | U26: 0 | V26: 0 | W26: =W25 -> 27.1116 | Y26: 2 | Z26: WR00L2L2 | AA26: 38080 | AB26: 32 | AC26: 2 | AD26: 8 | AE26: 1260.72 | AF26: 29.202 | AG26: 45501 | AH26: 0.67668981 | AI26: 0 | AJ26: 0 | AK26: 0 | AL26: 0 | AM26: 0 | AN26: 0 | AO26: 0 | AP26: 0 | AQ26: 0 | AR26: 0 | AS26: 0 | AT26: 0 | AU26: =AU25 -> 29.1978 | AW26: 2 | AX26: WR00L2L2 | AY26: 38080 | AZ26: 32 | BA26: 2 | BB26: 8 | BC26: 1542.93 | BD26: 23.861 | BE26: 45491 | BF26: 0.35234954 | BG26: 0 | BH26: 0 | BI26: 0 | BJ26: 0 | BK26: 0 | BL26: 0 | BM26: 0 | BN26: 0 | BO26: 0 | BP26: 0 | BQ26: 0 | BR26: 0 | BS26: =BS25 -> 23.872 | BU26: 215 | BV26: test-4node | BW26: 35968 | BX26: 32 | BY26: 2 | BZ26: 8 | CA26: 1188.89 | CB26: 26.094 | CQ26: =CQ25 -> 26.126667
A27: 3 | B27: WR00L2L2 | C27: 38080 | D27: 32 | E27: 2 | F27: 8 | G27: 1350.12 | H27: 27.268 | I27: 45485 | J27: 0.22194444 | K27: 0 | L27: 0 | M27: 0 | N27: 0 | O27: 0 | P27: 0 | Q27: 0 | R27: 0 | S27: 0 | T27: 0 | U27: 0 | V27: 0 | W27: =W26 -> 27.1116 | Y27: 3 | Z27: WR00L2L2 | AA27: 38080 | AB27: 32 | AC27: 2 | AD27: 8 | AE27: 1262.99 | AF27: 29.149 | AG27: 45502 | AH27: 0.4709838 | AI27: 0 | AJ27: 0 | AK27: 0 | AL27: 0 | AM27: 0 | AN27: 0 | AO27: 0 | AP27: 0 | AQ27: 0 | AR27: 0 | AS27: 0 | AT27: 0 | AU27: =AU26 -> 29.1978 | AW27: 3 | AX27: WR00L2L2 | AY27: 38080 | AZ27: 32 | BA27: 2 | BB27: 8 | BC27: 1542.59 | BD27: 23.866 | BE27: 45492 | BF27: 0.43736111 | BG27: 0 | BH27: 0 | BI27: 0 | BJ27: 0 | BK27: 0 | BL27: 0 | BM27: 0 | BN27: 0 | BO27: 0 | BP27: 0 | BQ27: 0 | BR27: 0 | BS27: =BS26 -> 23.872 | BU27: 286 | BV27: test-4node | BW27: 35968 | BX27: 32 | BY27: 2 | BZ27: 8 | CA27: 1187.58 | CB27: 26.123 | CQ27: =CQ26 -> 26.126667
A28: 4 | B28: WR00L2L2 | C28: 38080 | D28: 32 | E28: 2 | F28: 8 | G28: 1395.19 | H28: 26.387 | I28: 45486 | J28: 0.10466435 | K28: 0 | L28: 0 | M28: 0 | N28: 0 | O28: 0 | P28: 0 | Q28: 0 | R28: 0 | S28: 0 | T28: 0 | U28: 0 | V28: 0 | W28: =W27 -> 27.1116 | Y28: 4 | Z28: WR00L2L2 | AA28: 38080 | AB28: 32 | AC28: 2 | AD28: 8 | AE28: 1263.3 | AF28: 29.142 | AG28: 45503 | AH28: 0.26575231 | AI28: 0 | AJ28: 0 | AK28: 0 | AL28: 0 | AM28: 0 | AN28: 0 | AO28: 0 | AP28: 0 | AQ28: 0 | AR28: 0 | AS28: 0 | AT28: 0 | AU28: =AU27 -> 29.1978 | AW28: 4 | AX28: WR00L2L2 | AY28: 38080 | AZ28: 32 | BA28: 2 | BB28: 8 | BC28: 1543.96 | BD28: 23.845 | BE28: 45493 | BF28: 0.52277778 | BG28: 0 | BH28: 0 | BI28: 0 | BJ28: 0 | BK28: 0 | BL28: 0 | BM28: 0 | BN28: 0 | BO28: 0 | BP28: 0 | BQ28: 0 | BR28: 0 | BS28: =BS27 -> 23.872 | BU28: 357 | BV28: test-4node | BW28: 35968 | BX28: 32 | BY28: 2 | BZ28: 8 | CA28: 1188.03 | CB28: 26.113 | CQ28: =CQ27 -> 26.126667
A29: 0 | B29: WR00L2L2 | C29: 40160 | D29: 32 | E29: 2 | F29: 8 | G29: 1585.83 | H29: 27.231 | I29: 45482 | J29: 0.92405093 | K29: 0 | L29: 0 | M29: 0 | N29: 0 | O29: 0 | P29: 0 | Q29: 0 | R29: 0 | S29: 0 | T29: 0 | U29: 0 | V29: 0 | W29: =AVERAGE(H29:H33) -> 26.9476 | Y29: 0 | Z29: WR00L2L2 | AA29: 40160 | AB29: 32 | AC29: 2 | AD29: 8 | AE29: 1505.29 | AF29: 28.688 | AG29: 45500 | AH29: 0.028310185 | AI29: 0 | AJ29: 0 | AK29: 0 | AL29: 0 | AM29: 0 | AN29: 0 | AO29: 0 | AP29: 0 | AQ29: 0 | AR29: 0 | AS29: 0 | AT29: 0 | AU29: =AVERAGE(AF29:AF33) -> 28.6958 | AW29: 0 | AX29: WR00L2L2 | AY29: 40160 | AZ29: 32 | BA29: 2 | BB29: 8 | BC29: 1797.24 | BD29: 24.028 | BE29: 45489 | BF29: 0.23841435 | BG29: 0 | BH29: 0 | BI29: 0 | BJ29: 0 | BK29: 0 | BL29: 0 | BM29: 0 | BN29: 0 | BO29: 0 | BP29: 0 | BQ29: 0 | BR29: 0 | BS29: =AVERAGE(BD29:BD33) -> 23.9598 | BU29: 26 | BV29: test-4node | BW29: 38144 | BX29: 32 | BY29: 2 | BZ29: 8 | CA29: 1344.95 | CB29: 27.511 | CQ29: =AVERAGE(CB29:CB34) -> 27.490167
A30: 1 | B30: WR00L2L2 | C30: 40160 | D30: 32 | E30: 2 | F30: 8 | G30: 1578.31 | H30: 27.36 | I30: 45483 | J30: 0.7890162 | K30: 0 | L30: 0 | M30: 0 | N30: 0 | O30: 0 | P30: 0 | Q30: 0 | R30: 0 | S30: 0 | T30: 0 | U30: 0 | V30: 0 | W30: =W29 -> 26.9476 | Y30: 1 | Z30: WR00L2L2 | AA30: 40160 | AB30: 32 | AC30: 2 | AD30: 8 | AE30: 1503.94 | AF30: 28.713 | AG30: 45501 | AH30: 0.15028935 | AI30: 0 | AJ30: 0 | AK30: 0 | AL30: 0 | AM30: 0 | AN30: 0 | AO30: 0 | AP30: 0 | AQ30: 0 | AR30: 0 | AS30: 0 | AT30: 0 | AU30: =AU29 -> 28.6958 | AW30: 1 | AX30: WR00L2L2 | AY30: 40160 | AZ30: 32 | BA30: 2 | BB30: 8 | BC30: 1801.2 | BD30: 23.975 | BE30: 45490 | BF30: 0.63200231 | BG30: 0 | BH30: 0 | BI30: 0 | BJ30: 0 | BK30: 0 | BL30: 0 | BM30: 0 | BN30: 0 | BO30: 0 | BP30: 0 | BQ30: 0 | BR30: 0 | BS30: =BS29 -> 23.9598 | BU30: 97 | BV30: test-4node | BW30: 38144 | BX30: 32 | BY30: 2 | BZ30: 8 | CA30: 1341.45 | CB30: 27.583 | CQ30: =CQ29 -> 27.490167
A31: 2 | B31: WR00L2L2 | C31: 40160 | D31: 32 | E31: 2 | F31: 8 | G31: 1581.94 | H31: 27.298 | I31: 45484 | J31: 0.65138889 | K31: 0 | L31: 0 | M31: 0 | N31: 0 | O31: 0 | P31: 0 | Q31: 0 | R31: 0 | S31: 0 | T31: 0 | U31: 0 | V31: 0 | W31: =W30 -> 26.9476 | Y31: 2 | Z31: WR00L2L2 | AA31: 40160 | AB31: 32 | AC31: 2 | AD31: 8 | AE31: 1503.86 | AF31: 28.715 | AG31: 45501 | AH31: 0.94487269 | AI31: 0 | AJ31: 0 | AK31: 0 | AL31: 0 | AM31: 0 | AN31: 0 | AO31: 0 | AP31: 0 | AQ31: 0 | AR31: 0 | AS31: 0 | AT31: 0 | AU31: =AU30 -> 28.6958 | AW31: 2 | AX31: WR00L2L2 | AY31: 40160 | AZ31: 32 | BA31: 2 | BB31: 8 | BC31: 1798.82 | BD31: 24.006 | BE31: 45491 | BF31: 0.71769676 | BG31: 0 | BH31: 0 | BI31: 0 | BJ31: 0 | BK31: 0 | BL31: 0 | BM31: 0 | BN31: 0 | BO31: 0 | BP31: 0 | BQ31: 0 | BR31: 0 | BS31: =BS30 -> 23.9598 | BU31: 168 | BV31: test-4node | BW31: 38144 | BX31: 32 | BY31: 2 | BZ31: 8 | CA31: 1345.37 | CB31: 27.502 | CQ31: =CQ30 -> 27.490167
A32: 3 | B32: WR00L2L2 | C32: 40160 | D32: 32 | E32: 2 | F32: 8 | G32: 1630.85 | H32: 26.479 | I32: 45485 | J32: 0.51737269 | K32: 0 | L32: 0 | M32: 0 | N32: 0 | O32: 0 | P32: 0 | Q32: 0 | R32: 0 | S32: 0 | T32: 0 | U32: 0 | V32: 0 | W32: =W31 -> 26.9476 | Y32: 3 | Z32: WR00L2L2 | AA32: 40160 | AB32: 32 | AC32: 2 | AD32: 8 | AE32: 1506.82 | AF32: 28.659 | AG32: 45502 | AH32: 0.73938657 | AI32: 0 | AJ32: 0 | AK32: 0 | AL32: 0 | AM32: 0 | AN32: 0 | AO32: 0 | AP32: 0 | AQ32: 0 | AR32: 0 | AS32: 0 | AT32: 0 | AU32: =AU31 -> 28.6958 | AW32: 3 | AX32: WR00L2L2 | AY32: 40160 | AZ32: 32 | BA32: 2 | BB32: 8 | BC32: 1807.43 | BD32: 23.892 | BE32: 45492 | BF32: 0.803125 | BG32: 0 | BH32: 0 | BI32: 0 | BJ32: 0 | BK32: 0 | BL32: 0 | BM32: 0 | BN32: 0 | BO32: 0 | BP32: 0 | BQ32: 0 | BR32: 0 | BS32: =BS31 -> 23.9598 | BU32: 239 | BV32: test-4node | BW32: 38144 | BX32: 32 | BY32: 2 | BZ32: 8 | CA32: 1347.99 | CB32: 27.449 | CQ32: =CQ31 -> 27.490167
A33: 4 | B33: WR00L2L2 | C33: 40160 | D33: 32 | E33: 2 | F33: 8 | G33: 1637.6 | H33: 26.37 | I33: 45486 | J33: 0.40577546 | K33: 0 | L33: 0 | M33: 0 | N33: 0 | O33: 0 | P33: 0 | Q33: 0 | R33: 0 | S33: 0 | T33: 0 | U33: 0 | V33: 0 | W33: =W32 -> 26.9476 | Y33: 4 | Z33: WR00L2L2 | AA33: 40160 | AB33: 32 | AC33: 2 | AD33: 8 | AE33: 1504.42 | AF33: 28.704 | AG33: 45503 | AH33: 0.53431713 | AI33: 0 | AJ33: 0 | AK33: 0 | AL33: 0 | AM33: 0 | AN33: 0 | AO33: 0 | AP33: 0 | AQ33: 0 | AR33: 0 | AS33: 0 | AT33: 0 | AU33: =AU32 -> 28.6958 | AW33: 4 | AX33: WR00L2L2 | AY33: 40160 | AZ33: 32 | BA33: 2 | BB33: 8 | BC33: 1806.95 | BD33: 23.898 | BE33: 45493 | BF33: 0.88875 | BG33: 0 | BH33: 0 | BI33: 0 | BJ33: 0 | BK33: 0 | BL33: 0 | BM33: 0 | BN33: 0 | BO33: 0 | BP33: 0 | BQ33: 0 | BR33: 0 | BS33: =BS32 -> 23.9598 | BU33: 310 | BV33: test-4node | BW33: 38144 | BX33: 32 | BY33: 2 | BZ33: 8 | CA33: 1348.05 | CB33: 27.448 | CQ33: =CQ32 -> 27.490167
A34: 0 | B34: WR00L2L2 | C34: 36000 | D34: 32 | E34: 4 | F34: 4 | G34: 1193.11 | H34: 26.071 | I34: 45482 | J34: 0.39685185 | K34: 0 | L34: 0 | M34: 0 | N34: 0 | O34: 0 | P34: 0 | Q34: 0 | R34: 0 | S34: 0 | T34: 0 | U34: 0 | V34: 0 | W34: =AVERAGE(H34:H38) -> 25.8484 | Y34: 0 | Z34: WR00L2L2 | AA34: 36000 | AB34: 32 | AC34: 4 | AD34: 4 | AE34: 1135.71 | AF34: 27.389 | AG34: 45499 | AH34: 0.54482639 | AI34: 0 | AJ34: 0 | AK34: 0 | AL34: 0 | AM34: 0 | AN34: 0 | AO34: 0 | AP34: 0 | AQ34: 0 | AR34: 0 | AS34: 0 | AT34: 0 | AU34: =AVERAGE(AF34:AF38) -> 27.4486 | AW34: 0 | AX34: WR00L2L2 | AY34: 36000 | AZ34: 32 | BA34: 4 | BB34: 4 | BC34: 1391.32 | BD34: 22.357 | BE34: 45488 | BF34: 0.57103009 | BG34: 0 | BH34: 0 | BI34: 0 | BJ34: 0 | BK34: 0 | BL34: 0 | BM34: 0 | BN34: 0 | BO34: 0 | BP34: 0 | BQ34: 0 | BR34: 0 | BS34: =AVERAGE(BD34:BD38) -> 22.3202 | BU34: 381 | BV34: test-4node | BW34: 38144 | BX34: 32 | BY34: 2 | BZ34: 8 | CA34: 1348.04 | CB34: 27.448 | CQ34: =CQ33 -> 27.490167
A35: 1 | B35: WR00L2L2 | C35: 36000 | D35: 32 | E35: 4 | F35: 4 | G35: 1195.48 | H35: 26.02 | I35: 45483 | J35: 0.25728009 | K35: 0 | L35: 0 | M35: 0 | N35: 0 | O35: 0 | P35: 0 | Q35: 0 | R35: 0 | S35: 0 | T35: 0 | U35: 0 | V35: 0 | W35: =W34 -> 25.8484 | Y35: 1 | Z35: WR00L2L2 | AA35: 36000 | AB35: 32 | AC35: 4 | AD35: 4 | AE35: 1136.64 | AF35: 27.367 | AG35: 45500 | AH35: 0.6655787 | AI35: 0 | AJ35: 0 | AK35: 0 | AL35: 0 | AM35: 0 | AN35: 0 | AO35: 0 | AP35: 0 | AQ35: 0 | AR35: 0 | AS35: 0 | AT35: 0 | AU35: =AU34 -> 27.4486 | AW35: 1 | AX35: WR00L2L2 | AY35: 36000 | AZ35: 32 | BA35: 4 | BB35: 4 | BC35: 1390.66 | BD35: 22.368 | BE35: 45489 | BF35: 0.96497685 | BG35: 0 | BH35: 0 | BI35: 0 | BJ35: 0 | BK35: 0 | BL35: 0 | BM35: 0 | BN35: 0 | BO35: 0 | BP35: 0 | BQ35: 0 | BR35: 0 | BS35: =BS34 -> 22.3202 | BU35: 50 | BV35: test-4node | BW35: 40320 | BX35: 32 | BY35: 2 | BZ35: 8 | CA35: 1608.34 | CB35: 27.172 | CQ35: =AVERAGE(CB35:CB40) -> 27.123
A36: 2 | B36: WR00L2L2 | C36: 36000 | D36: 32 | E36: 4 | F36: 4 | G36: 1199.89 | H36: 25.924 | I36: 45484 | J36: 0.12226852 | K36: 0 | L36: 0 | M36: 0 | N36: 0 | O36: 0 | P36: 0 | Q36: 0 | R36: 0 | S36: 0 | T36: 0 | U36: 0 | V36: 0 | W36: =W35 -> 25.8484 | Y36: 2 | Z36: WR00L2L2 | AA36: 36000 | AB36: 32 | AC36: 4 | AD36: 4 | AE36: 1133.19 | AF36: 27.45 | AG36: 45501 | AH36: 0.45944444 | AI36: 0 | AJ36: 0 | AK36: 0 | AL36: 0 | AM36: 0 | AN36: 0 | AO36: 0 | AP36: 0 | AQ36: 0 | AR36: 0 | AS36: 0 | AT36: 0 | AU36: =AU35 -> 27.4486 | AW36: 2 | AX36: WR00L2L2 | AY36: 36000 | AZ36: 32 | BA36: 4 | BB36: 4 | BC36: 1396 | BD36: 22.282 | BE36: 45491 | BF36: 0.05037037 | BG36: 0 | BH36: 0 | BI36: 0 | BJ36: 0 | BK36: 0 | BL36: 0 | BM36: 0 | BN36: 0 | BO36: 0 | BP36: 0 | BQ36: 0 | BR36: 0 | BS36: =BS35 -> 22.3202 | BU36: 121 | BV36: test-4node | BW36: 40320 | BX36: 32 | BY36: 2 | BZ36: 8 | CA36: 1609.25 | CB36: 27.156 | CQ36: =CQ35 -> 27.123
A37: 3 | B37: WR00L2L2 | C37: 36000 | D37: 32 | E37: 4 | F37: 4 | G37: 1194.91 | H37: 26.032 | I37: 45484 | J37: 0.98476852 | K37: 0 | L37: 0 | M37: 0 | N37: 0 | O37: 0 | P37: 0 | Q37: 0 | R37: 0 | S37: 0 | T37: 0 | U37: 0 | V37: 0 | W37: =W36 -> 25.8484 | Y37: 3 | Z37: WR00L2L2 | AA37: 36000 | AB37: 32 | AC37: 4 | AD37: 4 | AE37: 1131.94 | AF37: 27.48 | AG37: 45502 | AH37: 0.25446759 | AI37: 0 | AJ37: 0 | AK37: 0 | AL37: 0 | AM37: 0 | AN37: 0 | AO37: 0 | AP37: 0 | AQ37: 0 | AR37: 0 | AS37: 0 | AT37: 0 | AU37: =AU36 -> 27.4486 | AW37: 3 | AX37: WR00L2L2 | AY37: 36000 | AZ37: 32 | BA37: 4 | BB37: 4 | BC37: 1392.41 | BD37: 22.34 | BE37: 45492 | BF37: 0.13547454 | BG37: 0 | BH37: 0 | BI37: 0 | BJ37: 0 | BK37: 0 | BL37: 0 | BM37: 0 | BN37: 0 | BO37: 0 | BP37: 0 | BQ37: 0 | BR37: 0 | BS37: =BS36 -> 22.3202 | BU37: 192 | BV37: test-4node | BW37: 40320 | BX37: 32 | BY37: 2 | BZ37: 8 | CA37: 1611.11 | CB37: 27.125 | CQ37: =CQ36 -> 27.123
A38: 4 | B38: WR00L2L2 | C38: 36000 | D38: 32 | E38: 4 | F38: 4 | G38: 1234.58 | H38: 25.195 | I38: 45485 | J38: 0.86065972 | K38: 0 | L38: 0 | M38: 0 | N38: 0 | O38: 0 | P38: 0 | Q38: 0 | R38: 0 | S38: 0 | T38: 0 | U38: 0 | V38: 0 | W38: =W37 -> 25.8484 | Y38: 4 | Z38: WR00L2L2 | AA38: 36000 | AB38: 32 | AC38: 4 | AD38: 4 | AE38: 1128.79 | AF38: 27.557 | AG38: 45503 | AH38: 0.049351852 | AI38: 0 | AJ38: 0 | AK38: 0 | AL38: 0 | AM38: 0 | AN38: 0 | AO38: 0 | AP38: 0 | AQ38: 0 | AR38: 0 | AS38: 0 | AT38: 0 | AU38: =AU37 -> 27.4486 | AW38: 4 | AX38: WR00L2L2 | AY38: 36000 | AZ38: 32 | BA38: 4 | BB38: 4 | BC38: 1397.8 | BD38: 22.254 | BE38: 45493 | BF38: 0.22082176 | BG38: 0 | BH38: 0 | BI38: 0 | BJ38: 0 | BK38: 0 | BL38: 0 | BM38: 0 | BN38: 0 | BO38: 0 | BP38: 0 | BQ38: 0 | BR38: 0 | BS38: =BS37 -> 22.3202 | BU38: 263 | BV38: test-4node | BW38: 40320 | BX38: 32 | BY38: 2 | BZ38: 8 | CA38: 1609.49 | CB38: 27.152 | CQ38: =CQ37 -> 27.123
A39: 0 | B39: WR00L2L2 | C39: 38080 | D39: 32 | E39: 4 | F39: 4 | G39: 1390.34 | H39: 26.479 | I39: 45482 | J39: 0.64988426 | K39: 0 | L39: 0 | M39: 0 | N39: 0 | O39: 0 | P39: 0 | Q39: 0 | R39: 0 | S39: 0 | T39: 0 | U39: 0 | V39: 0 | W39: =AVERAGE(H39:H43) -> 26.3458 | Y39: 0 | Z39: WR00L2L2 | AA39: 38080 | AB39: 32 | AC39: 4 | AD39: 4 | AE39: 1321.66 | AF39: 27.855 | AG39: 45499 | AH39: 0.77653935 | AI39: 0 | AJ39: 0 | AK39: 0 | AL39: 0 | AM39: 0 | AN39: 0 | AO39: 0 | AP39: 0 | AQ39: 0 | AR39: 0 | AS39: 0 | AT39: 0 | AU39: =AVERAGE(AF39:AF43) -> 27.964 | AW39: 0 | AX39: WR00L2L2 | AY39: 38080 | AZ39: 32 | BA39: 4 | BB39: 4 | BC39: 1604.5 | BD39: 22.945 | BE39: 45488 | BF39: 0.89222222 | BG39: 0 | BH39: 0 | BI39: 0 | BJ39: 0 | BK39: 0 | BL39: 0 | BM39: 0 | BN39: 0 | BO39: 0 | BP39: 0 | BQ39: 0 | BR39: 0 | BS39: =AVERAGE(BD39:BD43) -> 22.9642 | BU39: 334 | BV39: test-4node | BW39: 40320 | BX39: 32 | BY39: 2 | BZ39: 8 | CA39: 1617.48 | CB39: 27.018 | CQ39: =CQ38 -> 27.123
A40: 1 | B40: WR00L2L2 | C40: 38080 | D40: 32 | E40: 4 | F40: 4 | G40: 1391.46 | H40: 26.458 | I40: 45483 | J40: 0.51229167 | K40: 0 | L40: 0 | M40: 0 | N40: 0 | O40: 0 | P40: 0 | Q40: 0 | R40: 0 | S40: 0 | T40: 0 | U40: 0 | V40: 0 | W40: =W39 -> 26.3458 | Y40: 1 | Z40: WR00L2L2 | AA40: 38080 | AB40: 32 | AC40: 4 | AD40: 4 | AE40: 1315.63 | AF40: 27.983 | AG40: 45500 | AH40: 0.89813657 | AI40: 0 | AJ40: 0 | AK40: 0 | AL40: 0 | AM40: 0 | AN40: 0 | AO40: 0 | AP40: 0 | AQ40: 0 | AR40: 0 | AS40: 0 | AT40: 0 | AU40: =AU39 -> 27.964 | AW40: 1 | AX40: WR00L2L2 | AY40: 38080 | AZ40: 32 | BA40: 4 | BB40: 4 | BC40: 1610.9 | BD40: 22.854 | BE40: 45490 | BF40: 0.28569444 | BG40: 0 | BH40: 0 | BI40: 0 | BJ40: 0 | BK40: 0 | BL40: 0 | BM40: 0 | BN40: 0 | BO40: 0 | BP40: 0 | BQ40: 0 | BR40: 0 | BS40: =BS39 -> 22.9642 | BU40: 405 | BV40: test-4node | BW40: 40320 | BX40: 32 | BY40: 2 | BZ40: 8 | CA40: 1611.73 | CB40: 27.115 | CQ40: =CQ39 -> 27.123
A41: 2 | B41: WR00L2L2 | C41: 38080 | D41: 32 | E41: 4 | F41: 4 | G41: 1386.05 | H41: 26.561 | I41: 45484 | J41: 0.37506944 | K41: 0 | L41: 0 | M41: 0 | N41: 0 | O41: 0 | P41: 0 | Q41: 0 | R41: 0 | S41: 0 | T41: 0 | U41: 0 | V41: 0 | W41: =W40 -> 26.3458 | Y41: 2 | Z41: WR00L2L2 | AA41: 38080 | AB41: 32 | AC41: 4 | AD41: 4 | AE41: 1314.75 | AF41: 28.002 | AG41: 45501 | AH41: 0.69219907 | AI41: 0 | AJ41: 0 | AK41: 0 | AL41: 0 | AM41: 0 | AN41: 0 | AO41: 0 | AP41: 0 | AQ41: 0 | AR41: 0 | AS41: 0 | AT41: 0 | AU41: =AU40 -> 27.964 | AW41: 2 | AX41: WR00L2L2 | AY41: 38080 | AZ41: 32 | BA41: 4 | BB41: 4 | BC41: 1600.55 | BD41: 23.001 | BE41: 45491 | BF41: 0.37177083 | BG41: 0 | BH41: 0 | BI41: 0 | BJ41: 0 | BK41: 0 | BL41: 0 | BM41: 0 | BN41: 0 | BO41: 0 | BP41: 0 | BQ41: 0 | BR41: 0 | BS41: =BS40 -> 22.9642 | BU41: 3 | BV41: test-4node | BW41: 35968 | BX41: 32 | BY41: 4 | BZ41: 4 | CA41: 1193.4 | CB41: 25.996 | CQ41: =AVERAGE(CB41:CB46) -> 26.0775
A42: 3 | B42: WR00L2L2 | C42: 38080 | D42: 32 | E42: 4 | F42: 4 | G42: 1388.57 | H42: 26.513 | I42: 45485 | J42: 0.23828704 | K42: 0 | L42: 0 | M42: 0 | N42: 0 | O42: 0 | P42: 0 | Q42: 0 | R42: 0 | S42: 0 | T42: 0 | U42: 0 | V42: 0 | W42: =W41 -> 26.3458 | Y42: 3 | Z42: WR00L2L2 | AA42: 38080 | AB42: 32 | AC42: 4 | AD42: 4 | AE42: 1315.89 | AF42: 27.977 | AG42: 45502 | AH42: 0.48650463 | AI42: 0 | AJ42: 0 | AK42: 0 | AL42: 0 | AM42: 0 | AN42: 0 | AO42: 0 | AP42: 0 | AQ42: 0 | AR42: 0 | AS42: 0 | AT42: 0 | AU42: =AU41 -> 27.964 | AW42: 3 | AX42: WR00L2L2 | AY42: 38080 | AZ42: 32 | BA42: 4 | BB42: 4 | BC42: 1600.46 | BD42: 23.003 | BE42: 45492 | BF42: 0.45678241 | BG42: 0 | BH42: 0 | BI42: 0 | BJ42: 0 | BK42: 0 | BL42: 0 | BM42: 0 | BN42: 0 | BO42: 0 | BP42: 0 | BQ42: 0 | BR42: 0 | BS42: =BS41 -> 22.9642 | BU42: 74 | BV42: test-4node | BW42: 35968 | BX42: 32 | BY42: 4 | BZ42: 4 | CA42: 1188.57 | CB42: 26.101 | CQ42: =CQ41 -> 26.0775
A43: 4 | B43: WR00L2L2 | C43: 38080 | D43: 32 | E43: 4 | F43: 4 | G43: 1431.46 | H43: 25.718 | I43: 45486 | J43: 0.12152778 | K43: 0 | L43: 0 | M43: 0 | N43: 0 | O43: 0 | P43: 0 | Q43: 0 | R43: 0 | S43: 0 | T43: 0 | U43: 0 | V43: 0 | W43: =W42 -> 26.3458 | Y43: 4 | Z43: WR00L2L2 | AA43: 38080 | AB43: 32 | AC43: 4 | AD43: 4 | AE43: 1314.7 | AF43: 28.003 | AG43: 45503 | AH43: 0.28125 | AI43: 0 | AJ43: 0 | AK43: 0 | AL43: 0 | AM43: 0 | AN43: 0 | AO43: 0 | AP43: 0 | AQ43: 0 | AR43: 0 | AS43: 0 | AT43: 0 | AU43: =AU42 -> 27.964 | AW43: 4 | AX43: WR00L2L2 | AY43: 38080 | AZ43: 32 | BA43: 4 | BB43: 4 | BC43: 1599.38 | BD43: 23.018 | BE43: 45493 | BF43: 0.5421875 | BG43: 0 | BH43: 0 | BI43: 0 | BJ43: 0 | BK43: 0 | BL43: 0 | BM43: 0 | BN43: 0 | BO43: 0 | BP43: 0 | BQ43: 0 | BR43: 0 | BS43: =BS42 -> 22.9642 | BU43: 145 | BV43: test-4node | BW43: 35968 | BX43: 32 | BY43: 4 | BZ43: 4 | CA43: 1188.47 | CB43: 26.103 | CQ43: =CQ42 -> 26.0775
A44: 0 | B44: WR00L2L2 | C44: 40160 | D44: 32 | E44: 4 | F44: 4 | G44: 1625.93 | H44: 26.559 | I44: 45482 | J44: 0.9431713 | K44: 0 | L44: 0 | M44: 0 | N44: 0 | O44: 0 | P44: 0 | Q44: 0 | R44: 0 | S44: 0 | T44: 0 | U44: 0 | V44: 0 | W44: =AVERAGE(H44:H48) -> 26.1692 | Y44: 0 | Z44: WR00L2L2 | AA44: 40160 | AB44: 32 | AC44: 4 | AD44: 4 | AE44: 1564.21 | AF44: 27.607 | AG44: 45500 | AH44: 0.046736111 | AI44: 0 | AJ44: 0 | AK44: 0 | AL44: 0 | AM44: 0 | AN44: 0 | AO44: 0 | AP44: 0 | AQ44: 0 | AR44: 0 | AS44: 0 | AT44: 0 | AU44: =AVERAGE(AF44:AF48) -> 27.549 | AW44: 0 | AX44: WR00L2L2 | AY44: 40160 | AZ44: 32 | BA44: 4 | BB44: 4 | BC44: 1874.78 | BD44: 23.034 | BE44: 45489 | BF44: 0.26114583 | BG44: 0 | BH44: 0 | BI44: 0 | BJ44: 0 | BK44: 0 | BL44: 0 | BM44: 0 | BN44: 0 | BO44: 0 | BP44: 0 | BQ44: 0 | BR44: 0 | BS44: =AVERAGE(BD44:BD48) -> 22.979 | BU44: 216 | BV44: test-4node | BW44: 35968 | BX44: 32 | BY44: 4 | BZ44: 4 | CA44: 1190.26 | CB44: 26.064 | CQ44: =CQ43 -> 26.0775
A45: 1 | B45: WR00L2L2 | C45: 40160 | D45: 32 | E45: 4 | F45: 4 | G45: 1627.54 | H45: 26.533 | I45: 45483 | J45: 0.80815972 | K45: 0 | L45: 0 | M45: 0 | N45: 0 | O45: 0 | P45: 0 | Q45: 0 | R45: 0 | S45: 0 | T45: 0 | U45: 0 | V45: 0 | W45: =W44 -> 26.1692 | Y45: 1 | Z45: WR00L2L2 | AA45: 40160 | AB45: 32 | AC45: 4 | AD45: 4 | AE45: 1565.99 | AF45: 27.576 | AG45: 45501 | AH45: 0.16873843 | AI45: 0 | AJ45: 0 | AK45: 0 | AL45: 0 | AM45: 0 | AN45: 0 | AO45: 0 | AP45: 0 | AQ45: 0 | AR45: 0 | AS45: 0 | AT45: 0 | AU45: =AU44 -> 27.549 | AW45: 1 | AX45: WR00L2L2 | AY45: 40160 | AZ45: 32 | BA45: 4 | BB45: 4 | BC45: 1877.3 | BD45: 23.003 | BE45: 45490 | BF45: 0.65472222 | BG45: 0 | BH45: 0 | BI45: 0 | BJ45: 0 | BK45: 0 | BL45: 0 | BM45: 0 | BN45: 0 | BO45: 0 | BP45: 0 | BQ45: 0 | BR45: 0 | BS45: =BS44 -> 22.979 | BU45: 287 | BV45: test-4node | BW45: 35968 | BX45: 32 | BY45: 4 | BZ45: 4 | CA45: 1188.59 | CB45: 26.101 | CQ45: =CQ44 -> 26.0775
A46: 2 | B46: WR00L2L2 | C46: 40160 | D46: 32 | E46: 4 | F46: 4 | G46: 1630.31 | H46: 26.488 | I46: 45484 | J46: 0.67056713 | K46: 0 | L46: 0 | M46: 0 | N46: 0 | O46: 0 | P46: 0 | Q46: 0 | R46: 0 | S46: 0 | T46: 0 | U46: 0 | V46: 0 | W46: =W45 -> 26.1692 | Y46: 2 | Z46: WR00L2L2 | AA46: 40160 | AB46: 32 | AC46: 4 | AD46: 4 | AE46: 1571.55 | AF46: 27.478 | AG46: 45501 | AH46: 0.96337963 | AI46: 0 | AJ46: 0 | AK46: 0 | AL46: 0 | AM46: 0 | AN46: 0 | AO46: 0 | AP46: 0 | AQ46: 0 | AR46: 0 | AS46: 0 | AT46: 0 | AU46: =AU45 -> 27.549 | AW46: 2 | AX46: WR00L2L2 | AY46: 40160 | AZ46: 32 | BA46: 4 | BB46: 4 | BC46: 1882.77 | BD46: 22.936 | BE46: 45491 | BF46: 0.74048611 | BG46: 0 | BH46: 0 | BI46: 0 | BJ46: 0 | BK46: 0 | BL46: 0 | BM46: 0 | BN46: 0 | BO46: 0 | BP46: 0 | BQ46: 0 | BR46: 0 | BS46: =BS45 -> 22.979 | BU46: 358 | BV46: test-4node | BW46: 35968 | BX46: 32 | BY46: 4 | BZ46: 4 | CA46: 1188.61 | CB46: 26.1 | CQ46: =CQ45 -> 26.0775
A47: 3 | B47: WR00L2L2 | C47: 40160 | D47: 32 | E47: 4 | F47: 4 | G47: 1681.11 | H47: 25.687 | I47: 45485 | J47: 0.53715278 | K47: 0 | L47: 0 | M47: 0 | N47: 0 | O47: 0 | P47: 0 | Q47: 0 | R47: 0 | S47: 0 | T47: 0 | U47: 0 | V47: 0 | W47: =W46 -> 26.1692 | Y47: 3 | Z47: WR00L2L2 | AA47: 40160 | AB47: 32 | AC47: 4 | AD47: 4 | AE47: 1567 | AF47: 27.558 | AG47: 45502 | AH47: 0.75783565 | AI47: 0 | AJ47: 0 | AK47: 0 | AL47: 0 | AM47: 0 | AN47: 0 | AO47: 0 | AP47: 0 | AQ47: 0 | AR47: 0 | AS47: 0 | AT47: 0 | AU47: =AU46 -> 27.549 | AW47: 3 | AX47: WR00L2L2 | AY47: 40160 | AZ47: 32 | BA47: 4 | BB47: 4 | BC47: 1880.57 | BD47: 22.963 | BE47: 45492 | BF47: 0.82587963 | BG47: 0 | BH47: 0 | BI47: 0 | BJ47: 0 | BK47: 0 | BL47: 0 | BM47: 0 | BN47: 0 | BO47: 0 | BP47: 0 | BQ47: 0 | BR47: 0 | BS47: =BS46 -> 22.979 | BU47: 27 | BV47: test-4node | BW47: 38144 | BX47: 32 | BY47: 4 | BZ47: 4 | CA47: 1388.03 | CB47: 26.657 | CQ47: =AVERAGE(CB47:CB52) -> 26.6875
A48: 4 | B48: WR00L2L2 | C48: 40160 | D48: 32 | E48: 4 | F48: 4 | G48: 1688.22 | H48: 25.579 | I48: 45486 | J48: 0.42563657 | K48: 0 | L48: 0 | M48: 0 | N48: 0 | O48: 0 | P48: 0 | Q48: 0 | R48: 0 | S48: 0 | T48: 0 | U48: 0 | V48: 0 | W48: =W47 -> 26.1692 | Y48: 4 | Z48: WR00L2L2 | AA48: 40160 | AB48: 32 | AC48: 4 | AD48: 4 | AE48: 1568.83 | AF48: 27.526 | AG48: 45503 | AH48: 0.55278935 | AI48: 0 | AJ48: 0 | AK48: 0 | AL48: 0 | AM48: 0 | AN48: 0 | AO48: 0 | AP48: 0 | AQ48: 0 | AR48: 0 | AS48: 0 | AT48: 0 | AU48: =AU47 -> 27.549 | AW48: 4 | AX48: WR00L2L2 | AY48: 40160 | AZ48: 32 | BA48: 4 | BB48: 4 | BC48: 1880.87 | BD48: 22.959 | BE48: 45493 | BF48: 0.91150463 | BG48: 0 | BH48: 0 | BI48: 0 | BJ48: 0 | BK48: 0 | BL48: 0 | BM48: 0 | BN48: 0 | BO48: 0 | BP48: 0 | BQ48: 0 | BR48: 0 | BS48: =BS47 -> 22.979 | BU48: 98 | BV48: test-4node | BW48: 38144 | BX48: 32 | BY48: 4 | BZ48: 4 | CA48: 1382.36 | CB48: 26.767 | CQ48: =CQ47 -> 26.6875
A49: 0 | B49: WR00L2L2 | C49: 35968 | D49: 64 | E49: 1 | F49: 16 | G49: 837.74 | H49: 37.032 | I49: 45482 | J49: 0.4068287 | K49: 0 | L49: 0 | M49: 0 | N49: 0 | O49: 0 | P49: 0 | Q49: 0 | R49: 0 | S49: 0 | T49: 0 | U49: 0 | V49: 0 | W49: =AVERAGE(H49:H53) -> 36.8262 | Y49: 0 | Z49: WR00L2L2 | AA49: 35968 | AB49: 64 | AC49: 1 | AD49: 16 | AE49: 787.06 | AF49: 39.416 | AG49: 45499 | AH49: 0.55423611 | AI49: 0 | AJ49: 0 | AK49: 0 | AL49: 0 | AM49: 0 | AN49: 0 | AO49: 0 | AP49: 0 | AQ49: 0 | AR49: 0 | AS49: 0 | AT49: 0 | AU49: =AVERAGE(AF49:AF53) -> 39.6284 | AW49: 0 | AX49: WR00L2L2 | AY49: 35968 | AZ49: 64 | BA49: 1 | BB49: 16 | BC49: 971.13 | BD49: 31.945 | BE49: 45488 | BF49: 0.583125 | BG49: 0 | BH49: 0 | BI49: 0 | BJ49: 0 | BK49: 0 | BL49: 0 | BM49: 0 | BN49: 0 | BO49: 0 | BP49: 0 | BQ49: 0 | BR49: 0 | BS49: =AVERAGE(BD49:BD53) -> 31.946 | BU49: 169 | BV49: test-4node | BW49: 38144 | BX49: 32 | BY49: 4 | BZ49: 4 | CA49: 1388.86 | CB49: 26.641 | CQ49: =CQ48 -> 26.6875
A50: 1 | B50: WR00L2L2 | C50: 35968 | D50: 64 | E50: 1 | F50: 16 | G50: 838.11 | H50: 37.016 | I50: 45483 | J50: 0.26725694 | K50: 0 | L50: 0 | M50: 0 | N50: 0 | O50: 0 | P50: 0 | Q50: 0 | R50: 0 | S50: 0 | T50: 0 | U50: 0 | V50: 0 | W50: =W49 -> 36.8262 | Y50: 1 | Z50: WR00L2L2 | AA50: 35968 | AB50: 64 | AC50: 1 | AD50: 16 | AE50: 777.95 | AF50: 39.878 | AG50: 45500 | AH50: 0.67488426 | AI50: 0 | AJ50: 0 | AK50: 0 | AL50: 0 | AM50: 0 | AN50: 0 | AO50: 0 | AP50: 0 | AQ50: 0 | AR50: 0 | AS50: 0 | AT50: 0 | AU50: =AU49 -> 39.6284 | AW50: 1 | AX50: WR00L2L2 | AY50: 35968 | AZ50: 64 | BA50: 1 | BB50: 16 | BC50: 971.09 | BD50: 31.947 | BE50: 45489 | BF50: 0.97702546 | BG50: 0 | BH50: 0 | BI50: 0 | BJ50: 0 | BK50: 0 | BL50: 0 | BM50: 0 | BN50: 0 | BO50: 0 | BP50: 0 | BQ50: 0 | BR50: 0 | BS50: =BS49 -> 31.946 | BU50: 240 | BV50: test-4node | BW50: 38144 | BX50: 32 | BY50: 4 | BZ50: 4 | CA50: 1389.66 | CB50: 26.626 | CQ50: =CQ49 -> 26.6875
A51: 2 | B51: WR00L2L2 | C51: 35968 | D51: 64 | E51: 1 | F51: 16 | G51: 834.79 | H51: 37.163 | I51: 45484 | J51: 0.13219907 | K51: 0 | L51: 0 | M51: 0 | N51: 0 | O51: 0 | P51: 0 | Q51: 0 | R51: 0 | S51: 0 | T51: 0 | U51: 0 | V51: 0 | W51: =W50 -> 36.8262 | Y51: 2 | Z51: WR00L2L2 | AA51: 35968 | AB51: 64 | AC51: 1 | AD51: 16 | AE51: 785.79 | AF51: 39.48 | AG51: 45501 | AH51: 0.46884259 | AI51: 0 | AJ51: 0 | AK51: 0 | AL51: 0 | AM51: 0 | AN51: 0 | AO51: 0 | AP51: 0 | AQ51: 0 | AR51: 0 | AS51: 0 | AT51: 0 | AU51: =AU50 -> 39.6284 | AW51: 2 | AX51: WR00L2L2 | AY51: 35968 | AZ51: 64 | BA51: 1 | BB51: 16 | BC51: 972.84 | BD51: 31.889 | BE51: 45491 | BF51: 0.06244213 | BG51: 0 | BH51: 0 | BI51: 0 | BJ51: 0 | BK51: 0 | BL51: 0 | BM51: 0 | BN51: 0 | BO51: 0 | BP51: 0 | BQ51: 0 | BR51: 0 | BS51: =BS50 -> 31.946 | BU51: 311 | BV51: test-4node | BW51: 38144 | BX51: 32 | BY51: 4 | BZ51: 4 | CA51: 1386.62 | CB51: 26.684 | CQ51: =CQ50 -> 26.6875
A52: 3 | B52: WR00L2L2 | C52: 35968 | D52: 64 | E52: 1 | F52: 16 | G52: 837.38 | H52: 37.048 | I52: 45484 | J52: 0.9947338 | K52: 0 | L52: 0 | M52: 0 | N52: 0 | O52: 0 | P52: 0 | Q52: 0 | R52: 0 | S52: 0 | T52: 0 | U52: 0 | V52: 0 | W52: =W51 -> 36.8262 | Y52: 3 | Z52: WR00L2L2 | AA52: 35968 | AB52: 64 | AC52: 1 | AD52: 16 | AE52: 780.25 | AF52: 39.76 | AG52: 45502 | AH52: 0.26380787 | AI52: 0 | AJ52: 0 | AK52: 0 | AL52: 0 | AM52: 0 | AN52: 0 | AO52: 0 | AP52: 0 | AQ52: 0 | AR52: 0 | AS52: 0 | AT52: 0 | AU52: =AU51 -> 39.6284 | AW52: 3 | AX52: WR00L2L2 | AY52: 35968 | AZ52: 64 | BA52: 1 | BB52: 16 | BC52: 968.01 | BD52: 32.048 | BE52: 45492 | BF52: 0.1475 | BG52: 0 | BH52: 0 | BI52: 0 | BJ52: 0 | BK52: 0 | BL52: 0 | BM52: 0 | BN52: 0 | BO52: 0 | BP52: 0 | BQ52: 0 | BR52: 0 | BS52: =BS51 -> 31.946 | BU52: 382 | BV52: test-4node | BW52: 38144 | BX52: 32 | BY52: 4 | BZ52: 4 | CA52: 1383.23 | CB52: 26.75 | CQ52: =CQ51 -> 26.6875
A53: 4 | B53: WR00L2L2 | C53: 35968 | D53: 64 | E53: 1 | F53: 16 | G53: 864.83 | H53: 35.872 | I53: 45485 | J53: 0.87094907 | K53: 0 | L53: 0 | M53: 0 | N53: 0 | O53: 0 | P53: 0 | Q53: 0 | R53: 0 | S53: 0 | T53: 0 | U53: 0 | V53: 0 | W53: =W52 -> 36.8262 | Y53: 4 | Z53: WR00L2L2 | AA53: 35968 | AB53: 64 | AC53: 1 | AD53: 16 | AE53: 783.25 | AF53: 39.608 | AG53: 45503 | AH53: 0.058726852 | AI53: 0 | AJ53: 0 | AK53: 0 | AL53: 0 | AM53: 0 | AN53: 0 | AO53: 0 | AP53: 0 | AQ53: 0 | AR53: 0 | AS53: 0 | AT53: 0 | AU53: =AU52 -> 39.6284 | AW53: 4 | AX53: WR00L2L2 | AY53: 35968 | AZ53: 64 | BA53: 1 | BB53: 16 | BC53: 972.48 | BD53: 31.901 | BE53: 45493 | BF53: 0.23289352 | BG53: 0 | BH53: 0 | BI53: 0 | BJ53: 0 | BK53: 0 | BL53: 0 | BM53: 0 | BN53: 0 | BO53: 0 | BP53: 0 | BQ53: 0 | BR53: 0 | BS53: =BS52 -> 31.946 | BU53: 51 | BV53: test-4node | BW53: 40320 | BX53: 32 | BY53: 4 | BZ53: 4 | CA53: 1670.93 | CB53: 26.154 | CQ53: =AVERAGE(CB53:CB58) -> 26.094167
A54: 0 | B54: WR00L2L2 | C54: 38080 | D54: 64 | E54: 1 | F54: 16 | G54: 987.13 | H54: 37.295 | I54: 45482 | J54: 0.6616088 | K54: 0 | L54: 0 | M54: 0 | N54: 0 | O54: 0 | P54: 0 | Q54: 0 | R54: 0 | S54: 0 | T54: 0 | U54: 0 | V54: 0 | W54: =AVERAGE(H54:H58) -> 37.025 | Y54: 0 | Z54: WR00L2L2 | AA54: 38080 | AB54: 64 | AC54: 1 | AD54: 16 | AE54: 921.62 | AF54: 39.946 | AG54: 45499 | AH54: 0.78753472 | AI54: 0 | AJ54: 0 | AK54: 0 | AL54: 0 | AM54: 0 | AN54: 0 | AO54: 0 | AP54: 0 | AQ54: 0 | AR54: 0 | AS54: 0 | AT54: 0 | AU54: =AVERAGE(AF54:AF58) -> 39.8342 | AW54: 0 | AX54: WR00L2L2 | AY54: 38080 | AZ54: 64 | BA54: 1 | BB54: 16 | BC54: 1128.8 | BD54: 32.614 | BE54: 45488 | BF54: 0.90623843 | BG54: 0 | BH54: 0 | BI54: 0 | BJ54: 0 | BK54: 0 | BL54: 0 | BM54: 0 | BN54: 0 | BO54: 0 | BP54: 0 | BQ54: 0 | BR54: 0 | BS54: =AVERAGE(BD54:BD58) -> 32.5644 | BU54: 122 | BV54: test-4node | BW54: 40320 | BX54: 32 | BY54: 4 | BZ54: 4 | CA54: 1674.19 | CB54: 26.103 | CQ54: =CQ53 -> 26.094167
A55: 1 | B55: WR00L2L2 | C55: 38080 | D55: 64 | E55: 1 | F55: 16 | G55: 985.18 | H55: 37.369 | I55: 45483 | J55: 0.52400463 | K55: 0 | L55: 0 | M55: 0 | N55: 0 | O55: 0 | P55: 0 | Q55: 0 | R55: 0 | S55: 0 | T55: 0 | U55: 0 | V55: 0 | W55: =W54 -> 37.025 | Y55: 1 | Z55: WR00L2L2 | AA55: 38080 | AB55: 64 | AC55: 1 | AD55: 16 | AE55: 924.82 | AF55: 39.808 | AG55: 45500 | AH55: 0.90917824 | AI55: 0 | AJ55: 0 | AK55: 0 | AL55: 0 | AM55: 0 | AN55: 0 | AO55: 0 | AP55: 0 | AQ55: 0 | AR55: 0 | AS55: 0 | AT55: 0 | AU55: =AU54 -> 39.8342 | AW55: 1 | AX55: WR00L2L2 | AY55: 38080 | AZ55: 64 | BA55: 1 | BB55: 16 | BC55: 1131.67 | BD55: 32.532 | BE55: 45490 | BF55: 0.29969907 | BG55: 0 | BH55: 0 | BI55: 0 | BJ55: 0 | BK55: 0 | BL55: 0 | BM55: 0 | BN55: 0 | BO55: 0 | BP55: 0 | BQ55: 0 | BR55: 0 | BS55: =BS54 -> 32.5644 | BU55: 193 | BV55: test-4node | BW55: 40320 | BX55: 32 | BY55: 4 | BZ55: 4 | CA55: 1674.05 | CB55: 26.105 | CQ55: =CQ54 -> 26.094167
A56: 2 | B56: WR00L2L2 | C56: 38080 | D56: 64 | E56: 1 | F56: 16 | G56: 986.77 | H56: 37.309 | I56: 45484 | J56: 0.38679398 | K56: 0 | L56: 0 | M56: 0 | N56: 0 | O56: 0 | P56: 0 | Q56: 0 | R56: 0 | S56: 0 | T56: 0 | U56: 0 | V56: 0 | W56: =W55 -> 37.025 | Y56: 2 | Z56: WR00L2L2 | AA56: 38080 | AB56: 64 | AC56: 1 | AD56: 16 | AE56: 925.47 | AF56: 39.78 | AG56: 45501 | AH56: 0.70325231 | AI56: 0 | AJ56: 0 | AK56: 0 | AL56: 0 | AM56: 0 | AN56: 0 | AO56: 0 | AP56: 0 | AQ56: 0 | AR56: 0 | AS56: 0 | AT56: 0 | AU56: =AU55 -> 39.8342 | AW56: 2 | AX56: WR00L2L2 | AY56: 38080 | AZ56: 64 | BA56: 1 | BB56: 16 | BC56: 1133.74 | BD56: 32.472 | BE56: 45491 | BF56: 0.38579861 | BG56: 0 | BH56: 0 | BI56: 0 | BJ56: 0 | BK56: 0 | BL56: 0 | BM56: 0 | BN56: 0 | BO56: 0 | BP56: 0 | BQ56: 0 | BR56: 0 | BS56: =BS55 -> 32.5644 | BU56: 264 | BV56: test-4node | BW56: 40320 | BX56: 32 | BY56: 4 | BZ56: 4 | CA56: 1676.22 | CB56: 26.071 | CQ56: =CQ55 -> 26.094167
A57: 3 | B57: WR00L2L2 | C57: 38080 | D57: 64 | E57: 1 | F57: 16 | G57: 990.03 | H57: 37.186 | I57: 45485 | J57: 0.2500463 | K57: 0 | L57: 0 | M57: 0 | N57: 0 | O57: 0 | P57: 0 | Q57: 0 | R57: 0 | S57: 0 | T57: 0 | U57: 0 | V57: 0 | W57: =W56 -> 37.025 | Y57: 3 | Z57: WR00L2L2 | AA57: 38080 | AB57: 64 | AC57: 1 | AD57: 16 | AE57: 923.26 | AF57: 39.875 | AG57: 45502 | AH57: 0.49752315 | AI57: 0 | AJ57: 0 | AK57: 0 | AL57: 0 | AM57: 0 | AN57: 0 | AO57: 0 | AP57: 0 | AQ57: 0 | AR57: 0 | AS57: 0 | AT57: 0 | AU57: =AU56 -> 39.8342 | AW57: 3 | AX57: WR00L2L2 | AY57: 38080 | AZ57: 64 | BA57: 1 | BB57: 16 | BC57: 1128.82 | BD57: 32.614 | BE57: 45492 | BF57: 0.47075231 | BG57: 0 | BH57: 0 | BI57: 0 | BJ57: 0 | BK57: 0 | BL57: 0 | BM57: 0 | BN57: 0 | BO57: 0 | BP57: 0 | BQ57: 0 | BR57: 0 | BS57: =BS56 -> 32.5644 | BU57: 335 | BV57: test-4node | BW57: 40320 | BX57: 32 | BY57: 4 | BZ57: 4 | CA57: 1673.2 | CB57: 26.118 | CQ57: =CQ56 -> 26.094167
A58: 4 | B58: WR00L2L2 | C58: 38080 | D58: 64 | E58: 1 | F58: 16 | G58: 1023.62 | H58: 35.966 | I58: 45486 | J58: 0.13368056 | K58: 0 | L58: 0 | M58: 0 | N58: 0 | O58: 0 | P58: 0 | Q58: 0 | R58: 0 | S58: 0 | T58: 0 | U58: 0 | V58: 0 | W58: =W57 -> 37.025 | Y58: 4 | Z58: WR00L2L2 | AA58: 38080 | AB58: 64 | AC58: 1 | AD58: 16 | AE58: 925.88 | AF58: 39.762 | AG58: 45503 | AH58: 0.29230324 | AI58: 0 | AJ58: 0 | AK58: 0 | AL58: 0 | AM58: 0 | AN58: 0 | AO58: 0 | AP58: 0 | AQ58: 0 | AR58: 0 | AS58: 0 | AT58: 0 | AU58: =AU57 -> 39.8342 | AW58: 4 | AX58: WR00L2L2 | AY58: 38080 | AZ58: 64 | BA58: 1 | BB58: 16 | BC58: 1129.66 | BD58: 32.59 | BE58: 45493 | BF58: 0.55616898 | BG58: 0 | BH58: 0 | BI58: 0 | BJ58: 0 | BK58: 0 | BL58: 0 | BM58: 0 | BN58: 0 | BO58: 0 | BP58: 0 | BQ58: 0 | BR58: 0 | BS58: =BS57 -> 32.5644 | BU58: 406 | BV58: test-4node | BW58: 40320 | BX58: 32 | BY58: 4 | BZ58: 4 | CA58: 1679.94 | CB58: 26.014 | CQ58: =CQ57 -> 26.094167
A59: 0 | B59: WR00L2L2 | C59: 40128 | D59: 64 | E59: 1 | F59: 16 | G59: 1138.33 | H59: 37.845 | I59: 45482 | J59: 0.95667824 | K59: 0 | L59: 0 | M59: 0 | N59: 0 | O59: 0 | P59: 0 | Q59: 0 | R59: 0 | S59: 0 | T59: 0 | U59: 0 | V59: 0 | W59: =AVERAGE(H59:H63) -> 37.244 | Y59: 0 | Z59: WR00L2L2 | AA59: 40128 | AB59: 64 | AC59: 1 | AD59: 16 | AE59: 1069.85 | AF59: 40.267 | AG59: 45500 | AH59: 0.059490741 | AI59: 0 | AJ59: 0 | AK59: 0 | AL59: 0 | AM59: 0 | AN59: 0 | AO59: 0 | AP59: 0 | AQ59: 0 | AR59: 0 | AS59: 0 | AT59: 0 | AU59: =AVERAGE(AF59:AF63) -> 40.4498 | AW59: 0 | AX59: WR00L2L2 | AY59: 40128 | AZ59: 64 | BA59: 1 | BB59: 16 | BC59: 1297.3 | BD59: 33.207 | BE59: 45489 | BF59: 0.27719907 | BG59: 0 | BH59: 0 | BI59: 0 | BJ59: 0 | BK59: 0 | BL59: 0 | BM59: 0 | BN59: 0 | BO59: 0 | BP59: 0 | BQ59: 0 | BR59: 0 | BS59: =AVERAGE(BD59:BD63) -> 33.2908 | BU59: 4 | BV59: test-4node | BW59: 35968 | BX59: 64 | BY59: 1 | BZ59: 16 | CA59: 829.14 | CB59: 37.416 | CQ59: =AVERAGE(CB59:CB64) -> 37.317
A60: 1 | B60: WR00L2L2 | C60: 40128 | D60: 64 | E60: 1 | F60: 16 | G60: 1135.64 | H60: 37.935 | I60: 45483 | J60: 0.82164352 | K60: 0 | L60: 0 | M60: 0 | N60: 0 | O60: 0 | P60: 0 | Q60: 0 | R60: 0 | S60: 0 | T60: 0 | U60: 0 | V60: 0 | W60: =W59 -> 37.244 | Y60: 1 | Z60: WR00L2L2 | AA60: 40128 | AB60: 64 | AC60: 1 | AD60: 16 | AE60: 1064.96 | AF60: 40.452 | AG60: 45501 | AH60: 0.18143519 | AI60: 0 | AJ60: 0 | AK60: 0 | AL60: 0 | AM60: 0 | AN60: 0 | AO60: 0 | AP60: 0 | AQ60: 0 | AR60: 0 | AS60: 0 | AT60: 0 | AU60: =AU59 -> 40.4498 | AW60: 1 | AX60: WR00L2L2 | AY60: 40128 | AZ60: 64 | BA60: 1 | BB60: 16 | BC60: 1295.91 | BD60: 33.243 | BE60: 45490 | BF60: 0.67072917 | BG60: 0 | BH60: 0 | BI60: 0 | BJ60: 0 | BK60: 0 | BL60: 0 | BM60: 0 | BN60: 0 | BO60: 0 | BP60: 0 | BQ60: 0 | BR60: 0 | BS60: =BS59 -> 33.2908 | BU60: 75 | BV60: test-4node | BW60: 35968 | BX60: 64 | BY60: 1 | BZ60: 16 | CA60: 834.45 | CB60: 37.178 | CQ60: =CQ59 -> 37.317
A61: 2 | B61: WR00L2L2 | C61: 40128 | D61: 64 | E61: 1 | F61: 16 | G61: 1144.47 | H61: 37.642 | I61: 45484 | J61: 0.68414352 | K61: 0 | L61: 0 | M61: 0 | N61: 0 | O61: 0 | P61: 0 | Q61: 0 | R61: 0 | S61: 0 | T61: 0 | U61: 0 | V61: 0 | W61: =W60 -> 37.244 | Y61: 2 | Z61: WR00L2L2 | AA61: 40128 | AB61: 64 | AC61: 1 | AD61: 16 | AE61: 1066.78 | AF61: 40.383 | AG61: 45501 | AH61: 0.97609954 | AI61: 0 | AJ61: 0 | AK61: 0 | AL61: 0 | AM61: 0 | AN61: 0 | AO61: 0 | AP61: 0 | AQ61: 0 | AR61: 0 | AS61: 0 | AT61: 0 | AU61: =AU60 -> 40.4498 | AW61: 2 | AX61: WR00L2L2 | AY61: 40128 | AZ61: 64 | BA61: 1 | BB61: 16 | BC61: 1291.63 | BD61: 33.353 | BE61: 45491 | BF61: 0.75644676 | BG61: 0 | BH61: 0 | BI61: 0 | BJ61: 0 | BK61: 0 | BL61: 0 | BM61: 0 | BN61: 0 | BO61: 0 | BP61: 0 | BQ61: 0 | BR61: 0 | BS61: =BS60 -> 33.2908 | BU61: 146 | BV61: test-4node | BW61: 35968 | BX61: 64 | BY61: 1 | BZ61: 16 | CA61: 829.73 | CB61: 37.389 | CQ61: =CQ60 -> 37.317
A62: 3 | B62: WR00L2L2 | C62: 40128 | D62: 64 | E62: 1 | F62: 16 | G62: 1183.11 | H62: 36.412 | I62: 45485 | J62: 0.55118056 | K62: 0 | L62: 0 | M62: 0 | N62: 0 | O62: 0 | P62: 0 | Q62: 0 | R62: 0 | S62: 0 | T62: 0 | U62: 0 | V62: 0 | W62: =W61 -> 37.244 | Y62: 3 | Z62: WR00L2L2 | AA62: 40128 | AB62: 64 | AC62: 1 | AD62: 16 | AE62: 1062.99 | AF62: 40.527 | AG62: 45502 | AH62: 0.77050926 | AI62: 0 | AJ62: 0 | AK62: 0 | AL62: 0 | AM62: 0 | AN62: 0 | AO62: 0 | AP62: 0 | AQ62: 0 | AR62: 0 | AS62: 0 | AT62: 0 | AU62: =AU61 -> 40.4498 | AW62: 3 | AX62: WR00L2L2 | AY62: 40128 | AZ62: 64 | BA62: 1 | BB62: 16 | BC62: 1292.24 | BD62: 33.337 | BE62: 45492 | BF62: 0.84184028 | BG62: 0 | BH62: 0 | BI62: 0 | BJ62: 0 | BK62: 0 | BL62: 0 | BM62: 0 | BN62: 0 | BO62: 0 | BP62: 0 | BQ62: 0 | BR62: 0 | BS62: =BS61 -> 33.2908 | BU62: 217 | BV62: test-4node | BW62: 35968 | BX62: 64 | BY62: 1 | BZ62: 16 | CA62: 828.72 | CB62: 37.435 | CQ62: =CQ61 -> 37.317
A63: 4 | B63: WR00L2L2 | C63: 40128 | D63: 64 | E63: 1 | F63: 16 | G63: 1183.98 | H63: 36.386 | I63: 45486 | J63: 0.43967593 | K63: 0 | L63: 0 | M63: 0 | N63: 0 | O63: 0 | P63: 0 | Q63: 0 | R63: 0 | S63: 0 | T63: 0 | U63: 0 | V63: 0 | W63: =W62 -> 37.244 | Y63: 4 | Z63: WR00L2L2 | AA63: 40128 | AB63: 64 | AC63: 1 | AD63: 16 | AE63: 1060.56 | AF63: 40.62 | AG63: 45503 | AH63: 0.56543981 | AI63: 0 | AJ63: 0 | AK63: 0 | AL63: 0 | AM63: 0 | AN63: 0 | AO63: 0 | AP63: 0 | AQ63: 0 | AR63: 0 | AS63: 0 | AT63: 0 | AU63: =AU62 -> 40.4498 | AW63: 4 | AX63: WR00L2L2 | AY63: 40128 | AZ63: 64 | BA63: 1 | BB63: 16 | BC63: 1293.15 | BD63: 33.314 | BE63: 45493 | BF63: 0.92747685 | BG63: 0 | BH63: 0 | BI63: 0 | BJ63: 0 | BK63: 0 | BL63: 0 | BM63: 0 | BN63: 0 | BO63: 0 | BP63: 0 | BQ63: 0 | BR63: 0 | BS63: =BS62 -> 33.2908 | BU63: 288 | BV63: test-4node | BW63: 35968 | BX63: 64 | BY63: 1 | BZ63: 16 | CA63: 833.15 | CB63: 37.236 | CQ63: =CQ62 -> 37.317
A64: 0 | B64: WR00L2L2 | C64: 35968 | D64: 64 | E64: 2 | F64: 8 | G64: 825.13 | H64: 37.598 | I64: 45482 | J64: 0.41663194 | K64: 0 | L64: 0 | M64: 0 | N64: 0 | O64: 0 | P64: 0 | Q64: 0 | R64: 0 | S64: 0 | T64: 0 | U64: 0 | V64: 0 | W64: =AVERAGE(H64:H68) -> 37.0626 | Y64: 0 | Z64: WR00L2L2 | AA64: 35968 | AB64: 64 | AC64: 2 | AD64: 8 | AE64: 758.04 | AF64: 40.925 | AG64: 45499 | AH64: 0.56328704 | AI64: 0 | AJ64: 0 | AK64: 0 | AL64: 0 | AM64: 0 | AN64: 0 | AO64: 0 | AP64: 0 | AQ64: 0 | AR64: 0 | AS64: 0 | AT64: 0 | AU64: =AVERAGE(AF64:AF68) -> 40.9398 | AW64: 0 | AX64: WR00L2L2 | AY64: 35968 | AZ64: 64 | BA64: 2 | BB64: 8 | BC64: 1038.83 | BD64: 29.864 | BE64: 45488 | BF64: 0.59597222 | BG64: 0 | BH64: 0 | BI64: 0 | BJ64: 0 | BK64: 0 | BL64: 0 | BM64: 0 | BN64: 0 | BO64: 0 | BP64: 0 | BQ64: 0 | BR64: 0 | BS64: =AVERAGE(BD64:BD68) -> 29.8386 | BU64: 359 | BV64: test-4node | BW64: 35968 | BX64: 64 | BY64: 1 | BZ64: 16 | CA64: 832.88 | CB64: 37.248 | CQ64: =CQ63 -> 37.317
A65: 1 | B65: WR00L2L2 | C65: 35968 | D65: 64 | E65: 2 | F65: 8 | G65: 831.59 | H65: 37.306 | I65: 45483 | J65: 0.2771412 | K65: 0 | L65: 0 | M65: 0 | N65: 0 | O65: 0 | P65: 0 | Q65: 0 | R65: 0 | S65: 0 | T65: 0 | U65: 0 | V65: 0 | W65: =W64 -> 37.0626 | Y65: 1 | Z65: WR00L2L2 | AA65: 35968 | AB65: 64 | AC65: 2 | AD65: 8 | AE65: 758.99 | AF65: 40.874 | AG65: 45500 | AH65: 0.68395833 | AI65: 0 | AJ65: 0 | AK65: 0 | AL65: 0 | AM65: 0 | AN65: 0 | AO65: 0 | AP65: 0 | AQ65: 0 | AR65: 0 | AS65: 0 | AT65: 0 | AU65: =AU64 -> 40.9398 | AW65: 1 | AX65: WR00L2L2 | AY65: 35968 | AZ65: 64 | BA65: 2 | BB65: 8 | BC65: 1036.39 | BD65: 29.934 | BE65: 45489 | BF65: 0.98982639 | BG65: 0 | BH65: 0 | BI65: 0 | BJ65: 0 | BK65: 0 | BL65: 0 | BM65: 0 | BN65: 0 | BO65: 0 | BP65: 0 | BQ65: 0 | BR65: 0 | BS65: =BS64 -> 29.8386 | BU65: 28 | BV65: test-4node | BW65: 38144 | BX65: 64 | BY65: 1 | BZ65: 16 | CA65: 977.35 | CB65: 37.859 | CQ65: =AVERAGE(CB65:CB70) -> 37.8535
A66: 2 | B66: WR00L2L2 | C66: 35968 | D66: 64 | E66: 2 | F66: 8 | G66: 830.56 | H66: 37.352 | I66: 45484 | J66: 0.14207176 | K66: 0 | L66: 0 | M66: 0 | N66: 0 | O66: 0 | P66: 0 | Q66: 0 | R66: 0 | S66: 0 | T66: 0 | U66: 0 | V66: 0 | W66: =W65 -> 37.0626 | Y66: 2 | Z66: WR00L2L2 | AA66: 35968 | AB66: 64 | AC66: 2 | AD66: 8 | AE66: 754.95 | AF66: 41.093 | AG66: 45501 | AH66: 0.4778588 | AI66: 0 | AJ66: 0 | AK66: 0 | AL66: 0 | AM66: 0 | AN66: 0 | AO66: 0 | AP66: 0 | AQ66: 0 | AR66: 0 | AS66: 0 | AT66: 0 | AU66: =AU65 -> 40.9398 | AW66: 2 | AX66: WR00L2L2 | AY66: 35968 | AZ66: 64 | BA66: 2 | BB66: 8 | BC66: 1042.52 | BD66: 29.758 | BE66: 45491 | BF66: 0.0753125 | BG66: 0 | BH66: 0 | BI66: 0 | BJ66: 0 | BK66: 0 | BL66: 0 | BM66: 0 | BN66: 0 | BO66: 0 | BP66: 0 | BQ66: 0 | BR66: 0 | BS66: =BS65 -> 29.8386 | BU66: 99 | BV66: test-4node | BW66: 38144 | BX66: 64 | BY66: 1 | BZ66: 16 | CA66: 974.83 | CB66: 37.956 | CQ66: =CQ65 -> 37.8535
A67: 3 | B67: WR00L2L2 | C67: 35968 | D67: 64 | E67: 2 | F67: 8 | G67: 833.2 | H67: 37.234 | I67: 45485 | J67: 0.0046296296 | K67: 0 | L67: 0 | M67: 0 | N67: 0 | O67: 0 | P67: 0 | Q67: 0 | R67: 0 | S67: 0 | T67: 0 | U67: 0 | V67: 0 | W67: =W66 -> 37.0626 | Y67: 3 | Z67: WR00L2L2 | AA67: 35968 | AB67: 64 | AC67: 2 | AD67: 8 | AE67: 760.13 | AF67: 40.813 | AG67: 45502 | AH67: 0.27289352 | AI67: 0 | AJ67: 0 | AK67: 0 | AL67: 0 | AM67: 0 | AN67: 0 | AO67: 0 | AP67: 0 | AQ67: 0 | AR67: 0 | AS67: 0 | AT67: 0 | AU67: =AU66 -> 40.9398 | AW67: 3 | AX67: WR00L2L2 | AY67: 35968 | AZ67: 64 | BA67: 2 | BB67: 8 | BC67: 1038.92 | BD67: 29.861 | BE67: 45492 | BF67: 0.16032407 | BG67: 0 | BH67: 0 | BI67: 0 | BJ67: 0 | BK67: 0 | BL67: 0 | BM67: 0 | BN67: 0 | BO67: 0 | BP67: 0 | BQ67: 0 | BR67: 0 | BS67: =BS66 -> 29.8386 | BU67: 170 | BV67: test-4node | BW67: 38144 | BX67: 64 | BY67: 1 | BZ67: 16 | CA67: 981.08 | CB67: 37.715 | CQ67: =CQ66 -> 37.8535
A68: 4 | B68: WR00L2L2 | C68: 35968 | D68: 64 | E68: 2 | F68: 8 | G68: 866.02 | H68: 35.823 | I68: 45485 | J68: 0.88123843 | K68: 0 | L68: 0 | M68: 0 | N68: 0 | O68: 0 | P68: 0 | Q68: 0 | R68: 0 | S68: 0 | T68: 0 | U68: 0 | V68: 0 | W68: =W67 -> 37.0626 | Y68: 4 | Z68: WR00L2L2 | AA68: 35968 | AB68: 64 | AC68: 2 | AD68: 8 | AE68: 756.78 | AF68: 40.994 | AG68: 45503 | AH68: 0.067766204 | AI68: 0 | AJ68: 0 | AK68: 0 | AL68: 0 | AM68: 0 | AN68: 0 | AO68: 0 | AP68: 0 | AQ68: 0 | AR68: 0 | AS68: 0 | AT68: 0 | AU68: =AU67 -> 40.9398 | AW68: 4 | AX68: WR00L2L2 | AY68: 35968 | AZ68: 64 | BA68: 2 | BB68: 8 | BC68: 1041.89 | BD68: 29.776 | BE68: 45493 | BF68: 0.24575231 | BG68: 0 | BH68: 0 | BI68: 0 | BJ68: 0 | BK68: 0 | BL68: 0 | BM68: 0 | BN68: 0 | BO68: 0 | BP68: 0 | BQ68: 0 | BR68: 0 | BS68: =BS67 -> 29.8386 | BU68: 241 | BV68: test-4node | BW68: 38144 | BX68: 64 | BY68: 1 | BZ68: 16 | CA68: 976.24 | CB68: 37.901 | CQ68: =CQ67 -> 37.8535
A69: 0 | B69: WR00L2L2 | C69: 38080 | D69: 64 | E69: 2 | F69: 8 | G69: 955.98 | H69: 38.51 | I69: 45482 | J69: 0.67296296 | K69: 0 | L69: 0 | M69: 0 | N69: 0 | O69: 0 | P69: 0 | Q69: 0 | R69: 0 | S69: 0 | T69: 0 | U69: 0 | V69: 0 | W69: =AVERAGE(H69:H73) -> 37.8906 | Y69: 0 | Z69: WR00L2L2 | AA69: 38080 | AB69: 64 | AC69: 2 | AD69: 8 | AE69: 877.54 | AF69: 41.953 | AG69: 45499 | AH69: 0.79800926 | AI69: 0 | AJ69: 0 | AK69: 0 | AL69: 0 | AM69: 0 | AN69: 0 | AO69: 0 | AP69: 0 | AQ69: 0 | AR69: 0 | AS69: 0 | AT69: 0 | AU69: =AVERAGE(AF69:AF73) -> 42.027 | AW69: 0 | AX69: WR00L2L2 | AY69: 38080 | AZ69: 64 | BA69: 2 | BB69: 8 | BC69: 1192.11 | BD69: 30.882 | BE69: 45488 | BF69: 0.92096065 | BG69: 0 | BH69: 0 | BI69: 0 | BJ69: 0 | BK69: 0 | BL69: 0 | BM69: 0 | BN69: 0 | BO69: 0 | BP69: 0 | BQ69: 0 | BR69: 0 | BS69: =AVERAGE(BD69:BD73) -> 30.9608 | BU69: 312 | BV69: test-4node | BW69: 38144 | BX69: 64 | BY69: 1 | BZ69: 16 | CA69: 979.92 | CB69: 37.759 | CQ69: =CQ68 -> 37.8535
A70: 1 | B70: WR00L2L2 | C70: 38080 | D70: 64 | E70: 2 | F70: 8 | G70: 967 | H70: 38.071 | I70: 45483 | J70: 0.53548611 | K70: 0 | L70: 0 | M70: 0 | N70: 0 | O70: 0 | P70: 0 | Q70: 0 | R70: 0 | S70: 0 | T70: 0 | U70: 0 | V70: 0 | W70: =W69 -> 37.8906 | Y70: 1 | Z70: WR00L2L2 | AA70: 38080 | AB70: 64 | AC70: 2 | AD70: 8 | AE70: 871.61 | AF70: 42.238 | AG70: 45500 | AH70: 0.91959491 | AI70: 0 | AJ70: 0 | AK70: 0 | AL70: 0 | AM70: 0 | AN70: 0 | AO70: 0 | AP70: 0 | AQ70: 0 | AR70: 0 | AS70: 0 | AT70: 0 | AU70: =AU69 -> 42.027 | AW70: 1 | AX70: WR00L2L2 | AY70: 38080 | AZ70: 64 | BA70: 2 | BB70: 8 | BC70: 1192.55 | BD70: 30.871 | BE70: 45490 | BF70: 0.31438657 | BG70: 0 | BH70: 0 | BI70: 0 | BJ70: 0 | BK70: 0 | BL70: 0 | BM70: 0 | BN70: 0 | BO70: 0 | BP70: 0 | BQ70: 0 | BR70: 0 | BS70: =BS69 -> 30.9608 | BU70: 383 | BV70: test-4node | BW70: 38144 | BX70: 64 | BY70: 1 | BZ70: 16 | CA70: 975.48 | CB70: 37.931 | CQ70: =CQ69 -> 37.8535
A71: 2 | B71: WR00L2L2 | C71: 38080 | D71: 64 | E71: 2 | F71: 8 | G71: 975.35 | H71: 37.745 | I71: 45484 | J71: 0.39836806 | K71: 0 | L71: 0 | M71: 0 | N71: 0 | O71: 0 | P71: 0 | Q71: 0 | R71: 0 | S71: 0 | T71: 0 | U71: 0 | V71: 0 | W71: =W70 -> 37.8906 | Y71: 2 | Z71: WR00L2L2 | AA71: 38080 | AB71: 64 | AC71: 2 | AD71: 8 | AE71: 877.68 | AF71: 41.946 | AG71: 45501 | AH71: 0.71372685 | AI71: 0 | AJ71: 0 | AK71: 0 | AL71: 0 | AM71: 0 | AN71: 0 | AO71: 0 | AP71: 0 | AQ71: 0 | AR71: 0 | AS71: 0 | AT71: 0 | AU71: =AU70 -> 42.027 | AW71: 2 | AX71: WR00L2L2 | AY71: 38080 | AZ71: 64 | BA71: 2 | BB71: 8 | BC71: 1180.13 | BD71: 31.196 | BE71: 45491 | BF71: 0.4003588 | BG71: 0 | BH71: 0 | BI71: 0 | BJ71: 0 | BK71: 0 | BL71: 0 | BM71: 0 | BN71: 0 | BO71: 0 | BP71: 0 | BQ71: 0 | BR71: 0 | BS71: =BS70 -> 30.9608 | BU71: 52 | BV71: test-4node | BW71: 40320 | BX71: 64 | BY71: 1 | BZ71: 16 | CA71: 1145.86 | CB71: 38.138 | CQ71: =AVERAGE(CB71:CB76) -> 38.246167
A72: 3 | B72: WR00L2L2 | C72: 38080 | D72: 64 | E72: 2 | F72: 8 | G72: 956.24 | H72: 38.5 | I72: 45485 | J72: 0.26141204 | K72: 0 | L72: 0 | M72: 0 | N72: 0 | O72: 0 | P72: 0 | Q72: 0 | R72: 0 | S72: 0 | T72: 0 | U72: 0 | V72: 0 | W72: =W71 -> 37.8906 | Y72: 3 | Z72: WR00L2L2 | AA72: 38080 | AB72: 64 | AC72: 2 | AD72: 8 | AE72: 880.49 | AF72: 41.812 | AG72: 45502 | AH72: 0.50803241 | AI72: 0 | AJ72: 0 | AK72: 0 | AL72: 0 | AM72: 0 | AN72: 0 | AO72: 0 | AP72: 0 | AQ72: 0 | AR72: 0 | AS72: 0 | AT72: 0 | AU72: =AU71 -> 42.027 | AW72: 3 | AX72: WR00L2L2 | AY72: 38080 | AZ72: 64 | BA72: 2 | BB72: 8 | BC72: 1187.62 | BD72: 30.999 | BE72: 45492 | BF72: 0.48539352 | BG72: 0 | BH72: 0 | BI72: 0 | BJ72: 0 | BK72: 0 | BL72: 0 | BM72: 0 | BN72: 0 | BO72: 0 | BP72: 0 | BQ72: 0 | BR72: 0 | BS72: =BS71 -> 30.9608 | BU72: 123 | BV72: test-4node | BW72: 40320 | BX72: 64 | BY72: 1 | BZ72: 16 | CA72: 1142.98 | CB72: 38.235 | CQ72: =CQ71 -> 38.246167
A73: 4 | B73: WR00L2L2 | C73: 38080 | D73: 64 | E73: 2 | F73: 8 | G73: 1005.13 | H73: 36.627 | I73: 45486 | J73: 0.14561343 | K73: 0 | L73: 0 | M73: 0 | N73: 0 | O73: 0 | P73: 0 | Q73: 0 | R73: 0 | S73: 0 | T73: 0 | U73: 0 | V73: 0 | W73: =W72 -> 37.8906 | Y73: 4 | Z73: WR00L2L2 | AA73: 38080 | AB73: 64 | AC73: 2 | AD73: 8 | AE73: 872.69 | AF73: 42.186 | AG73: 45503 | AH73: 0.30273148 | AI73: 0 | AJ73: 0 | AK73: 0 | AL73: 0 | AM73: 0 | AN73: 0 | AO73: 0 | AP73: 0 | AQ73: 0 | AR73: 0 | AS73: 0 | AT73: 0 | AU73: =AU72 -> 42.027 | AW73: 4 | AX73: WR00L2L2 | AY73: 38080 | AZ73: 64 | BA73: 2 | BB73: 8 | BC73: 1193.14 | BD73: 30.856 | BE73: 45493 | BF73: 0.57086806 | BG73: 0 | BH73: 0 | BI73: 0 | BJ73: 0 | BK73: 0 | BL73: 0 | BM73: 0 | BN73: 0 | BO73: 0 | BP73: 0 | BQ73: 0 | BR73: 0 | BS73: =BS72 -> 30.9608 | BU73: 194 | BV73: test-4node | BW73: 40320 | BX73: 64 | BY73: 1 | BZ73: 16 | CA73: 1145.19 | CB73: 38.161 | CQ73: =CQ72 -> 38.246167
A74: 0 | B74: WR00L2L2 | C74: 40128 | D74: 64 | E74: 2 | F74: 8 | G74: 1110.69 | H74: 38.787 | I74: 45482 | J74: 0.96986111 | K74: 0 | L74: 0 | M74: 0 | N74: 0 | O74: 0 | P74: 0 | Q74: 0 | R74: 0 | S74: 0 | T74: 0 | U74: 0 | V74: 0 | W74: =AVERAGE(H74:H78) -> 38.2616 | Y74: 0 | Z74: WR00L2L2 | AA74: 40128 | AB74: 64 | AC74: 2 | AD74: 8 | AE74: 1019.97 | AF74: 42.236 | AG74: 45500 | AH74: 0.071643519 | AI74: 0 | AJ74: 0 | AK74: 0 | AL74: 0 | AM74: 0 | AN74: 0 | AO74: 0 | AP74: 0 | AQ74: 0 | AR74: 0 | AS74: 0 | AT74: 0 | AU74: =AVERAGE(AF74:AF78) -> 42.1922 | AW74: 0 | AX74: WR00L2L2 | AY74: 40128 | AZ74: 64 | BA74: 2 | BB74: 8 | BC74: 1359.26 | BD74: 31.694 | BE74: 45489 | BF74: 0.29395833 | BG74: 0 | BH74: 0 | BI74: 0 | BJ74: 0 | BK74: 0 | BL74: 0 | BM74: 0 | BN74: 0 | BO74: 0 | BP74: 0 | BQ74: 0 | BR74: 0 | BS74: =AVERAGE(BD74:BD78) -> 31.7296 | BU74: 265 | BV74: test-4node | BW74: 40320 | BX74: 64 | BY74: 1 | BZ74: 16 | CA74: 1138.45 | CB74: 38.387 | CQ74: =CQ73 -> 38.246167
A75: 1 | B75: WR00L2L2 | C75: 40128 | D75: 64 | E75: 2 | F75: 8 | G75: 1111.02 | H75: 38.775 | I75: 45483 | J75: 0.83482639 | K75: 0 | L75: 0 | M75: 0 | N75: 0 | O75: 0 | P75: 0 | Q75: 0 | R75: 0 | S75: 0 | T75: 0 | U75: 0 | V75: 0 | W75: =W74 -> 38.2616 | Y75: 1 | Z75: WR00L2L2 | AA75: 40128 | AB75: 64 | AC75: 2 | AD75: 8 | AE75: 1018.9 | AF75: 42.281 | AG75: 45501 | AH75: 0.19357639 | AI75: 0 | AJ75: 0 | AK75: 0 | AL75: 0 | AM75: 0 | AN75: 0 | AO75: 0 | AP75: 0 | AQ75: 0 | AR75: 0 | AS75: 0 | AT75: 0 | AU75: =AU74 -> 42.1922 | AW75: 1 | AX75: WR00L2L2 | AY75: 40128 | AZ75: 64 | BA75: 2 | BB75: 8 | BC75: 1365.89 | BD75: 31.54 | BE75: 45490 | BF75: 0.68753472 | BG75: 0 | BH75: 0 | BI75: 0 | BJ75: 0 | BK75: 0 | BL75: 0 | BM75: 0 | BN75: 0 | BO75: 0 | BP75: 0 | BQ75: 0 | BR75: 0 | BS75: =BS74 -> 31.7296 | BU75: 336 | BV75: test-4node | BW75: 40320 | BX75: 64 | BY75: 1 | BZ75: 16 | CA75: 1138.54 | CB75: 38.384 | CQ75: =CQ74 -> 38.246167
A76: 2 | B76: WR00L2L2 | C76: 40128 | D76: 64 | E76: 2 | F76: 8 | G76: 1113.5 | H76: 38.689 | I76: 45484 | J76: 0.69736111 | K76: 0 | L76: 0 | M76: 0 | N76: 0 | O76: 0 | P76: 0 | Q76: 0 | R76: 0 | S76: 0 | T76: 0 | U76: 0 | V76: 0 | W76: =W75 -> 38.2616 | Y76: 2 | Z76: WR00L2L2 | AA76: 40128 | AB76: 64 | AC76: 2 | AD76: 8 | AE76: 1024.54 | AF76: 42.048 | AG76: 45501 | AH76: 0.98831019 | AI76: 0 | AJ76: 0 | AK76: 0 | AL76: 0 | AM76: 0 | AN76: 0 | AO76: 0 | AP76: 0 | AQ76: 0 | AR76: 0 | AS76: 0 | AT76: 0 | AU76: =AU75 -> 42.1922 | AW76: 2 | AX76: WR00L2L2 | AY76: 40128 | AZ76: 64 | BA76: 2 | BB76: 8 | BC76: 1359.63 | BD76: 31.685 | BE76: 45491 | BF76: 0.7731713 | BG76: 0 | BH76: 0 | BI76: 0 | BJ76: 0 | BK76: 0 | BL76: 0 | BM76: 0 | BN76: 0 | BO76: 0 | BP76: 0 | BQ76: 0 | BR76: 0 | BS76: =BS75 -> 31.7296 | BU76: 407 | BV76: test-4node | BW76: 40320 | BX76: 64 | BY76: 1 | BZ76: 16 | CA76: 1144.86 | CB76: 38.172 | CQ76: =CQ75 -> 38.246167
A77: 3 | B77: WR00L2L2 | C77: 40128 | D77: 64 | E77: 2 | F77: 8 | G77: 1151.21 | H77: 37.422 | I77: 45485 | J77: 0.56483796 | K77: 0 | L77: 0 | M77: 0 | N77: 0 | O77: 0 | P77: 0 | Q77: 0 | R77: 0 | S77: 0 | T77: 0 | U77: 0 | V77: 0 | W77: =W76 -> 38.2616 | Y77: 3 | Z77: WR00L2L2 | AA77: 40128 | AB77: 64 | AC77: 2 | AD77: 8 | AE77: 1022.47 | AF77: 42.133 | AG77: 45502 | AH77: 0.78269676 | AI77: 0 | AJ77: 0 | AK77: 0 | AL77: 0 | AM77: 0 | AN77: 0 | AO77: 0 | AP77: 0 | AQ77: 0 | AR77: 0 | AS77: 0 | AT77: 0 | AU77: =AU76 -> 42.1922 | AW77: 3 | AX77: WR00L2L2 | AY77: 40128 | AZ77: 64 | BA77: 2 | BB77: 8 | BC77: 1355.9 | BD77: 31.772 | BE77: 45492 | BF77: 0.85854167 | BG77: 0 | BH77: 0 | BI77: 0 | BJ77: 0 | BK77: 0 | BL77: 0 | BM77: 0 | BN77: 0 | BO77: 0 | BP77: 0 | BQ77: 0 | BR77: 0 | BS77: =BS76 -> 31.7296 | BU77: 5 | BV77: test-4node | BW77: 35968 | BX77: 64 | BY77: 2 | BZ77: 8 | CA77: 815.11 | CB77: 38.06 | CQ77: =AVERAGE(CB77:CB82) -> 38.1925
A78: 4 | B78: WR00L2L2 | C78: 40128 | D78: 64 | E78: 2 | F78: 8 | G78: 1144.68 | H78: 37.635 | I78: 45486 | J78: 0.45325231 | K78: 0 | L78: 0 | M78: 0 | N78: 0 | O78: 0 | P78: 0 | Q78: 0 | R78: 0 | S78: 0 | T78: 0 | U78: 0 | V78: 0 | W78: =W77 -> 38.2616 | Y78: 4 | Z78: WR00L2L2 | AA78: 40128 | AB78: 64 | AC78: 2 | AD78: 8 | AE78: 1019.33 | AF78: 42.263 | AG78: 45503 | AH78: 0.57759259 | AI78: 0 | AJ78: 0 | AK78: 0 | AL78: 0 | AM78: 0 | AN78: 0 | AO78: 0 | AP78: 0 | AQ78: 0 | AR78: 0 | AS78: 0 | AT78: 0 | AU78: =AU77 -> 42.1922 | AW78: 4 | AX78: WR00L2L2 | AY78: 40128 | AZ78: 64 | BA78: 2 | BB78: 8 | BC78: 1348.05 | BD78: 31.957 | BE78: 45493 | BF78: 0.94407407 | BG78: 0 | BH78: 0 | BI78: 0 | BJ78: 0 | BK78: 0 | BL78: 0 | BM78: 0 | BN78: 0 | BO78: 0 | BP78: 0 | BQ78: 0 | BR78: 0 | BS78: =BS77 -> 31.7296 | BU78: 76 | BV78: test-4node | BW78: 35968 | BX78: 64 | BY78: 2 | BZ78: 8 | CA78: 810.78 | CB78: 38.263 | CQ78: =CQ77 -> 38.1925
A79: 0 | B79: WR00L2L2 | C79: 35968 | D79: 64 | E79: 4 | F79: 4 | G79: 878.64 | H79: 35.308 | I79: 45482 | J79: 0.42704861 | K79: 0 | L79: 0 | M79: 0 | N79: 0 | O79: 0 | P79: 0 | Q79: 0 | R79: 0 | S79: 0 | T79: 0 | U79: 0 | V79: 0 | W79: =AVERAGE(H79:H83) -> 35.2284 | Y79: 0 | Z79: WR00L2L2 | AA79: 35968 | AB79: 64 | AC79: 4 | AD79: 4 | AE79: 794.98 | AF79: 39.024 | AG79: 45499 | AH79: 0.57275463 | AI79: 0 | AJ79: 0 | AK79: 0 | AL79: 0 | AM79: 0 | AN79: 0 | AO79: 0 | AP79: 0 | AQ79: 0 | AR79: 0 | AS79: 0 | AT79: 0 | AU79: =AVERAGE(AF79:AF83) -> 39.0394 | AW79: 0 | AX79: WR00L2L2 | AY79: 35968 | AZ79: 64 | BA79: 4 | BB79: 4 | BC79: 1090.21 | BD79: 28.456 | BE79: 45488 | BF79: 0.60940972 | BG79: 0 | BH79: 0 | BI79: 0 | BJ79: 0 | BK79: 0 | BL79: 0 | BM79: 0 | BN79: 0 | BO79: 0 | BP79: 0 | BQ79: 0 | BR79: 0 | BS79: =AVERAGE(BD79:BD83) -> 28.5402 | BU79: 147 | BV79: test-4node | BW79: 35968 | BX79: 64 | BY79: 2 | BZ79: 8 | CA79: 811.52 | CB79: 38.228 | CQ79: =CQ78 -> 38.1925
A80: 1 | B80: WR00L2L2 | C80: 35968 | D80: 64 | E80: 4 | F80: 4 | G80: 873.8 | H80: 35.503 | I80: 45483 | J80: 0.28751157 | K80: 0 | L80: 0 | M80: 0 | N80: 0 | O80: 0 | P80: 0 | Q80: 0 | R80: 0 | S80: 0 | T80: 0 | U80: 0 | V80: 0 | W80: =W79 -> 35.2284 | Y80: 1 | Z80: WR00L2L2 | AA80: 35968 | AB80: 64 | AC80: 4 | AD80: 4 | AE80: 796.53 | AF80: 38.948 | AG80: 45500 | AH80: 0.69342593 | AI80: 0 | AJ80: 0 | AK80: 0 | AL80: 0 | AM80: 0 | AN80: 0 | AO80: 0 | AP80: 0 | AQ80: 0 | AR80: 0 | AS80: 0 | AT80: 0 | AU80: =AU79 -> 39.0394 | AW80: 1 | AX80: WR00L2L2 | AY80: 35968 | AZ80: 64 | BA80: 4 | BB80: 4 | BC80: 1081.29 | BD80: 28.691 | BE80: 45490 | BF80: 0.003125 | BG80: 0 | BH80: 0 | BI80: 0 | BJ80: 0 | BK80: 0 | BL80: 0 | BM80: 0 | BN80: 0 | BO80: 0 | BP80: 0 | BQ80: 0 | BR80: 0 | BS80: =BS79 -> 28.5402 | BU80: 218 | BV80: test-4node | BW80: 35968 | BX80: 64 | BY80: 2 | BZ80: 8 | CA80: 811.1 | CB80: 38.248 | CQ80: =CQ79 -> 38.1925
A81: 2 | B81: WR00L2L2 | C81: 35968 | D81: 64 | E81: 4 | F81: 4 | G81: 878.69 | H81: 35.306 | I81: 45484 | J81: 0.1525 | K81: 0 | L81: 0 | M81: 0 | N81: 0 | O81: 0 | P81: 0 | Q81: 0 | R81: 0 | S81: 0 | T81: 0 | U81: 0 | V81: 0 | W81: =W80 -> 35.2284 | Y81: 2 | Z81: WR00L2L2 | AA81: 35968 | AB81: 64 | AC81: 4 | AD81: 4 | AE81: 795.43 | AF81: 39.001 | AG81: 45501 | AH81: 0.48732639 | AI81: 0 | AJ81: 0 | AK81: 0 | AL81: 0 | AM81: 0 | AN81: 0 | AO81: 0 | AP81: 0 | AQ81: 0 | AR81: 0 | AS81: 0 | AT81: 0 | AU81: =AU80 -> 39.0394 | AW81: 2 | AX81: WR00L2L2 | AY81: 35968 | AZ81: 64 | BA81: 4 | BB81: 4 | BC81: 1088.55 | BD81: 28.499 | BE81: 45491 | BF81: 0.088703704 | BG81: 0 | BH81: 0 | BI81: 0 | BJ81: 0 | BK81: 0 | BL81: 0 | BM81: 0 | BN81: 0 | BO81: 0 | BP81: 0 | BQ81: 0 | BR81: 0 | BS81: =BS80 -> 28.5402 | BU81: 289 | BV81: test-4node | BW81: 35968 | BX81: 64 | BY81: 2 | BZ81: 8 | CA81: 813.48 | CB81: 38.136 | CQ81: =CQ80 -> 38.1925
A82: 3 | B82: WR00L2L2 | C82: 35968 | D82: 64 | E82: 4 | F82: 4 | G82: 881.15 | H82: 35.208 | I82: 45485 | J82: 0.015081019 | K82: 0 | L82: 0 | M82: 0 | N82: 0 | O82: 0 | P82: 0 | Q82: 0 | R82: 0 | S82: 0 | T82: 0 | U82: 0 | V82: 0 | W82: =W81 -> 35.2284 | Y82: 3 | Z82: WR00L2L2 | AA82: 35968 | AB82: 64 | AC82: 4 | AD82: 4 | AE82: 791.86 | AF82: 39.177 | AG82: 45502 | AH82: 0.28231481 | AI82: 0 | AJ82: 0 | AK82: 0 | AL82: 0 | AM82: 0 | AN82: 0 | AO82: 0 | AP82: 0 | AQ82: 0 | AR82: 0 | AS82: 0 | AT82: 0 | AU82: =AU81 -> 39.0394 | AW82: 3 | AX82: WR00L2L2 | AY82: 35968 | AZ82: 64 | BA82: 4 | BB82: 4 | BC82: 1086.66 | BD82: 28.549 | BE82: 45492 | BF82: 0.17369213 | BG82: 0 | BH82: 0 | BI82: 0 | BJ82: 0 | BK82: 0 | BL82: 0 | BM82: 0 | BN82: 0 | BO82: 0 | BP82: 0 | BQ82: 0 | BR82: 0 | BS82: =BS81 -> 28.5402 | BU82: 360 | BV82: test-4node | BW82: 35968 | BX82: 64 | BY82: 2 | BZ82: 8 | CA82: 811.69 | CB82: 38.22 | CQ82: =CQ81 -> 38.1925
A83: 4 | B83: WR00L2L2 | C83: 35968 | D83: 64 | E83: 4 | F83: 4 | G83: 891.02 | H83: 34.817 | I83: 45485 | J83: 0.89180556 | K83: 0 | L83: 0 | M83: 0 | N83: 0 | O83: 0 | P83: 0 | Q83: 0 | R83: 0 | S83: 0 | T83: 0 | U83: 0 | V83: 0 | W83: =W82 -> 35.2284 | Y83: 4 | Z83: WR00L2L2 | AA83: 35968 | AB83: 64 | AC83: 4 | AD83: 4 | AE83: 794.5 | AF83: 39.047 | AG83: 45503 | AH83: 0.077222222 | AI83: 0 | AJ83: 0 | AK83: 0 | AL83: 0 | AM83: 0 | AN83: 0 | AO83: 0 | AP83: 0 | AQ83: 0 | AR83: 0 | AS83: 0 | AT83: 0 | AU83: =AU82 -> 39.0394 | AW83: 4 | AX83: WR00L2L2 | AY83: 35968 | AZ83: 64 | BA83: 4 | BB83: 4 | BC83: 1088.29 | BD83: 28.506 | BE83: 45493 | BF83: 0.25914352 | BG83: 0 | BH83: 0 | BI83: 0 | BJ83: 0 | BK83: 0 | BL83: 0 | BM83: 0 | BN83: 0 | BO83: 0 | BP83: 0 | BQ83: 0 | BR83: 0 | BS83: =BS82 -> 28.5402 | BU83: 29 | BV83: test-4node | BW83: 38144 | BX83: 64 | BY83: 2 | BZ83: 8 | CA83: 944.23 | CB83: 39.186 | CQ83: =AVERAGE(CB83:CB88) -> 39.130333
A84: 0 | B84: WR00L2L2 | C84: 38080 | D84: 64 | E84: 4 | F84: 4 | G84: 1013.77 | H84: 36.315 | I84: 45482 | J84: 0.68497685 | K84: 0 | L84: 0 | M84: 0 | N84: 0 | O84: 0 | P84: 0 | Q84: 0 | R84: 0 | S84: 0 | T84: 0 | U84: 0 | V84: 0 | W84: =AVERAGE(H84:H88) -> 35.6938 | Y84: 0 | Z84: WR00L2L2 | AA84: 38080 | AB84: 64 | AC84: 4 | AD84: 4 | AE84: 928.64 | AF84: 39.644 | AG84: 45499 | AH84: 0.80905093 | AI84: 0 | AJ84: 0 | AK84: 0 | AL84: 0 | AM84: 0 | AN84: 0 | AO84: 0 | AP84: 0 | AQ84: 0 | AR84: 0 | AS84: 0 | AT84: 0 | AU84: =AVERAGE(AF84:AF88) -> 39.7378 | AW84: 0 | AX84: WR00L2L2 | AY84: 38080 | AZ84: 64 | BA84: 4 | BB84: 4 | BC84: 1246.76 | BD84: 29.529 | BE84: 45488 | BF84: 0.9362963 | BG84: 0 | BH84: 0 | BI84: 0 | BJ84: 0 | BK84: 0 | BL84: 0 | BM84: 0 | BN84: 0 | BO84: 0 | BP84: 0 | BQ84: 0 | BR84: 0 | BS84: =AVERAGE(BD84:BD88) -> 29.4274 | BU84: 100 | BV84: test-4node | BW84: 38144 | BX84: 64 | BY84: 2 | BZ84: 8 | CA84: 944.2 | CB84: 39.188 | CQ84: =CQ83 -> 39.130333
A85: 1 | B85: WR00L2L2 | C85: 38080 | D85: 64 | E85: 4 | F85: 4 | G85: 1041.8 | H85: 35.338 | I85: 45483 | J85: 0.5478125 | K85: 0 | L85: 0 | M85: 0 | N85: 0 | O85: 0 | P85: 0 | Q85: 0 | R85: 0 | S85: 0 | T85: 0 | U85: 0 | V85: 0 | W85: =W84 -> 35.6938 | Y85: 1 | Z85: WR00L2L2 | AA85: 38080 | AB85: 64 | AC85: 4 | AD85: 4 | AE85: 923.04 | AF85: 39.884 | AG85: 45500 | AH85: 0.93056713 | AI85: 0 | AJ85: 0 | AK85: 0 | AL85: 0 | AM85: 0 | AN85: 0 | AO85: 0 | AP85: 0 | AQ85: 0 | AR85: 0 | AS85: 0 | AT85: 0 | AU85: =AU84 -> 39.7378 | AW85: 1 | AX85: WR00L2L2 | AY85: 38080 | AZ85: 64 | BA85: 4 | BB85: 4 | BC85: 1253.35 | BD85: 29.373 | BE85: 45490 | BF85: 0.32979167 | BG85: 0 | BH85: 0 | BI85: 0 | BJ85: 0 | BK85: 0 | BL85: 0 | BM85: 0 | BN85: 0 | BO85: 0 | BP85: 0 | BQ85: 0 | BR85: 0 | BS85: =BS84 -> 29.4274 | BU85: 171 | BV85: test-4node | BW85: 38144 | BX85: 64 | BY85: 2 | BZ85: 8 | CA85: 947.08 | CB85: 39.069 | CQ85: =CQ84 -> 39.130333
