Workbook

Sheet Arch details
A1: SBC | B1: Cores | C1: march | D1: mcpu | E1: mtune | F1: fpu | G1: mfloat-abi | J1: ostalo | K1: ostalo (Thumb)
A2: Rpi 1B | C2: armv6 | D2: arm1176jzf-s | E2: arm1176jzf-s | F2: vfpv2 (alias is vfp) | G2: hard | K2: Thumb | L2: 16KB L1 and no L2
A3: Cubieboard2 | C3: armv7-a | D3: cortex-a7 | E3: cortex-a7 | F3: neon-vfpv4 | G3: hard | J3: -funsafe-math-optimizations | K3: Thumb-2
A4: OdroidU3 | C4: armv7-a | D4: cortex-a9 | E4: cortex-a9 | F4: neon-vfpv3 (alias is neon) | G4: hard | J4: -funsafe-math-optimizations | K4: Thumb or Thumb-2 | L4: 1MB L2 cache total? From paper…
A5: OdroidMC1 | B5: LITTLE | C5: armv7-a | D5: cortex-a7 | E5: cortex-a7 | F5: neon-vfpv4 | G5: hard | J5: -funsafe-math-optimizations | K5: Thumb-2 | L5: 2 sockets, 2,5MB L2 cache per socket
B6: Big | C6: armv7-a | D6: cortex-a15 | E6: cortex-a15 | F6: neon-vfpv4 | G6: hard | J6: -funsafe-math-optimizations | K6: Thumb-2
A7: Rpi 3B | C7: armv8.1-a | D7: cortex-a53 | E7: cortex-a53 | F7: neon-fp-armv8 | G7: hard | J7: -mneon-for-64bits
A12: HPL Runs (fixed parameters) | C12: Number of nodes | D12: Node | E12: Total memory of a node (kB) | F12: N, alpha | G12: N, alpha (NB round) | H12: N, beta | I12: N, beta (NB round) | J12: NB | K12: P | L12: Q | M12: Ns difference | N12: Half of the Ns difference | O12: N1 | P12: N2 | Q12: N3
A13: Number of nodes | B13: 4 | C13: 1 | D13: Raspberry Pi 3 B | E13: 931432 | F13: =$B$14*SQRT(($C13*$E13*1024)/8) -> 8735.1537 | G13: =_xlfn.CEILING.MATH(F13/J13)*J13 -> 8768 | H13: =SQRT($B$14*($C13*$E13*1024)/8) -> 9766.1987 | I13: =_xlfn.CEILING.MATH(H13/J13)*J13 -> 9792 | J13: 64 | K13: 2 | L13: 2 | M13: =I13-G13 -> 1024 | N13: =M13/2 -> 512 | O13: =G13 -> 8768 | P13: =_xlfn.CEILING.MATH((O13+N13)/J13)*J13 -> 9280 | Q13: =_xlfn.CEILING.MATH((P13+N13)/J13)*J13 -> 9792
A14: Percentage of mem | B14: 0.8 | C14: 4 | D14: Raspberry Pi 3 B | E14: 931432 | F14: =$B$14*SQRT(($B$13*$E14*1024)/8) -> 17470.307 | G14: =_xlfn.CEILING.MATH(F14/J14)*J14 -> 17536 | H14: =SQRT($B$14*($B$13*$E14*1024)/8) -> 19532.397 | I14: =_xlfn.CEILING.MATH(H14/J14)*J14 -> 19584 | J14: 128 | K14: 2 | L14: 8 | M14: =I14-G14 -> 2048 | N14: =M14/2 -> 1024 | O14: =G14 -> 17536 | P14: =_xlfn.CEILING.MATH((O14+N14)/J14)*J14 -> 18560 | Q14: =_xlfn.CEILING.MATH((P14+N14)/J14)*J14 -> 19584
A19: # ARM64 cortex-a53 defaults (untested)
A20: #
A21: MACH=ARM64a53 OS=ALL LVL=1000 COMPS=f77
A22: 'gfortran' '-march=native -O2'
A23: MACH=ARM64a53 OS=ALL LVL=1000 COMPS=xcc
A24: 'gcc' '-march=native -O2'
A25: MACH=ARM64a53 OS=ALL LVL=1000 COMPS=icc
A26: 'gcc' '-mcpu=cortex-a53 -mtune=cortex-a53 -O2'
A27: MACH=ARM64a53 OS=ALL LVL=1000 COMPS=skc,gcc,dkc
A28: 'gcc' ' -mcpu=cortex-a53 -mtune=cortex-a53 -O3 -ftree-vect-loop-version -ftree-vectorize'
A29: MACH=ARM64a53 OS=ALL LVL=1000 COMPS=smc
A30: 'gcc' '-O2 -mcpu=cortex-a53 -mtune=cortex-a53'
... A34: 'gfortran' '-O2 -mcpu=cortex-a53'

Sheet ATLAS builds
A1: Raspberry Pi 3B | C1: Initial ATLAS config flags | D1: 32/64 build (or none) | E1: Other ATLAS config flags | F1: Compiler flag addendum type | G1: Compiler flags used for building | H1: All flags | I1: Flags used for flagsearching - mandatory | J1: Flags used for flagsearching - optional | K1: Machine originally built on | L1: HPL | M1: Flagsearched (d) | N1: Flagsearched (s) No need! HPL uses only double precision! See ATLAS install manual | O1: Flagsearched (Td) | P1: Kernel | R1: NOTE
A2: 1 | B2: archdef | C2: -D c -DWALL | E2: -Si archdef 1 | H2: =_xlfn.TEXTJOIN(" ",TRUE,C2:G2) -> -D c -DWALL -Si archdef 1 | I2: -mcpu=cortex-a53 -mtune=cortex-a53 -march=armv8-a+crc -march=armv8-a -march=armv8.1-a -mfpu=crypto-neon-fp-armv8 -mfpu=neon-fp-armv8 -mneon-for-64bits -mfloat-abi=hard | K2: raspi11 | L2: =VLOOKUP(B2,'HPL 4 nodes, builds'!$A$4:$X$165,24,FALSE) -> 10.20822 | R2: Running
A3: 2 | B3: atlarch | C3: -D c -DWALL | D3: -b 64 | E3: ARM64a53 | H3: =_xlfn.TEXTJOIN(" ",TRUE,C3:G3) -> -D c -DWALL -b 64 ARM64a53 | K3: raspi11 | L3: =VLOOKUP(B3,'HPL 4 nodes, builds'!$A$4:$X$165,24,FALSE) -> 8.16402 | R3: Done
A4: 3 | B4: atlarch-gene | C4: -D c -DWALL | D4: -b 64 | E4: ARM64xgene1 | H4: =_xlfn.TEXTJOIN(" ",TRUE,C4:G4) -> -D c -DWALL -b 64 ARM64xgene1 | K4: raspi13 | L4: =VLOOKUP(B4,'HPL 4 nodes, builds'!$A$4:$X$165,24,FALSE) -> 9.50028 | R4: Failed
A5: 4 | B5: atlarch-gene-cpu-crypto | C5: -D c -DWALL | D5: -b 64 | E5: ARM64xgene1 | F5: -Fa alg | G5: -mcpu=cortex-a53 -mtune=cortex-a53 -mfpu=crypto-neon-fp-armv8 -mneon-for-64bits -mfloat-abi=hard | H5: =_xlfn.TEXTJOIN(" ",TRUE,C5:G5) -> -D c -DWALL -b 64 ARM64xgene1 -Fa alg -mcpu=cortex-a53 -mtune=cortex-a53 -mfpu=crypto-neon-fp-armv8 -mneon-for-64bits -mfloat-abi=hard | K5: raspi13 | L5: =VLOOKUP(B5,'HPL 4 nodes, builds'!$A$4:$X$165,24,FALSE) -> 10.031
A6: 5 | B6: atlarch-gene-cpu | C6: -D c -DWALL | D6: -b 64 | E6: ARM64xgene1 | F6: -Fa alg | G6: -mcpu=cortex-a53 -mtune=cortex-a53 -mfpu=neon-fp-armv8 -mneon-for-64bits -mfloat-abi=hard | H6: =_xlfn.TEXTJOIN(" ",TRUE,C6:G6) -> -D c -DWALL -b 64 ARM64xgene1 -Fa alg -mcpu=cortex-a53 -mtune=cortex-a53 -mfpu=neon-fp-armv8 -mneon-for-64bits -mfloat-abi=hard | K6: raspi14 | L6: =VLOOKUP(B6,'HPL 4 nodes, builds'!$A$4:$X$165,24,FALSE) -> 9.14146 | Q6: Config ne prolazi zbog -mabi=lp64 | R6: TODO
A7: 6 | B7: atlarch-cpu | C7: -D c -DWALL | D7: -b 64 | E7: ARM64a53 | F7: -Fa alg | G7: -mcpu=cortex-a53 -mtune=cortex-a53 -mfpu=neon-fp-armv8 -mneon-for-64bits -mfloat-abi=hard | H7: =_xlfn.TEXTJOIN(" ",TRUE,C7:G7) -> -D c -DWALL -b 64 ARM64a53 -Fa alg -mcpu=cortex-a53 -mtune=cortex-a53 -mfpu=neon-fp-armv8 -mneon-for-64bits -mfloat-abi=hard | K7: raspi13 | L7: =VLOOKUP(B7,'HPL 4 nodes, builds'!$A$4:$X$165,24,FALSE) -> 8.18052
A8: 7 | B8: atlarch-cpu-crypto | C8: -D c -DWALL | D8: -b 64 | E8: ARM64a53 | F8: -Fa alg | G8: -mcpu=cortex-a53 -mtune=cortex-a53 -mfpu=crypto-neon-fp-armv8 -mneon-for-64bits -mfloat-abi=hard | H8: =_xlfn.TEXTJOIN(" ",TRUE,C8:G8) -> -D c -DWALL -b 64 ARM64a53 -Fa alg -mcpu=cortex-a53 -mtune=cortex-a53 -mfpu=crypto-neon-fp-armv8 -mneon-for-64bits -mfloat-abi=hard | K8: raspi14 | L8: =VLOOKUP(B8,'HPL 4 nodes, builds'!$A$4:$X$165,24,FALSE) -> 10.29376
A9: 8 | B9: archdef-flags | C9: -D c -DWALL | D9: -b 64 | F9: -Fa alg | G9: -O1 -fno-schedule-insns -mcpu=cortex-A53 -mfpu=crypto-neon-fp-armv8 -fschedule-insns -frename-registers | H9: =_xlfn.TEXTJOIN(" ",TRUE,C9:G9) -> -D c -DWALL -b 64 -Fa alg -O1 -fno-schedule-insns -mcpu=cortex-A53 -mfpu=crypto-neon-fp-armv8 -fschedule-insns -frename-registers | K9: raspi11 | L9: =VLOOKUP(B9,'HPL 4 nodes, builds'!$A$4:$X$165,24,FALSE) -> 10.69 | Q9: Starting point the same as generic-flags, newer and prefered
A10: 9 | B10: atlarch-flags | C10: -D c -DWALL | D10: -b 64 | F10: -Fa alg | G10: -O2 -fno-schedule-insns -mcpu=cortex-A53 -mfpu=crypto-neon-fp-armv8 -fselective-scheduling2 -frename-registers | H10: =_xlfn.TEXTJOIN(" ",TRUE,C10:G10) -> -D c -DWALL -b 64 -Fa alg -O2 -fno-schedule-insns -mcpu=cortex-A53 -mfpu=crypto-neon-fp-armv8 -fselective-scheduling2 -frename-registers | K10: raspi12 | L10: =VLOOKUP(B10,'HPL 4 nodes, builds'!$A$4:$X$165,24,FALSE) -> 10.7002
A11: 10 | B11: atlarch-gene-flags | C11: -D c -DWALL | D11: -b 64 | F11: -Fa alg | G11: -O1 -fno-schedule-insns -mcpu=cortex-A53 -mfpu=crypto-neon-fp-armv8 -fschedule-insns2 | H11: =_xlfn.TEXTJOIN(" ",TRUE,C11:G11) -> -D c -DWALL -b 64 -Fa alg -O1 -fno-schedule-insns -mcpu=cortex-A53 -mfpu=crypto-neon-fp-armv8 -fschedule-insns2 | K11: raspi14 | L11: =VLOOKUP(B11,'HPL 4 nodes, builds'!$A$4:$X$165,24,FALSE) -> 10.616 | Q11: Failed build
A12: 11 | B12: atlarch-gene-cpu-crypto-flags | C12: -D c -DWALL | D12: -b 64 | F12: -Fa alg | G12: -O2 -mcpu=cortex-a53 -mtune=cortex-a53 -mfpu=crypto-neon-fp-armv8 -mneon-for-64bits -mfloat-abi=hard -fno-expensive-optimizations | H12: =_xlfn.TEXTJOIN(" ",TRUE,C12:G12) -> -D c -DWALL -b 64 -Fa alg -O2 -mcpu=cortex-a53 -mtune=cortex-a53 -mfpu=crypto-neon-fp-armv8 -mneon-for-64bits -mfloat-abi=hard -fno-expensive-optimizations | K12: raspi14 | L12: =VLOOKUP(B12,'HPL 4 nodes, builds'!$A$4:$X$165,24,FALSE) -> 10.6896
A13: 12 | B13: atlarch-gene-cpu-flags | C13: -D c -DWALL | D13: -b 64 | F13: -Fa alg | G13: -O2 -mcpu=cortex-a53 -mtune=cortex-a53 -mfpu=neon-fp-armv8 -mneon-for-64bits -mfloat-abi=hard -fno-schedule-insns -fno-expensive-optimizations | H13: =_xlfn.TEXTJOIN(" ",TRUE,C13:G13) -> -D c -DWALL -b 64 -Fa alg -O2 -mcpu=cortex-a53 -mtune=cortex-a53 -mfpu=neon-fp-armv8 -mneon-for-64bits -mfloat-abi=hard -fno-schedule-insns -fno-expensive-optimizations | K13: raspi11 | L13: =VLOOKUP(B13,'HPL 4 nodes, builds'!$A$4:$X$165,24,FALSE) -> 10.7128
A14: 13 | B14: atlarch-cpu-flags | C14: -D c -DWALL | D14: -b 64 | F14: -Fa alg | G14: -Os -mcpu=cortex-a53 -mtune=cortex-a53 -mfpu=neon-fp-armv8 -mneon-for-64bits -mfloat-abi=hard -fno-tree-ter | H14: =_xlfn.TEXTJOIN(" ",TRUE,C14:G14) -> -D c -DWALL -b 64 -Fa alg -Os -mcpu=cortex-a53 -mtune=cortex-a53 -mfpu=neon-fp-armv8 -mneon-for-64bits -mfloat-abi=hard -fno-tree-ter | K14: raspi12 | L14: =VLOOKUP(B14,'HPL 4 nodes, builds'!$A$4:$X$165,24,FALSE) -> 10.7068
A15: 14 | B15: atlarch-cpu-crypto-flags | C15: -D c -DWALL | D15: -b 64 | F15: -Fa alg | G15: -O1 -mcpu=cortex-a53 -mtune=cortex-a53 -mfpu=crypto-neon-fp-armv8 -mneon-for-64bits -mfloat-abi=hard -fschedule-insns -frename-registers | H15: =_xlfn.TEXTJOIN(" ",TRUE,C15:G15) -> -D c -DWALL -b 64 -Fa alg -O1 -mcpu=cortex-a53 -mtune=cortex-a53 -mfpu=crypto-neon-fp-armv8 -mneon-for-64bits -mfloat-abi=hard -fschedule-insns -frename-registers | K15: raspi13 | L15: =VLOOKUP(B15,'HPL 4 nodes, builds'!$A$4:$X$165,24,FALSE) -> 10.733
A16: 15 | B16: noarch-flags | C16: -D c -DWALL | D16: -b 64 | F16: -Fa alg | G16: -O1 -fschedule-insns2 -fexpensive-optimizations -mcpu=cortex-A53 | H16: =_xlfn.TEXTJOIN(" ",TRUE,C16:G16) -> -D c -DWALL -b 64 -Fa alg -O1 -fschedule-insns2 -fexpensive-optimizations -mcpu=cortex-A53 | K16: raspi11 | L16: =VLOOKUP(B16,'HPL 4 nodes, builds'!$A$4:$X$165,24,FALSE) -> 10.7302 | Q16: OLD
A17: 16 | B17: generic-flags | C17: -D c -DWALL | D17: -b 64 | F17: -Fa alg | G17: -O1 -fno-schedule-insns -fschedule-insns2 -fexpensive-optimizations -fselective-scheduling2 | H17: =_xlfn.TEXTJOIN(" ",TRUE,C17:G17) -> -D c -DWALL -b 64 -Fa alg -O1 -fno-schedule-insns -fschedule-insns2 -fexpensive-optimizations -fselective-scheduling2 | K17: raspi14 | L17: =VLOOKUP(B17,'HPL 4 nodes, builds'!$A$4:$X$165,24,FALSE) -> 10.714 | Q17: OLD, this is actually archdef flags (but the name generic caused issues)
A18: ? | B18: noarch | C18: -D c -DWALL | E18: -Si archdef 0 | H18: =_xlfn.TEXTJOIN(" ",TRUE,C18:G18) -> -D c -DWALL -Si archdef 0 | K18: raspi12 | L18: =VLOOKUP(B18,'HPL 4 nodes, builds'!$A$4:$X$165,24,FALSE) -> 8.47564 | Q18: Failed build, repeated, failed again
A19: ? | B19: recommended | C19: -D c -DWALL | D19: -b 64 | F19: -Fa alg | G19: -mcpu=cortex-a53 -mfloat-abi=hard -mfpu=neon-fp-armv8 -mneon-for-64bits | H19: =_xlfn.TEXTJOIN(" ",TRUE,C19:G19) -> -D c -DWALL -b 64 -Fa alg -mcpu=cortex-a53 -mfloat-abi=hard -mfpu=neon-fp-armv8 -mneon-for-64bits | I19: -mtune=cortex-a53 -march=armv8-a+crc -march=armv8-a -march=armv8.1-a -mfpu=crypto-neon-fp-armv8 | K19: raspi12 | L19: =VLOOKUP(B19,'HPL 4 nodes, builds'!$A$4:$X$165,24,FALSE) -> #N/A | Q19: https://gist.github.com/fm4dd/c663217935dc17f0fc73c9c81b0aa845 | R19: Preporučeni flagovi nisu radili: -mcpu=cortex-a53 -mfloat-abi=hard -mfpu=neon-fp-armv8 -mneon-for-64bits Zapravo nisu radila posljednja 3 iz nekog razloga (kao da ih arhitektura ne prepoznaje) Zato što koristimo 64-bitni OS, koji te opcije podrazumijeva Ni s novim flagovima nije radio build ATLASa
H20: =_xlfn.TEXTJOIN(" ",TRUE,C20:G20) | L20: =VLOOKUP(B20,'HPL 4 nodes, builds'!$A$4:$X$165,24,FALSE) -> #N/A
B21: Bez inicijalnih flagova u flagsearch | H21: =_xlfn.TEXTJOIN(" ",TRUE,C21:G21) | L21: =VLOOKUP(B21,'HPL 4 nodes, builds'!$A$4:$X$165,24,FALSE) -> #N/A
A22: 17 | B22: atlarch-gene-cpu-crypto-flags-2 | C22: -D c -DWALL | D22: -b 64 | F22: -Fa alg | G22: -O1 -fno-schedule-insns -mcpu=cortex-A53 -mfpu=crypto-neon-fp-armv8 -fschedule-insns2 -fmodulo-sched -fmodulo-sched-allow-regmoves -funroll-all-loops | H22: =_xlfn.TEXTJOIN(" ",TRUE,C22:G22) -> -D c -DWALL -b 64 -Fa alg -O1 -fno-schedule-insns -mcpu=cortex-A53 -mfpu=crypto-neon-fp-armv8 -fschedule-insns2 -fmodulo-sched -fmodulo-sched-allow-regmoves -funroll-all-loops | I22: second flagsearch from the originals, without initial flags, only with -pipe | K22: raspi11 | L22: =VLOOKUP(B22,'HPL 4 nodes, builds'!$A$4:$X$165,24,FALSE) -> 10.8972
A23: 18 | B23: atlarch-gene-cpu-flags-2 | C23: -D c -DWALL | D23: -b 64 | F23: -Fa alg | G23: -O1 -fno-schedule-insns -mcpu=cortex-A53 -mfpu=crypto-neon-fp-armv8 -fschedule-insns2 | H23: =_xlfn.TEXTJOIN(" ",TRUE,C23:G23) -> -D c -DWALL -b 64 -Fa alg -O1 -fno-schedule-insns -mcpu=cortex-A53 -mfpu=crypto-neon-fp-armv8 -fschedule-insns2 | K23: raspi12 | L23: =VLOOKUP(B23,'HPL 4 nodes, builds'!$A$4:$X$165,24,FALSE) -> 10.9478
A24: 19 | B24: atlarch-cpu-flags-2 | C24: -D c -DWALL | D24: -b 64 | F24: -Fa alg | G24: -Os -fno-schedule-insns -mcpu=cortex-A53 -mfpu=crypto-neon-fp-armv8 -fschedule-insns -fno-schedule-insns -fno-tree-ter | H24: =_xlfn.TEXTJOIN(" ",TRUE,C24:G24) -> -D c -DWALL -b 64 -Fa alg -Os -fno-schedule-insns -mcpu=cortex-A53 -mfpu=crypto-neon-fp-armv8 -fschedule-insns -fno-schedule-insns -fno-tree-ter | K24: raspi13 | L24: =VLOOKUP(B24,'HPL 4 nodes, builds'!$A$4:$X$165,24,FALSE) -> 11.0582
A25: 20 | B25: atlarch-cpu-crypto-flags-2 | C25: -D c -DWALL | D25: -b 64 | F25: -Fa alg | G25: -O1 -fno-schedule-insns -mcpu=cortex-A53 -mfpu=crypto-neon-fp-armv8 -fschedule-insns -frename-registers | H25: =_xlfn.TEXTJOIN(" ",TRUE,C25:G25) -> -D c -DWALL -b 64 -Fa alg -O1 -fno-schedule-insns -mcpu=cortex-A53 -mfpu=crypto-neon-fp-armv8 -fschedule-insns -frename-registers | K25: raspi14 | L25: =VLOOKUP(B25,'HPL 4 nodes, builds'!$A$4:$X$165,24,FALSE) -> 10.5788

Sheet HPL 4 nodes, builds
A1: Max avg. GFLOPS (and params): | B1: =INDEX(A:A,MATCH(MAX($X:$X),$X:$X,0)) -> noarch-flags | F1: =MAX(X:X) -> 11.9056 | G1: =INDEX(D:D,MATCH(MAX($X:$X),$X:$X,0)) -> 19520 | H1: =INDEX(E:E,MATCH(MAX($X:$X),$X:$X,0)) -> 160 | I1: =INDEX(F:F,MATCH(MAX($X:$X),$X:$X,0)) -> 2 | J1: =INDEX(G:G,MATCH(MAX($X:$X),$X:$X,0)) -> 8 | L1: ATLAS | X1: Average GFLOPs
A2: MAX GFLOPS: | D2: =MAX(I4:I841) -> 12.12 | L2: raspi11 throttling time [1/100s] | O2: raspi12 throttling time [1/100s] | R2: raspi13 throttling time [1/100s] | U2: raspi14 throttling time [1/100s]
A3: Build | B3: RUN | D3: N | E3: NB | F3: P | G3: Q | H3: Time | I3: GFLOPS | J3: Date | K3: Time | L3: 900MHz | M3: 1000MHz | N3: 1100MHz | O3: 900MHz | P3: 1000MHz | Q3: 1100MHz | R3: 900MHz | S3: 1000MHz | T3: 1100MHz | U3: 900MHz | V3: 1000MHz | W3: 1100MHz
A4: noarch-flags | B4: 0 | C4: WR00L2L2 | D4: 17536 | E4: 128 | F4: 2 | G4: 8 | H4: 334.9 | I4: 10.736 | J4: 45472 | K4: 0.18898148 | L4: 0 | M4: 0 | N4: 0 | O4: 0 | P4: 0 | Q4: 0 | R4: 0 | S4: 0 | T4: 0 | U4: 0 | V4: 0 | W4: 0 | X4: =AVERAGE(I4:I8) -> 10.7302
A5: noarch-flags | B5: 1 | C5: WR00L2L2 | D5: 17536 | E5: 128 | F5: 2 | G5: 8 | H5: 334.4 | I5: 10.752 | J5: 45472 | K5: 0.19315972 | L5: 0 | M5: 0 | N5: 0 | O5: 0 | P5: 0 | Q5: 0 | R5: 0 | S5: 0 | T5: 0 | U5: 0 | V5: 0 | W5: 0 | X5: =X4 -> 10.7302
A6: noarch-flags | B6: 2 | C6: WR00L2L2 | D6: 17536 | E6: 128 | F6: 2 | G6: 8 | H6: 336.49 | I6: 10.685 | J6: 45472 | K6: 0.19734954 | L6: 0 | M6: 0 | N6: 0 | O6: 0 | P6: 0 | Q6: 0 | R6: 0 | S6: 0 | T6: 0 | U6: 0 | V6: 0 | W6: 0 | X6: =X5 -> 10.7302
A7: noarch-flags | B7: 3 | C7: WR00L2L2 | D7: 17536 | E7: 128 | F7: 2 | G7: 8 | H7: 333.89 | I7: 10.768 | J7: 45472 | K7: 0.20150463 | L7: 0 | M7: 0 | N7: 0 | O7: 0 | P7: 0 | Q7: 0 | R7: 0 | S7: 0 | T7: 0 | U7: 0 | V7: 0 | W7: 0 | X7: =X6 -> 10.7302
A8: noarch-flags | B8: 4 | C8: WR00L2L2 | D8: 17536 | E8: 128 | F8: 2 | G8: 8 | H8: 335.7 | I8: 10.71 | J8: 45472 | K8: 0.20569444 | L8: 0 | M8: 0 | N8: 0 | O8: 0 | P8: 0 | Q8: 0 | R8: 0 | S8: 0 | T8: 0 | U8: 0 | V8: 0 | W8: 0 | X8: =X7 -> 10.7302
A9: generic-flags | B9: 0 | C9: WR00L2L2 | D9: 17536 | E9: 128 | F9: 2 | G9: 8 | H9: 336.07 | I9: 10.699 | J9: 45472 | K9: 0.084097222 | L9: 0 | M9: 0 | N9: 0 | O9: 0 | P9: 0 | Q9: 0 | R9: 0 | S9: 0 | T9: 0 | U9: 0 | V9: 0 | W9: 0 | X9: =AVERAGE(I9:I13) -> 10.714
A10: generic-flags | B10: 1 | C10: WR00L2L2 | D10: 17536 | E10: 128 | F10: 2 | G10: 8 | H10: 334.7 | I10: 10.742 | J10: 45472 | K10: 0.088275463 | L10: 0 | M10: 0 | N10: 0 | O10: 0 | P10: 0 | Q10: 0 | R10: 0 | S10: 0 | T10: 0 | U10: 0 | V10: 0 | W10: 0 | X10: =X9 -> 10.714
A11: generic-flags | B11: 2 | C11: WR00L2L2 | D11: 17536 | E11: 128 | F11: 2 | G11: 8 | H11: 336.68 | I11: 10.679 | J11: 45472 | K11: 0.092476852 | L11: 0 | M11: 0 | N11: 0 | O11: 0 | P11: 0 | Q11: 0 | R11: 0 | S11: 0 | T11: 0 | U11: 0 | V11: 0 | W11: 0 | X11: =X10 -> 10.714
A12: generic-flags | B12: 3 | C12: WR00L2L2 | D12: 17536 | E12: 128 | F12: 2 | G12: 8 | H12: 335.76 | I12: 10.708 | J12: 45472 | K12: 0.096666667 | L12: 0 | M12: 0 | N12: 0 | O12: 0 | P12: 0 | Q12: 0 | R12: 0 | S12: 0 | T12: 0 | U12: 0 | V12: 0 | W12: 0 | X12: =X11 -> 10.714
A13: generic-flags | B13: 4 | C13: WR00L2L2 | D13: 17536 | E13: 128 | F13: 2 | G13: 8 | H13: 334.71 | I13: 10.742 | J13: 45472 | K13: 0.10084491 | L13: 0 | M13: 0 | N13: 0 | O13: 0 | P13: 0 | Q13: 0 | R13: 0 | S13: 0 | T13: 0 | U13: 0 | V13: 0 | W13: 0 | X13: =X12 -> 10.714
A14: atlarch-gene-cpu-flags | B14: 0 | C14: WR00L2L2 | D14: 17536 | E14: 128 | F14: 2 | G14: 8 | H14: 333.55 | I14: 10.78 | J14: 45472 | K14: 0.14725694 | L14: 0 | M14: 0 | N14: 0 | O14: 0 | P14: 0 | Q14: 0 | R14: 0 | S14: 0 | T14: 0 | U14: 0 | V14: 0 | W14: 0 | X14: =AVERAGE(I14:I18) -> 10.7128
A15: atlarch-gene-cpu-flags | B15: 1 | C15: WR00L2L2 | D15: 17536 | E15: 128 | F15: 2 | G15: 8 | H15: 335.17 | I15: 10.727 | J15: 45472 | K15: 0.15140046 | L15: 0 | M15: 0 | N15: 0 | O15: 0 | P15: 0 | Q15: 0 | R15: 0 | S15: 0 | T15: 0 | U15: 0 | V15: 0 | W15: 0 | X15: =X14 -> 10.7128
A16: atlarch-gene-cpu-flags | B16: 2 | C16: WR00L2L2 | D16: 17536 | E16: 128 | F16: 2 | G16: 8 | H16: 336.64 | I16: 10.68 | J16: 45472 | K16: 0.15556713 | L16: 0 | M16: 0 | N16: 0 | O16: 0 | P16: 0 | Q16: 0 | R16: 0 | S16: 0 | T16: 0 | U16: 0 | V16: 0 | W16: 0 | X16: =X15 -> 10.7128
A17: atlarch-gene-cpu-flags | B17: 3 | C17: WR00L2L2 | D17: 17536 | E17: 128 | F17: 2 | G17: 8 | H17: 336.58 | I17: 10.682 | J17: 45472 | K17: 0.15972222 | L17: 0 | M17: 0 | N17: 0 | O17: 0 | P17: 0 | Q17: 0 | R17: 0 | S17: 0 | T17: 0 | U17: 0 | V17: 0 | W17: 0 | X17: =X16 -> 10.7128
A18: atlarch-gene-cpu-flags | B18: 4 | C18: WR00L2L2 | D18: 17536 | E18: 128 | F18: 2 | G18: 8 | H18: 336.19 | I18: 10.695 | J18: 45472 | K18: 0.16387731 | L18: 0 | M18: 0 | N18: 0 | O18: 0 | P18: 0 | Q18: 0 | R18: 0 | S18: 0 | T18: 0 | U18: 0 | V18: 0 | W18: 0 | X18: =X17 -> 10.7128
A19: atlarch-cpu-flags | B19: 0 | C19: WR00L2L2 | D19: 17536 | E19: 128 | F19: 2 | G19: 8 | H19: 335.03 | I19: 10.732 | J19: 45472 | K19: 0.16805556 | L19: 0 | M19: 0 | N19: 0 | O19: 0 | P19: 0 | Q19: 0 | R19: 0 | S19: 0 | T19: 0 | U19: 0 | V19: 0 | W19: 0 | X19: =AVERAGE(I19:I23) -> 10.7068
A20: atlarch-cpu-flags | B20: 1 | C20: WR00L2L2 | D20: 17536 | E20: 128 | F20: 2 | G20: 8 | H20: 334.99 | I20: 10.733 | J20: 45472 | K20: 0.1722338 | L20: 0 | M20: 0 | N20: 0 | O20: 0 | P20: 0 | Q20: 0 | R20: 0 | S20: 0 | T20: 0 | U20: 0 | V20: 0 | W20: 0 | X20: =X19 -> 10.7068
A21: atlarch-cpu-flags | B21: 2 | C21: WR00L2L2 | D21: 17536 | E21: 128 | F21: 2 | G21: 8 | H21: 336.22 | I21: 10.694 | J21: 45472 | K21: 0.17642361 | L21: 0 | M21: 0 | N21: 0 | O21: 0 | P21: 0 | Q21: 0 | R21: 0 | S21: 0 | T21: 0 | U21: 0 | V21: 0 | W21: 0 | X21: =X20 -> 10.7068
A22: atlarch-cpu-flags | B22: 3 | C22: WR00L2L2 | D22: 17536 | E22: 128 | F22: 2 | G22: 8 | H22: 336.09 | I22: 10.698 | J22: 45472 | K22: 0.18061343 | L22: 0 | M22: 0 | N22: 0 | O22: 0 | P22: 0 | Q22: 0 | R22: 0 | S22: 0 | T22: 0 | U22: 0 | V22: 0 | W22: 0 | X22: =X21 -> 10.7068
A23: atlarch-cpu-flags | B23: 4 | C23: WR00L2L2 | D23: 17536 | E23: 128 | F23: 2 | G23: 8 | H23: 336.75 | I23: 10.677 | J23: 45472 | K23: 0.18480324 | L23: 0 | M23: 0 | N23: 0 | O23: 0 | P23: 0 | Q23: 0 | R23: 0 | S23: 0 | T23: 0 | U23: 0 | V23: 0 | W23: 0 | X23: =X22 -> 10.7068
A24: atlarch-flags | B24: 0 | C24: WR00L2L2 | D24: 17536 | E24: 128 | F24: 2 | G24: 8 | H24: 335.25 | I24: 10.725 | J24: 45472 | K24: 0.10503472 | L24: 0 | M24: 0 | N24: 0 | O24: 0 | P24: 0 | Q24: 0 | R24: 0 | S24: 0 | T24: 0 | U24: 0 | V24: 0 | W24: 0 | X24: =AVERAGE(I24:I28) -> 10.7002
A25: atlarch-flags | B25: 1 | C25: WR00L2L2 | D25: 17536 | E25: 128 | F25: 2 | G25: 8 | H25: 335.64 | I25: 10.712 | J25: 45472 | K25: 0.10922454 | L25: 0 | M25: 0 | N25: 0 | O25: 0 | P25: 0 | Q25: 0 | R25: 0 | S25: 0 | T25: 0 | U25: 0 | V25: 0 | W25: 0 | X25: =X24 -> 10.7002
A26: atlarch-flags | B26: 2 | C26: WR00L2L2 | D26: 17536 | E26: 128 | F26: 2 | G26: 8 | H26: 335.92 | I26: 10.703 | J26: 45472 | K26: 0.11342593 | L26: 0 | M26: 0 | N26: 0 | O26: 0 | P26: 0 | Q26: 0 | R26: 0 | S26: 0 | T26: 0 | U26: 0 | V26: 0 | W26: 0 | X26: =X25 -> 10.7002
A27: atlarch-flags | B27: 3 | C27: WR00L2L2 | D27: 17536 | E27: 128 | F27: 2 | G27: 8 | H27: 337.38 | I27: 10.657 | J27: 45472 | K27: 0.11762731 | L27: 0 | M27: 0 | N27: 0 | O27: 0 | P27: 0 | Q27: 0 | R27: 0 | S27: 0 | T27: 0 | U27: 0 | V27: 0 | W27: 0 | X27: =X26 -> 10.7002
A28: atlarch-flags | B28: 4 | C28: WR00L2L2 | D28: 17536 | E28: 128 | F28: 2 | G28: 8 | H28: 335.89 | I28: 10.704 | J28: 45472 | K28: 0.1218287 | L28: 0 | M28: 0 | N28: 0 | O28: 0 | P28: 0 | Q28: 0 | R28: 0 | S28: 0 | T28: 0 | U28: 0 | V28: 0 | W28: 0 | X28: =X27 -> 10.7002
A29: atlarch-gene-flags | B29: 0 | C29: WR00L2L2 | D29: 17536 | E29: 128 | F29: 2 | G29: 8 | H29: 337.68 | I29: 10.648 | J29: 45472 | K29: 0.12607639 | L29: 0 | M29: 0 | N29: 0 | O29: 0 | P29: 0 | Q29: 0 | R29: 0 | S29: 0 | T29: 0 | U29: 0 | V29: 0 | W29: 0 | X29: =AVERAGE(I29:I33) -> 10.616
A30: atlarch-gene-flags | B30: 1 | C30: WR00L2L2 | D30: 17536 | E30: 128 | F30: 2 | G30: 8 | H30: 339.68 | I30: 10.585 | J30: 45472 | K30: 0.13034722 | L30: 0 | M30: 0 | N30: 0 | O30: 0 | P30: 0 | Q30: 0 | R30: 0 | S30: 0 | T30: 0 | U30: 0 | V30: 0 | W30: 0 | X30: =X29 -> 10.616
A31: atlarch-gene-flags | B31: 2 | C31: WR00L2L2 | D31: 17536 | E31: 128 | F31: 2 | G31: 8 | H31: 337.85 | I31: 10.642 | J31: 45472 | K31: 0.13460648 | L31: 0 | M31: 0 | N31: 0 | O31: 0 | P31: 0 | Q31: 0 | R31: 0 | S31: 0 | T31: 0 | U31: 0 | V31: 0 | W31: 0 | X31: =X30 -> 10.616
A32: atlarch-gene-flags | B32: 3 | C32: WR00L2L2 | D32: 17536 | E32: 128 | F32: 2 | G32: 8 | H32: 339.33 | I32: 10.596 | J32: 45472 | K32: 0.13886574 | L32: 0 | M32: 0 | N32: 0 | O32: 0 | P32: 0 | Q32: 0 | R32: 0 | S32: 0 | T32: 0 | U32: 0 | V32: 0 | W32: 0 | X32: =X31 -> 10.616
A33: atlarch-gene-flags | B33: 4 | C33: WR00L2L2 | D33: 17536 | E33: 128 | F33: 2 | G33: 8 | H33: 338.92 | I33: 10.609 | J33: 45472 | K33: 0.143125 | L33: 0 | M33: 0 | N33: 0 | O33: 0 | P33: 0 | Q33: 0 | R33: 0 | S33: 0 | T33: 0 | U33: 0 | V33: 0 | W33: 0 | X33: =X32 -> 10.616
A34: atlarch-gene | B34: 0 | C34: WR00L2L2 | D34: 17536 | E34: 128 | F34: 2 | G34: 8 | H34: 380.01 | I34: 9.4616 | J34: 45471 | K34: 0.9646412 | L34: 0 | M34: 0 | N34: 0 | O34: 0 | P34: 0 | Q34: 0 | R34: 0 | S34: 0 | T34: 0 | U34: 0 | V34: 0 | W34: 0 | X34: =AVERAGE(I34:I38) -> 9.50028
A35: atlarch-gene | B35: 1 | C35: WR00L2L2 | D35: 17536 | E35: 128 | F35: 2 | G35: 8 | H35: 377.97 | I35: 9.5126 | J35: 45471 | K35: 0.97033565 | L35: 0 | M35: 0 | N35: 0 | O35: 0 | P35: 0 | Q35: 0 | R35: 0 | S35: 0 | T35: 0 | U35: 0 | V35: 0 | W35: 0 | X35: =X34 -> 9.50028
A36: atlarch-gene | B36: 2 | C36: WR00L2L2 | D36: 17536 | E36: 128 | F36: 2 | G36: 8 | H36: 377.58 | I36: 9.5224 | J36: 45471 | K36: 0.97601852 | L36: 0 | M36: 0 | N36: 0 | O36: 0 | P36: 0 | Q36: 0 | R36: 0 | S36: 0 | T36: 0 | U36: 0 | V36: 0 | W36: 0 | X36: =X35 -> 9.50028
A37: atlarch-gene | B37: 3 | C37: WR00L2L2 | D37: 17536 | E37: 128 | F37: 2 | G37: 8 | H37: 377.7 | I37: 9.5193 | J37: 45471 | K37: 0.98170139 | L37: 0 | M37: 0 | N37: 0 | O37: 0 | P37: 0 | Q37: 0 | R37: 0 | S37: 0 | T37: 0 | U37: 0 | V37: 0 | W37: 0 | X37: =X36 -> 9.50028
A38: atlarch-gene | B38: 4 | C38: WR00L2L2 | D38: 17536 | E38: 128 | F38: 2 | G38: 8 | H38: 379.05 | I38: 9.4855 | J38: 45471 | K38: 0.98740741 | L38: 0 | M38: 0 | N38: 0 | O38: 0 | P38: 0 | Q38: 0 | R38: 0 | S38: 0 | T38: 0 | U38: 0 | V38: 0 | W38: 0 | X38: =X37 -> 9.50028
A39: atlarch-gene-cpu | B39: 0 | C39: WR00L2L2 | D39: 17536 | E39: 128 | F39: 2 | G39: 8 | H39: 391.55 | I39: 9.1826 | J39: 45471 | K39: 0.99324074 | L39: 0 | M39: 0 | N39: 0 | O39: 0 | P39: 0 | Q39: 0 | R39: 0 | S39: 0 | T39: 0 | U39: 0 | V39: 0 | W39: 0 | X39: =AVERAGE(I39:I43) -> 9.14146
A40: atlarch-gene-cpu | B40: 1 | C40: WR00L2L2 | D40: 17536 | E40: 128 | F40: 2 | G40: 8 | H40: 394.34 | I40: 9.1176 | J40: 45471 | K40: 0.9991088 | L40: 0 | M40: 0 | N40: 0 | O40: 0 | P40: 0 | Q40: 0 | R40: 0 | S40: 0 | T40: 0 | U40: 0 | V40: 0 | W40: 0 | X40: =X39 -> 9.14146
A41: atlarch-gene-cpu | B41: 2 | C41: WR00L2L2 | D41: 17536 | E41: 128 | F41: 2 | G41: 8 | H41: 394.81 | I41: 9.1067 | J41: 45472 | K41: 0.005 | L41: 0 | M41: 0 | N41: 0 | O41: 0 | P41: 0 | Q41: 0 | R41: 0 | S41: 0 | T41: 0 | U41: 0 | V41: 0 | W41: 0 | X41: =X40 -> 9.14146
A42: atlarch-gene-cpu | B42: 3 | C42: WR00L2L2 | D42: 17536 | E42: 128 | F42: 2 | G42: 8 | H42: 392.44 | I42: 9.1617 | J42: 45472 | K42: 0.010856481 | L42: 0 | M42: 0 | N42: 0 | O42: 0 | P42: 0 | Q42: 0 | R42: 0 | S42: 0 | T42: 0 | U42: 0 | V42: 0 | W42: 0 | X42: =X41 -> 9.14146
A43: atlarch-gene-cpu | B43: 4 | C43: WR00L2L2 | D43: 17536 | E43: 128 | F43: 2 | G43: 8 | H43: 393.43 | I43: 9.1387 | J43: 45472 | K43: 0.016724537 | L43: 0 | M43: 0 | N43: 0 | O43: 0 | P43: 0 | Q43: 0 | R43: 0 | S43: 0 | T43: 0 | U43: 0 | V43: 0 | W43: 0 | X43: =X42 -> 9.14146
A44: noarch | B44: 0 | C44: WR00L2L2 | D44: 17536 | E44: 128 | F44: 2 | G44: 8 | H44: 425.04 | I44: 8.4592 | J44: 45472 | K44: 0.054988426 | L44: 0 | M44: 0 | N44: 0 | O44: 0 | P44: 0 | Q44: 0 | R44: 0 | S44: 0 | T44: 0 | U44: 0 | V44: 0 | W44: 0 | X44: =AVERAGE(I44:I48) -> 8.47564
A45: noarch | B45: 1 | C45: WR00L2L2 | D45: 17536 | E45: 128 | F45: 2 | G45: 8 | H45: 423.18 | I45: 8.4962 | J45: 45472 | K45: 0.061203704 | L45: 0 | M45: 0 | N45: 0 | O45: 0 | P45: 0 | Q45: 0 | R45: 0 | S45: 0 | T45: 0 | U45: 0 | V45: 0 | W45: 0 | X45: =X44 -> 8.47564
A46: noarch | B46: 2 | C46: WR00L2L2 | D46: 17536 | E46: 128 | F46: 2 | G46: 8 | H46: 423.86 | I46: 8.4826 | J46: 45472 | K46: 0.067430556 | L46: 0 | M46: 0 | N46: 0 | O46: 0 | P46: 0 | Q46: 0 | R46: 0 | S46: 0 | T46: 0 | U46: 0 | V46: 0 | W46: 0 | X46: =X45 -> 8.47564
A47: noarch | B47: 3 | C47: WR00L2L2 | D47: 17536 | E47: 128 | F47: 2 | G47: 8 | H47: 424.34 | I47: 8.4731 | J47: 45472 | K47: 0.073668981 | L47: 0 | M47: 0 | N47: 0 | O47: 0 | P47: 0 | Q47: 0 | R47: 0 | S47: 0 | T47: 0 | U47: 0 | V47: 0 | W47: 0 | X47: =X46 -> 8.47564
A48: noarch | B48: 4 | C48: WR00L2L2 | D48: 17536 | E48: 128 | F48: 2 | G48: 8 | H48: 424.64 | I48: 8.4671 | J48: 45472 | K48: 0.079907407 | L48: 0 | M48: 0 | N48: 0 | O48: 0 | P48: 0 | Q48: 0 | R48: 0 | S48: 0 | T48: 0 | U48: 0 | V48: 0 | W48: 0 | X48: =X47 -> 8.47564
A49: generic | B49: 0 | C49: WR00L2L2 | D49: 17536 | E49: 128 | F49: 2 | G49: 8 | H49: 425.89 | I49: 8.4423 | J49: 45471 | K49: 0.90194444 | L49: 0 | M49: 0 | N49: 0 | O49: 0 | P49: 0 | Q49: 0 | R49: 0 | S49: 0 | T49: 0 | U49: 0 | V49: 0 | W49: 0 | X49: =AVERAGE(I49:I53) -> 8.46084
A50: generic | B50: 1 | C50: WR00L2L2 | D50: 17536 | E50: 128 | F50: 2 | G50: 8 | H50: 424.39 | I50: 8.4721 | J50: 45471 | K50: 0.90818287 | L50: 0 | M50: 0 | N50: 0 | O50: 0 | P50: 0 | Q50: 0 | R50: 0 | S50: 0 | T50: 0 | U50: 0 | V50: 0 | W50: 0 | X50: =X49 -> 8.46084
A51: generic | B51: 2 | C51: WR00L2L2 | D51: 17536 | E51: 128 | F51: 2 | G51: 8 | H51: 425.14 | I51: 8.4571 | J51: 45471 | K51: 0.91440972 | L51: 0 | M51: 0 | N51: 0 | O51: 0 | P51: 0 | Q51: 0 | R51: 0 | S51: 0 | T51: 0 | U51: 0 | V51: 0 | W51: 0 | X51: =X50 -> 8.46084
A52: generic | B52: 3 | C52: WR00L2L2 | D52: 17536 | E52: 128 | F52: 2 | G52: 8 | H52: 424.06 | I52: 8.4786 | J52: 45471 | K52: 0.920625 | L52: 0 | M52: 0 | N52: 0 | O52: 0 | P52: 0 | Q52: 0 | R52: 0 | S52: 0 | T52: 0 | U52: 0 | V52: 0 | W52: 0 | X52: =X51 -> 8.46084
A53: generic | B53: 4 | C53: WR00L2L2 | D53: 17536 | E53: 128 | F53: 2 | G53: 8 | H53: 425.29 | I53: 8.4541 | J53: 45471 | K53: 0.92686343 | L53: 0 | M53: 0 | N53: 0 | O53: 0 | P53: 0 | Q53: 0 | R53: 0 | S53: 0 | T53: 0 | U53: 0 | V53: 0 | W53: 0 | X53: =X52 -> 8.46084
A54: atlarch-cpu | B54: 0 | C54: WR00L2L2 | D54: 17536 | E54: 128 | F54: 2 | G54: 8 | H54: 439 | I54: 8.1901 | J54: 45472 | K54: 0.023125 | L54: 0 | M54: 0 | N54: 0 | O54: 0 | P54: 0 | Q54: 0 | R54: 0 | S54: 0 | T54: 0 | U54: 0 | V54: 0 | W54: 0 | X54: =AVERAGE(I54:I58) -> 8.18052
A55: atlarch-cpu | B55: 1 | C55: WR00L2L2 | D55: 17536 | E55: 128 | F55: 2 | G55: 8 | H55: 439.67 | I55: 8.1776 | J55: 45472 | K55: 0.029525463 | L55: 0 | M55: 0 | N55: 0 | O55: 0 | P55: 0 | Q55: 0 | R55: 0 | S55: 0 | T55: 0 | U55: 0 | V55: 0 | W55: 0 | X55: =X54 -> 8.18052
A56: atlarch-cpu | B56: 2 | C56: WR00L2L2 | D56: 17536 | E56: 128 | F56: 2 | G56: 8 | H56: 439.3 | I56: 8.1845 | J56: 45472 | K56: 0.035925926 | L56: 0 | M56: 0 | N56: 0 | O56: 0 | P56: 0 | Q56: 0 | R56: 0 | S56: 0 | T56: 0 | U56: 0 | V56: 0 | W56: 0 | X56: =X55 -> 8.18052
A57: atlarch-cpu | B57: 3 | C57: WR00L2L2 | D57: 17536 | E57: 128 | F57: 2 | G57: 8 | H57: 441.16 | I57: 8.1501 | J57: 45472 | K57: 0.042361111 | L57: 0 | M57: 0 | N57: 0 | O57: 0 | P57: 0 | Q57: 0 | R57: 0 | S57: 0 | T57: 0 | U57: 0 | V57: 0 | W57: 0 | X57: =X56 -> 8.18052
A58: atlarch-cpu | B58: 4 | C58: WR00L2L2 | D58: 17536 | E58: 128 | F58: 2 | G58: 8 | H58: 438.46 | I58: 8.2003 | J58: 45472 | K58: 0.04875 | L58: 0 | M58: 0 | N58: 0 | O58: 0 | P58: 0 | Q58: 0 | R58: 0 | S58: 0 | T58: 0 | U58: 0 | V58: 0 | W58: 0 | X58: =X57 -> 8.18052
A59: atlarch | B59: 0 | C59: WR00L2L2 | D59: 17536 | E59: 128 | F59: 2 | G59: 8 | H59: 440.37 | I59: 8.1646 | J59: 45471 | K59: 0.93327546 | L59: 0 | M59: 0 | N59: 0 | O59: 0 | P59: 0 | Q59: 0 | R59: 0 | S59: 0 | T59: 0 | U59: 0 | V59: 0 | W59: 0 | X59: =AVERAGE(I59:I63) -> 8.16402
A60: atlarch | B60: 1 | C60: WR00L2L2 | D60: 17536 | E60: 128 | F60: 2 | G60: 8 | H60: 441.58 | I60: 8.1423 | J60: 45471 | K60: 0.93971065 | L60: 0 | M60: 0 | N60: 0 | O60: 0 | P60: 0 | Q60: 0 | R60: 0 | S60: 0 | T60: 0 | U60: 0 | V60: 0 | W60: 0 | X60: =X59 -> 8.16402
A61: atlarch | B61: 2 | C61: WR00L2L2 | D61: 17536 | E61: 128 | F61: 2 | G61: 8 | H61: 440.71 | I61: 8.1583 | J61: 45471 | K61: 0.94612269 | L61: 0 | M61: 0 | N61: 0 | O61: 0 | P61: 0 | Q61: 0 | R61: 0 | S61: 0 | T61: 0 | U61: 0 | V61: 0 | W61: 0 | X61: =X60 -> 8.16402
A62: atlarch | B62: 3 | C62: WR00L2L2 | D62: 17536 | E62: 128 | F62: 2 | G62: 8 | H62: 438.81 | I62: 8.1937 | J62: 45471 | K62: 0.95251157 | L62: 0 | M62: 0 | N62: 0 | O62: 0 | P62: 0 | Q62: 0 | R62: 0 | S62: 0 | T62: 0 | U62: 0 | V62: 0 | W62: 0 | X62: =X61 -> 8.16402
A63: atlarch | B63: 4 | C63: WR00L2L2 | D63: 17536 | E63: 128 | F63: 2 | G63: 8 | H63: 440.56 | I63: 8.1612 | J63: 45471 | K63: 0.95892361 | L63: 0 | M63: 0 | N63: 0 | O63: 0 | P63: 0 | Q63: 0 | R63: 0 | S63: 0 | T63: 0 | U63: 0 | V63: 0 | W63: 0 | X63: =X62 -> 8.16402
A66: atlarch-cpu-flags-2 | B66: 0 | C66: WR00L2L2 | D66: 17536 | E66: 128 | F66: 2 | G66: 8 | H66: 317.87 | I66: 11.311 | J66: 45501 | K66: 0.72996528 | L66: 0 | M66: 0 | N66: 0 | O66: 0 | P66: 0 | Q66: 0 | R66: 0 | S66: 0 | T66: 0 | U66: 0 | V66: 0 | W66: 0 | X66: =AVERAGE(I66:I70) -> 11.0582
A67: atlarch-cpu-flags-2 | B67: 1 | C67: WR00L2L2 | D67: 17536 | E67: 128 | F67: 2 | G67: 8 | H67: 327.62 | I67: 10.975 | J67: 45501 | K67: 0.73391204 | L67: 0 | M67: 0 | N67: 0 | O67: 0 | P67: 0 | Q67: 0 | R67: 0 | S67: 0 | T67: 0 | U67: 0 | V67: 0 | W67: 0 | X67: =X66 -> 11.0582
A68: atlarch-cpu-flags-2 | B68: 2 | C68: WR00L2L2 | D68: 17536 | E68: 128 | F68: 2 | G68: 8 | H68: 327.04 | I68: 10.994 | J68: 45501 | K68: 0.73784722 | L68: 0 | M68: 0 | N68: 0 | O68: 0 | P68: 0 | Q68: 0 | R68: 0 | S68: 0 | T68: 0 | U68: 0 | V68: 0 | W68: 0 | X68: =X67 -> 11.0582
A69: atlarch-cpu-flags-2 | B69: 3 | C69: WR00L2L2 | D69: 17536 | E69: 128 | F69: 2 | G69: 8 | H69: 321.05 | I69: 11.199 | J69: 45501 | K69: 0.74171296 | L69: 0 | M69: 0 | N69: 0 | O69: 0 | P69: 0 | Q69: 0 | R69: 0 | S69: 0 | T69: 0 | U69: 0 | V69: 0 | W69: 0 | X69: =X68 -> 11.0582
A70: atlarch-cpu-flags-2 | B70: 4 | C70: WR00L2L2 | D70: 17536 | E70: 128 | F70: 2 | G70: 8 | H70: 332.56 | I70: 10.812 | J70: 45501 | K70: 0.74570602 | L70: 0 | M70: 0 | N70: 0 | O70: 0 | P70: 0 | Q70: 0 | R70: 0 | S70: 0 | T70: 0 | U70: 0 | V70: 0 | W70: 0 | X70: =X69 -> 11.0582
A71: generic-flags | B71: 0 | C71: WR00L2L2 | D71: 17536 | E71: 128 | F71: 2 | G71: 8 | H71: 330.19 | I71: 10.889 | J71: 45498 | K71: 0.77836806 | L71: 0 | M71: 0 | N71: 0 | O71: 0 | P71: 0 | Q71: 0 | R71: 0 | S71: 0 | T71: 0 | U71: 0 | V71: 0 | W71: 0 | X71: =AVERAGE(I71:I75) -> 11.0232
A72: generic-flags | B72: 1 | C72: WR00L2L2 | D72: 17536 | E72: 128 | F72: 2 | G72: 8 | H72: 320.45 | I72: 11.22 | J72: 45498 | K72: 0.78224537 | L72: 0 | M72: 0 | N72: 0 | O72: 0 | P72: 0 | Q72: 0 | R72: 0 | S72: 0 | T72: 0 | U72: 0 | V72: 0 | W72: 0 | X72: =X71 -> 11.0232
A73: generic-flags | B73: 2 | C73: WR00L2L2 | D73: 17536 | E73: 128 | F73: 2 | G73: 8 | H73: 323.9 | I73: 11.101 | J73: 45498 | K73: 0.78615741 | L73: 0 | M73: 0 | N73: 0 | O73: 0 | P73: 0 | Q73: 0 | R73: 0 | S73: 0 | T73: 0 | U73: 0 | V73: 0 | W73: 0 | X73: =X72 -> 11.0232
A74: generic-flags | B74: 3 | C74: WR00L2L2 | D74: 17536 | E74: 128 | F74: 2 | G74: 8 | H74: 323.8 | I74: 11.104 | J74: 45498 | K74: 0.79008102 | L74: 0 | M74: 0 | N74: 0 | O74: 0 | P74: 0 | Q74: 0 | R74: 0 | S74: 0 | T74: 0 | U74: 0 | V74: 0 | W74: 0 | X74: =X73 -> 11.0232
A75: generic-flags | B75: 4 | C75: WR00L2L2 | D75: 17536 | E75: 128 | F75: 2 | G75: 8 | H75: 332.85 | I75: 10.802 | J75: 45498 | K75: 0.79409722 | L75: 0 | M75: 0 | N75: 0 | O75: 0 | P75: 0 | Q75: 0 | R75: 0 | S75: 0 | T75: 0 | U75: 0 | V75: 0 | W75: 0 | X75: =X74 -> 11.0232
A76: atlarch-gene-cpu-flags-2 | B76: 0 | C76: WR00L2L2 | D76: 17536 | E76: 128 | F76: 2 | G76: 8 | H76: 328.09 | I76: 10.959 | J76: 45501 | K76: 0.71027778 | L76: 0 | M76: 0 | N76: 0 | O76: 0 | P76: 0 | Q76: 0 | R76: 0 | S76: 0 | T76: 0 | U76: 0 | V76: 0 | W76: 0 | X76: =AVERAGE(I76:I80) -> 10.9478
A77: atlarch-gene-cpu-flags-2 | B77: 1 | C77: WR00L2L2 | D77: 17536 | E77: 128 | F77: 2 | G77: 8 | H77: 324.66 | I77: 11.074 | J77: 45501 | K77: 0.71418981 | L77: 0 | M77: 0 | N77: 0 | O77: 0 | P77: 0 | Q77: 0 | R77: 0 | S77: 0 | T77: 0 | U77: 0 | V77: 0 | W77: 0 | X77: =X76 -> 10.9478
A78: atlarch-gene-cpu-flags-2 | B78: 2 | C78: WR00L2L2 | D78: 17536 | E78: 128 | F78: 2 | G78: 8 | H78: 337.54 | I78: 10.652 | J78: 45501 | K78: 0.71826389 | L78: 0 | M78: 0 | N78: 0 | O78: 0 | P78: 0 | Q78: 0 | R78: 0 | S78: 0 | T78: 0 | U78: 0 | V78: 0 | W78: 0 | X78: =X77 -> 10.9478
A79: atlarch-gene-cpu-flags-2 | B79: 3 | C79: WR00L2L2 | D79: 17536 | E79: 128 | F79: 2 | G79: 8 | H79: 323.92 | I79: 11.1 | J79: 45501 | K79: 0.72217593 | L79: 0 | M79: 0 | N79: 0 | O79: 0 | P79: 0 | Q79: 0 | R79: 0 | S79: 0 | T79: 0 | U79: 0 | V79: 0 | W79: 0 | X79: =X78 -> 10.9478
A80: atlarch-gene-cpu-flags-2 | B80: 4 | C80: WR00L2L2 | D80: 17536 | E80: 128 | F80: 2 | G80: 8 | H80: 328.22 | I80: 10.954 | J80: 45501 | K80: 0.72613426 | L80: 0 | M80: 0 | N80: 0 | O80: 0 | P80: 0 | Q80: 0 | R80: 0 | S80: 0 | T80: 0 | U80: 0 | V80: 0 | W80: 0 | X80: =X79 -> 10.9478
A81: atlarch-cpu-flags | B81: 0 | C81: WR00L2L2 | D81: 17536 | E81: 128 | F81: 2 | G81: 8 | H81: 331.71 | I81: 10.839 | J81: 45498 | K81: 0.55369213 | L81: 0 | M81: 0 | N81: 0 | O81: 0 | P81: 0 | Q81: 0 | R81: 0 | S81: 0 | T81: 0 | U81: 0 | V81: 0 | W81: 0 | X81: =AVERAGE(I81:I85) -> 10.931
A82: atlarch-cpu-flags | B82: 1 | C82: WR00L2L2 | D82: 17536 | E82: 128 | F82: 2 | G82: 8 | H82: 332.01 | I82: 10.829 | J82: 45498 | K82: 0.55768519 | L82: 0 | M82: 0 | N82: 0 | O82: 0 | P82: 0 | Q82: 0 | R82: 0 | S82: 0 | T82: 0 | U82: 0 | V82: 0 | W82: 0 | X82: =X81 -> 10.931
A83: atlarch-cpu-flags | B83: 2 | C83: WR00L2L2 | D83: 17536 | E83: 128 | F83: 2 | G83: 8 | H83: 332.24 | I83: 10.822 | J83: 45498 | K83: 0.56167824 | L83: 0 | M83: 0 | N83: 0 | O83: 0 | P83: 0 | Q83: 0 | R83: 0 | S83: 0 | T83: 0 | U83: 0 | V83: 0 | W83: 0 | X83: =X82 -> 10.931
A84: atlarch-cpu-flags | B84: 3 | C84: WR00L2L2 | D84: 17536 | E84: 128 | F84: 2 | G84: 8 | H84: 328.8 | I84: 10.935 | J84: 45498 | K84: 0.565625 | L84: 0 | M84: 0 | N84: 0 | O84: 0 | P84: 0 | Q84: 0 | R84: 0 | S84: 0 | T84: 0 | U84: 0 | V84: 0 | W84: 0 | X84: =X83 -> 10.931
A85: atlarch-cpu-flags | B85: 4 | C85: WR00L2L2 | D85: 17536 | E85: 128 | F85: 2 | G85: 8 | H85: 320.16 | I85: 11.23 | J85: 45498 | K85: 0.56949074 | L85: 0 | M85: 0 | N85: 0 | O85: 0 | P85: 0 | Q85: 0 | R85: 0 | S85: 0 | T85: 0 | U85: 0 | V85: 0 | W85: 0 | X85: =X84 -> 10.931
A86: atlarch-gene-cpu-crypto-flags-2 | B86: 0 | C86: WR00L2L2 | D86: 17536 | E86: 128 | F86: 2 | G86: 8 | H86: 324.58 | I86: 11.077 | J86: 45501 | K86: 0.69052083 | L86: 0 | M86: 0 | N86: 0 | O86: 0 | P86: 0 | Q86: 0 | R86: 0 | S86: 0 | T86: 0 | U86: 0 | V86: 0 | W86: 0 | X86: =AVERAGE(I86:I90) -> 10.8972
A87: atlarch-gene-cpu-crypto-flags-2 | B87: 1 | C87: WR00L2L2 | D87: 17536 | E87: 128 | F87: 2 | G87: 8 | H87: 327.12 | I87: 10.991 | J87: 45501 | K87: 0.6944213 | L87: 0 | M87: 0 | N87: 0 | O87: 0 | P87: 0 | Q87: 0 | R87: 0 | S87: 0 | T87: 0 | U87: 0 | V87: 0 | W87: 0 | X87: =X86 -> 10.8972
A88: atlarch-gene-cpu-crypto-flags-2 | B88: 2 | C88: WR00L2L2 | D88: 17536 | E88: 128 | F88: 2 | G88: 8 | H88: 338.85 | I88: 10.611 | J88: 45501 | K88: 0.69846065 | L88: 0 | M88: 0 | N88: 0 | O88: 0 | P88: 0 | Q88: 0 | R88: 0 | S88: 0 | T88: 0 | U88: 0 | V88: 0 | W88: 0 | X88: =X87 -> 10.8972
A89: atlarch-gene-cpu-crypto-flags-2 | B89: 3 | C89: WR00L2L2 | D89: 17536 | E89: 128 | F89: 2 | G89: 8 | H89: 335.06 | I89: 10.731 | J89: 45501 | K89: 0.7024537 | L89: 0 | M89: 0 | N89: 0 | O89: 0 | P89: 0 | Q89: 0 | R89: 0 | S89: 0 | T89: 0 | U89: 0 | V89: 0 | W89: 0 | X89: =X88 -> 10.8972
A90: atlarch-gene-cpu-crypto-flags-2 | B90: 4 | C90: WR00L2L2 | D90: 17536 | E90: 128 | F90: 2 | G90: 8 | H90: 324.61 | I90: 11.076 | J90: 45501 | K90: 0.70631944 | L90: 0 | M90: 0 | N90: 0 | O90: 0 | P90: 0 | Q90: 0 | R90: 0 | S90: 0 | T90: 0 | U90: 0 | V90: 0 | W90: 0 | X90: =X89 -> 10.8972
A91: noarch-flags | B91: 0 | C91: WR00L2L2 | D91: 17536 | E91: 128 | F91: 2 | G91: 8 | H91: 323.13 | I91: 11.127 | J91: 45498 | K91: 0.75831019 | L91: 0 | M91: 0 | N91: 0 | O91: 0 | P91: 0 | Q91: 0 | R91: 0 | S91: 0 | T91: 0 | U91: 0 | V91: 0 | W91: 0 | X91: =AVERAGE(I91:I95) -> 10.8584
A92: noarch-flags | B92: 1 | C92: WR00L2L2 | D92: 17536 | E92: 128 | F92: 2 | G92: 8 | H92: 331.01 | I92: 10.862 | J92: 45498 | K92: 0.76230324 | L92: 0 | M92: 0 | N92: 0 | O92: 0 | P92: 0 | Q92: 0 | R92: 0 | S92: 0 | T92: 0 | U92: 0 | V92: 0 | W92: 0 | X92: =X91 -> 10.8584
A93: noarch-flags | B93: 2 | C93: WR00L2L2 | D93: 17536 | E93: 128 | F93: 2 | G93: 8 | H93: 328.69 | I93: 10.939 | J93: 45498 | K93: 0.76626157 | L93: 0 | M93: 0 | N93: 0 | O93: 0 | P93: 0 | Q93: 0 | R93: 0 | S93: 0 | T93: 0 | U93: 0 | V93: 0 | W93: 0 | X93: =X92 -> 10.8584
A94: noarch-flags | B94: 3 | C94: WR00L2L2 | D94: 17536 | E94: 128 | F94: 2 | G94: 8 | H94: 342.46 | I94: 10.499 | J94: 45498 | K94: 0.77039352 | L94: 0 | M94: 0 | N94: 0 | O94: 0 | P94: 0 | Q94: 0 | R94: 0 | S94: 0 | T94: 0 | U94: 0 | V94: 0 | W94: 0 | X94: =X93 -> 10.8584
A95: noarch-flags | B95: 4 | C95: WR00L2L2 | D95: 17536 | E95: 128 | F95: 2 | G95: 8 | H95: 330.92 | I95: 10.865 | J95: 45498 | K95: 0.77438657 | L95: 0 | M95: 0 | N95: 0 | O95: 0 | P95: 0 | Q95: 0 | R95: 0 | S95: 0 | T95: 0 | U95: 0 | V95: 0 | W95: 0 | X95: =X94 -> 10.8584
A96: atlarch-gene-cpu-flags | B96: 0 | C96: WR00L2L2 | D96: 17536 | E96: 128 | F96: 2 | G96: 8 | H96: 338.61 | I96: 10.618 | J96: 45498 | K96: 0.53386574 | L96: 0 | M96: 0 | N96: 0 | O96: 0 | P96: 0 | Q96: 0 | R96: 0 | S96: 0 | T96: 0 | U96: 0 | V96: 0 | W96: 0 | X96: =AVERAGE(I96:I100) -> 10.8554
A97: atlarch-gene-cpu-flags | B97: 1 | C97: WR00L2L2 | D97: 17536 | E97: 128 | F97: 2 | G97: 8 | H97: 325.2 | I97: 11.056 | J97: 45498 | K97: 0.5377662 | L97: 0 | M97: 0 | N97: 0 | O97: 0 | P97: 0 | Q97: 0 | R97: 0 | S97: 0 | T97: 0 | U97: 0 | V97: 0 | W97: 0 | X97: =X96 -> 10.8554
A98: atlarch-gene-cpu-flags | B98: 2 | C98: WR00L2L2 | D98: 17536 | E98: 128 | F98: 2 | G98: 8 | H98: 331.75 | I98: 10.838 | J98: 45498 | K98: 0.54175926 | L98: 0 | M98: 0 | N98: 0 | O98: 0 | P98: 0 | Q98: 0 | R98: 0 | S98: 0 | T98: 0 | U98: 0 | V98: 0 | W98: 0 | X98: =X97 -> 10.8554
A99: atlarch-gene-cpu-flags | B99: 3 | C99: WR00L2L2 | D99: 17536 | E99: 128 | F99: 2 | G99: 8 | H99: 332.81 | I99: 10.803 | J99: 45498 | K99: 0.54575231 | L99: 0 | M99: 0 | N99: 0 | O99: 0 | P99: 0 | Q99: 0 | R99: 0 | S99: 0 | T99: 0 | U99: 0 | V99: 0 | W99: 0 | X99: =X98 -> 10.8554
A100: atlarch-gene-cpu-flags | B100: 4 | C100: WR00L2L2 | D100: 17536 | E100: 128 | F100: 2 | G100: 8 | H100: 328 | I100: 10.962 | J100: 45498 | K100: 0.54969907 | L100: 0 | M100: 0 | N100: 0 | O100: 0 | P100: 0 | Q100: 0 | R100: 0 | S100: 0 | T100: 0 | U100: 0 | V100: 0 | W100: 0 | X100: =X99 -> 10.8554
A101: atlarch-flags | B101: 0 | C101: WR00L2L2 | D101: 17536 | E101: 128 | F101: 2 | G101: 8 | H101: 333.12 | I101: 10.793 | J101: 45498 | K101: 0.47322917 | L101: 0 | M101: 0 | N101: 0 | O101: 0 | P101: 0 | Q101: 0 | R101: 0 | S101: 0 | T101: 0 | U101: 0 | V101: 0 | W101: 0 | X101: =AVERAGE(I101:I105) -> 10.837
A102: atlarch-flags | B102: 1 | C102: WR00L2L2 | D102: 17536 | E102: 128 | F102: 2 | G102: 8 | H102: 333.21 | I102: 10.79 | J102: 45498 | K102: 0.47722222 | L102: 0 | M102: 0 | N102: 0 | O102: 0 | P102: 0 | Q102: 0 | R102: 0 | S102: 0 | T102: 0 | U102: 0 | V102: 0 | W102: 0 | X102: =X101 -> 10.837
...

Sheet 1 node, params, RAW
A1: Max avg. GFLOPS (and params): | F1: =MAX(O:O) -> 4.97406 | G1: =INDEX(D:D,MATCH(MAX($O:$O),$O:$O,0)) -> 9760 | H1: =INDEX(E:E,MATCH(MAX($O:$O),$O:$O,0)) -> 160 | I1: =INDEX(F:F,MATCH(MAX($O:$O),$O:$O,0)) -> 1 | J1: =INDEX(G:G,MATCH(MAX($O:$O),$O:$O,0)) -> 4 | K1: ATLAS - no OMP modifications | O1: Average GFLOP/s | R1: Max avg. GFLOPS (and params): | W1: =MAX(AF:AF) -> 4.98056 | X1: =INDEX(U:U,MATCH(MAX($AF:$AF),$AF:$AF,0)) -> 9760 | Y1: =INDEX(V:V,MATCH(MAX($AF:$AF),$AF:$AF,0)) -> 160 | Z1: =INDEX(W:W,MATCH(MAX($AF:$AF),$AF:$AF,0)) -> 1 | AA1: =INDEX(X:X,MATCH(MAX($AF:$AF),$AF:$AF,0)) -> 4 | AB1: ATLAS, OMP flags, over_voltage=2 | AF1: Average GFLOP/s | AI1: Max avg. GFLOPS (and params): | AN1: =MAX(AW:AW) -> 6.7698 | AO1: =INDEX(AL:AL,MATCH(MAX($AW:$AW),$AW:$AW,0)) -> 9792 | AP1: =INDEX(AM:AM,MATCH(MAX($AW:$AW),$AW:$AW,0)) -> 96 | AQ1: =INDEX(AN:AN,MATCH(MAX($AW:$AW),$AW:$AW,0)) -> 1 | AR1: =INDEX(AO:AO,MATCH(MAX($AW:$AW),$AW:$AW,0)) -> 4 | AS1: OpenBLAS, OMP flags, over_voltage=2 | AW1: Average GFLOP/s | AZ1: Max avg. GFLOPS (and params): | BE1: =MAX(BN:BN) -> 4.09934 | BF1: =INDEX(BC:BC,MATCH(MAX($BN:$BN),$BN:$BN,0)) -> 9792 | BG1: =INDEX(BD:BD,MATCH(MAX($BN:$BN),$BN:$BN,0)) -> 96 | BH1: =INDEX(BE:BE,MATCH(MAX($BN:$BN),$BN:$BN,0)) -> 1 | BI1: =INDEX(BF:BF,MATCH(MAX($BN:$BN),$BN:$BN,0)) -> 4 | BJ1: OpenBLAS, over_voltage=2 | BN1: Average GFLOP/s
A2: MAX GFLOPS: | D2: =MAX(I4:I856) -> 4.9768 | L2: raspi11 throttling time [1/100s] | R2: MAX GFLOPS: | U2: =MAX(Z4:Z856) -> 4.9825 | AC2: raspi11 throttling time [1/100s] | AI2: MAX GFLOPS: | AL2: =MAX(AQ4:AQ856) -> 6.8108 | AT2: raspi11 throttling time [1/100s] | AZ2: MAX GFLOPS: | BC2: =MAX(BH4:BH856) -> 4.2804 | BK2: raspi11 throttling time [1/100s]
A3: Build | B3: RUN | D3: N | E3: NB | F3: P | G3: Q | H3: Time | I3: GFLOPS | J3: Date | K3: Time | L3: 900MHz | M3: 1000MHz | N3: 1100MHz | R3: Build | S3: RUN | U3: N | V3: NB | W3: P | X3: Q | Y3: Time | Z3: GFLOPS | AA3: Date | AB3: Time | AC3: 900MHz | AD3: 1000MHz | AE3: 1100MHz | AI3: Build | AJ3: RUN | AL3: N | AM3: NB | AN3: P | AO3: Q | AP3: Time | AQ3: GFLOPS | AR3: Date | AS3: Time | AT3: 900MHz | AU3: 1000MHz | AV3: 1100MHz | AZ3: Build | BA3: RUN | BC3: N | BD3: NB | BE3: P | BF3: Q | BG3: Time | BH3: GFLOPS | BI3: Date | BJ3: Time | BK3: 900MHz | BL3: 1000MHz | BM3: 1100MHz
A4: noarch-flags | B4: 0 | C4: WR00L2L2 | D4: 8768 | E4: 32 | F4: 1 | G4: 4 | H4: 117.77 | I4: 3.8165 | J4: 45549 | K4: 0.90096065 | L4: 0 | M4: 0 | N4: 0 | O4: =AVERAGE(I4:I8) -> 3.81576 | R4: noarch-flags | S4: 0 | T4: WR00L2L2 | U4: 8768 | V4: 32 | W4: 1 | X4: 4 | Y4: 117.55 | Z4: 3.8238 | AA4: 45559 | AB4: 0.54505787 | AC4: 0 | AD4: 0 | AE4: 0 | AF4: =AVERAGE(Z4:Z8) -> 3.82342 | AI4: linux_OpenBLAS | AJ4: 0 | AK4: WR00L2L2 | AL4: 8768 | AM4: 32 | AN4: 1 | AO4: 4 | AP4: 86.48 | AQ4: 5.1975 | AR4: 45559 | AS4: 0.52902778 | AT4: 0 | AU4: 0 | AV4: 0 | AW4: =AVERAGE(AQ4:AQ8) -> 5.1889 | AZ4: linux_OpenBLAS | BA4: 0 | BB4: WR00L2L2 | BC4: 8768 | BD4: 32 | BE4: 1 | BF4: 4 | BG4: 169.23 | BH4: 2.6561 | BI4: 45559 | BJ4: 0.61780093 | BK4: 0 | BL4: 0 | BM4: 0 | BN4: =AVERAGE(BH4:BH8) -> 2.66604
A5: noarch-flags | B5: 1 | C5: WR00L2L2 | D5: 8768 | E5: 32 | F5: 1 | G5: 4 | H5: 117.91 | I5: 3.8123 | J5: 45549 | K5: 0.9722338 | L5: 0 | M5: 0 | N5: 0 | O5: =O4 -> 3.81576 | R5: noarch-flags | S5: 1 | T5: WR00L2L2 | U5: 8768 | V5: 32 | W5: 1 | X5: 4 | Y5: 117.84 | Z5: 3.8143 | AA5: 45559 | AB5: 0.61630787 | AC5: 0 | AD5: 0 | AE5: 0 | AF5: =AF4 -> 3.82342 | AI5: linux_OpenBLAS | AJ5: 1 | AK5: WR00L2L2 | AL5: 8768 | AM5: 32 | AN5: 1 | AO5: 4 | AP5: 86.4 | AQ5: 5.2027 | AR5: 45559 | AS5: 0.58315972 | AT5: 0 | AU5: 0 | AV5: 0 | AW5: =AW4 -> 5.1889 | AZ5: linux_OpenBLAS | BA5: 1 | BB5: WR00L2L2 | BC5: 8768 | BD5: 32 | BE5: 1 | BF5: 4 | BG5: 168.14 | BH5: 2.6732 | BI5: 45559 | BJ5: 0.71336806 | BK5: 0 | BL5: 0 | BM5: 0 | BN5: =BN4 -> 2.66604
A6: noarch-flags | B6: 2 | C6: WR00L2L2 | D6: 8768 | E6: 32 | F6: 1 | G6: 4 | H6: 117.74 | I6: 3.8176 | J6: 45550 | K6: 0.04337963 | L6: 0 | M6: 0 | N6: 0 | O6: =O5 -> 3.81576 | R6: noarch-flags | S6: 2 | T6: WR00L2L2 | U6: 8768 | V6: 32 | W6: 1 | X6: 4 | Y6: 117.46 | Z6: 3.8269 | AA6: 45559 | AB6: 0.6875463 | AC6: 0 | AD6: 0 | AE6: 0 | AF6: =AF5 -> 3.82342 | AI6: linux_OpenBLAS | AJ6: 2 | AK6: WR00L2L2 | AL6: 8768 | AM6: 32 | AN6: 1 | AO6: 4 | AP6: 87.04 | AQ6: 5.1641 | AR6: 45559 | AS6: 0.63737269 | AT6: 0 | AU6: 0 | AV6: 0 | AW6: =AW5 -> 5.1889 | AZ6: linux_OpenBLAS | BA6: 2 | BB6: WR00L2L2 | BC6: 8768 | BD6: 32 | BE6: 1 | BF6: 4 | BG6: 169.85 | BH6: 2.6463 | BI6: 45559 | BJ6: 0.80858796 | BK6: 0 | BL6: 0 | BM6: 0 | BN6: =BN5 -> 2.66604
A7: noarch-flags | B7: 3 | C7: WR00L2L2 | D7: 8768 | E7: 32 | F7: 1 | G7: 4 | H7: 117.71 | I7: 3.8188 | J7: 45550 | K7: 0.11453704 | L7: 0 | M7: 0 | N7: 0 | O7: =O6 -> 3.81576 | R7: noarch-flags | S7: 3 | T7: WR00L2L2 | U7: 8768 | V7: 32 | W7: 1 | X7: 4 | Y7: 117.47 | Z7: 3.8266 | AA7: 45559 | AB7: 0.75880787 | AC7: 0 | AD7: 0 | AE7: 0 | AF7: =AF6 -> 3.82342 | AI7: linux_OpenBLAS | AJ7: 3 | AK7: WR00L2L2 | AL7: 8768 | AM7: 32 | AN7: 1 | AO7: 4 | AP7: 86.72 | AQ7: 5.1833 | AR7: 45559 | AS7: 0.6915162 | AT7: 0 | AU7: 0 | AV7: 0 | AW7: =AW6 -> 5.1889 | AZ7: linux_OpenBLAS | BA7: 3 | BB7: WR00L2L2 | BC7: 8768 | BD7: 32 | BE7: 1 | BF7: 4 | BG7: 167.98 | BH7: 2.6758 | BI7: 45559 | BJ7: 0.90438657 | BK7: 0 | BL7: 0 | BM7: 0 | BN7: =BN6 -> 2.66604
A8: noarch-flags | B8: 4 | C8: WR00L2L2 | D8: 8768 | E8: 32 | F8: 1 | G8: 4 | H8: 117.87 | I8: 3.8136 | J8: 45550 | K8: 0.18574074 | L8: 0 | M8: 0 | N8: 0 | O8: =O7 -> 3.81576 | R8: noarch-flags | S8: 4 | T8: WR00L2L2 | U8: 8768 | V8: 32 | W8: 1 | X8: 4 | Y8: 117.5 | Z8: 3.8255 | AA8: 45559 | AB8: 0.83010417 | AC8: 0 | AD8: 0 | AE8: 0 | AF8: =AF7 -> 3.82342 | AI8: linux_OpenBLAS | AJ8: 4 | AK8: WR00L2L2 | AL8: 8768 | AM8: 32 | AN8: 1 | AO8: 4 | AP8: 86.49 | AQ8: 5.1969 | AR8: 45559 | AS8: 0.74582176 | AT8: 0 | AU8: 0 | AV8: 0 | AW8: =AW7 -> 5.1889 | AZ8: linux_OpenBLAS | BA8: 4 | BB8: WR00L2L2 | BC8: 8768 | BD8: 32 | BE8: 1 | BF8: 4 | BG8: 167.79 | BH8: 2.6788 | BI8: 45559 | BJ8: 0.99966435 | BK8: 0 | BL8: 0 | BM8: 0 | BN8: =BN7 -> 2.66604
A9: noarch-flags | B9: 0 | C9: WR00L2L2 | D9: 9280 | E9: 32 | F9: 1 | G9: 4 | H9: 138.27 | I9: 3.854 | J9: 45549 | K9: 0.9212037 | L9: 0 | M9: 0 | N9: 0 | O9: =AVERAGE(I9:I13) -> 3.85244 | R9: noarch-flags | S9: 0 | T9: WR00L2L2 | U9: 9280 | V9: 32 | W9: 1 | X9: 4 | Y9: 138.01 | Z9: 3.8613 | AA9: 45559 | AB9: 0.56537037 | AC9: 0 | AD9: 0 | AE9: 0 | AF9: =AF8 -> 3.82342 | AI9: linux_OpenBLAS | AJ9: 0 | AK9: WR00L2L2 | AL9: 9280 | AM9: 32 | AN9: 1 | AO9: 4 | AP9: 99.78 | AQ9: 5.341 | AR9: 45559 | AS9: 0.54453704 | AT9: 0 | AU9: 0 | AV9: 0 | AW9: =AVERAGE(AQ9:AQ13) -> 5.33072 | AZ9: linux_OpenBLAS | BA9: 0 | BB9: WR00L2L2 | BC9: 9280 | BD9: 32 | BE9: 1 | BF9: 4 | BG9: 188.84 | BH9: 2.8221 | BI9: 45559 | BJ9: 0.64615741 | BK9: 0 | BL9: 0 | BM9: 0 | BN9: =AVERAGE(BH9:BH13) -> 2.82636
A10: noarch-flags | B10: 1 | C10: WR00L2L2 | D10: 9280 | E10: 32 | F10: 1 | G10: 4 | H10: 138.41 | I10: 3.8504 | J10: 45549 | K10: 0.99247685 | L10: 0 | M10: 0 | N10: 0 | O10: =O9 -> 3.85244 | R10: noarch-flags | S10: 1 | T10: WR00L2L2 | U10: 9280 | V10: 32 | W10: 1 | X10: 4 | Y10: 137.95 | Z10: 3.8632 | AA10: 45559 | AB10: 0.6366088 | AC10: 0 | AD10: 0 | AE10: 0 | AF10: =AF9 -> 3.82342 | AI10: linux_OpenBLAS | AJ10: 1 | AK10: WR00L2L2 | AL10: 9280 | AM10: 32 | AN10: 1 | AO10: 4 | AP10: 99.92 | AQ10: 5.3333 | AR10: 45559 | AS10: 0.59869213 | AT10: 0 | AU10: 0 | AV10: 0 | AW10: =AW9 -> 5.33072 | AZ10: linux_OpenBLAS | BA10: 1 | BB10: WR00L2L2 | BC10: 9280 | BD10: 32 | BE10: 1 | BF10: 4 | BG10: 190.17 | BH10: 2.8023 | BI10: 45559 | BJ10: 0.74171296 | BK10: 0 | BL10: 0 | BM10: 0 | BN10: =BN9 -> 2.82636
A11: noarch-flags | B11: 2 | C11: WR00L2L2 | D11: 9280 | E11: 32 | F11: 1 | G11: 4 | H11: 138.41 | I11: 3.8503 | J11: 45550 | K11: 0.063622685 | L11: 0 | M11: 0 | N11: 0 | O11: =O10 -> 3.85244 | R11: noarch-flags | S11: 2 | T11: WR00L2L2 | U11: 9280 | V11: 32 | W11: 1 | X11: 4 | Y11: 137.95 | Z11: 3.8632 | AA11: 45559 | AB11: 0.70784722 | AC11: 0 | AD11: 0 | AE11: 0 | AF11: =AF10 -> 3.82342 | AI11: linux_OpenBLAS | AJ11: 2 | AK11: WR00L2L2 | AL11: 9280 | AM11: 32 | AN11: 1 | AO11: 4 | AP11: 99.92 | AQ11: 5.3334 | AR11: 45559 | AS11: 0.65292824 | AT11: 0 | AU11: 0 | AV11: 0 | AW11: =AW10 -> 5.33072 | AZ11: linux_OpenBLAS | BA11: 2 | BB11: WR00L2L2 | BC11: 9280 | BD11: 32 | BE11: 1 | BF11: 4 | BG11: 188.3 | BH11: 2.8302 | BI11: 45559 | BJ11: 0.83704861 | BK11: 0 | BL11: 0 | BM11: 0 | BN11: =BN10 -> 2.82636
A12: noarch-flags | B12: 3 | C12: WR00L2L2 | D12: 9280 | E12: 32 | F12: 1 | G12: 4 | H12: 138.3 | I12: 3.8532 | J12: 45550 | K12: 0.13478009 | L12: 0 | M12: 0 | N12: 0 | O12: =O11 -> 3.85244 | R12: noarch-flags | S12: 3 | T12: WR00L2L2 | U12: 9280 | V12: 32 | W12: 1 | X12: 4 | Y12: 137.91 | Z12: 3.8642 | AA12: 45559 | AB12: 0.77913194 | AC12: 0 | AD12: 0 | AE12: 0 | AF12: =AVERAGE(Z12:Z16) -> 3.86364 | AI12: linux_OpenBLAS | AJ12: 3 | AK12: WR00L2L2 | AL12: 9280 | AM12: 32 | AN12: 1 | AO12: 4 | AP12: 100.12 | AQ12: 5.3228 | AR12: 45559 | AS12: 0.70707176 | AT12: 0 | AU12: 0 | AV12: 0 | AW12: =AW11 -> 5.33072 | AZ12: linux_OpenBLAS | BA12: 3 | BB12: WR00L2L2 | BC12: 9280 | BD12: 32 | BE12: 1 | BF12: 4 | BG12: 187.42 | BH12: 2.8435 | BI12: 45559 | BJ12: 0.9325463 | BK12: 0 | BL12: 0 | BM12: 0 | BN12: =BN11 -> 2.82636
A13: noarch-flags | B13: 4 | C13: WR00L2L2 | D13: 9280 | E13: 32 | F13: 1 | G13: 4 | H13: 138.27 | I13: 3.8543 | J13: 45550 | K13: 0.20597222 | L13: 0 | M13: 0 | N13: 0 | O13: =O12 -> 3.85244 | R13: noarch-flags | S13: 4 | T13: WR00L2L2 | U13: 9280 | V13: 32 | W13: 1 | X13: 4 | Y13: 137.99 | Z13: 3.862 | AA13: 45559 | AB13: 0.85028935 | AC13: 0 | AD13: 0 | AE13: 0 | AF13: =AF12 -> 3.86364 | AI13: linux_OpenBLAS | AJ13: 4 | AK13: WR00L2L2 | AL13: 9280 | AM13: 32 | AN13: 1 | AO13: 4 | AP13: 100.11 | AQ13: 5.3231 | AR13: 45559 | AS13: 0.76137731 | AT13: 0 | AU13: 0 | AV13: 0 | AW13: =AW12 -> 5.33072 | AZ13: linux_OpenBLAS | BA13: 4 | BB13: WR00L2L2 | BC13: 9280 | BD13: 32 | BE13: 1 | BF13: 4 | BG13: 188.06 | BH13: 2.8337 | BI13: 45560 | BJ13: 0.028402778 | BK13: 0 | BL13: 0 | BM13: 0 | BN13: =BN12 -> 2.82636
A14: noarch-flags | B14: 0 | C14: WR00L2L2 | D14: 9792 | E14: 32 | F14: 1 | G14: 4 | H14: 164.07 | I14: 3.8159 | J14: 45549 | K14: 0.94532407 | L14: 0 | M14: 0 | N14: 0 | O14: =AVERAGE(I14:I18) -> 3.83928 | R14: noarch-flags | S14: 0 | T14: WR00L2L2 | U14: 9792 | V14: 32 | W14: 1 | X14: 4 | Y14: 161.98 | Z14: 3.8652 | AA14: 45559 | AB14: 0.58952546 | AC14: 0 | AD14: 0 | AE14: 0 | AF14: =AF13 -> 3.86364 | AI14: linux_OpenBLAS | AJ14: 0 | AK14: WR00L2L2 | AL14: 9792 | AM14: 32 | AN14: 1 | AO14: 4 | AP14: 117.79 | AQ14: 5.3152 | AR14: 45559 | AS14: 0.56269676 | AT14: 0 | AU14: 0 | AV14: 0 | AW14: =AVERAGE(AQ14:AQ18) -> 5.30858 | AZ14: linux_OpenBLAS | BA14: 0 | BB14: WR00L2L2 | BC14: 9792 | BD14: 32 | BE14: 1 | BF14: 4 | BG14: 211.32 | BH14: 2.9626 | BI14: 45559 | BJ14: 0.67806713 | BK14: 0 | BL14: 0 | BM14: 0 | BN14: =AVERAGE(BH14:BH18) -> 2.94702
A15: noarch-flags | B15: 1 | C15: WR00L2L2 | D15: 9792 | E15: 32 | F15: 1 | G15: 4 | H15: 162.91 | I15: 3.843 | J15: 45550 | K15: 0.016597222 | L15: 0 | M15: 0 | N15: 0 | O15: =O14 -> 3.83928 | R15: noarch-flags | S15: 1 | T15: WR00L2L2 | U15: 9792 | V15: 32 | W15: 1 | X15: 4 | Y15: 162.03 | Z15: 3.864 | AA15: 45559 | AB15: 0.66076389 | AC15: 0 | AD15: 0 | AE15: 0 | AF15: =AVERAGE(Z15:Z19) -> 3.85346 | AI15: linux_OpenBLAS | AJ15: 1 | AK15: WR00L2L2 | AL15: 9792 | AM15: 32 | AN15: 1 | AO15: 4 | AP15: 118.15 | AQ15: 5.2988 | AR15: 45559 | AS15: 0.61685185 | AT15: 0 | AU15: 0 | AV15: 0 | AW15: =AW14 -> 5.30858 | AZ15: linux_OpenBLAS | BA15: 1 | BB15: WR00L2L2 | BC15: 9792 | BD15: 32 | BE15: 1 | BF15: 4 | BG15: 212.79 | BH15: 2.9421 | BI15: 45559 | BJ15: 0.7737037 | BK15: 0 | BL15: 0 | BM15: 0 | BN15: =BN14 -> 2.94702
A16: noarch-flags | B16: 2 | C16: WR00L2L2 | D16: 9792 | E16: 32 | F16: 1 | G16: 4 | H16: 162.67 | I16: 3.8487 | J16: 45550 | K16: 0.087719907 | L16: 0 | M16: 0 | N16: 0 | O16: =O15 -> 3.83928 | R16: noarch-flags | S16: 2 | T16: WR00L2L2 | U16: 9792 | V16: 32 | W16: 1 | X16: 4 | Y16: 162.08 | Z16: 3.8628 | AA16: 45559 | AB16: 0.73201389 | AC16: 0 | AD16: 0 | AE16: 0 | AF16: =AF15 -> 3.85346 | AI16: linux_OpenBLAS | AJ16: 2 | AK16: WR00L2L2 | AL16: 9792 | AM16: 32 | AN16: 1 | AO16: 4 | AP16: 117.92 | AQ16: 5.3092 | AR16: 45559 | AS16: 0.67108796 | AT16: 0 | AU16: 0 | AV16: 0 | AW16: =AW15 -> 5.30858 | AZ16: linux_OpenBLAS | BA16: 2 | BB16: WR00L2L2 | BC16: 9792 | BD16: 32 | BE16: 1 | BF16: 4 | BG16: 213.39 | BH16: 2.9339 | BI16: 45559 | BJ16: 0.8690162 | BK16: 0 | BL16: 0 | BM16: 0 | BN16: =BN15 -> 2.94702
A17: noarch-flags | B17: 3 | C17: WR00L2L2 | D17: 9792 | E17: 32 | F17: 1 | G17: 4 | H17: 162.81 | I17: 3.8454 | J17: 45550 | K17: 0.15888889 | L17: 0 | M17: 0 | N17: 0 | O17: =O16 -> 3.83928 | R17: noarch-flags | S17: 3 | T17: WR00L2L2 | U17: 9792 | V17: 32 | W17: 1 | X17: 4 | Y17: 161.93 | Z17: 3.8662 | AA17: 45559 | AB17: 0.8033912 | AC17: 0 | AD17: 0 | AE17: 0 | AF17: =AF16 -> 3.85346 | AI17: linux_OpenBLAS | AJ17: 3 | AK17: WR00L2L2 | AL17: 9792 | AM17: 32 | AN17: 1 | AO17: 4 | AP17: 117.76 | AQ17: 5.3165 | AR17: 45559 | AS17: 0.72524306 | AT17: 0 | AU17: 0 | AV17: 0 | AW17: =AW16 -> 5.30858 | AZ17: linux_OpenBLAS | BA17: 3 | BB17: WR00L2L2 | BC17: 9792 | BD17: 32 | BE17: 1 | BF17: 4 | BG17: 214.17 | BH17: 2.9232 | BI17: 45559 | BJ17: 0.96434028 | BK17: 0 | BL17: 0 | BM17: 0 | BN17: =BN16 -> 2.94702
A18: noarch-flags | B18: 4 | C18: WR00L2L2 | D18: 9792 | E18: 32 | F18: 1 | G18: 4 | H18: 162.9 | I18: 3.8434 | J18: 45550 | K18: 0.23008102 | L18: 0 | M18: 0 | N18: 0 | O18: =O17 -> 3.83928 | R18: noarch-flags | S18: 4 | T18: WR00L2L2 | U18: 9792 | V18: 32 | W18: 1 | X18: 4 | Y18: 162.06 | Z18: 3.8631 | AA18: 45559 | AB18: 0.8743287 | AC18: 0 | AD18: 0 | AE18: 0 | AF18: =AF17 -> 3.85346 | AI18: linux_OpenBLAS | AJ18: 4 | AK18: WR00L2L2 | AL18: 9792 | AM18: 32 | AN18: 1 | AO18: 4 | AP18: 118.06 | AQ18: 5.3032 | AR18: 45559 | AS18: 0.77956019 | AT18: 0 | AU18: 0 | AV18: 0 | AW18: =AW17 -> 5.30858 | AZ18: linux_OpenBLAS | BA18: 4 | BB18: WR00L2L2 | BC18: 9792 | BD18: 32 | BE18: 1 | BF18: 4 | BG18: 210.56 | BH18: 2.9733 | BI18: 45560 | BJ18: 0.060277778 | BK18: 0 | BL18: 0 | BM18: 0 | BN18: =BN17 -> 2.94702
A19: noarch-flags | B19: 0 | C19: WR00L2L2 | D19: 8768 | E19: 32 | F19: 2 | G19: 2 | H19: 118.42 | I19: 3.7957 | J19: 45549 | K19: 0.9024537 | L19: 0 | M19: 0 | N19: 0 | O19: =AVERAGE(I19:I23) -> 3.80106 | R19: noarch-flags | S19: 0 | T19: WR00L2L2 | U19: 8768 | V19: 32 | W19: 2 | X19: 2 | Y19: 117.94 | Z19: 3.8112 | AA19: 45559 | AB19: 0.5465625 | AC19: 0 | AD19: 0 | AE19: 0 | AF19: =AF18 -> 3.85346 | AI19: linux_OpenBLAS | AJ19: 0 | AK19: WR00L2L2 | AL19: 8768 | AM19: 32 | AN19: 2 | AO19: 2 | AP19: 84.52 | AQ19: 5.3183 | AR19: 45559 | AS19: 0.53013889 | AT19: 0 | AU19: 0 | AV19: 0 | AW19: =AVERAGE(AQ19:AQ23) -> 5.30362 | AZ19: linux_OpenBLAS | BA19: 0 | BB19: WR00L2L2 | BC19: 8768 | BD19: 32 | BE19: 2 | BF19: 2 | BG19: 179.54 | BH19: 2.5035 | BI19: 45559 | BJ19: 0.62002315 | BK19: 0 | BL19: 0 | BM19: 0 | BN19: =AVERAGE(BH19:BH23) -> 2.47556
A20: noarch-flags | B20: 1 | C20: WR00L2L2 | D20: 8768 | E20: 32 | F20: 2 | G20: 2 | H20: 118.29 | I20: 3.8 | J20: 45549 | K20: 0.97372685 | L20: 0 | M20: 0 | N20: 0 | O20: =O19 -> 3.80106 | R20: noarch-flags | S20: 1 | T20: WR00L2L2 | U20: 8768 | V20: 32 | W20: 2 | X20: 2 | Y20: 117.81 | Z20: 3.8154 | AA20: 45559 | AB20: 0.61780093 | AC20: 0 | AD20: 0 | AE20: 0 | AF20: =AF19 -> 3.85346 | AI20: linux_OpenBLAS | AJ20: 1 | AK20: WR00L2L2 | AL20: 8768 | AM20: 32 | AN20: 2 | AO20: 2 | AP20: 84.47 | AQ20: 5.3213 | AR20: 45559 | AS20: 0.58425926 | AT20: 0 | AU20: 0 | AV20: 0 | AW20: =AW19 -> 5.30362 | AZ20: linux_OpenBLAS | BA20: 1 | BB20: WR00L2L2 | BC20: 8768 | BD20: 32 | BE20: 2 | BF20: 2 | BG20: 182.61 | BH20: 2.4615 | BI20: 45559 | BJ20: 0.715625 | BK20: 0 | BL20: 0 | BM20: 0 | BN20: =BN19 -> 2.47556
A21: noarch-flags | B21: 2 | C21: WR00L2L2 | D21: 8768 | E21: 32 | F21: 2 | G21: 2 | H21: 118.34 | I21: 3.7982 | J21: 45550 | K21: 0.044872685 | L21: 0 | M21: 0 | N21: 0 | O21: =O20 -> 3.80106 | R21: noarch-flags | S21: 2 | T21: WR00L2L2 | U21: 8768 | V21: 32 | W21: 2 | X21: 2 | Y21: 117.72 | Z21: 3.8184 | AA21: 45559 | AB21: 0.68903935 | AC21: 0 | AD21: 0 | AE21: 0 | AF21: =AF20 -> 3.85346 | AI21: linux_OpenBLAS | AJ21: 2 | AK21: WR00L2L2 | AL21: 8768 | AM21: 32 | AN21: 2 | AO21: 2 | AP21: 85.08 | AQ21: 5.2832 | AR21: 45559 | AS21: 0.6384838 | AT21: 0 | AU21: 0 | AV21: 0 | AW21: =AW20 -> 5.30362 | AZ21: linux_OpenBLAS | BA21: 2 | BB21: WR00L2L2 | BC21: 8768 | BD21: 32 | BE21: 2 | BF21: 2 | BG21: 182.11 | BH21: 2.4683 | BI21: 45559 | BJ21: 0.81082176 | BK21: 0 | BL21: 0 | BM21: 0 | BN21: =BN20 -> 2.47556
A22: noarch-flags | B22: 3 | C22: WR00L2L2 | D22: 8768 | E22: 32 | F22: 2 | G22: 2 | H22: 118.33 | I22: 3.7987 | J22: 45550 | K22: 0.11603009 | L22: 0 | M22: 0 | N22: 0 | O22: =O21 -> 3.80106 | R22: noarch-flags | S22: 3 | T22: WR00L2L2 | U22: 8768 | V22: 32 | W22: 2 | X22: 2 | Y22: 117.99 | Z22: 3.8095 | AA22: 45559 | AB22: 0.7603125 | AC22: 0 | AD22: 0 | AE22: 0 | AF22: =AVERAGE(Z22:Z26) -> 3.82622 | AI22: linux_OpenBLAS | AJ22: 3 | AK22: WR00L2L2 | AL22: 8768 | AM22: 32 | AN22: 2 | AO22: 2 | AP22: 84.87 | AQ22: 5.2964 | AR22: 45559 | AS22: 0.69262731 | AT22: 0 | AU22: 0 | AV22: 0 | AW22: =AW21 -> 5.30362 | AZ22: linux_OpenBLAS | BA22: 3 | BB22: WR00L2L2 | BC22: 8768 | BD22: 32 | BE22: 2 | BF22: 2 | BG22: 180.37 | BH22: 2.4921 | BI22: 45559 | BJ22: 0.9066088 | BK22: 0 | BL22: 0 | BM22: 0 | BN22: =BN21 -> 2.47556
A23: noarch-flags | B23: 4 | C23: WR00L2L2 | D23: 8768 | E23: 32 | F23: 2 | G23: 2 | H23: 117.89 | I23: 3.8127 | J23: 45550 | K23: 0.1872338 | L23: 0 | M23: 0 | N23: 0 | O23: =O22 -> 3.80106 | R23: noarch-flags | S23: 4 | T23: WR00L2L2 | U23: 8768 | V23: 32 | W23: 2 | X23: 2 | Y23: 117.93 | Z23: 3.8116 | AA23: 45559 | AB23: 0.83159722 | AC23: 0 | AD23: 0 | AE23: 0 | AF23: =AF22 -> 3.82622 | AI23: linux_OpenBLAS | AJ23: 4 | AK23: WR00L2L2 | AL23: 8768 | AM23: 32 | AN23: 2 | AO23: 2 | AP23: 84.83 | AQ23: 5.2989 | AR23: 45559 | AS23: 0.74693287 | AT23: 0 | AU23: 0 | AV23: 0 | AW23: =AW22 -> 5.30362 | AZ23: linux_OpenBLAS | BA23: 4 | BB23: WR00L2L2 | BC23: 8768 | BD23: 32 | BE23: 2 | BF23: 2 | BG23: 183.29 | BH23: 2.4524 | BI23: 45560 | BJ23: 0.0019212963 | BK23: 0 | BL23: 0 | BM23: 0 | BN23: =BN22 -> 2.47556
A24: noarch-flags | B24: 0 | C24: WR00L2L2 | D24: 9280 | E24: 32 | F24: 2 | G24: 2 | H24: 139.52 | I24: 3.8197 | J24: 45549 | K24: 0.92296296 | L24: 0 | M24: 0 | N24: 0 | O24: =AVERAGE(I24:I28) -> 3.82424 | R24: noarch-flags | S24: 0 | T24: WR00L2L2 | U24: 9280 | V24: 32 | W24: 2 | X24: 2 | Y24: 138.95 | Z24: 3.8352 | AA24: 45559 | AB24: 0.56711806 | AC24: 0 | AD24: 0 | AE24: 0 | AF24: =AF23 -> 3.82622 | AI24: linux_OpenBLAS | AJ24: 0 | AK24: WR00L2L2 | AL24: 9280 | AM24: 32 | AN24: 2 | AO24: 2 | AP24: 98.97 | AQ24: 5.3845 | AR24: 45559 | AS24: 0.54582176 | AT24: 0 | AU24: 0 | AV24: 0 | AW24: =AVERAGE(AQ24:AQ28) -> 5.38784 | AZ24: linux_OpenBLAS | BA24: 0 | BB24: WR00L2L2 | BC24: 9280 | BD24: 32 | BE24: 2 | BF24: 2 | BG24: 201.65 | BH24: 2.6428 | BI24: 45559 | BJ24: 0.64864583 | BK24: 0 | BL24: 0 | BM24: 0 | BN24: =AVERAGE(BH24:BH28) -> 2.60962
A25: noarch-flags | B25: 1 | C25: WR00L2L2 | D25: 9280 | E25: 32 | F25: 2 | G25: 2 | H25: 139.47 | I25: 3.8211 | J25: 45549 | K25: 0.99422454 | L25: 0 | M25: 0 | N25: 0 | O25: =O24 -> 3.82424 | R25: noarch-flags | S25: 1 | T25: WR00L2L2 | U25: 9280 | V25: 32 | W25: 2 | X25: 2 | Y25: 138.84 | Z25: 3.8384 | AA25: 45559 | AB25: 0.63836806 | AC25: 0 | AD25: 0 | AE25: 0 | AF25: =AVERAGE(Z25:Z29) -> 3.83788 | AI25: linux_OpenBLAS | AJ25: 1 | AK25: WR00L2L2 | AL25: 9280 | AM25: 32 | AN25: 2 | AO25: 2 | AP25: 98.72 | AQ25: 5.3982 | AR25: 45559 | AS25: 0.59997685 | AT25: 0 | AU25: 0 | AV25: 0 | AW25: =AW24 -> 5.38784 | AZ25: linux_OpenBLAS | BA25: 1 | BB25: WR00L2L2 | BC25: 9280 | BD25: 32 | BE25: 2 | BF25: 2 | BG25: 207.75 | BH25: 2.5652 | BI25: 45559 | BJ25: 0.74427083 | BK25: 0 | BL25: 0 | BM25: 0 | BN25: =BN24 -> 2.60962
A26: noarch-flags | B26: 2 | C26: WR00L2L2 | D26: 9280 | E26: 32 | F26: 2 | G26: 2 | H26: 139.24 | I26: 3.8272 | J26: 45550 | K26: 0.06537037 | L26: 0 | M26: 0 | N26: 0 | O26: =O25 -> 3.82424 | R26: noarch-flags | S26: 2 | T26: WR00L2L2 | U26: 9280 | V26: 32 | W26: 2 | X26: 2 | Y26: 138.91 | Z26: 3.8364 | AA26: 45559 | AB26: 0.70960648 | AC26: 0 | AD26: 0 | AE26: 0 | AF26: =AF25 -> 3.83788 | AI26: linux_OpenBLAS | AJ26: 2 | AK26: WR00L2L2 | AL26: 9280 | AM26: 32 | AN26: 2 | AO26: 2 | AP26: 98.96 | AQ26: 5.3851 | AR26: 45559 | AS26: 0.65421296 | AT26: 0 | AU26: 0 | AV26: 0 | AW26: =AW25 -> 5.38784 | AZ26: linux_OpenBLAS | BA26: 2 | BB26: WR00L2L2 | BC26: 9280 | BD26: 32 | BE26: 2 | BF26: 2 | BG26: 207.38 | BH26: 2.5698 | BI26: 45559 | BJ26: 0.83959491 | BK26: 0 | BL26: 0 | BM26: 0 | BN26: =BN25 -> 2.60962
A27: noarch-flags | B27: 3 | C27: WR00L2L2 | D27: 9280 | E27: 32 | F27: 2 | G27: 2 | H27: 139.31 | I27: 3.8255 | J27: 45550 | K27: 0.13653935 | L27: 0 | M27: 0 | N27: 0 | O27: =O26 -> 3.82424 | R27: noarch-flags | S27: 3 | T27: WR00L2L2 | U27: 9280 | V27: 32 | W27: 2 | X27: 2 | Y27: 138.81 | Z27: 3.8392 | AA27: 45559 | AB27: 0.7808912 | AC27: 0 | AD27: 0 | AE27: 0 | AF27: =AF26 -> 3.83788 | AI27: linux_OpenBLAS | AJ27: 3 | AK27: WR00L2L2 | AL27: 9280 | AM27: 32 | AN27: 2 | AO27: 2 | AP27: 98.97 | AQ27: 5.3848 | AR27: 45559 | AS27: 0.70835648 | AT27: 0 | AU27: 0 | AV27: 0 | AW27: =AW26 -> 5.38784 | AZ27: linux_OpenBLAS | BA27: 3 | BB27: WR00L2L2 | BC27: 9280 | BD27: 32 | BE27: 2 | BF27: 2 | BG27: 205.56 | BH27: 2.5925 | BI27: 45559 | BJ27: 0.93508102 | BK27: 0 | BL27: 0 | BM27: 0 | BN27: =BN26 -> 2.60962
A28: noarch-flags | B28: 4 | C28: WR00L2L2 | D28: 9280 | E28: 32 | F28: 2 | G28: 2 | H28: 139.23 | I28: 3.8277 | J28: 45550 | K28: 0.20773148 | L28: 0 | M28: 0 | N28: 0 | O28: =O27 -> 3.82424 | R28: noarch-flags | S28: 4 | T28: WR00L2L2 | U28: 9280 | V28: 32 | W28: 2 | X28: 2 | Y28: 138.65 | Z28: 3.8436 | AA28: 45559 | AB28: 0.85203704 | AC28: 0 | AD28: 0 | AE28: 0 | AF28: =AF27 -> 3.83788 | AI28: linux_OpenBLAS | AJ28: 4 | AK28: WR00L2L2 | AL28: 9280 | AM28: 32 | AN28: 2 | AO28: 2 | AP28: 98.93 | AQ28: 5.3866 | AR28: 45559 | AS28: 0.76267361 | AT28: 0 | AU28: 0 | AV28: 0 | AW28: =AW27 -> 5.38784 | AZ28: linux_OpenBLAS | BA28: 4 | BB28: WR00L2L2 | BC28: 9280 | BD28: 32 | BE28: 2 | BF28: 2 | BG28: 199.01 | BH28: 2.6778 | BI28: 45560 | BJ28: 0.030844907 | BK28: 0 | BL28: 0 | BM28: 0 | BN28: =BN27 -> 2.60962
A29: noarch-flags | B29: 0 | C29: WR00L2L2 | D29: 9792 | E29: 32 | F29: 2 | G29: 2 | H29: 165.25 | I29: 3.7885 | J29: 45549 | K29: 0.94739583 | L29: 0 | M29: 0 | N29: 0 | O29: =AVERAGE(I29:I33) -> 3.8126 | R29: noarch-flags | S29: 0 | T29: WR00L2L2 | U29: 9792 | V29: 32 | W29: 2 | X29: 2 | Y29: 163.39 | Z29: 3.8318 | AA29: 45559 | AB29: 0.59158565 | AC29: 0 | AD29: 0 | AE29: 0 | AF29: =AF28 -> 3.83788 | AI29: linux_OpenBLAS | AJ29: 0 | AK29: WR00L2L2 | AL29: 9792 | AM29: 32 | AN29: 2 | AO29: 2 | AP29: 117.21 | AQ29: 5.3413 | AR29: 45559 | AS29: 0.56421296 | AT29: 0 | AU29: 0 | AV29: 0 | AW29: =AVERAGE(AQ29:AQ33) -> 5.33366 | AZ29: linux_OpenBLAS | BA29: 0 | BB29: WR00L2L2 | BC29: 9792 | BD29: 32 | BE29: 2 | BF29: 2 | BG29: 224.45 | BH29: 2.7893 | BI29: 45559 | BJ29: 0.68083333 | BK29: 0 | BL29: 0 | BM29: 0 | BN29: =AVERAGE(BH29:BH33) -> 2.73132
A30: noarch-flags | B30: 1 | C30: WR00L2L2 | D30: 9792 | E30: 32 | F30: 2 | G30: 2 | H30: 163.73 | I30: 3.8237 | J30: 45550 | K30: 0.018645833 | L30: 0 | M30: 0 | N30: 0 | O30: =O29 -> 3.8126 | R30: noarch-flags | S30: 1 | T30: WR00L2L2 | U30: 9792 | V30: 32 | W30: 2 | X30: 2 | Y30: 163.38 | Z30: 3.832 | AA30: 45559 | AB30: 0.6628125 | AC30: 0 | AD30: 0 | AE30: 0 | AF30: =AF29 -> 3.83788 | AI30: linux_OpenBLAS | AJ30: 1 | AK30: WR00L2L2 | AL30: 9792 | AM30: 32 | AN30: 2 | AO30: 2 | AP30: 117.43 | AQ30: 5.3316 | AR30: 45559 | AS30: 0.61836806 | AT30: 0 | AU30: 0 | AV30: 0 | AW30: =AW29 -> 5.33366 | AZ30: linux_OpenBLAS | BA30: 1 | BB30: WR00L2L2 | BC30: 9792 | BD30: 32 | BE30: 2 | BF30: 2 | BG30: 229.31 | BH30: 2.7302 | BI30: 45559 | BJ30: 0.7765162 | BK30: 0 | BL30: 0 | BM30: 0 | BN30: =BN29 -> 2.73132
A31: noarch-flags | B31: 2 | C31: WR00L2L2 | D31: 9792 | E31: 32 | F31: 2 | G31: 2 | H31: 164.18 | I31: 3.8133 | J31: 45550 | K31: 0.089780093 | L31: 0 | M31: 0 | N31: 0 | O31: =O30 -> 3.8126 | R31: noarch-flags | S31: 2 | T31: WR00L2L2 | U31: 9792 | V31: 32 | W31: 2 | X31: 2 | Y31: 163.47 | Z31: 3.8298 | AA31: 45559 | AB31: 0.7340625 | AC31: 0 | AD31: 0 | AE31: 0 | AF31: =AF30 -> 3.83788 | AI31: linux_OpenBLAS | AJ31: 2 | AK31: WR00L2L2 | AL31: 9792 | AM31: 32 | AN31: 2 | AO31: 2 | AP31: 117.44 | AQ31: 5.3309 | AR31: 45559 | AS31: 0.67261574 | AT31: 0 | AU31: 0 | AV31: 0 | AW31: =AW30 -> 5.33366 | AZ31: linux_OpenBLAS | BA31: 2 | BB31: WR00L2L2 | BC31: 9792 | BD31: 32 | BE31: 2 | BF31: 2 | BG31: 232.23 | BH31: 2.6959 | BI31: 45559 | BJ31: 0.87186343 | BK31: 0 | BL31: 0 | BM31: 0 | BN31: =BN30 -> 2.73132
A32: noarch-flags | B32: 3 | C32: WR00L2L2 | D32: 9792 | E32: 32 | F32: 2 | G32: 2 | H32: 163.95 | I32: 3.8186 | J32: 45550 | K32: 0.1609375 | L32: 0 | M32: 0 | N32: 0 | O32: =O31 -> 3.8126 | R32: noarch-flags | S32: 3 | T32: WR00L2L2 | U32: 9792 | V32: 32 | W32: 2 | X32: 2 | Y32: 163.49 | Z32: 3.8293 | AA32: 45559 | AB32: 0.80543981 | AC32: 0 | AD32: 0 | AE32: 0 | AF32: =AF31 -> 3.83788 | AI32: linux_OpenBLAS | AJ32: 3 | AK32: WR00L2L2 | AL32: 9792 | AM32: 32 | AN32: 2 | AO32: 2 | AP32: 117.42 | AQ32: 5.3319 | AR32: 45559 | AS32: 0.72677083 | AT32: 0 | AU32: 0 | AV32: 0 | AW32: =AW31 -> 5.33366 | AZ32: linux_OpenBLAS | BA32: 3 | BB32: WR00L2L2 | BC32: 9792 | BD32: 32 | BE32: 2 | BF32: 2 | BG32: 232.47 | BH32: 2.6932 | BI32: 45559 | BJ32: 0.96719907 | BK32: 0 | BL32: 0 | BM32: 0 | BN32: =BN31 -> 2.73132
A33: noarch-flags | B33: 4 | C33: WR00L2L2 | D33: 9792 | E33: 32 | F33: 2 | G33: 2 | H33: 163.94 | I33: 3.8189 | J33: 45550 | K33: 0.23212963 | L33: 0 | M33: 0 | N33: 0 | O33: =O32 -> 3.8126 | R33: noarch-flags | S33: 4 | T33: WR00L2L2 | U33: 9792 | V33: 32 | W33: 2 | X33: 2 | Y33: 163.58 | Z33: 3.8274 | AA33: 45559 | AB33: 0.87638889 | AC33: 0 | AD33: 0 | AE33: 0 | AF33: =AVERAGE(Z33:Z37) -> 4.41406 | AI33: linux_OpenBLAS | AJ33: 4 | AK33: WR00L2L2 | AL33: 9792 | AM33: 32 | AN33: 2 | AO33: 2 | AP33: 117.4 | AQ33: 5.3326 | AR33: 45559 | AS33: 0.78107639 | AT33: 0 | AU33: 0 | AV33: 0 | AW33: =AW32 -> 5.33366 | AZ33: linux_OpenBLAS | BA33: 4 | BB33: WR00L2L2 | BC33: 9792 | BD33: 32 | BE33: 2 | BF33: 2 | BG33: 227.83 | BH33: 2.748 | BI33: 45560 | BJ33: 0.063078704 | BK33: 0 | BL33: 0 | BM33: 0 | BN33: =BN32 -> 2.73132
A34: noarch-flags | B34: 0 | C34: WR00L2L2 | D34: 8768 | E34: 64 | F34: 1 | G34: 4 | H34: 98.84 | I34: 4.5476 | J34: 45549 | K34: 0.90372685 | L34: 0 | M34: 0 | N34: 0 | O34: =AVERAGE(I34:I38) -> 4.54692 | R34: noarch-flags | S34: 0 | T34: WR00L2L2 | U34: 8768 | V34: 64 | W34: 1 | X34: 4 | Y34: 98.6 | Z34: 4.5589 | AA34: 45559 | AB34: 0.54783565 | AC34: 0 | AD34: 0 | AE34: 0 | AF34: =AF33 -> 4.41406 | AI34: linux_OpenBLAS | AJ34: 0 | AK34: WR00L2L2 | AL34: 8768 | AM34: 64 | AN34: 1 | AO34: 4 | AP34: 69.45 | AQ34: 6.4718 | AR34: 45559 | AS34: 0.53107639 | AT34: 0 | AU34: 0 | AV34: 0 | AW34: =AVERAGE(AQ34:AQ38) -> 6.4612 | AZ34: linux_OpenBLAS | BA34: 0 | BB34: WR00L2L2 | BC34: 8768 | BD34: 64 | BE34: 1 | BF34: 4 | BG34: 121.92 | BH34: 3.6869 | BI34: 45559 | BJ34: 0.62157407 | BK34: 0 | BL34: 0 | BM34: 0 | BN34: =AVERAGE(BH34:BH38) -> 3.68536
A35: noarch-flags | B35: 1 | C35: WR00L2L2 | D35: 8768 | E35: 64 | F35: 1 | G35: 4 | H35: 98.9 | I35: 4.5451 | J35: 45549 | K35: 0.975 | L35: 0 | M35: 0 | N35: 0 | O35: =O34 -> 4.54692 | R35: noarch-flags | S35: 1 | T35: WR00L2L2 | U35: 8768 | V35: 64 | W35: 1 | X35: 4 | Y35: 98.53 | Z35: 4.5622 | AA35: 45559 | AB35: 0.61907407 | AC35: 0 | AD35: 0 | AE35: 0 | AF35: =AVERAGE(Z35:Z39) -> 4.56708 | AI35: linux_OpenBLAS | AJ35: 1 | AK35: WR00L2L2 | AL35: 8768 | AM35: 64 | AN35: 1 | AO35: 4 | AP35: 69.59 | AQ35: 6.4593 | AR35: 45559 | AS35: 0.58519676 | AT35: 0 | AU35: 0 | AV35: 0 | AW35: =AW34 -> 6.4612 | AZ35: linux_OpenBLAS | BA35: 1 | BB35: WR00L2L2 | BC35: 8768 | BD35: 64 | BE35: 1 | BF35: 4 | BG35: 122.53 | BH35: 3.6683 | BI35: 45559 | BJ35: 0.7171875 | BK35: 0 | BL35: 0 | BM35: 0 | BN35: =BN34 -> 3.68536
A36: noarch-flags | B36: 2 | C36: WR00L2L2 | D36: 8768 | E36: 64 | F36: 1 | G36: 4 | H36: 98.92 | I36: 4.5442 | J36: 45550 | K36: 0.046145833 | L36: 0 | M36: 0 | N36: 0 | O36: =O35 -> 4.54692 | R36: noarch-flags | S36: 2 | T36: WR00L2L2 | U36: 8768 | V36: 64 | W36: 1 | X36: 4 | Y36: 98.53 | Z36: 4.5619 | AA36: 45559 | AB36: 0.6903125 | AC36: 0 | AD36: 0 | AE36: 0 | AF36: =AF35 -> 4.56708 | AI36: linux_OpenBLAS | AJ36: 2 | AK36: WR00L2L2 | AL36: 8768 | AM36: 64 | AN36: 1 | AO36: 4 | AP36: 69.47 | AQ36: 6.4703 | AR36: 45559 | AS36: 0.6394213 | AT36: 0 | AU36: 0 | AV36: 0 | AW36: =AW35 -> 6.4612 | AZ36: linux_OpenBLAS | BA36: 2 | BB36: WR00L2L2 | BC36: 8768 | BD36: 64 | BE36: 1 | BF36: 4 | BG36: 121.13 | BH36: 3.7108 | BI36: 45559 | BJ36: 0.81236111 | BK36: 0 | BL36: 0 | BM36: 0 | BN36: =BN35 -> 3.68536
A37: noarch-flags | B37: 3 | C37: WR00L2L2 | D37: 8768 | E37: 64 | F37: 1 | G37: 4 | H37: 98.82 | I37: 4.5486 | J37: 45550 | K37: 0.11730324 | L37: 0 | M37: 0 | N37: 0 | O37: =O36 -> 4.54692 | R37: noarch-flags | S37: 3 | T37: WR00L2L2 | U37: 8768 | V37: 64 | W37: 1 | X37: 4 | Y37: 98.57 | Z37: 4.5599 | AA37: 45559 | AB37: 0.76158565 | AC37: 0 | AD37: 0 | AE37: 0 | AF37: =AF36 -> 4.56708 | AI37: linux_OpenBLAS | AJ37: 3 | AK37: WR00L2L2 | AL37: 8768 | AM37: 64 | AN37: 1 | AO37: 4 | AP37: 69.68 | AQ37: 6.4512 | AR37: 45559 | AS37: 0.69356481 | AT37: 0 | AU37: 0 | AV37: 0 | AW37: =AW36 -> 6.4612 | AZ37: linux_OpenBLAS | BA37: 3 | BB37: WR00L2L2 | BC37: 8768 | BD37: 64 | BE37: 1 | BF37: 4 | BG37: 121.99 | BH37: 3.6847 | BI37: 45559 | BJ37: 0.90814815 | BK37: 0 | BL37: 0 | BM37: 0 | BN37: =BN36 -> 3.68536
A38: noarch-flags | B38: 4 | C38: WR00L2L2 | D38: 8768 | E38: 64 | F38: 1 | G38: 4 | H38: 98.81 | I38: 4.5491 | J38: 45550 | K38: 0.18850694 | L38: 0 | M38: 0 | N38: 0 | O38: =O37 -> 4.54692 | R38: noarch-flags | S38: 4 | T38: WR00L2L2 | U38: 8768 | V38: 64 | W38: 1 | X38: 4 | Y38: 98.65 | Z38: 4.5564 | AA38: 45559 | AB38: 0.8328588 | AC38: 0 | AD38: 0 | AE38: 0 | AF38: =AF37 -> 4.56708 | AI38: linux_OpenBLAS | AJ38: 4 | AK38: WR00L2L2 | AL38: 8768 | AM38: 64 | AN38: 1 | AO38: 4 | AP38: 69.65 | AQ38: 6.4534 | AR38: 45559 | AS38: 0.74787037 | AT38: 0 | AU38: 0 | AV38: 0 | AW38: =AW37 -> 6.4612 | AZ38: linux_OpenBLAS | BA38: 4 | BB38: WR00L2L2 | BC38: 8768 | BD38: 64 | BE38: 1 | BF38: 4 | BG38: 122.27 | BH38: 3.6761 | BI38: 45560 | BJ38: 0.0034722222 | BK38: 0 | BL38: 0 | BM38: 0 | BN38: =BN37 -> 3.68536
A39: noarch-flags | B39: 0 | C39: WR00L2L2 | D39: 9280 | E39: 64 | F39: 1 | G39: 4 | H39: 116.39 | I39: 4.5787 | J39: 45549 | K39: 0.92444444 | L39: 0 | M39: 0 | N39: 0 | O39: =AVERAGE(I39:I43) -> 4.58052 | R39: noarch-flags | S39: 0 | T39: WR00L2L2 | U39: 9280 | V39: 64 | W39: 1 | X39: 4 | Y39: 115.98 | Z39: 4.595 | AA39: 45559 | AB39: 0.56861111 | AC39: 0 | AD39: 0 | AE39: 0 | AF39: =AF38 -> 4.56708 | AI39: linux_OpenBLAS | AJ39: 0 | AK39: WR00L2L2 | AL39: 9280 | AM39: 64 | AN39: 1 | AO39: 4 | AP39: 81.48 | AQ39: 6.5402 | AR39: 45559 | AS39: 0.54690972 | AT39: 0 | AU39: 0 | AV39: 0 | AW39: =AVERAGE(AQ39:AQ43) -> 6.53672 | AZ39: linux_OpenBLAS | BA39: 0 | BB39: WR00L2L2 | BC39: 9280 | BD39: 64 | BE39: 1 | BF39: 4 | BG39: 140.85 | BH39: 3.7836 | BI39: 45559 | BJ39: 0.65042824 | BK39: 0 | BL39: 0 | BM39: 0 | BN39: =AVERAGE(BH39:BH43) -> 3.80606
A40: noarch-flags | B40: 1 | C40: WR00L2L2 | D40: 9280 | E40: 64 | F40: 1 | G40: 4 | H40: 116.38 | I40: 4.5791 | J40: 45549 | K40: 0.99571759 | L40: 0 | M40: 0 | N40: 0 | O40: =O39 -> 4.58052 | R40: noarch-flags | S40: 1 | T40: WR00L2L2 | U40: 9280 | V40: 64 | W40: 1 | X40: 4 | Y40: 116.03 | Z40: 4.593 | AA40: 45559 | AB40: 0.63986111 | AC40: 0 | AD40: 0 | AE40: 0 | AF40: =AF39 -> 4.56708 | AI40: linux_OpenBLAS | AJ40: 1 | AK40: WR00L2L2 | AL40: 9280 | AM40: 64 | AN40: 1 | AO40: 4 | AP40: 81.53 | AQ40: 6.5366 | AR40: 45559 | AS40: 0.60106481 | AT40: 0 | AU40: 0 | AV40: 0 | AW40: =AW39 -> 6.53672 | AZ40: linux_OpenBLAS | BA40: 1 | BB40: WR00L2L2 | BC40: 9280 | BD40: 64 | BE40: 1 | BF40: 4 | BG40: 140.7 | BH40: 3.7875 | BI40: 45559 | BJ40: 0.74606481 | BK40: 0 | BL40: 0 | BM40: 0 | BN40: =BN39 -> 3.80606
A41: noarch-flags | B41: 2 | C41: WR00L2L2 | D41: 9280 | E41: 64 | F41: 1 | G41: 4 | H41: 116.26 | I41: 4.584 | J41: 45550 | K41: 0.066863426 | L41: 0 | M41: 0 | N41: 0 | O41: =O40 -> 4.58052 | R41: noarch-flags | S41: 2 | T41: WR00L2L2 | U41: 9280 | V41: 64 | W41: 1 | X41: 4 | Y41: 116 | Z41: 4.5941 | AA41: 45559 | AB41: 0.71109954 | AC41: 0 | AD41: 0 | AE41: 0 | AF41: =AF40 -> 4.56708 | AI41: linux_OpenBLAS | AJ41: 2 | AK41: WR00L2L2 | AL41: 9280 | AM41: 64 | AN41: 1 | AO41: 4 | AP41: 81.49 | AQ41: 6.5398 | AR41: 45559 | AS41: 0.65530093 | AT41: 0 | AU41: 0 | AV41: 0 | AW41: =AW40 -> 6.53672 | AZ41: linux_OpenBLAS | BA41: 2 | BB41: WR00L2L2 | BC41: 9280 | BD41: 64 | BE41: 1 | BF41: 4 | BG41: 141.72 | BH41: 3.7602 | BI41: 45559 | BJ41: 0.84137731 | BK41: 0 | BL41: 0 | BM41: 0 | BN41: =BN40 -> 3.80606
A42: noarch-flags | B42: 3 | C42: WR00L2L2 | D42: 9280 | E42: 64 | F42: 1 | G42: 4 | H42: 116.31 | I42: 4.5818 | J42: 45550 | K42: 0.13802083 | L42: 0 | M42: 0 | N42: 0 | O42: =O41 -> 4.58052 | R42: noarch-flags | S42: 3 | T42: WR00L2L2 | U42: 9280 | V42: 64 | W42: 1 | X42: 4 | Y42: 116 | Z42: 4.5941 | AA42: 45559 | AB42: 0.78237269 | AC42: 0 | AD42: 0 | AE42: 0 | AF42: =AF41 -> 4.56708 | AI42: linux_OpenBLAS | AJ42: 3 | AK42: WR00L2L2 | AL42: 9280 | AM42: 64 | AN42: 1 | AO42: 4 | AP42: 81.44 | AQ42: 6.5436 | AR42: 45559 | AS42: 0.70944444 | AT42: 0 | AU42: 0 | AV42: 0 | AW42: =AW41 -> 6.53672 | AZ42: linux_OpenBLAS | BA42: 3 | BB42: WR00L2L2 | BC42: 9280 | BD42: 64 | BE42: 1 | BF42: 4 | BG42: 139.16 | BH42: 3.8296 | BI42: 45559 | BJ42: 0.93684028 | BK42: 0 | BL42: 0 | BM42: 0 | BN42: =BN41 -> 3.80606
A43: noarch-flags | B43: 4 | C43: WR00L2L2 | D43: 9280 | E43: 64 | F43: 1 | G43: 4 | H43: 116.38 | I43: 4.579 | J43: 45550 | K43: 0.20921296 | L43: 0 | M43: 0 | N43: 0 | O43: =O42 -> 4.58052 | R43: noarch-flags | S43: 4 | T43: WR00L2L2 | U43: 9280 | V43: 64 | W43: 1 | X43: 4 | Y43: 115.97 | Z43: 4.5953 | AA43: 45559 | AB43: 0.85351852 | AC43: 0 | AD43: 0 | AE43: 0 | AF43: =AVERAGE(Z43:Z47) -> 4.60766 | AI43: linux_OpenBLAS | AJ43: 4 | AK43: WR00L2L2 | AL43: 9280 | AM43: 64 | AN43: 1 | AO43: 4 | AP43: 81.69 | AQ43: 6.5234 | AR43: 45559 | AS43: 0.76376157 | AT43: 0 | AU43: 0 | AV43: 0 | AW43: =AW42 -> 6.53672 | AZ43: linux_OpenBLAS | BA43: 4 | BB43: WR00L2L2 | BC43: 9280 | BD43: 64 | BE43: 1 | BF43: 4 | BG43: 137.73 | BH43: 3.8694 | BI43: 45560 | BJ43: 0.032592593 | BK43: 0 | BL43: 0 | BM43: 0 | BN43: =BN42 -> 3.80606
A44: noarch-flags | B44: 0 | C44: WR00L2L2 | D44: 9792 | E44: 64 | F44: 1 | G44: 4 | H44: 136.41 | I44: 4.5896 | J44: 45549 | K44: 0.94913194 | L44: 0 | M44: 0 | N44: 0 | O44: =AVERAGE(I44:I48) -> 4.60442 | R44: noarch-flags | S44: 0 | T44: WR00L2L2 | U44: 9792 | V44: 64 | W44: 1 | X44: 4 | Y44: 135.72 | Z44: 4.6131 | AA44: 45559 | AB44: 0.59332176 | AC44: 0 | AD44: 0 | AE44: 0 | AF44: =AF43 -> 4.60766 | AI44: linux_OpenBLAS | AJ44: 0 | AK44: WR00L2L2 | AL44: 9792 | AM44: 64 | AN44: 1 | AO44: 4 | AP44: 95.28 | AQ44: 6.571 | AR44: 45559 | AS44: 0.56547454 | AT44: 0 | AU44: 0 | AV44: 0 | AW44: =AVERAGE(AQ44:AQ48) -> 6.57138 | AZ44: linux_OpenBLAS | BA44: 0 | BB44: WR00L2L2 | BC44: 9792 | BD44: 64 | BE44: 1 | BF44: 4 | BG44: 162.9 | BH44: 3.8432 | BI44: 45559 | BJ44: 0.68289352 | BK44: 0 | BL44: 0 | BM44: 0 | BN44: =AVERAGE(BH44:BH48) -> 3.87826
A45: noarch-flags | B45: 1 | C45: WR00L2L2 | D45: 9792 | E45: 64 | F45: 1 | G45: 4 | H45: 136.13 | I45: 4.5991 | J45: 45550 | K45: 0.02037037 | L45: 0 | M45: 0 | N45: 0 | O45: =O44 -> 4.60442 | R45: noarch-flags | S45: 1 | T45: WR00L2L2 | U45: 9792 | V45: 64 | W45: 1 | X45: 4 | Y45: 135.75 | Z45: 4.612 | AA45: 45559 | AB45: 0.66454861 | AC45: 0 | AD45: 0 | AE45: 0 | AF45: =AF44 -> 4.60766 | AI45: linux_OpenBLAS | AJ45: 1 | AK45: WR00L2L2 | AL45: 9792 | AM45: 64 | AN45: 1 | AO45: 4 | AP45: 95.25 | AQ45: 6.5733 | AR45: 45559 | AS45: 0.61962963 | AT45: 0 | AU45: 0 | AV45: 0 | AW45: =AW44 -> 6.57138 | AZ45: linux_OpenBLAS | BA45: 1 | BB45: WR00L2L2 | BC45: 9792 | BD45: 64 | BE45: 1 | BF45: 4 | BG45: 158.28 | BH45: 3.9555 | BI45: 45559 | BJ45: 0.77853009 | BK45: 0 | BL45: 0 | BM45: 0 | BN45: =BN44 -> 3.87826
A46: noarch-flags | B46: 2 | C46: WR00L2L2 | D46: 9792 | E46: 64 | F46: 1 | G46: 4 | H46: 135.03 | I46: 4.6365 | J46: 45550 | K46: 0.091493056 | L46: 0 | M46: 0 | N46: 0 | O46: =O45 -> 4.60442 | R46: noarch-flags | S46: 2 | T46: WR00L2L2 | U46: 9792 | V46: 64 | W46: 1 | X46: 4 | Y46: 135.78 | Z46: 4.611 | AA46: 45559 | AB46: 0.73579861 | AC46: 0 | AD46: 0 | AE46: 0 | AF46: =AVERAGE(Z46:Z50) -> 4.55834 | AI46: linux_OpenBLAS | AJ46: 2 | AK46: WR00L2L2 | AL46: 9792 | AM46: 64 | AN46: 1 | AO46: 4 | AP46: 95.4 | AQ46: 6.5623 | AR46: 45559 | AS46: 0.67387731 | AT46: 0 | AU46: 0 | AV46: 0 | AW46: =AW45 -> 6.57138 | AZ46: linux_OpenBLAS | BA46: 2 | BB46: WR00L2L2 | BC46: 9792 | BD46: 64 | BE46: 1 | BF46: 4 | BG46: 156.32 | BH46: 4.005 | BI46: 45559 | BJ46: 0.87384259 | BK46: 0 | BL46: 0 | BM46: 0 | BN46: =BN45 -> 3.87826
A47: noarch-flags | B47: 3 | C47: WR00L2L2 | D47: 9792 | E47: 64 | F47: 1 | G47: 4 | H47: 136.16 | I47: 4.5979 | J47: 45550 | K47: 0.16267361 | L47: 0 | M47: 0 | N47: 0 | O47: =O46 -> 4.60442 | R47: noarch-flags | S47: 3 | T47: WR00L2L2 | U47: 9792 | V47: 64 | W47: 1 | X47: 4 | Y47: 135.9 | Z47: 4.6069 | AA47: 45559 | AB47: 0.80717593 | AC47: 0 | AD47: 0 | AE47: 0 | AF47: =AF46 -> 4.55834 | AI47: linux_OpenBLAS | AJ47: 3 | AK47: WR00L2L2 | AL47: 9792 | AM47: 64 | AN47: 1 | AO47: 4 | AP47: 95.48 | AQ47: 6.5574 | AR47: 45559 | AS47: 0.72803241 | AT47: 0 | AU47: 0 | AV47: 0 | AW47: =AW46 -> 6.57138 | AZ47: linux_OpenBLAS | BA47: 3 | BB47: WR00L2L2 | BC47: 9792 | BD47: 64 | BE47: 1 | BF47: 4 | BG47: 164.13 | BH47: 3.8145 | BI47: 45559 | BJ47: 0.96925926 | BK47: 0 | BL47: 0 | BM47: 0 | BN47: =BN46 -> 3.87826
A48: noarch-flags | B48: 4 | C48: WR00L2L2 | D48: 9792 | E48: 64 | F48: 1 | G48: 4 | H48: 136.13 | I48: 4.599 | J48: 45550 | K48: 0.23386574 | L48: 0 | M48: 0 | N48: 0 | O48: =O47 -> 4.60442 | R48: noarch-flags | S48: 4 | T48: WR00L2L2 | U48: 9792 | V48: 64 | W48: 1 | X48: 4 | Y48: 135.73 | Z48: 4.6125 | AA48: 45559 | AB48: 0.87811343 | AC48: 0 | AD48: 0 | AE48: 0 | AF48: =AF47 -> 4.55834 | AI48: linux_OpenBLAS | AJ48: 4 | AK48: WR00L2L2 | AL48: 9792 | AM48: 64 | AN48: 1 | AO48: 4 | AP48: 94.96 | AQ48: 6.5929 | AR48: 45559 | AS48: 0.78233796 | AT48: 0 | AU48: 0 | AV48: 0 | AW48: =AW47 -> 6.57138 | AZ48: linux_OpenBLAS | BA48: 4 | BB48: WR00L2L2 | BC48: 9792 | BD48: 64 | BE48: 1 | BF48: 4 | BG48: 165.93 | BH48: 3.7731 | BI48: 45560 | BJ48: 0.065173611 | BK48: 0 | BL48: 0 | BM48: 0 | BN48: =BN47 -> 3.87826
A49: noarch-flags | B49: 0 | C49: WR00L2L2 | D49: 8768 | E49: 64 | F49: 2 | G49: 2 | H49: 101.21 | I49: 4.4414 | J49: 45549 | K49: 0.90502315 | L49: 0 | M49: 0 | N49: 0 | O49: =AVERAGE(I49:I53) -> 4.44934 | R49: noarch-flags | S49: 0 | T49: WR00L2L2 | U49: 8768 | V49: 64 | W49: 2 | X49: 2 | Y49: 100.34 | Z49: 4.4798 | AA49: 45559 | AB49: 0.54913194 | AC49: 0 | AD49: 0 | AE49: 0 | AF49: =AF48 -> 4.55834 | AI49: linux_OpenBLAS | AJ49: 0 | AK49: WR00L2L2 | AL49: 8768 | AM49: 64 | AN49: 2 | AO49: 2 | AP49: 70.51 | AQ49: 6.3752 | AR49: 45559 | AS49: 0.53201389 | AT49: 0 | AU49: 0 | AV49: 0 | AW49: =AVERAGE(AQ49:AQ53) -> 6.34812 | AZ49: linux_OpenBLAS | BA49: 0 | BB49: WR00L2L2 | BC49: 8768 | BD49: 64 | BE49: 2 | BF49: 2 | BG49: 153.08 | BH49: 2.9363 | BI49: 45559 | BJ49: 0.62349537 | BK49: 0 | BL49: 0 | BM49: 0 | BN49: =AVERAGE(BH49:BH53) -> 2.94874
A50: noarch-flags | B50: 1 | C50: WR00L2L2 | D50: 8768 | E50: 64 | F50: 2 | G50: 2 | H50: 100.89 | I50: 4.4554 | J50: 45549 | K50: 0.9762963 | L50: 0 | M50: 0 | N50: 0 | O50: =O49 -> 4.44934 | R50: noarch-flags | S50: 1 | T50: WR00L2L2 | U50: 8768 | V50: 64 | W50: 2 | X50: 2 | Y50: 100.3 | Z50: 4.4815 | AA50: 45559 | AB50: 0.62037037 | AC50: 0 | AD50: 0 | AE50: 0 | AF50: =AF49 -> 4.55834 | AI50: linux_OpenBLAS | AJ50: 1 | AK50: WR00L2L2 | AL50: 8768 | AM50: 64 | AN50: 2 | AO50: 2 | AP50: 70.84 | AQ50: 6.345 | AR50: 45559 | AS50: 0.58614583 | AT50: 0 | AU50: 0 | AV50: 0 | AW50: =AW49 -> 6.34812 | AZ50: linux_OpenBLAS | BA50: 1 | BB50: WR00L2L2 | BC50: 8768 | BD50: 64 | BE50: 2 | BF50: 2 | BG50: 146.71 | BH50: 3.0637 | BI50: 45559 | BJ50: 0.71902778 | BK50: 0 | BL50: 0 | BM50: 0 | BN50: =BN49 -> 2.94874
A51: noarch-flags | B51: 2 | C51: WR00L2L2 | D51: 8768 | E51: 64 | F51: 2 | G51: 2 | H51: 101.35 | I51: 4.435 | J51: 45550 | K51: 0.04744213 | L51: 0 | M51: 0 | N51: 0 | O51: =O50 -> 4.44934 | R51: noarch-flags | S51: 2 | T51: WR00L2L2 | U51: 8768 | V51: 64 | W51: 2 | X51: 2 | Y51: 100.45 | Z51: 4.4749 | AA51: 45559 | AB51: 0.6916088 | AC51: 0 | AD51: 0 | AE51: 0 | AF51: =AF50 -> 4.55834 | AI51: linux_OpenBLAS | AJ51: 2 | AK51: WR00L2L2 | AL51: 8768 | AM51: 64 | AN51: 2 | AO51: 2 | AP51: 71.01 | AQ51: 6.3296 | AR51: 45559 | AS51: 0.64037037 | AT51: 0 | AU51: 0 | AV51: 0 | AW51: =AW50 -> 6.34812 | AZ51: linux_OpenBLAS | BA51: 2 | BB51: WR00L2L2 | BC51: 8768 | BD51: 64 | BE51: 2 | BF51: 2 | BG51: 152.63 | BH51: 2.9449 | BI51: 45559 | BJ51: 0.81425926 | BK51: 0 | BL51: 0 | BM51: 0 | BN51: =BN50 -> 2.94874
A52: noarch-flags | B52: 3 | C52: WR00L2L2 | D52: 8768 | E52: 64 | F52: 2 | G52: 2 | H52: 101.16 | I52: 4.4433 | J52: 45550 | K52: 0.11859954 | L52: 0 | M52: 0 | N52: 0 | O52: =O51 -> 4.44934 | R52: noarch-flags | S52: 3 | T52: WR00L2L2 | U52: 8768 | V52: 64 | W52: 2 | X52: 2 | Y52: 100.38 | Z52: 4.4777 | AA52: 45559 | AB52: 0.76288194 | AC52: 0 | AD52: 0 | AE52: 0 | AF52: =AF51 -> 4.55834 | AI52: linux_OpenBLAS | AJ52: 3 | AK52: WR00L2L2 | AL52: 8768 | AM52: 64 | AN52: 2 | AO52: 2 | AP52: 70.81 | AQ52: 6.3478 | AR52: 45559 | AS52: 0.69451389 | AT52: 0 | AU52: 0 | AV52: 0 | AW52: =AW51 -> 6.34812 | AZ52: linux_OpenBLAS | BA52: 3 | BB52: WR00L2L2 | BC52: 8768 | BD52: 64 | BE52: 2 | BF52: 2 | BG52: 153.24 | BH52: 2.9332 | BI52: 45559 | BJ52: 0.91005787 | BK52: 0 | BL52: 0 | BM52: 0 | BN52: =BN51 -> 2.94874
A53: noarch-flags | B53: 4 | C53: WR00L2L2 | D53: 8768 | E53: 64 | F53: 2 | G53: 2 | H53: 100.52 | I53: 4.4716 | J53: 45550 | K53: 0.18979167 | L53: 0 | M53: 0 | N53: 0 | O53: =O52 -> 4.44934 | R53: noarch-flags | S53: 4 | T53: WR00L2L2 | U53: 8768 | V53: 64 | W53: 2 | X53: 2 | Y53: 100.62 | Z53: 4.4671 | AA53: 45559 | AB53: 0.83415509 | AC53: 0 | AD53: 0 | AE53: 0 | AF53: =AVERAGE(Z53:Z57) -> 4.44204 | AI53: linux_OpenBLAS | AJ53: 4 | AK53: WR00L2L2 | AL53: 8768 | AM53: 64 | AN53: 2 | AO53: 2 | AP53: 70.86 | AQ53: 6.343 | AR53: 45559 | AS53: 0.74881944 | AT53: 0 | AU53: 0 | AV53: 0 | AW53: =AW52 -> 6.34812 | AZ53: linux_OpenBLAS | BA53: 4 | BB53: WR00L2L2 | BC53: 8768 | BD53: 64 | BE53: 2 | BF53: 2 | BG53: 156.86 | BH53: 2.8656 | BI53: 45560 | BJ53: 0.0054282407 | BK53: 0 | BL53: 0 | BM53: 0 | BN53: =BN52 -> 2.94874
A54: noarch-flags | B54: 0 | C54: WR00L2L2 | D54: 9280 | E54: 64 | F54: 2 | G54: 2 | H54: 120.16 | I54: 4.4351 | J54: 45549 | K54: 0.9259838 | L54: 0 | M54: 0 | N54: 0 | O54: =AVERAGE(I54:I58) -> 4.42312 | R54: noarch-flags | S54: 0 | T54: WR00L2L2 | U54: 9280 | V54: 64 | W54: 2 | X54: 2 | Y54: 120.34 | Z54: 4.4285 | AA54: 45559 | AB54: 0.57015046 | AC54: 0 | AD54: 0 | AE54: 0 | AF54: =AF53 -> 4.44204 | AI54: linux_OpenBLAS | AJ54: 0 | AK54: WR00L2L2 | AL54: 9280 | AM54: 64 | AN54: 2 | AO54: 2 | AP54: 83.06 | AQ54: 6.4158 | AR54: 45559 | AS54: 0.54802083 | AT54: 0 | AU54: 0 | AV54: 0 | AW54: =AVERAGE(AQ54:AQ58) -> 6.4157 | AZ54: linux_OpenBLAS | BA54: 0 | BB54: WR00L2L2 | BC54: 9280 | BD54: 64 | BE54: 2 | BF54: 2 | BG54: 162.62 | BH54: 3.2771 | BI54: 45559 | BJ54: 0.65246528 | BK54: 0 | BL54: 0 | BM54: 0 | BN54: =AVERAGE(BH54:BH58) -> 3.24044
A55: noarch-flags | B55: 1 | C55: WR00L2L2 | D55: 9280 | E55: 64 | F55: 2 | G55: 2 | H55: 120.79 | I55: 4.412 | J55: 45549 | K55: 0.99725694 | L55: 0 | M55: 0 | N55: 0 | O55: =O54 -> 4.42312 | R55: noarch-flags | S55: 1 | T55: WR00L2L2 | U55: 9280 | V55: 64 | W55: 2 | X55: 2 | Y55: 120.24 | Z55: 4.4322 | AA55: 45559 | AB55: 0.64140046 | AC55: 0 | AD55: 0 | AE55: 0 | AF55: =AF54 -> 4.44204 | AI55: linux_OpenBLAS | AJ55: 1 | AK55: WR00L2L2 | AL55: 9280 | AM55: 64 | AN55: 2 | AO55: 2 | AP55: 83.06 | AQ55: 6.4158 | AR55: 45559 | AS55: 0.60217593 | AT55: 0 | AU55: 0 | AV55: 0 | AW55: =AW54 -> 6.4157 | AZ55: linux_OpenBLAS | BA55: 1 | BB55: WR00L2L2 | BC55: 9280 | BD55: 64 | BE55: 2 | BF55: 2 | BG55: 163.58 | BH55: 3.2578 | BI55: 45559 | BJ55: 0.74811343 | BK55: 0 | BL55: 0 | BM55: 0 | BN55: =BN54 -> 3.24044
A56: noarch-flags | B56: 2 | C56: WR00L2L2 | D56: 9280 | E56: 64 | F56: 2 | G56: 2 | H56: 120.17 | I56: 4.4347 | J56: 45550 | K56: 0.068391204 | L56: 0 | M56: 0 | N56: 0 | O56: =O55 -> 4.42312 | R56: noarch-flags | S56: 2 | T56: WR00L2L2 | U56: 9280 | V56: 64 | W56: 2 | X56: 2 | Y56: 119.92 | Z56: 4.4439 | AA56: 45559 | AB56: 0.71262731 | AC56: 0 | AD56: 0 | AE56: 0 | AF56: =AVERAGE(Z56:Z60) -> 4.48884 | AI56: linux_OpenBLAS | AJ56: 2 | AK56: WR00L2L2 | AL56: 9280 | AM56: 64 | AN56: 2 | AO56: 2 | AP56: 83.25 | AQ56: 6.4012 | AR56: 45559 | AS56: 0.65641204 | AT56: 0 | AU56: 0 | AV56: 0 | AW56: =AW55 -> 6.4157 | AZ56: linux_OpenBLAS | BA56: 2 | BB56: WR00L2L2 | BC56: 9280 | BD56: 64 | BE56: 2 | BF56: 2 | BG56: 173.38 | BH56: 3.0737 | BI56: 45559 | BJ56: 0.84353009 | BK56: 0 | BL56: 0 | BM56: 0 | BN56: =BN55 -> 3.24044
A57: noarch-flags | B57: 3 | C57: WR00L2L2 | D57: 9280 | E57: 64 | F57: 2 | G57: 2 | H57: 120.68 | I57: 4.4159 | J57: 45550 | K57: 0.13956019 | L57: 0 | M57: 0 | N57: 0 | O57: =O56 -> 4.42312 | R57: noarch-flags | S57: 3 | T57: WR00L2L2 | U57: 9280 | V57: 64 | W57: 2 | X57: 2 | Y57: 120.07 | Z57: 4.4385 | AA57: 45559 | AB57: 0.78391204 | AC57: 0 | AD57: 0 | AE57: 0 | AF57: =AF56 -> 4.48884 | AI57: linux_OpenBLAS | AJ57: 3 | AK57: WR00L2L2 | AL57: 9280 | AM57: 64 | AN57: 2 | AO57: 2 | AP57: 82.99 | AQ57: 6.4212 | AR57: 45559 | AS57: 0.71054398 | AT57: 0 | AU57: 0 | AV57: 0 | AW57: =AW56 -> 6.4157 | AZ57: linux_OpenBLAS | BA57: 3 | BB57: WR00L2L2 | BC57: 9280 | BD57: 64 | BE57: 2 | BF57: 2 | BG57: 159.8 | BH57: 3.335 | BI57: 45559 | BJ57: 0.93883102 | BK57: 0 | BL57: 0 | BM57: 0 | BN57: =BN56 -> 3.24044
A58: noarch-flags | B58: 4 | C58: WR00L2L2 | D58: 9280 | E58: 64 | F58: 2 | G58: 2 | H58: 120.63 | I58: 4.4179 | J58: 45550 | K58: 0.21075231 | L58: 0 | M58: 0 | N58: 0 | O58: =O57 -> 4.42312 | R58: noarch-flags | S58: 4 | T58: WR00L2L2 | U58: 9280 | V58: 64 | W58: 2 | X58: 2 | Y58: 119.91 | Z58: 4.4443 | AA58: 45559 | AB58: 0.8550463 | AC58: 0 | AD58: 0 | AE58: 0 | AF58: =AF57 -> 4.48884 | AI58: linux_OpenBLAS | AJ58: 4 | AK58: WR00L2L2 | AL58: 9280 | AM58: 64 | AN58: 2 | AO58: 2 | AP58: 82.95 | AQ58: 6.4245 | AR58: 45559 | AS58: 0.76486111 | AT58: 0 | AU58: 0 | AV58: 0 | AW58: =AW57 -> 6.4157 | AZ58: linux_OpenBLAS | BA58: 4 | BB58: WR00L2L2 | BC58: 9280 | BD58: 64 | BE58: 2 | BF58: 2 | BG58: 163.54 | BH58: 3.2586 | BI58: 45560 | BJ58: 0.034641204 | BK58: 0 | BL58: 0 | BM58: 0 | BN58: =BN57 -> 3.24044
A59: noarch-flags | B59: 0 | C59: WR00L2L2 | D59: 9792 | E59: 64 | F59: 2 | G59: 2 | H59: 138.26 | I59: 4.5282 | J59: 45549 | K59: 0.9508912 | L59: 0 | M59: 0 | N59: 0 | O59: =AVERAGE(I59:I63) -> 4.53158 | R59: noarch-flags | S59: 0 | T59: WR00L2L2 | U59: 9792 | V59: 64 | W59: 2 | X59: 2 | Y59: 137.31 | Z59: 4.5596 | AA59: 45559 | AB59: 0.59506944 | AC59: 0 | AD59: 0 | AE59: 0 | AF59: =AVERAGE(Z59:Z63) -> 4.55874 | AI59: linux_OpenBLAS | AJ59: 0 | AK59: WR00L2L2 | AL59: 9792 | AM59: 64 | AN59: 2 | AO59: 2 | AP59: 96.43 | AQ59: 6.4926 | AR59: 45559 | AS59: 0.56674769 | AT59: 0 | AU59: 0 | AV59: 0 | AW59: =AVERAGE(AQ59:AQ63) -> 6.47246 | AZ59: linux_OpenBLAS | BA59: 0 | BB59: WR00L2L2 | BC59: 9792 | BD59: 64 | BE59: 2 | BF59: 2 | BG59: 182.41 | BH59: 3.4322 | BI59: 45559 | BJ59: 0.68517361 | BK59: 0 | BL59: 0 | BM59: 0 | BN59: =AVERAGE(BH59:BH63) -> 3.33936
A60: noarch-flags | B60: 1 | C60: WR00L2L2 | D60: 9792 | E60: 64 | F60: 2 | G60: 2 | H60: 138.09 | I60: 4.5337 | J60: 45550 | K60: 0.02212963 | L60: 0 | M60: 0 | N60: 0 | O60: =O59 -> 4.53158 | R60: noarch-flags | S60: 1 | T60: WR00L2L2 | U60: 9792 | V60: 64 | W60: 2 | X60: 2 | Y60: 137.36 | Z60: 4.5579 | AA60: 45559 | AB60: 0.6662963 | AC60: 0 | AD60: 0 | AE60: 0 | AF60: =AF59 -> 4.55874 | AI60: linux_OpenBLAS | AJ60: 1 | AK60: WR00L2L2 | AL60: 9792 | AM60: 64 | AN60: 2 | AO60: 2 | AP60: 96.92 | AQ60: 6.4595 | AR60: 45559 | AS60: 0.62090278 | AT60: 0 | AU60: 0 | AV60: 0 | AW60: =AW59 -> 6.47246 | AZ60: linux_OpenBLAS | BA60: 1 | BB60: WR00L2L2 | BC60: 9792 | BD60: 64 | BE60: 2 | BF60: 2 | BG60: 182.12 | BH60: 3.4377 | BI60: 45559 | BJ60: 0.78079861 | BK60: 0 | BL60: 0 | BM60: 0 | BN60: =BN59 -> 3.33936
A61: noarch-flags | B61: 2 | C61: WR00L2L2 | D61: 9792 | E61: 64 | F61: 2 | G61: 2 | H61: 138.07 | I61: 4.5345 | J61: 45550 | K61: 0.093252315 | L61: 0 | M61: 0 | N61: 0 | O61: =O60 -> 4.53158 | R61: noarch-flags | S61: 2 | T61: WR00L2L2 | U61: 9792 | V61: 64 | W61: 2 | X61: 2 | Y61: 137.31 | Z61: 4.5595 | AA61: 45559 | AB61: 0.73755787 | AC61: 0 | AD61: 0 | AE61: 0 | AF61: =AF60 -> 4.55874 | AI61: linux_OpenBLAS | AJ61: 2 | AK61: WR00L2L2 | AL61: 9792 | AM61: 64 | AN61: 2 | AO61: 2 | AP61: 96.65 | AQ61: 6.4778 | AR61: 45559 | AS61: 0.67515046 | AT61: 0 | AU61: 0 | AV61: 0 | AW61: =AW60 -> 6.47246 | AZ61: linux_OpenBLAS | BA61: 2 | BB61: WR00L2L2 | BC61: 9792 | BD61: 64 | BE61: 2 | BF61: 2 | BG61: 192.24 | BH61: 3.2568 | BI61: 45559 | BJ61: 0.87622685 | BK61: 0 | BL61: 0 | BM61: 0 | BN61: =BN60 -> 3.33936
A62: noarch-flags | B62: 3 | C62: WR00L2L2 | D62: 9792 | E62: 64 | F62: 2 | G62: 2 | H62: 138.4 | I62: 4.5237 | J62: 45550 | K62: 0.16443287 | L62: 0 | M62: 0 | N62: 0 | O62: =O61 -> 4.53158 | R62: noarch-flags | S62: 3 | T62: WR00L2L2 | U62: 9792 | V62: 64 | W62: 2 | X62: 2 | Y62: 137.3 | Z62: 4.5599 | AA62: 45559 | AB62: 0.80891204 | AC62: 0 | AD62: 0 | AE62: 0 | AF62: =AF61 -> 4.55874 | AI62: linux_OpenBLAS | AJ62: 3 | AK62: WR00L2L2 | AL62: 9792 | AM62: 64 | AN62: 2 | AO62: 2 | AP62: 96.92 | AQ62: 6.4595 | AR62: 45559 | AS62: 0.72930556 | AT62: 0 | AU62: 0 | AV62: 0 | AW62: =AW61 -> 6.47246 | AZ62: linux_OpenBLAS | BA62: 3 | BB62: WR00L2L2 | BC62: 9792 | BD62: 64 | BE62: 2 | BF62: 2 | BG62: 192.47 | BH62: 3.2529 | BI62: 45559 | BJ62: 0.97164352 | BK62: 0 | BL62: 0 | BM62: 0 | BN62: =BN61 -> 3.33936
A63: noarch-flags | B63: 4 | C63: WR00L2L2 | D63: 9792 | E63: 64 | F63: 2 | G63: 2 | H63: 137.97 | I63: 4.5378 | J63: 45550 | K63: 0.23561343 | L63: 0 | M63: 0 | N63: 0 | O63: =O62 -> 4.53158 | R63: noarch-flags | S63: 4 | T63: WR00L2L2 | U63: 9792 | V63: 64 | W63: 2 | X63: 2 | Y63: 137.39 | Z63: 4.5568 | AA63: 45559 | AB63: 0.87984954 | AC63: 0 | AD63: 0 | AE63: 0 | AF63: =AF62 -> 4.55874 | AI63: linux_OpenBLAS | AJ63: 4 | AK63: WR00L2L2 | AL63: 9792 | AM63: 64 | AN63: 2 | AO63: 2 | AP63: 96.72 | AQ63: 6.4729 | AR63: 45559 | AS63: 0.78362269 | AT63: 0 | AU63: 0 | AV63: 0 | AW63: =AW62 -> 6.47246 | AZ63: linux_OpenBLAS | BA63: 4 | BB63: WR00L2L2 | BC63: 9792 | BD63: 64 | BE63: 2 | BF63: 2 | BG63: 188.73 | BH63: 3.3172 | BI63: 45560 | BJ63: 0.067511574 | BK63: 0 | BL63: 0 | BM63: 0 | BN63: =BN62 -> 3.33936
A64: noarch-flags | B64: 0 | C64: WR00L2L2 | D64: 8736 | E64: 96 | F64: 1 | G64: 4 | H64: 96.87 | I64: 4.5895 | J64: 45549 | K64: 0.90627315 | L64: 0 | M64: 0 | N64: 0 | O64: =AVERAGE(I64:I68) -> 4.59112 | R64: noarch-flags | S64: 0 | T64: WR00L2L2 | U64: 8736 | V64: 96 | W64: 1 | X64: 4 | Y64: 96.57 | Z64: 4.6036 | AA64: 45559 | AB64: 0.55038194 | AC64: 0 | AD64: 0 | AE64: 0 | AF64: =AF63 -> 4.55874 | AI64: linux_OpenBLAS | AJ64: 0 | AK64: WR00L2L2 | AL64: 8736 | AM64: 96 | AN64: 1 | AO64: 4 | AP64: 66.49 | AQ64: 6.6867 | AR64: 45559 | AS64: 0.53291667 | AT64: 0 | AU64: 0 | AV64: 0 | AW64: =AVERAGE(AQ64:AQ68) -> 6.67586 | AZ64: linux_OpenBLAS | BA64: 0 | BB64: WR00L2L2 | BC64: 8736 | BD64: 96 | BE64: 1 | BF64: 4 | BG64: 117.39 | BH64: 3.7874 | BI64: 45559 | BJ64: 0.62498843 | BK64: 0 | BL64: 0 | BM64: 0 | BN64: =AVERAGE(BH64:BH68) -> 3.73032
A65: noarch-flags | B65: 1 | C65: WR00L2L2 | D65: 8736 | E65: 96 | F65: 1 | G65: 4 | H65: 96.83 | I65: 4.5914 | J65: 45549 | K65: 0.9775463 | L65: 0 | M65: 0 | N65: 0 | O65: =O64 -> 4.59112 | R65: noarch-flags | S65: 1 | T65: WR00L2L2 | U65: 8736 | V65: 96 | W65: 1 | X65: 4 | Y65: 96.57 | Z65: 4.6036 | AA65: 45559 | AB65: 0.62162037 | AC65: 0 | AD65: 0 | AE65: 0 | AF65: =AF64 -> 4.55874 | AI65: linux_OpenBLAS | AJ65: 1 | AK65: WR00L2L2 | AL65: 8736 | AM65: 96 | AN65: 1 | AO65: 4 | AP65: 66.61 | AQ65: 6.6743 | AR65: 45559 | AS65: 0.58704861 | AT65: 0 | AU65: 0 | AV65: 0 | AW65: =AW64 -> 6.67586 | AZ65: linux_OpenBLAS | BA65: 1 | BB65: WR00L2L2 | BC65: 8736 | BD65: 96 | BE65: 1 | BF65: 4 | BG65: 113.29 | BH65: 3.9243 | BI65: 45559 | BJ65: 0.72048611 | BK65: 0 | BL65: 0 | BM65: 0 | BN65: =BN64 -> 3.73032
A66: noarch-flags | B66: 2 | C66: WR00L2L2 | D66: 8736 | E66: 96 | F66: 1 | G66: 4 | H66: 96.83 | I66: 4.5916 | J66: 45550 | K66: 0.04869213 | L66: 0 | M66: 0 | N66: 0 | O66: =O65 -> 4.59112 | R66: noarch-flags | S66: 2 | T66: WR00L2L2 | U66: 8736 | V66: 96 | W66: 1 | X66: 4 | Y66: 96.59 | Z66: 4.6027 | AA66: 45559 | AB66: 0.6928588 | AC66: 0 | AD66: 0 | AE66: 0 | AF66: =AVERAGE(Z66:Z70) -> 4.48764 | AI66: linux_OpenBLAS | AJ66: 2 | AK66: WR00L2L2 | AL66: 8736 | AM66: 96 | AN66: 1 | AO66: 4 | AP66: 66.59 | AQ66: 6.6761 | AR66: 45559 | AS66: 0.64126157 | AT66: 0 | AU66: 0 | AV66: 0 | AW66: =AW65 -> 6.67586 | AZ66: linux_OpenBLAS | BA66: 2 | BB66: WR00L2L2 | BC66: 8736 | BD66: 96 | BE66: 1 | BF66: 4 | BG66: 125.17 | BH66: 3.5519 | BI66: 45559 | BJ66: 0.81584491 | BK66: 0 | BL66: 0 | BM66: 0 | BN66: =BN65 -> 3.73032
A67: noarch-flags | B67: 3 | C67: WR00L2L2 | D67: 8736 | E67: 96 | F67: 1 | G67: 4 | H67: 96.86 | I67: 4.59 | J67: 45550 | K67: 0.11984954 | L67: 0 | M67: 0 | N67: 0 | O67: =O66 -> 4.59112 | R67: noarch-flags | S67: 3 | T67: WR00L2L2 | U67: 8736 | V67: 96 | W67: 1 | X67: 4 | Y67: 96.55 | Z67: 4.6048 | AA67: 45559 | AB67: 0.76413194 | AC67: 0 | AD67: 0 | AE67: 0 | AF67: =AF66 -> 4.48764 | AI67: linux_OpenBLAS | AJ67: 3 | AK67: WR00L2L2 | AL67: 8736 | AM67: 96 | AN67: 1 | AO67: 4 | AP67: 66.56 | AQ67: 6.6797 | AR67: 45559 | AS67: 0.69541667 | AT67: 0 | AU67: 0 | AV67: 0 | AW67: =AW66 -> 6.67586 | AZ67: linux_OpenBLAS | BA67: 3 | BB67: WR00L2L2 | BC67: 8736 | BD67: 96 | BE67: 1 | BF67: 4 | BG67: 124.03 | BH67: 3.5846 | BI67: 45559 | BJ67: 0.91163194 | BK67: 0 | BL67: 0 | BM67: 0 | BN67: =BN66 -> 3.73032
A68: noarch-flags | B68: 4 | C68: WR00L2L2 | D68: 8736 | E68: 96 | F68: 1 | G68: 4 | H68: 96.8 | I68: 4.5931 | J68: 45550 | K68: 0.19104167 | L68: 0 | M68: 0 | N68: 0 | O68: =O67 -> 4.59112 | R68: noarch-flags | S68: 4 | T68: WR00L2L2 | U68: 8736 | V68: 96 | W68: 1 | X68: 4 | Y68: 96.58 | Z68: 4.6035 | AA68: 45559 | AB68: 0.83539352 | AC68: 0 | AD68: 0 | AE68: 0 | AF68: =AF67 -> 4.48764 | AI68: linux_OpenBLAS | AJ68: 4 | AK68: WR00L2L2 | AL68: 8736 | AM68: 96 | AN68: 1 | AO68: 4 | AP68: 66.73 | AQ68: 6.6625 | AR68: 45559 | AS68: 0.74972222 | AT68: 0 | AU68: 0 | AV68: 0 | AW68: =AW67 -> 6.67586 | AZ68: linux_OpenBLAS | BA68: 4 | BB68: WR00L2L2 | BC68: 8736 | BD68: 96 | BE68: 1 | BF68: 4 | BG68: 116.89 | BH68: 3.8034 | BI68: 45560 | BJ68: 0.0069097222 | BK68: 0 | BL68: 0 | BM68: 0 | BN68: =BN67 -> 3.73032
A69: noarch-flags | B69: 0 | C69: WR00L2L2 | D69: 9216 | E69: 96 | F69: 1 | G69: 4 | H69: 121.29 | I69: 4.3035 | J69: 45549 | K69: 0.92752315 | L69: 0 | M69: 0 | N69: 0 | O69: =AVERAGE(I69:I73) -> 4.3222 | R69: noarch-flags | S69: 0 | T69: WR00L2L2 | U69: 9216 | V69: 96 | W69: 1 | X69: 4 | Y69: 120.94 | Z69: 4.316 | AA69: 45559 | AB69: 0.57170139 | AC69: 0 | AD69: 0 | AE69: 0 | AF69: =AVERAGE(Z69:Z73) -> 4.31042 | AI69: linux_OpenBLAS | AJ69: 0 | AK69: WR00L2L2 | AL69: 9216 | AM69: 96 | AN69: 1 | AO69: 4 | AP69: 78.18 | AQ69: 6.6761 | AR69: 45559 | AS69: 0.5490625 | AT69: 0 | AU69: 0 | AV69: 0 | AW69: =AVERAGE(AQ69:AQ73) -> 6.65884 | AZ69: linux_OpenBLAS | BA69: 0 | BB69: WR00L2L2 | BC69: 9216 | BD69: 96 | BE69: 1 | BF69: 4 | BG69: 140 | BH69: 3.7283 | BI69: 45559 | BJ69: 0.65423611 | BK69: 0 | BL69: 0 | BM69: 0 | BN69: =AVERAGE(BH69:BH73) -> 3.88888
A70: noarch-flags | B70: 1 | C70: WR00L2L2 | D70: 9216 | E70: 96 | F70: 1 | G70: 4 | H70: 120.45 | I70: 4.3335 | J70: 45549 | K70: 0.99878472 | L70: 0 | M70: 0 | N70: 0 | O70: =O69 -> 4.3222 | R70: noarch-flags | S70: 1 | T70: WR00L2L2 | U70: 9216 | V70: 96 | W70: 1 | X70: 4 | Y70: 121.07 | Z70: 4.3112 | AA70: 45559 | AB70: 0.64295139 | AC70: 0 | AD70: 0 | AE70: 0 | AF70: =AF69 -> 4.31042 | AI70: linux_OpenBLAS | AJ70: 1 | AK70: WR00L2L2 | AL70: 9216 | AM70: 96 | AN70: 1 | AO70: 4 | AP70: 78.25 | AQ70: 6.6705 | AR70: 45559 | AS70: 0.60321759 | AT70: 0 | AU70: 0 | AV70: 0 | AW70: =AW69 -> 6.65884 | AZ70: linux_OpenBLAS | BA70: 1 | BB70: WR00L2L2 | BC70: 9216 | BD70: 96 | BE70: 1 | BF70: 4 | BG70: 130.01 | BH70: 4.0148 | BI70: 45559 | BJ70: 0.74976852 | BK70: 0 | BL70: 0 | BM70: 0 | BN70: =BN69 -> 3.88888
A71: noarch-flags | B71: 2 | C71: WR00L2L2 | D71: 9216 | E71: 96 | F71: 1 | G71: 4 | H71: 120.81 | I71: 4.3204 | J71: 45550 | K71: 0.069930556 | L71: 0 | M71: 0 | N71: 0 | O71: =O70 -> 4.3222 | R71: noarch-flags | S71: 2 | T71: WR00L2L2 | U71: 9216 | V71: 96 | W71: 1 | X71: 4 | Y71: 121.14 | Z71: 4.309 | AA71: 45559 | AB71: 0.71417824 | AC71: 0 | AD71: 0 | AE71: 0 | AF71: =AF70 -> 4.31042 | AI71: linux_OpenBLAS | AJ71: 2 | AK71: WR00L2L2 | AL71: 9216 | AM71: 96 | AN71: 1 | AO71: 4 | AP71: 78.36 | AQ71: 6.6612 | AR71: 45559 | AS71: 0.6574537 | AT71: 0 | AU71: 0 | AV71: 0 | AW71: =AW70 -> 6.65884 | AZ71: linux_OpenBLAS | BA71: 2 | BB71: WR00L2L2 | BC71: 9216 | BD71: 96 | BE71: 1 | BF71: 4 | BG71: 131.06 | BH71: 3.9825 | BI71: 45559 | BJ71: 0.84519676 | BK71: 0 | BL71: 0 | BM71: 0 | BN71: =BN70 -> 3.88888
A72: noarch-flags | B72: 3 | C72: WR00L2L2 | D72: 9216 | E72: 96 | F72: 1 | G72: 4 | H72: 120.61 | I72: 4.3276 | J72: 45550 | K72: 0.14109954 | L72: 0 | M72: 0 | N72: 0 | O72: =O71 -> 4.3222 | R72: noarch-flags | S72: 3 | T72: WR00L2L2 | U72: 9216 | V72: 96 | W72: 1 | X72: 4 | Y72: 121 | Z72: 4.3139 | AA72: 45559 | AB72: 0.78546296 | AC72: 0 | AD72: 0 | AE72: 0 | AF72: =AF71 -> 4.31042 | AI72: linux_OpenBLAS | AJ72: 3 | AK72: WR00L2L2 | AL72: 9216 | AM72: 96 | AN72: 1 | AO72: 4 | AP72: 78.66 | AQ72: 6.6354 | AR72: 45559 | AS72: 0.71159722 | AT72: 0 | AU72: 0 | AV72: 0 | AW72: =AW71 -> 6.65884 | AZ72: linux_OpenBLAS | BA72: 3 | BB72: WR00L2L2 | BC72: 9216 | BD72: 96 | BE72: 1 | BF72: 4 | BG72: 135.12 | BH72: 3.863 | BI72: 45559 | BJ72: 0.94054398 | BK72: 0 | BL72: 0 | BM72: 0 | BN72: =BN71 -> 3.88888
A73: noarch-flags | B73: 4 | C73: WR00L2L2 | D73: 9216 | E73: 96 | F73: 1 | G73: 4 | H73: 120.66 | I73: 4.326 | J73: 45550 | K73: 0.21229167 | L73: 0 | M73: 0 | N73: 0 | O73: =O72 -> 4.3222 | R73: noarch-flags | S73: 4 | T73: WR00L2L2 | U73: 9216 | V73: 96 | W73: 1 | X73: 4 | Y73: 121.33 | Z73: 4.302 | AA73: 45559 | AB73: 0.85659722 | AC73: 0 | AD73: 0 | AE73: 0 | AF73: =AF72 -> 4.31042 | AI73: linux_OpenBLAS | AJ73: 4 | AK73: WR00L2L2 | AL73: 9216 | AM73: 96 | AN73: 1 | AO73: 4 | AP73: 78.48 | AQ73: 6.651 | AR73: 45559 | AS73: 0.76591435 | AT73: 0 | AU73: 0 | AV73: 0 | AW73: =AW72 -> 6.65884 | AZ73: linux_OpenBLAS | BA73: 4 | BB73: WR00L2L2 | BC73: 9216 | BD73: 96 | BE73: 1 | BF73: 4 | BG73: 135.37 | BH73: 3.8558 | BI73: 45560 | BJ73: 0.036354167 | BK73: 0 | BL73: 0 | BM73: 0 | BN73: =BN72 -> 3.88888
A74: noarch-flags | B74: 0 | C74: WR00L2L2 | D74: 9792 | E74: 96 | F74: 1 | G74: 4 | H74: 134.69 | I74: 4.6481 | J74: 45549 | K74: 0.95260417 | L74: 0 | M74: 0 | N74: 0 | O74: =AVERAGE(I74:I78) -> 4.65496 | R74: noarch-flags | S74: 0 | T74: WR00L2L2 | U74: 9792 | V74: 96 | W74: 1 | X74: 4 | Y74: 134.14 | Z74: 4.6674 | AA74: 45559 | AB74: 0.59678241 | AC74: 0 | AD74: 0 | AE74: 0 | AF74: =AF73 -> 4.31042 | AI74: linux_OpenBLAS | AJ74: 0 | AK74: WR00L2L2 | AL74: 9792 | AM74: 96 | AN74: 1 | AO74: 4 | AP74: 91.92 | AQ74: 6.8108 | AR74: 45559 | AS74: 0.56797454 | AT74: 0 | AU74: 0 | AV74: 0 | AW74: =AVERAGE(AQ74:AQ78) -> 6.7698 | AZ74: linux_OpenBLAS | BA74: 0 | BB74: WR00L2L2 | BC74: 9792 | BD74: 96 | BE74: 1 | BF74: 4 | BG74: 150.15 | BH74: 4.1698 | BI74: 45559 | BJ74: 0.68708333 | BK74: 0 | BL74: 0 | BM74: 0 | BN74: =AVERAGE(BH74:BH78) -> 4.09934
A75: noarch-flags | B75: 1 | C75: WR00L2L2 | D75: 9792 | E75: 96 | F75: 1 | G75: 4 | H75: 134.39 | I75: 4.6586 | J75: 45550 | K75: 0.023842593 | L75: 0 | M75: 0 | N75: 0 | O75: =O74 -> 4.65496 | R75: noarch-flags | S75: 1 | T75: WR00L2L2 | U75: 9792 | V75: 96 | W75: 1 | X75: 4 | Y75: 134.11 | Z75: 4.6683 | AA75: 45559 | AB75: 0.66802083 | AC75: 0 | AD75: 0 | AE75: 0 | AF75: =AF74 -> 4.31042 | AI75: linux_OpenBLAS | AJ75: 1 | AK75: WR00L2L2 | AL75: 9792 | AM75: 96 | AN75: 1 | AO75: 4 | AP75: 92.99 | AQ75: 6.7327 | AR75: 45559 | AS75: 0.6221412 | AT75: 0 | AU75: 0 | AV75: 0 | AW75: =AW74 -> 6.7698 | AZ75: linux_OpenBLAS | BA75: 1 | BB75: WR00L2L2 | BC75: 9792 | BD75: 96 | BE75: 1 | BF75: 4 | BG75: 146.26 | BH75: 4.2804 | BI75: 45559 | BJ75: 0.78266204 | BK75: 0 | BL75: 0 | BM75: 0 | BN75: =BN74 -> 4.09934
A76: noarch-flags | B76: 2 | C76: WR00L2L2 | D76: 9792 | E76: 96 | F76: 1 | G76: 4 | H76: 134.58 | I76: 4.652 | J76: 45550 | K76: 0.094965278 | L76: 0 | M76: 0 | N76: 0 | O76: =O75 -> 4.65496 | R76: noarch-flags | S76: 2 | T76: WR00L2L2 | U76: 9792 | V76: 96 | W76: 1 | X76: 4 | Y76: 134.16 | Z76: 4.6665 | AA76: 45559 | AB76: 0.73927083 | AC76: 0 | AD76: 0 | AE76: 0 | AF76: =AF75 -> 4.31042 | AI76: linux_OpenBLAS | AJ76: 2 | AK76: WR00L2L2 | AL76: 9792 | AM76: 96 | AN76: 1 | AO76: 4 | AP76: 93.4 | AQ76: 6.703 | AR76: 45559 | AS76: 0.67638889 | AT76: 0 | AU76: 0 | AV76: 0 | AW76: =AW75 -> 6.7698 | AZ76: linux_OpenBLAS | BA76: 2 | BB76: WR00L2L2 | BC76: 9792 | BD76: 96 | BE76: 1 | BF76: 4 | BG76: 157.99 | BH76: 3.9628 | BI76: 45559 | BJ76: 0.87821759 | BK76: 0 | BL76: 0 | BM76: 0 | BN76: =BN75 -> 4.09934
A77: noarch-flags | B77: 3 | C77: WR00L2L2 | D77: 9792 | E77: 96 | F77: 1 | G77: 4 | H77: 134.37 | I77: 4.6594 | J77: 45550 | K77: 0.16613426 | L77: 0 | M77: 0 | N77: 0 | O77: =O76 -> 4.65496 | R77: noarch-flags | S77: 3 | T77: WR00L2L2 | U77: 9792 | V77: 96 | W77: 1 | X77: 4 | Y77: 134.22 | Z77: 4.6644 | AA77: 45559 | AB77: 0.810625 | AC77: 0 | AD77: 0 | AE77: 0 | AF77: =AVERAGE(Z77:Z81) -> 4.74824 | AI77: linux_OpenBLAS | AJ77: 3 | AK77: WR00L2L2 | AL77: 9792 | AM77: 96 | AN77: 1 | AO77: 4 | AP77: 92.11 | AQ77: 6.797 | AR77: 45559 | AS77: 0.73053241 | AT77: 0 | AU77: 0 | AV77: 0 | AW77: =AW76 -> 6.7698 | AZ77: linux_OpenBLAS | BA77: 3 | BB77: WR00L2L2 | BC77: 9792 | BD77: 96 | BE77: 1 | BF77: 4 | BG77: 154.85 | BH77: 4.0431 | BI77: 45559 | BJ77: 0.97361111 | BK77: 0 | BL77: 0 | BM77: 0 | BN77: =BN76 -> 4.09934
A78: noarch-flags | B78: 4 | C78: WR00L2L2 | D78: 9792 | E78: 96 | F78: 1 | G78: 4 | H78: 134.44 | I78: 4.6567 | J78: 45550 | K78: 0.23732639 | L78: 0 | M78: 0 | N78: 0 | O78: =O77 -> 4.65496 | R78: noarch-flags | S78: 4 | T78: WR00L2L2 | U78: 9792 | V78: 96 | W78: 1 | X78: 4 | Y78: 134.12 | Z78: 4.6679 | AA78: 45559 | AB78: 0.8815625 | AC78: 0 | AD78: 0 | AE78: 0 | AF78: =AF77 -> 4.74824 | AI78: linux_OpenBLAS | AJ78: 4 | AK78: WR00L2L2 | AL78: 9792 | AM78: 96 | AN78: 1 | AO78: 4 | AP78: 91.99 | AQ78: 6.8055 | AR78: 45559 | AS78: 0.78484954 | AT78: 0 | AU78: 0 | AV78: 0 | AW78: =AW77 -> 6.7698 | AZ78: linux_OpenBLAS | BA78: 4 | BB78: WR00L2L2 | BC78: 9792 | BD78: 96 | BE78: 1 | BF78: 4 | BG78: 154.94 | BH78: 4.0406 | BI78: 45560 | BJ78: 0.069467593 | BK78: 0 | BL78: 0 | BM78: 0 | BN78: =BN77 -> 4.09934
A79: noarch-flags | B79: 0 | C79: WR00L2L2 | D79: 8736 | E79: 96 | F79: 2 | G79: 2 | H79: 92.8 | I79: 4.7907 | J79: 45549 | K79: 0.90746528 | L79: 0 | M79: 0 | N79: 0 | O79: =AVERAGE(I79:I83) -> 4.80216 | R79: noarch-flags | S79: 0 | T79: WR00L2L2 | U79: 8736 | V79: 96 | W79: 2 | X79: 2 | Y79: 92.59 | Z79: 4.8017 | AA79: 45559 | AB79: 0.55158565 | AC79: 0 | AD79: 0 | AE79: 0 | AF79: =AVERAGE(Z79:Z83) -> 4.79318 | AI79: linux_OpenBLAS | AJ79: 0 | AK79: WR00L2L2 | AL79: 8736 | AM79: 96 | AN79: 2 | AO79: 2 | AP79: 68.1 | AQ79: 6.5288 | AR79: 45559 | AS79: 0.53383102 | AT79: 0 | AU79: 0 | AV79: 0 | AW79: =AVERAGE(AQ79:AQ83) -> 6.5044 | AZ79: linux_OpenBLAS | BA79: 0 | BB79: WR00L2L2 | BC79: 8736 | BD79: 96 | BE79: 2 | BF79: 2 | BG79: 142.02 | BH79: 3.1304 | BI79: 45559 | BJ79: 0.62677083 | BK79: 0 | BL79: 0 | BM79: 0 | BN79: =AVERAGE(BH79:BH83) -> 3.2499
A80: noarch-flags | B80: 1 | C80: WR00L2L2 | D80: 8736 | E80: 96 | F80: 2 | G80: 2 | H80: 92.32 | I80: 4.8157 | J80: 45549 | K80: 0.97873843 | L80: 0 | M80: 0 | N80: 0 | O80: =O79 -> 4.80216 | R80: noarch-flags | S80: 1 | T80: WR00L2L2 | U80: 8736 | V80: 96 | W80: 2 | X80: 2 | Y80: 92.52 | Z80: 4.8053 | AA80: 45559 | AB80: 0.62282407 | AC80: 0 | AD80: 0 | AE80: 0 | AF80: =AF79 -> 4.79318 | AI80: linux_OpenBLAS | AJ80: 1 | AK80: WR00L2L2 | AL80: 8736 | AM80: 96 | AN80: 2 | AO80: 2 | AP80: 68.43 | AQ80: 6.4973 | AR80: 45559 | AS80: 0.58796296 | AT80: 0 | AU80: 0 | AV80: 0 | AW80: =AW79 -> 6.5044 | AZ80: linux_OpenBLAS | BA80: 1 | BB80: WR00L2L2 | BC80: 8736 | BD80: 96 | BE80: 2 | BF80: 2 | BG80: 129.26 | BH80: 3.4395 | BI80: 45559 | BJ80: 0.72211806 | BK80: 0 | BL80: 0 | BM80: 0 | BN80: =BN79 -> 3.2499
A81: noarch-flags | B81: 2 | C81: WR00L2L2 | D81: 8736 | E81: 96 | F81: 2 | G81: 2 | H81: 92.54 | I81: 4.8045 | J81: 45550 | K81: 0.049884259 | L81: 0 | M81: 0 | N81: 0 | O81: =O80 -> 4.80216 | R81: noarch-flags | S81: 2 | T81: WR00L2L2 | U81: 8736 | V81: 96 | W81: 2 | X81: 2 | Y81: 92.59 | Z81: 4.8019 | AA81: 45559 | AB81: 0.69407407 | AC81: 0 | AD81: 0 | AE81: 0 | AF81: =AF80 -> 4.79318 | AI81: linux_OpenBLAS | AJ81: 2 | AK81: WR00L2L2 | AL81: 8736 | AM81: 96 | AN81: 2 | AO81: 2 | AP81: 68.75 | AQ81: 6.4672 | AR81: 45559 | AS81: 0.6421875 | AT81: 0 | AU81: 0 | AV81: 0 | AW81: =AW80 -> 6.5044 | AZ81: linux_OpenBLAS | BA81: 2 | BB81: WR00L2L2 | BC81: 8736 | BD81: 96 | BE81: 2 | BF81: 2 | BG81: 139.56 | BH81: 3.1857 | BI81: 45559 | BJ81: 0.81759259 | BK81: 0 | BL81: 0 | BM81: 0 | BN81: =BN80 -> 3.2499
A82: noarch-flags | B82: 3 | C82: WR00L2L2 | D82: 8736 | E82: 96 | F82: 2 | G82: 2 | H82: 92.8 | I82: 4.7909 | J82: 45550 | K82: 0.12105324 | L82: 0 | M82: 0 | N82: 0 | O82: =O81 -> 4.80216 | R82: noarch-flags | S82: 3 | T82: WR00L2L2 | U82: 8736 | V82: 96 | W82: 2 | X82: 2 | Y82: 93.55 | Z82: 4.7524 | AA82: 45559 | AB82: 0.76534722 | AC82: 0 | AD82: 0 | AE82: 0 | AF82: =AF81 -> 4.79318 | AI82: linux_OpenBLAS | AJ82: 3 | AK82: WR00L2L2 | AL82: 8736 | AM82: 96 | AN82: 2 | AO82: 2 | AP82: 68.39 | AQ82: 6.5006 | AR82: 45559 | AS82: 0.69633102 | AT82: 0 | AU82: 0 | AV82: 0 | AW82: =AW81 -> 6.5044 | AZ82: linux_OpenBLAS | BA82: 3 | BB82: WR00L2L2 | BC82: 8736 | BD82: 96 | BE82: 2 | BF82: 2 | BG82: 132.77 | BH82: 3.3485 | BI82: 45559 | BJ82: 0.91329861 | BK82: 0 | BL82: 0 | BM82: 0 | BN82: =BN81 -> 3.2499
A83: noarch-flags | B83: 4 | C83: WR00L2L2 | D83: 8736 | E83: 96 | F83: 2 | G83: 2 | H83: 92.45 | I83: 4.809 | J83: 45550 | K83: 0.1922338 | L83: 0 | M83: 0 | N83: 0 | O83: =O82 -> 4.80216 | R83: noarch-flags | S83: 4 | T83: WR00L2L2 | U83: 8736 | V83: 96 | W83: 2 | X83: 2 | Y83: 92.53 | Z83: 4.8046 | AA83: 45559 | AB83: 0.83658565 | AC83: 0 | AD83: 0 | AE83: 0 | AF83: =AF82 -> 4.79318 | AI83: linux_OpenBLAS | AJ83: 4 | AK83: WR00L2L2 | AL83: 8736 | AM83: 96 | AN83: 2 | AO83: 2 | AP83: 68.1 | AQ83: 6.5281 | AR83: 45559 | AS83: 0.75063657 | AT83: 0 | AU83: 0 | AV83: 0 | AW83: =AW82 -> 6.5044 | AZ83: linux_OpenBLAS | BA83: 4 | BB83: WR00L2L2 | BC83: 8736 | BD83: 96 | BE83: 2 | BF83: 2 | BG83: 141.34 | BH83: 3.1454 | BI83: 45560 | BJ83: 0.0086805556 | BK83: 0 | BL83: 0 | BM83: 0 | BN83: =BN82 -> 3.2499
A84: noarch-flags | B84: 0 | C84: WR00L2L2 | D84: 9216 | E84: 96 | F84: 2 | G84: 2 | H84: 113.47 | I84: 4.5999 | J84: 45549 | K84: 0.92896991 | L84: 0 | M84: 0 | N84: 0 | O84: =AVERAGE(I84:I88) -> 4.59104 | R84: noarch-flags | S84: 0 | T84: WR00L2L2 | U84: 9216 | V84: 96 | W84: 2 | X84: 2 | Y84: 113.24 | Z84: 4.6096 | AA84: 45559 | AB84: 0.57314815 | AC84: 0 | AD84: 0 | AE84: 0 | AF84: =AF83 -> 4.79318 | AI84: linux_OpenBLAS | AJ84: 0 | AK84: WR00L2L2 | AL84: 9216 | AM84: 96 | AN84: 2 | AO84: 2 | AP84: 79.53 | AQ84: 6.5632 | AR84: 45559 | AS84: 0.55012731 | AT84: 0 | AU84: 0 | AV84: 0 | AW84: =AVERAGE(AQ84:AQ88) -> 6.5627 | AZ84: linux_OpenBLAS | BA84: 0 | BB84: WR00L2L2 | BC84: 9216 | BD84: 96 | BE84: 2 | BF84: 2 | BG84: 156.88 | BH84: 3.3271 | BI84: 45559 | BJ84: 0.6562037 | BK84: 0 | BL84: 0 | BM84: 0 | BN84: =AVERAGE(BH84:BH88) -> 3.3928
A85: noarch-flags | B85: 1 | C85: WR00L2L2 | D85: 9216 | E85: 96 | F85: 2 | G85: 2 | H85: 114.2 | I85: 4.5706 | J85: 45550 | K85: 0.00024305556 | L85: 0 | M85: 0 | N85: 0 | O85: =O84 -> 4.59104 | R85: noarch-flags | S85: 1 | T85: WR00L2L2 | U85: 9216 | V85: 96 | W85: 2 | X85: 2 | Y85: 113.22 | Z85: 4.6103 | AA85: 45559 | AB85: 0.64439815 | AC85: 0 | AD85: 0 | AE85: 0 | AF85: =AF84 -> 4.79318 | AI85: linux_OpenBLAS | AJ85: 1 | AK85: WR00L2L2 | AL85: 9216 | AM85: 96 | AN85: 2 | AO85: 2 | AP85: 79.59 | AQ85: 6.5584 | AR85: 45559 | AS85: 0.60428241 | AT85: 0 | AU85: 0 | AV85: 0 | AW85: =AW84 -> 6.5627 | AZ85: linux_OpenBLAS | BA85: 1 | BB85: WR00L2L2 | BC85: 9216 | BD85: 96 | BE85: 2 | BF85: 2 | BG85: 157.81 | BH85: 3.3076 | BI85: 45559 | BJ85: 0.75173611 | BK85: 0 | BL85: 0 | BM85: 0 | BN85: =BN84 -> 3.3928
A86: noarch-flags | B86: 2 | C86: WR00L2L2 | D86: 9216 | E86: 96 | F86: 2 | G86: 2 | H86: 113.54 | I86: 4.5972 | J86: 45550 | K86: 0.071377315 | L86: 0 | M86: 0 | N86: 0 | O86: =O85 -> 4.59104 | R86: noarch-flags | S86: 2 | T86: WR00L2L2 | U86: 9216 | V86: 96 | W86: 2 | X86: 2 | Y86: 113.11 | Z86: 4.6147 | AA86: 45559 | AB86: 0.71563657 | AC86: 0 | AD86: 0 | AE86: 0 | AF86: =AF85 -> 4.79318 | AI86: linux_OpenBLAS | AJ86: 2 | AK86: WR00L2L2 | AL86: 9216 | AM86: 96 | AN86: 2 | AO86: 2 | AP86: 79.54 | AQ86: 6.5619 | AR86: 45559 | AS86: 0.65851852 | AT86: 0 | AU86: 0 | AV86: 0 | AW86: =AW85 -> 6.5627 | AZ86: linux_OpenBLAS | BA86: 2 | BB86: WR00L2L2 | BC86: 9216 | BD86: 96 | BE86: 2 | BF86: 2 | BG86: 150.65 | BH86: 3.4647 | BI86: 45559 | BJ86: 0.84708333 | BK86: 0 | BL86: 0 | BM86: 0 | BN86: =BN85 -> 3.3928
A87: noarch-flags | B87: 3 | C87: WR00L2L2 | D87: 9216 | E87: 96 | F87: 2 | G87: 2 | H87: 113.59 | I87: 4.595 | J87: 45550 | K87: 0.1425463 | L87: 0 | M87: 0 | N87: 0 | O87: =O86 -> 4.59104 | R87: noarch-flags | S87: 3 | T87: WR00L2L2 | U87: 9216 | V87: 96 | W87: 2 | X87: 2 | Y87: 113.2 | Z87: 4.611 | AA87: 45559 | AB87: 0.78690972 | AC87: 0 | AD87: 0 | AE87: 0 | AF87: =AVERAGE(Z87:Z91) -> 4.7738 | AI87: linux_OpenBLAS | AJ87: 3 | AK87: WR00L2L2 | AL87: 9216 | AM87: 96 | AN87: 2 | AO87: 2 | AP87: 79.38 | AQ87: 6.5754 | AR87: 45559 | AS87: 0.71266204 | AT87: 0 | AU87: 0 | AV87: 0 | AW87: =AW86 -> 6.5627 | AZ87: linux_OpenBLAS | BA87: 3 | BB87: WR00L2L2 | BC87: 9216 | BD87: 96 | BE87: 2 | BF87: 2 | BG87: 156.41 | BH87: 3.3371 | BI87: 45559 | BJ87: 0.9425 | BK87: 0 | BL87: 0 | BM87: 0 | BN87: =BN86 -> 3.3928
A88: noarch-flags | B88: 4 | C88: WR00L2L2 | D88: 9216 | E88: 96 | F88: 2 | G88: 2 | H88: 113.66 | I88: 4.5925 | J88: 45550 | K88: 0.21373843 | L88: 0 | M88: 0 | N88: 0 | O88: =O87 -> 4.59104 | R88: noarch-flags | S88: 4 | T88: WR00L2L2 | U88: 9216 | V88: 96 | W88: 2 | X88: 2 | Y88: 113.25 | Z88: 4.6089 | AA88: 45559 | AB88: 0.85804398 | AC88: 0 | AD88: 0 | AE88: 0 | AF88: =AF87 -> 4.7738 | AI88: linux_OpenBLAS | AJ88: 4 | AK88: WR00L2L2 | AL88: 9216 | AM88: 96 | AN88: 2 | AO88: 2 | AP88: 79.63 | AQ88: 6.5546 | AR88: 45559 | AS88: 0.76696759 | AT88: 0 | AU88: 0 | AV88: 0 | AW88: =AW87 -> 6.5627 | AZ88: linux_OpenBLAS | BA88: 4 | BB88: WR00L2L2 | BC88: 9216 | BD88: 96 | BE88: 2 | BF88: 2 | BG88: 147.97 | BH88: 3.5275 | BI88: 45560 | BJ88: 0.038206019 | BK88: 0 | BL88: 0 | BM88: 0 | BN88: =BN87 -> 3.3928
A89: noarch-flags | B89: 0 | C89: WR00L2L2 | D89: 9792 | E89: 96 | F89: 2 | G89: 2 | H89: 128.81 | I89: 4.8604 | J89: 45549 | K89: 0.95424769 | L89: 0 | M89: 0 | N89: 0 | O89: =AVERAGE(I89:I93) -> 4.85802 | R89: noarch-flags | S89: 0 | T89: WR00L2L2 | U89: 9792 | V89: 96 | W89: 2 | X89: 2 | Y89: 128.15 | Z89: 4.8856 | AA89: 45559 | AB89: 0.59842593 | AC89: 0 | AD89: 0 | AE89: 0 | AF89: =AF88 -> 4.7738 | AI89: linux_OpenBLAS | AJ89: 0 | AK89: WR00L2L2 | AL89: 9792 | AM89: 96 | AN89: 2 | AO89: 2 | AP89: 93.63 | AQ89: 6.6867 | AR89: 45559 | AS89: 0.56921296 | AT89: 0 | AU89: 0 | AV89: 0 | AW89: =AVERAGE(AQ89:AQ93) -> 6.68336 | AZ89: linux_OpenBLAS | BA89: 0 | BB89: WR00L2L2 | BC89: 9792 | BD89: 96 | BE89: 2 | BF89: 2 | BG89: 174.91 | BH89: 3.5795 | BI89: 45559 | BJ89: 0.68929398 | BK89: 0 | BL89: 0 | BM89: 0 | BN89: =AVERAGE(BH89:BH93) -> 3.4995
A90: noarch-flags | B90: 1 | C90: WR00L2L2 | D90: 9792 | E90: 96 | F90: 2 | G90: 2 | H90: 128.95 | I90: 4.8552 | J90: 45550 | K90: 0.025486111 | L90: 0 | M90: 0 | N90: 0 | O90: =O89 -> 4.85802 | R90: noarch-flags | S90: 1 | T90: WR00L2L2 | U90: 9792 | V90: 96 | W90: 2 | X90: 2 | Y90: 128.26 | Z90: 4.8813 | AA90: 45559 | AB90: 0.66966435 | AC90: 0 | AD90: 0 | AE90: 0 | AF90: =AVERAGE(Z90:Z94) -> 4.78838 | AI90: linux_OpenBLAS | AJ90: 1 | AK90: WR00L2L2 | AL90: 9792 | AM90: 96 | AN90: 2 | AO90: 2 | AP90: 93.72 | AQ90: 6.6806 | AR90: 45559 | AS90: 0.62337963 | AT90: 0 | AU90: 0 | AV90: 0 | AW90: =AW89 -> 6.68336 | AZ90: linux_OpenBLAS | BA90: 1 | BB90: WR00L2L2 | BC90: 9792 | BD90: 96 | BE90: 2 | BF90: 2 | BG90: 172.56 | BH90: 3.6281 | BI90: 45559 | BJ90: 0.78482639 | BK90: 0 | BL90: 0 | BM90: 0 | BN90: =BN89 -> 3.4995
A91: noarch-flags | B91: 2 | C91: WR00L2L2 | D91: 9792 | E91: 96 | F91: 2 | G91: 2 | H91: 128.78 | I91: 4.8617 | J91: 45550 | K91: 0.096608796 | L91: 0 | M91: 0 | N91: 0 | O91: =O90 -> 4.85802 | R91: noarch-flags | S91: 2 | T91: WR00L2L2 | U91: 9792 | V91: 96 | W91: 2 | X91: 2 | Y91: 128.24 | Z91: 4.8822 | AA91: 45559 | AB91: 0.74091435 | AC91: 0 | AD91: 0 | AE91: 0 | AF91: =AF90 -> 4.78838 | AI91: linux_OpenBLAS | AJ91: 2 | AK91: WR00L2L2 | AL91: 9792 | AM91: 96 | AN91: 2 | AO91: 2 | AP91: 93.53 | AQ91: 6.6939 | AR91: 45559 | AS91: 0.67762731 | AT91: 0 | AU91: 0 | AV91: 0 | AW91: =AW90 -> 6.68336 | AZ91: linux_OpenBLAS | BA91: 2 | BB91: WR00L2L2 | BC91: 9792 | BD91: 96 | BE91: 2 | BF91: 2 | BG91: 186.96 | BH91: 3.3487 | BI91: 45559 | BJ91: 0.88054398 | BK91: 0 | BL91: 0 | BM91: 0 | BN91: =BN90 -> 3.4995
A92: noarch-flags | B92: 3 | C92: WR00L2L2 | D92: 9792 | E92: 96 | F92: 2 | G92: 2 | H92: 128.61 | I92: 4.8679 | J92: 45550 | K92: 0.16777778 | L92: 0 | M92: 0 | N92: 0 | O92: =O91 -> 4.85802 | R92: noarch-flags | S92: 3 | T92: WR00L2L2 | U92: 9792 | V92: 96 | W92: 2 | X92: 2 | Y92: 128.41 | Z92: 4.8754 | AA92: 45559 | AB92: 0.81226852 | AC92: 0 | AD92: 0 | AE92: 0 | AF92: =AF91 -> 4.78838 | AI92: linux_OpenBLAS | AJ92: 3 | AK92: WR00L2L2 | AL92: 9792 | AM92: 96 | AN92: 2 | AO92: 2 | AP92: 93.83 | AQ92: 6.6727 | AR92: 45559 | AS92: 0.73177083 | AT92: 0 | AU92: 0 | AV92: 0 | AW92: =AW91 -> 6.68336 | AZ92: linux_OpenBLAS | BA92: 3 | BB92: WR00L2L2 | BC92: 9792 | BD92: 96 | BE92: 2 | BF92: 2 | BG92: 179.66 | BH92: 3.4847 | BI92: 45559 | BJ92: 0.97584491 | BK92: 0 | BL92: 0 | BM92: 0 | BN92: =BN91 -> 3.4995
A93: noarch-flags | B93: 4 | C93: WR00L2L2 | D93: 9792 | E93: 96 | F93: 2 | G93: 2 | H93: 129.22 | I93: 4.8449 | J93: 45550 | K93: 0.23896991 | L93: 0 | M93: 0 | N93: 0 | O93: =O92 -> 4.85802 | R93: noarch-flags | S93: 4 | T93: WR00L2L2 | U93: 9792 | V93: 96 | W93: 2 | X93: 2 | Y93: 128.29 | Z93: 4.8802 | AA93: 45559 | AB93: 0.88320602 | AC93: 0 | AD93: 0 | AE93: 0 | AF93: =AF92 -> 4.78838 | AI93: linux_OpenBLAS | AJ93: 4 | AK93: WR00L2L2 | AL93: 9792 | AM93: 96 | AN93: 2 | AO93: 2 | AP93: 93.68 | AQ93: 6.6829 | AR93: 45559 | AS93: 0.78608796 | AT93: 0 | AU93: 0 | AV93: 0 | AW93: =AW92 -> 6.68336 | AZ93: linux_OpenBLAS | BA93: 4 | BB93: WR00L2L2 | BC93: 9792 | BD93: 96 | BE93: 2 | BF93: 2 | BG93: 181.13 | BH93: 3.4565 | BI93: 45560 | BJ93: 0.071736111 | BK93: 0 | BL93: 0 | BM93: 0 | BN93: =BN92 -> 3.4995
A94: noarch-flags | B94: 0 | C94: WR00L2L2 | D94: 8704 | E94: 128 | F94: 1 | G94: 4 | H94: 99.14 | I94: 4.4354 | J94: 45549 | K94: 0.90873843 | L94: 0 | M94: 0 | N94: 0 | O94: =AVERAGE(I94:I98) -> 4.4226 | R94: noarch-flags | S94: 0 | T94: WR00L2L2 | U94: 8704 | V94: 128 | W94: 1 | X94: 4 | Y94: 99.42 | Z94: 4.4228 | AA94: 45559 | AB94: 0.55287037 | AC94: 0 | AD94: 0 | AE94: 0 | AF94: =AF93 -> 4.78838 | AI94: linux_OpenBLAS | AJ94: 0 | AK94: WR00L2L2 | AL94: 8704 | AM94: 128 | AN94: 1 | AO94: 4 | AP94: 70.7 | AQ94: 6.2198 | AR94: 45559 | AS94: 0.53476852 | AT94: 0 | AU94: 0 | AV94: 0 | AW94: =AVERAGE(AQ94:AQ98) -> 6.21116 | AZ94: linux_OpenBLAS | BA94: 0 | BB94: WR00L2L2 | BC94: 8704 | BD94: 128 | BE94: 1 | BF94: 4 | BG94: 126.73 | BH94: 3.4697 | BI94: 45559 | BJ94: 0.62837963 | BK94: 0 | BL94: 0 | BM94: 0 | BN94: =AVERAGE(BH94:BH98) -> 3.4911
A95: noarch-flags | B95: 1 | C95: WR00L2L2 | D95: 8704 | E95: 128 | F95: 1 | G95: 4 | H95: 99.7 | I95: 4.4104 | J95: 45549 | K95: 0.98001157 | L95: 0 | M95: 0 | N95: 0 | O95: =O94 -> 4.4226 | R95: noarch-flags | S95: 1 | T95: WR00L2L2 | U95: 8704 | V95: 128 | W95: 1 | X95: 4 | Y95: 99.63 | Z95: 4.4134 | AA95: 45559 | AB95: 0.6241088 | AC95: 0 | AD95: 0 | AE95: 0 | AF95: =AF94 -> 4.78838 | AI95: linux_OpenBLAS | AJ95: 1 | AK95: WR00L2L2 | AL95: 8704 | AM95: 128 | AN95: 1 | AO95: 4 | AP95: 70.68 | AQ95: 6.2214 | AR95: 45559 | AS95: 0.58891204 | AT95: 0 | AU95: 0 | AV95: 0 | AW95: =AW94 -> 6.21116 | AZ95: linux_OpenBLAS | BA95: 1 | BB95: WR00L2L2 | BC95: 8704 | BD95: 128 | BE95: 1 | BF95: 4 | BG95: 125.49 | BH95: 3.5039 | BI95: 45559 | BJ95: 0.72371528 | BK95: 0 | BL95: 0 | BM95: 0 | BN95: =BN94 -> 3.4911
A96: noarch-flags | B96: 2 | C96: WR00L2L2 | D96: 8704 | E96: 128 | F96: 1 | G96: 4 | H96: 99.62 | I96: 4.4139 | J96: 45550 | K96: 0.051168981 | L96: 0 | M96: 0 | N96: 0 | O96: =O95 -> 4.4226 | R96: noarch-flags | S96: 2 | T96: WR00L2L2 | U96: 8704 | V96: 128 | W96: 1 | X96: 4 | Y96: 99.42 | Z96: 4.423 | AA96: 45559 | AB96: 0.69534722 | AC96: 0 | AD96: 0 | AE96: 0 | AF96: =AF95 -> 4.78838 | AI96: linux_OpenBLAS | AJ96: 2 | AK96: WR00L2L2 | AL96: 8704 | AM96: 128 | AN96: 1 | AO96: 4 | AP96: 70.87 | AQ96: 6.205 | AR96: 45559 | AS96: 0.64313657 | AT96: 0 | AU96: 0 | AV96: 0 | AW96: =AW95 -> 6.21116 | AZ96: linux_OpenBLAS | BA96: 2 | BB96: WR00L2L2 | BC96: 8704 | BD96: 128 | BE96: 1 | BF96: 4 | BG96: 121.47 | BH96: 3.62 | BI96: 45559 | BJ96: 0.81913194 | BK96: 0 | BL96: 0 | BM96: 0 | BN96: =BN95 -> 3.4911
A97: noarch-flags | B97: 3 | C97: WR00L2L2 | D97: 8704 | E97: 128 | F97: 1 | G97: 4 | H97: 99.15 | I97: 4.4347 | J97: 45550 | K97: 0.12232639 | L97: 0 | M97: 0 | N97: 0 | O97: =O96 -> 4.4226 | R97: noarch-flags | S97: 3 | T97: WR00L2L2 | U97: 8704 | V97: 128 | W97: 1 | X97: 4 | Y97: 99.49 | Z97: 4.4198 | AA97: 45559 | AB97: 0.76663194 | AC97: 0 | AD97: 0 | AE97: 0 | AF97: =AVERAGE(Z97:Z101) -> 4.41314 | AI97: linux_OpenBLAS | AJ97: 3 | AK97: WR00L2L2 | AL97: 8704 | AM97: 128 | AN97: 1 | AO97: 4 | AP97: 70.94 | AQ97: 6.1987 | AR97: 45559 | AS97: 0.69728009 | AT97: 0 | AU97: 0 | AV97: 0 | AW97: =AW96 -> 6.21116 | AZ97: linux_OpenBLAS | BA97: 3 | BB97: WR00L2L2 | BC97: 8704 | BD97: 128 | BE97: 1 | BF97: 4 | BG97: 128.69 | BH97: 3.4169 | BI97: 45559 | BJ97: 0.91491898 | BK97: 0 | BL97: 0 | BM97: 0 | BN97: =BN96 -> 3.4911
A98: noarch-flags | B98: 4 | C98: WR00L2L2 | D98: 8704 | E98: 128 | F98: 1 | G98: 4 | H98: 99.52 | I98: 4.4186 | J98: 45550 | K98: 0.19351852 | L98: 0 | M98: 0 | N98: 0 | O98: =O97 -> 4.4226 | R98: noarch-flags | S98: 4 | T98: WR00L2L2 | U98: 8704 | V98: 128 | W98: 1 | X98: 4 | Y98: 99.48 | Z98: 4.4201 | AA98: 45559 | AB98: 0.83787037 | AC98: 0 | AD98: 0 | AE98: 0 | AF98: =AF97 -> 4.41314 | AI98: linux_OpenBLAS | AJ98: 4 | AK98: WR00L2L2 | AL98: 8704 | AM98: 128 | AN98: 1 | AO98: 4 | AP98: 70.8 | AQ98: 6.2109 | AR98: 45559 | AS98: 0.75158565 | AT98: 0 | AU98: 0 | AV98: 0 | AW98: =AW97 -> 6.21116 | AZ98: linux_OpenBLAS | BA98: 4 | BB98: WR00L2L2 | BC98: 8704 | BD98: 128 | BE98: 1 | BF98: 4 | BG98: 127.64 | BH98: 3.445 | BI98: 45560 | BJ98: 0.010289352 | BK98: 0 | BL98: 0 | BM98: 0 | BN98: =BN97 -> 3.4911
A99: noarch-flags | B99: 0 | C99: WR00L2L2 | D99: 9216 | E99: 128 | F99: 1 | G99: 4 | H99: 118.71 | I99: 4.397 | J99: 45549 | K99: 0.93048611 | L99: 0 | M99: 0 | N99: 0 | O99: =AVERAGE(I99:I103) -> 4.40032 | R99: noarch-flags | S99: 0 | T99: WR00L2L2 | U99: 9216 | V99: 128 | W99: 1 | X99: 4 | Y99: 118.66 | Z99: 4.3989 | AA99: 45559 | AB99: 0.57466435 | AC99: 0 | AD99: 0 | AE99: 0 | AF99: =AF98 -> 4.41314 | AI99: linux_OpenBLAS | AJ99: 0 | AK99: WR00L2L2 | AL99: 9216 | AM99: 128 | AN99: 1 | AO99: 4 | AP99: 83.17 | AQ99: 6.276 | AR99: 45559 | AS99: 0.55122685 | AT99: 0 | AU99: 0 | AV99: 0 | AW99: =AVERAGE(AQ99:AQ103) -> 6.28004 | AZ99: linux_OpenBLAS | BA99: 0 | BB99: WR00L2L2 | BC99: 9216 | BD99: 128 | BE99: 1 | BF99: 4 | BG99: 138.55 | BH99: 3.7674 | BI99: 45559 | BJ99: 0.65796296 | BK99: 0 | BL99: 0 | BM99: 0 | BN99: =AVERAGE(BH99:BH103) -> 3.76346
A100: noarch-flags | B100: 1 | C100: WR00L2L2 | D100: 9216 | E100: 128 | F100: 1 | G100: 4 | H100: 118.94 | I100: 4.3883 | J100: 45550 | K100: 0.0017592593 | L100: 0 | M100: 0 | N100: 0 | O100: =O99 -> 4.40032 | R100: noarch-flags | S100: 1 | T100: WR00L2L2 | U100: 9216 | V100: 128 | W100: 1 | X100: 4 | Y100: 118.25 | Z100: 4.414 | AA100: 45559 | AB100: 0.64591435 | AC100: 0 | AD100: 0 | AE100: 0 | AF100: =AVERAGE(Z100:Z104) -> 4.42752 | AI100: linux_OpenBLAS | AJ100: 1 | AK100: WR00L2L2 | AL100: 9216 | AM100: 128 | AN100: 1 | AO100: 4 | AP100: 83.13 | AQ100: 6.2791 | AR100: 45559 | AS100: 0.60538194 | AT100: 0 | AU100: 0 | AV100: 0 | AW100: =AW99 -> 6.28004 | AZ100: linux_OpenBLAS | BA100: 1 | BB100: WR00L2L2 | BC100: 9216 | BD100: 128 | BE100: 1 | BF100: 4 | BG100: 142.01 | BH100: 3.6756 | BI100: 45559 | BJ100: 0.75354167 | BK100: 0 | BL100: 0 | BM100: 0 | BN100: =BN99 -> 3.76346
...

Sheet 4 nodes, params, RAW
A1: Max avg. GFLOPS (and params): | F1: =MAX(X:X) -> 12.012 | G1: =INDEX(D:D,MATCH(MAX($X:$X),$X:$X,0)) -> 19520 | H1: =INDEX(E:E,MATCH(MAX($X:$X),$X:$X,0)) -> 160 | I1: =INDEX(F:F,MATCH(MAX($X:$X),$X:$X,0)) -> 2 | J1: =INDEX(G:G,MATCH(MAX($X:$X),$X:$X,0)) -> 8 | L1: ATLAS (noarch-flags) | X1: Average GFLOP/s | Z1: Max avg. GFLOPS (and params): | AE1: =MAX(AW:AW) -> 13.911 | AF1: =INDEX(AC:AC,MATCH(MAX($AW:$AW),$AW:$AW,0)) -> 19584 | AG1: =INDEX(AD:AD,MATCH(MAX($AW:$AW),$AW:$AW,0)) -> 96 | AH1: =INDEX(AE:AE,MATCH(MAX($AW:$AW),$AW:$AW,0)) -> 2 | AI1: =INDEX(AF:AF,MATCH(MAX($AW:$AW),$AW:$AW,0)) -> 8 | AK1: OpenBLAS | AW1: Average GFLOP/s | AY1: Max avg. GFLOPS (and params): | BD1: =MAX(BU:BU) -> 0 | BE1: =INDEX(BA:BA,MATCH(MAX($BU:$BU),$BU:$BU,0)) -> WR00L2L2 | BF1: =INDEX(BB:BB,MATCH(MAX($BU:$BU),$BU:$BU,0)) -> 17536 | BG1: =INDEX(BC:BC,MATCH(MAX($BU:$BU),$BU:$BU,0)) -> 32 | BH1: =INDEX(BD:BD,MATCH(MAX($BU:$BU),$BU:$BU,0)) -> 1 | BJ1: ATLAS (noarch-flags/atlarch-gene-cpu-flags) - stara mjerenja | BV1: Average GFLOP/s
A2: MAX GFLOPS: | D2: =MAX(I4:I856) -> 12.246 | L2: raspi11 throttling time [1/100s] | O2: raspi12 throttling time [1/100s] | R2: raspi13 throttling time [1/100s] | U2: raspi14 throttling time [1/100s] | Z2: MAX GFLOPS: | AC2: =MAX(AH4:AH855) -> 13.926 | AK2: raspi11 throttling time [1/100s] | AN2: raspi12 throttling time [1/100s] | AQ2: raspi13 throttling time [1/100s] | AT2: raspi14 throttling time [1/100s] | AY2: MAX GFLOPS: | BB2: =MAX(BF4:BF856) -> 7559.93 | BJ2: raspi11 throttling time [1/100s] | BM2: raspi12 throttling time [1/100s] | BP2: raspi13 throttling time [1/100s] | BS2: raspi14 throttling time [1/100s]
A3: Build | B3: RUN | D3: N | E3: NB | F3: P | G3: Q | H3: Time | I3: GFLOPS | J3: Date | K3: Time | L3: 900MHz | M3: 1000MHz | N3: 1100MHz | O3: 900MHz | P3: 1000MHz | Q3: 1100MHz | R3: 900MHz | S3: 1000MHz | T3: 1100MHz | U3: 900MHz | V3: 1000MHz | W3: 1100MHz | Z3: Build | AA3: RUN | AC3: N | AD3: NB | AE3: P | AF3: Q | AG3: Time | AH3: GFLOPS | AI3: Date | AJ3: Time | AK3: 900MHz | AL3: 1000MHz | AM3: 1100MHz | AN3: 900MHz | AO3: 1000MHz | AP3: 1100MHz | AQ3: 900MHz | AR3: 1000MHz | AS3: 1100MHz | AT3: 900MHz | AU3: 1000MHz | AV3: 1100MHz | AY3: RUN | BB3: N | BC3: NB | BD3: P | BE3: Q | BF3: Time | BG3: GFLOPS | BH3: Date | BI3: Time | BJ3: 900MHz | BK3: 1000MHz | BL3: 1100MHz | BM3: 900MHz | BN3: 1000MHz | BO3: 1100MHz | BP3: 900MHz | BQ3: 1000MHz | BR3: 1100MHz | BS3: 900MHz | BT3: 1000MHz | BU3: 1100MHz
A4: noarch-flags | B4: 0 | C4: WR00L2L2 | D4: 19520 | E4: 160 | F4: 2 | G4: 8 | H4: 413.67 | I4: 11.988 | J4: 45560 | K4: 0.42908565 | L4: 0 | M4: 0 | N4: 0 | O4: 0 | P4: 0 | Q4: 0 | R4: 0 | S4: 0 | T4: 0 | U4: 0 | V4: 0 | W4: 0 | X4: =AVERAGE(I4:I8) -> 12.012 | Z4: linux_OpenBLAS | AA4: 0 | AB4: WR00L2L2 | AC4: 19584 | AD4: 96 | AE4: 2 | AF4: 8 | AG4: 360.08 | AH4: 13.908 | AI4: 45559 | AJ4: 0.38366898 | AK4: 0 | AL4: 0 | AM4: 0 | AN4: 0 | AO4: 0 | AP4: 0 | AQ4: 0 | AR4: 0 | AS4: 0 | AT4: 0 | AU4: 0 | AV4: 0 | AW4: =AVERAGE(AH4:AH7) -> 13.911 | AZ4: 0 | BA4: WR00L2L2 | BB4: 17536 | BC4: 32 | BD4: 1 | BE4: 16 | BF4: 394.79 | BG4: 9.1073 | BH4: 45472 | BI4: 0.32971065 | BJ4: 0 | BK4: 0 | BL4: 0 | BM4: 0 | BN4: 0 | BO4: 0 | BP4: 0 | BQ4: 0 | BR4: 0 | BS4: 0 | BT4: 0 | BU4: 0
A5: noarch-flags | B5: 1 | C5: WR00L2L2 | D5: 19520 | E5: 160 | F5: 2 | G5: 8 | H5: 404.96 | I5: 12.246 | J5: 45560 | K5: 0.4444213 | L5: 0 | M5: 0 | N5: 0 | O5: 0 | P5: 0 | Q5: 0 | R5: 0 | S5: 0 | T5: 0 | U5: 0 | V5: 0 | W5: 0 | X5: =X4 -> 12.012 | Z5: linux_OpenBLAS | AA5: 1 | AB5: WR00L2L2 | AC5: 19584 | AD5: 96 | AE5: 2 | AF5: 8 | AG5: 359.62 | AH5: 13.926 | AI5: 45559 | AJ5: 0.39690972 | AK5: 0 | AL5: 0 | AM5: 0 | AN5: 0 | AO5: 0 | AP5: 0 | AQ5: 0 | AR5: 0 | AS5: 0 | AT5: 0 | AU5: 0 | AV5: 0 | AW5: =AW4 -> 13.911 | AZ5: 1 | BA5: WR00L2L2 | BB5: 17536 | BC5: 32 | BD5: 1 | BE5: 16 | BF5: 562.61 | BG5: 6.3907 | BH5: 45474 | BI5: 0.11299769 | BJ5: 0 | BK5: 0 | BL5: 0 | BM5: 0 | BN5: 0 | BO5: 0 | BP5: 0 | BQ5: 0 | BR5: 0 | BS5: 0 | BT5: 0 | BU5: 0
A6: noarch-flags | B6: 2 | C6: WR00L2L2 | D6: 19520 | E6: 160 | F6: 2 | G6: 8 | H6: 423.83 | I6: 11.7 | J6: 45560 | K6: 0.46003472 | L6: 0 | M6: 0 | N6: 0 | O6: 0 | P6: 0 | Q6: 0 | R6: 0 | S6: 0 | T6: 0 | U6: 0 | V6: 0 | W6: 0 | X6: =X5 -> 12.012 | Z6: linux_OpenBLAS | AA6: 2 | AB6: WR00L2L2 | AC6: 19584 | AD6: 96 | AE6: 2 | AF6: 8 | AG6: 360.07 | AH6: 13.908 | AI6: 45559 | AJ6: 0.41020833 | AK6: 0 | AL6: 0 | AM6: 0 | AN6: 0 | AO6: 0 | AP6: 0 | AQ6: 0 | AR6: 0 | AS6: 0 | AT6: 0 | AU6: 0 | AV6: 0 | AW6: =AW5 -> 13.911 | AZ6: 0 | BA6: WR00L2L2 | BB6: 18560 | BC6: 32 | BD6: 1 | BE6: 16 | BF6: 453.67 | BG6: 9.3962 | BH6: 45472 | BI6: 0.44150463 | BJ6: 0 | BK6: 0 | BL6: 0 | BM6: 0 | BN6: 0 | BO6: 0 | BP6: 0 | BQ6: 0 | BR6: 0 | BS6: 0 | BT6: 0 | BU6: 0
A7: noarch-flags | B7: 3 | C7: WR00L2L2 | D7: 19520 | E7: 160 | F7: 2 | G7: 8 | H7: 407.96 | I7: 12.156 | J7: 45560 | K7: 0.4753588 | L7: 0 | M7: 0 | N7: 0 | O7: 0 | P7: 0 | Q7: 0 | R7: 0 | S7: 0 | T7: 0 | U7: 0 | V7: 0 | W7: 0 | X7: =X6 -> 12.012 | Z7: linux_OpenBLAS | AA7: 3 | AB7: WR00L2L2 | AC7: 19584 | AD7: 96 | AE7: 2 | AF7: 8 | AG7: 360.24 | AH7: 13.902 | AI7: 45559 | AJ7: 0.42346065 | AK7: 0 | AL7: 0 | AM7: 0 | AN7: 0 | AO7: 0 | AP7: 0 | AQ7: 0 | AR7: 0 | AS7: 0 | AT7: 0 | AU7: 0 | AV7: 0 | AW7: =AW6 -> 13.911 | AZ7: 1 | BA7: WR00L2L2 | BB7: 18560 | BC7: 32 | BD7: 1 | BE7: 16 | BF7: 654 | BG7: 6.518 | BH7: 45474 | BI7: 0.27925926 | BJ7: 0 | BK7: 0 | BL7: 0 | BM7: 0 | BN7: 0 | BO7: 0 | BP7: 0 | BQ7: 0 | BR7: 0 | BS7: 0 | BT7: 0 | BU7: 0
A8: noarch-flags | B8: 4 | C8: WR00L2L2 | D8: 19520 | E8: 160 | F8: 2 | G8: 8 | H8: 414.29 | I8: 11.97 | J8: 45560 | K8: 0.49064815 | L8: 0 | M8: 0 | N8: 0 | O8: 0 | P8: 0 | Q8: 0 | R8: 0 | S8: 0 | T8: 0 | U8: 0 | V8: 0 | W8: 0 | X8: =X7 -> 12.012 | Z8: linux_OpenBLAS | AA8: 4 | AB8: WR00L2L2 | AC8: 19584 | AD8: 96 | AE8: 2 | AF8: 8 | AG8: 360.04 | AH8: 13.909 | AI8: 45559 | AJ8: 0.43680556 | AK8: 0 | AL8: 0 | AM8: 0 | AN8: 0 | AO8: 0 | AP8: 0 | AQ8: 0 | AR8: 0 | AS8: 0 | AT8: 0 | AU8: 0 | AV8: 0 | AW8: =AW7 -> 13.911 | AZ8: 0 | BA8: WR00L2L2 | BB8: 19584 | BC8: 32 | BD8: 1 | BE8: 16 | BF8: 691.32 | BG8: 7.2441 | BH8: 45473 | BI8: 0.52917824 | BJ8: 0 | BK8: 0 | BL8: 0 | BM8: 0 | BN8: 0 | BO8: 0 | BP8: 0 | BQ8: 0 | BR8: 0 | BS8: 0 | BT8: 0 | BU8: 0
A9: noarch-flags | B9: 0 | C9: WR00L2L2 | D9: 19584 | E9: 64 | F9: 2 | G9: 8 | H9: 423.27 | I9: 11.832 | J9: 45545 | K9: 0.5559375 | L9: 0 | M9: 0 | N9: 0 | O9: 0 | P9: 0 | Q9: 0 | R9: 0 | S9: 0 | T9: 0 | U9: 0 | V9: 0 | W9: 0 | X9: =AVERAGE(I9:I13) -> 11.8208 | Z9: linux_OpenBLAS | AA9: 0 | AB9: WR00L2L2 | AC9: 19584 | AD9: 64 | AE9: 2 | AF9: 8 | AG9: 367.08 | AH9: 13.643 | AI9: 45559 | AJ9: 0.37929398 | AK9: 0 | AL9: 0 | AM9: 0 | AN9: 0 | AO9: 0 | AP9: 0 | AQ9: 0 | AR9: 0 | AS9: 0 | AT9: 0 | AU9: 0 | AV9: 0 | AW9: =AVERAGE(AH9:AH12) -> 13.653 | AZ9: 1 | BA9: WR00L2L2 | BB9: 19584 | BC9: 32 | BD9: 1 | BE9: 16 | BF9: 774.54 | BG9: 6.4657 | BH9: 45474 | BI9: 0.48125 | BJ9: 0 | BK9: 0 | BL9: 0 | BM9: 0 | BN9: 0 | BO9: 0 | BP9: 0 | BQ9: 0 | BR9: 0 | BS9: 0 | BT9: 0 | BU9: 0
A10: noarch-flags | B10: 1 | C10: WR00L2L2 | D10: 19584 | E10: 64 | F10: 2 | G10: 8 | H10: 425.93 | I10: 11.758 | J10: 45547 | K10: 0.19516204 | L10: 0 | M10: 0 | N10: 0 | O10: 0 | P10: 0 | Q10: 0 | R10: 0 | S10: 0 | T10: 0 | U10: 0 | V10: 0 | W10: 0 | X10: =X9 -> 11.8208 | Z10: linux_OpenBLAS | AA10: 1 | AB10: WR00L2L2 | AC10: 19584 | AD10: 64 | AE10: 2 | AF10: 8 | AG10: 366.93 | AH10: 13.648 | AI10: 45559 | AJ10: 0.39255787 | AK10: 0 | AL10: 0 | AM10: 0 | AN10: 0 | AO10: 0 | AP10: 0 | AQ10: 0 | AR10: 0 | AS10: 0 | AT10: 0 | AU10: 0 | AV10: 0 | AW10: =AW9 -> 13.653 | AZ10: 0 | BA10: WR00L2L2 | BB10: 17536 | BC10: 32 | BD10: 2 | BE10: 8 | BF10: 371.53 | BG10: 9.6776 | BH10: 45472 | BI10: 0.33429398 | BJ10: 0 | BK10: 0 | BL10: 0 | BM10: 0 | BN10: 0 | BO10: 0 | BP10: 0 | BQ10: 0 | BR10: 0 | BS10: 0 | BT10: 0 | BU10: 0
A11: noarch-flags | B11: 2 | C11: WR00L2L2 | D11: 19584 | E11: 64 | F11: 2 | G11: 8 | H11: 420.31 | I11: 11.915 | J11: 45547 | K11: 0.80511574 | L11: 0 | M11: 0 | N11: 0 | O11: 0 | P11: 0 | Q11: 0 | R11: 0 | S11: 0 | T11: 0 | U11: 0 | V11: 0 | W11: 0 | X11: =X10 -> 11.8208 | Z11: linux_OpenBLAS | AA11: 2 | AB11: WR00L2L2 | AC11: 19584 | AD11: 64 | AE11: 2 | AF11: 8 | AG11: 366.53 | AH11: 13.663 | AI11: 45559 | AJ11: 0.40584491 | AK11: 0 | AL11: 0 | AM11: 0 | AN11: 0 | AO11: 0 | AP11: 0 | AQ11: 0 | AR11: 0 | AS11: 0 | AT11: 0 | AU11: 0 | AV11: 0 | AW11: =AW10 -> 13.653 | AZ11: 1 | BA11: WR00L2L2 | BB11: 17536 | BC11: 32 | BD11: 2 | BE11: 8 | BF11: 568.01 | BG11: 6.33 | BH11: 45474 | BI11: 0.11993056 | BJ11: 0 | BK11: 0 | BL11: 0 | BM11: 0 | BN11: 0 | BO11: 0 | BP11: 0 | BQ11: 0 | BR11: 0 | BS11: 0 | BT11: 0 | BU11: 0
A12: noarch-flags | B12: 3 | C12: WR00L2L2 | D12: 19584 | E12: 64 | F12: 2 | G12: 8 | H12: 424.14 | I12: 11.807 | J12: 45548 | K12: 0.46935185 | L12: 0 | M12: 0 | N12: 0 | O12: 0 | P12: 0 | Q12: 0 | R12: 0 | S12: 0 | T12: 0 | U12: 0 | V12: 0 | W12: 0 | X12: =X11 -> 11.8208 | Z12: linux_OpenBLAS | AA12: 3 | AB12: WR00L2L2 | AC12: 19584 | AD12: 64 | AE12: 2 | AF12: 8 | AG12: 366.68 | AH12: 13.658 | AI12: 45559 | AJ12: 0.41909722 | AK12: 0 | AL12: 0 | AM12: 0 | AN12: 0 | AO12: 0 | AP12: 0 | AQ12: 0 | AR12: 0 | AS12: 0 | AT12: 0 | AU12: 0 | AV12: 0 | AW12: =AW11 -> 13.653 | AZ12: 0 | BA12: WR00L2L2 | BB12: 18560 | BC12: 32 | BD12: 2 | BE12: 8 | BF12: 426.16 | BG12: 10.003 | BH12: 45472 | BI12: 0.44677083 | BJ12: 0 | BK12: 0 | BL12: 0 | BM12: 0 | BN12: 0 | BO12: 0 | BP12: 0 | BQ12: 0 | BR12: 0 | BS12: 0 | BT12: 0 | BU12: 0
A13: noarch-flags | B13: 4 | C13: WR00L2L2 | D13: 19584 | E13: 64 | F13: 2 | G13: 8 | H13: 424.71 | I13: 11.792 | J13: 45549 | K13: 0.10519676 | L13: 0 | M13: 0 | N13: 0 | O13: 0 | P13: 0 | Q13: 0 | R13: 0 | S13: 0 | T13: 0 | U13: 0 | V13: 0 | W13: 0 | X13: =X12 -> 11.8208 | Z13: linux_OpenBLAS | AA13: 4 | AB13: WR00L2L2 | AC13: 19584 | AD13: 64 | AE13: 2 | AF13: 8 | AG13: 367.28 | AH13: 13.635 | AI13: 45559 | AJ13: 0.4324537 | AK13: 0 | AL13: 0 | AM13: 0 | AN13: 0 | AO13: 0 | AP13: 0 | AQ13: 0 | AR13: 0 | AS13: 0 | AT13: 0 | AU13: 0 | AV13: 0 | AW13: =AW12 -> 13.653 | AZ13: 1 | BA13: WR00L2L2 | BB13: 18560 | BC13: 32 | BD13: 2 | BE13: 8 | BF13: 640.58 | BG13: 6.6546 | BH13: 45474 | BI13: 0.28707176 | BJ13: 0 | BK13: 0 | BL13: 0 | BM13: 0 | BN13: 0 | BO13: 0 | BP13: 0 | BQ13: 0 | BR13: 0 | BS13: 0 | BT13: 0 | BU13: 0
A14: noarch-flags | B14: 0 | C14: WR00L2L2 | D14: 18560 | E14: 160 | F14: 2 | G14: 8 | H14: 363.35 | I14: 11.732 | J14: 45546 | K14: 0.47678241 | L14: 0 | M14: 0 | N14: 0 | O14: 0 | P14: 0 | Q14: 0 | R14: 0 | S14: 0 | T14: 0 | U14: 0 | V14: 0 | W14: 0 | X14: =AVERAGE(I14:I18) -> 11.789 | Z14: linux_OpenBLAS | AA14: 0 | AB14: WR00L2L2 | AC14: 19520 | AD14: 160 | AE14: 2 | AF14: 8 | AG14: 366.83 | AH14: 13.519 | AI14: 45559 | AJ14: 0.38811343 | AK14: 0 | AL14: 0 | AM14: 0 | AN14: 0 | AO14: 0 | AP14: 0 | AQ14: 0 | AR14: 0 | AS14: 0 | AT14: 0 | AU14: 0 | AV14: 0 | AW14: =AVERAGE(AH14:AH17) -> 13.4305 | AZ14: 0 | BA14: WR00L2L2 | BB14: 19584 | BC14: 32 | BD14: 2 | BE14: 8 | BF14: 663.1 | BG14: 7.5523 | BH14: 45473 | BI14: 0.53728009 | BJ14: 0 | BK14: 0 | BL14: 0 | BM14: 0 | BN14: 0 | BO14: 0 | BP14: 0 | BQ14: 0 | BR14: 0 | BS14: 0 | BT14: 0 | BU14: 0
A15: noarch-flags | B15: 1 | C15: WR00L2L2 | D15: 18560 | E15: 160 | F15: 2 | G15: 8 | H15: 362.91 | I15: 11.746 | J15: 45547 | K15: 0.093125 | L15: 0 | M15: 0 | N15: 0 | O15: 0 | P15: 0 | Q15: 0 | R15: 0 | S15: 0 | T15: 0 | U15: 0 | V15: 0 | W15: 0 | X15: =X14 -> 11.789 | Z15: linux_OpenBLAS | AA15: 1 | AB15: WR00L2L2 | AC15: 19520 | AD15: 160 | AE15: 2 | AF15: 8 | AG15: 369.98 | AH15: 13.404 | AI15: 45559 | AJ15: 0.40141204 | AK15: 0 | AL15: 0 | AM15: 0 | AN15: 0 | AO15: 0 | AP15: 0 | AQ15: 0 | AR15: 0 | AS15: 0 | AT15: 0 | AU15: 0 | AV15: 0 | AW15: =AW14 -> 13.4305 | AZ15: 1 | BA15: WR00L2L2 | BB15: 19584 | BC15: 32 | BD15: 2 | BE15: 8 | BF15: 759.85 | BG15: 6.5907 | BH15: 45474 | BI15: 0.49065972 | BJ15: 0 | BK15: 0 | BL15: 0 | BM15: 0 | BN15: 0 | BO15: 0 | BP15: 0 | BQ15: 0 | BR15: 0 | BS15: 0 | BT15: 0 | BU15: 0
A16: noarch-flags | B16: 2 | C16: WR00L2L2 | D16: 18560 | E16: 160 | F16: 2 | G16: 8 | H16: 355.95 | I16: 11.976 | J16: 45547 | K16: 0.70711806 | L16: 0 | M16: 0 | N16: 0 | O16: 0 | P16: 0 | Q16: 0 | R16: 0 | S16: 0 | T16: 0 | U16: 0 | V16: 0 | W16: 0 | X16: =X15 -> 11.789 | Z16: linux_OpenBLAS | AA16: 2 | AB16: WR00L2L2 | AC16: 19520 | AD16: 160 | AE16: 2 | AF16: 8 | AG16: 367.49 | AH16: 13.495 | AI16: 45559 | AJ16: 0.41466435 | AK16: 0 | AL16: 0 | AM16: 0 | AN16: 0 | AO16: 0 | AP16: 0 | AQ16: 0 | AR16: 0 | AS16: 0 | AT16: 0 | AU16: 0 | AV16: 0 | AW16: =AW15 -> 13.4305 | AZ16: 0 | BA16: WR00L2L2 | BB16: 17536 | BC16: 32 | BD16: 4 | BE16: 4 | BF16: 461.35 | BG16: 7.7933 | BH16: 45472 | BI16: 0.33993056 | BJ16: 0 | BK16: 0 | BL16: 0 | BM16: 0 | BN16: 0 | BO16: 0 | BP16: 0 | BQ16: 0 | BR16: 0 | BS16: 0 | BT16: 0 | BU16: 0
A17: noarch-flags | B17: 3 | C17: WR00L2L2 | D17: 18560 | E17: 160 | F17: 2 | G17: 8 | H17: 361.79 | I17: 11.783 | J17: 45548 | K17: 0.36761574 | L17: 0 | M17: 0 | N17: 0 | O17: 0 | P17: 0 | Q17: 0 | R17: 0 | S17: 0 | T17: 0 | U17: 0 | V17: 0 | W17: 0 | X17: =X16 -> 11.789 | Z17: linux_OpenBLAS | AA17: 3 | AB17: WR00L2L2 | AC17: 19520 | AD17: 160 | AE17: 2 | AF17: 8 | AG17: 372.74 | AH17: 13.304 | AI17: 45559 | AJ17: 0.42799769 | AK17: 0 | AL17: 0 | AM17: 0 | AN17: 0 | AO17: 0 | AP17: 0 | AQ17: 0 | AR17: 0 | AS17: 0 | AT17: 0 | AU17: 0 | AV17: 0 | AW17: =AW16 -> 13.4305 | AZ17: 1 | BA17: WR00L2L2 | BB17: 17536 | BC17: 32 | BD17: 4 | BE17: 4 | BF17: 721.53 | BG17: 4.9831 | BH17: 45474 | BI17: 0.12864583 | BJ17: 0 | BK17: 0 | BL17: 0 | BM17: 0 | BN17: 0 | BO17: 0 | BP17: 0 | BQ17: 0 | BR17: 0 | BS17: 0 | BT17: 0 | BU17: 0
A18: noarch-flags | B18: 4 | C18: WR00L2L2 | D18: 18560 | E18: 160 | F18: 2 | G18: 8 | H18: 364.08 | I18: 11.708 | J18: 45548 | K18: 0.99690972 | L18: 0 | M18: 0 | N18: 0 | O18: 0 | P18: 0 | Q18: 0 | R18: 0 | S18: 0 | T18: 0 | U18: 0 | V18: 0 | W18: 0 | X18: =X17 -> 11.789 | Z18: linux_OpenBLAS | AA18: 4 | AB18: WR00L2L2 | AC18: 19520 | AD18: 160 | AE18: 2 | AF18: 8 | AG18: 366.93 | AH18: 13.515 | AI18: 45559 | AJ18: 0.44126157 | AK18: 0 | AL18: 0 | AM18: 0 | AN18: 0 | AO18: 0 | AP18: 0 | AQ18: 0 | AR18: 0 | AS18: 0 | AT18: 0 | AU18: 0 | AV18: 0 | AW18: =AW17 -> 13.4305 | AZ18: 0 | BA18: WR00L2L2 | BB18: 18560 | BC18: 32 | BD18: 4 | BE18: 4 | BF18: 530.26 | BG18: 8.0391 | BH18: 45472 | BI18: 0.45321759 | BJ18: 0 | BK18: 0 | BL18: 0 | BM18: 0 | BN18: 0 | BO18: 0 | BP18: 0 | BQ18: 0 | BR18: 0 | BS18: 0 | BT18: 0 | BU18: 0
A19: noarch-flags | B19: 0 | C19: WR00L2L2 | D19: 18368 | E19: 224 | F19: 2 | G19: 8 | H19: 348.61 | I19: 11.852 | J19: 45546 | K19: 0.50633102 | L19: 0 | M19: 0 | N19: 0 | O19: 0 | P19: 0 | Q19: 0 | R19: 0 | S19: 0 | T19: 0 | U19: 0 | V19: 0 | W19: 0 | X19: =AVERAGE(I19:I23) -> 11.7142 | Z19: linux_OpenBLAS | AA19: 0 | AB19: WR00L2L2 | AC19: 18528 | AD19: 96 | AE19: 2 | AF19: 8 | AG19: 318.33 | AH19: 13.322 | AI19: 45557 | AJ19: 0.99960648 | AK19: 0 | AL19: 0 | AM19: 0 | AN19: 0 | AO19: 0 | AP19: 0 | AQ19: 0 | AR19: 0 | AS19: 0 | AT19: 0 | AU19: 0 | AV19: 0 | AW19: =AVERAGE(AH19:AH22) -> 13.3145 | AZ19: 1 | BA19: WR00L2L2 | BB19: 18560 | BC19: 32 | BD19: 4 | BE19: 4 | BF19: 838.68 | BG19: 5.0827 | BH19: 45474 | BI19: 0.29717593 | BJ19: 0 | BK19: 0 | BL19: 0 | BM19: 0 | BN19: 0 | BO19: 0 | BP19: 0 | BQ19: 0 | BR19: 0 | BS19: 0 | BT19: 0 | BU19: 0
A20: noarch-flags | B20: 1 | C20: WR00L2L2 | D20: 18368 | E20: 224 | F20: 2 | G20: 8 | H20: 350.92 | I20: 11.775 | J20: 45547 | K20: 0.12211806 | L20: 0 | M20: 0 | N20: 0 | O20: 0 | P20: 0 | Q20: 0 | R20: 0 | S20: 0 | T20: 0 | U20: 0 | V20: 0 | W20: 0 | X20: =X19 -> 11.7142 | Z20: linux_OpenBLAS | AA20: 1 | AB20: WR00L2L2 | AC20: 18528 | AD20: 96 | AE20: 2 | AF20: 8 | AG20: 318.22 | AH20: 13.326 | AI20: 45558 | AJ20: 0.49895833 | AK20: 0 | AL20: 0 | AM20: 0 | AN20: 0 | AO20: 0 | AP20: 0 | AQ20: 0 | AR20: 0 | AS20: 0 | AT20: 0 | AU20: 0 | AV20: 0 | AW20: =AW19 -> 13.3145 | AZ20: 0 | BA20: WR00L2L2 | BB20: 19584 | BC20: 32 | BD20: 4 | BE20: 4 | BF20: 778.96 | BG20: 6.429 | BH20: 45473 | BI20: 0.54667824 | BJ20: 0 | BK20: 0 | BL20: 0 | BM20: 0 | BN20: 0 | BO20: 0 | BP20: 0 | BQ20: 0 | BR20: 0 | BS20: 0 | BT20: 0 | BU20: 0
A21: noarch-flags | B21: 2 | C21: WR00L2L2 | D21: 18368 | E21: 224 | F21: 2 | G21: 8 | H21: 349.31 | I21: 11.829 | J21: 45547 | K21: 0.73680556 | L21: 0 | M21: 0 | N21: 0 | O21: 0 | P21: 0 | Q21: 0 | R21: 0 | S21: 0 | T21: 0 | U21: 0 | V21: 0 | W21: 0 | X21: =X20 -> 11.7142 | Z21: linux_OpenBLAS | AA21: 2 | AB21: WR00L2L2 | AC21: 18528 | AD21: 96 | AE21: 2 | AF21: 8 | AG21: 318.75 | AH21: 13.304 | AI21: 45554 | AJ21: 0.64290509 | AK21: 0 | AL21: 0 | AM21: 0 | AN21: 0 | AO21: 0 | AP21: 0 | AQ21: 0 | AR21: 0 | AS21: 0 | AT21: 0 | AU21: 0 | AV21: 0 | AW21: =AW20 -> 13.3145 | AZ21: 1 | BA21: WR00L2L2 | BB21: 19584 | BC21: 32 | BD21: 4 | BE21: 4 | BF21: 1004.59 | BG21: 4.9851 | BH21: 45474 | BI21: 0.50288194 | BJ21: 0 | BK21: 0 | BL21: 0 | BM21: 0 | BN21: 0 | BO21: 0 | BP21: 0 | BQ21: 0 | BR21: 0 | BS21: 0 | BT21: 0 | BU21: 0
A22: noarch-flags | B22: 3 | C22: WR00L2L2 | D22: 18368 | E22: 224 | F22: 2 | G22: 8 | H22: 358.4 | I22: 11.529 | J22: 45548 | K22: 0.39703704 | L22: 0 | M22: 0 | N22: 0 | O22: 0 | P22: 0 | Q22: 0 | R22: 0 | S22: 0 | T22: 0 | U22: 0 | V22: 0 | W22: 0 | X22: =X21 -> 11.7142 | Z22: linux_OpenBLAS | AA22: 3 | AB22: WR00L2L2 | AC22: 18528 | AD22: 96 | AE22: 2 | AF22: 8 | AG22: 318.72 | AH22: 13.306 | AI22: 45555 | AJ22: 0.1683912 | AK22: 0 | AL22: 0 | AM22: 0 | AN22: 0 | AO22: 0 | AP22: 0 | AQ22: 0 | AR22: 0 | AS22: 0 | AT22: 0 | AU22: 0 | AV22: 0 | AW22: =AW21 -> 13.3145 | AZ22: 0 | BA22: WR00L2L2 | BB22: 17536 | BC22: 64 | BD22: 1 | BE22: 16 | BF22: 346 | BG22: 10.392 | BH22: 45472 | BI22: 0.34424769 | BJ22: 0 | BK22: 0 | BL22: 0 | BM22: 0 | BN22: 0 | BO22: 0 | BP22: 0 | BQ22: 0 | BR22: 0 | BS22: 0 | BT22: 0 | BU22: 0
A23: noarch-flags | B23: 4 | C23: WR00L2L2 | D23: 18368 | E23: 224 | F23: 2 | G23: 8 | H23: 356.63 | I23: 11.586 | J23: 45549 | K23: 0.026435185 | L23: 0 | M23: 0 | N23: 0 | O23: 0 | P23: 0 | Q23: 0 | R23: 0 | S23: 0 | T23: 0 | U23: 0 | V23: 0 | W23: 0 | X23: =X22 -> 11.7142 | Z23: linux_OpenBLAS | AA23: 4 | AB23: WR00L2L2 | AC23: 18528 | AD23: 96 | AE23: 2 | AF23: 8 | AG23: 318.98 | AH23: 13.295 | AI23: 45555 | AJ23: 0.66853009 | AK23: 0 | AL23: 0 | AM23: 0 | AN23: 0 | AO23: 0 | AP23: 0 | AQ23: 0 | AR23: 0 | AS23: 0 | AT23: 0 | AU23: 0 | AV23: 0 | AW23: =AW22 -> 13.3145 | AZ23: 1 | BA23: WR00L2L2 | BB23: 17536 | BC23: 64 | BD23: 1 | BE23: 16 | BF23: 501.09 | BG23: 7.1753 | BH23: 45474 | BI23: 0.13481481 | BJ23: 0 | BK23: 0 | BL23: 0 | BM23: 0 | BN23: 0 | BO23: 0 | BP23: 0 | BQ23: 0 | BR23: 0 | BS23: 0 | BT23: 0 | BU23: 0
A24: noarch-flags | B24: 0 | C24: WR00L2L2 | D24: 19584 | E24: 192 | F24: 2 | G24: 8 | H24: 417.28 | I24: 12.001 | J24: 45545 | K24: 0.57127315 | L24: 0 | M24: 0 | N24: 0 | O24: 0 | P24: 0 | Q24: 0 | R24: 0 | S24: 0 | T24: 0 | U24: 0 | V24: 0 | W24: 0 | X24: =AVERAGE(I24:I28) -> 11.6964 | Z24: linux_OpenBLAS | AA24: 0 | AB24: WR00L2L2 | AC24: 19584 | AD24: 128 | AE24: 2 | AF24: 8 | AG24: 388.37 | AH24: 12.895 | AI24: 45558 | AJ24: 0.17023148 | AK24: 0 | AL24: 0 | AM24: 0 | AN24: 0 | AO24: 0 | AP24: 0 | AQ24: 0 | AR24: 0 | AS24: 0 | AT24: 0 | AU24: 0 | AV24: 0 | AW24: =AVERAGE(AH24:AH27) -> 13.272 | AZ24: 0 | BA24: WR00L2L2 | BB24: 18560 | BC24: 64 | BD24: 1 | BE24: 16 | BF24: 403.24 | BG24: 10.571 | BH24: 45472 | BI24: 0.45827546 | BJ24: 0 | BK24: 0 | BL24: 0 | BM24: 0 | BN24: 0 | BO24: 0 | BP24: 0 | BQ24: 0 | BR24: 0 | BS24: 0 | BT24: 0 | BU24: 0
A25: noarch-flags | B25: 1 | C25: WR00L2L2 | D25: 19584 | E25: 192 | F25: 2 | G25: 8 | H25: 427.81 | I25: 11.706 | J25: 45547 | K25: 0.34945602 | L25: 0 | M25: 0 | N25: 0 | O25: 0 | P25: 0 | Q25: 0 | R25: 0 | S25: 0 | T25: 0 | U25: 0 | V25: 0 | W25: 0 | X25: =X24 -> 11.6964 | Z25: linux_OpenBLAS | AA25: 1 | AB25: WR00L2L2 | AC25: 19584 | AD25: 128 | AE25: 2 | AF25: 8 | AG25: 373.72 | AH25: 13.4 | AI25: 45558 | AJ25: 0.65145833 | AK25: 0 | AL25: 0 | AM25: 0 | AN25: 0 | AO25: 0 | AP25: 0 | AQ25: 0 | AR25: 0 | AS25: 0 | AT25: 0 | AU25: 0 | AV25: 0 | AW25: =AW24 -> 13.272 | AZ25: 1 | BA25: WR00L2L2 | BB25: 18560 | BC25: 64 | BD25: 1 | BE25: 16 | BF25: 575.19 | BG25: 7.4111 | BH25: 45474 | BI25: 0.30425926 | BJ25: 0 | BK25: 0 | BL25: 0 | BM25: 0 | BN25: 0 | BO25: 0 | BP25: 0 | BQ25: 0 | BR25: 0 | BS25: 0 | BT25: 0 | BU25: 0
A26: noarch-flags | B26: 2 | C26: WR00L2L2 | D26: 19584 | E26: 192 | F26: 2 | G26: 8 | H26: 437.48 | I26: 11.447 | J26: 45547 | K26: 0.95799769 | L26: 0 | M26: 0 | N26: 0 | O26: 0 | P26: 0 | Q26: 0 | R26: 0 | S26: 0 | T26: 0 | U26: 0 | V26: 0 | W26: 0 | X26: =X25 -> 11.6964 | Z26: linux_OpenBLAS | AA26: 2 | AB26: WR00L2L2 | AC26: 19584 | AD26: 128 | AE26: 2 | AF26: 8 | AG26: 373.6 | AH26: 13.405 | AI26: 45554 | AJ26: 0.81157407 | AK26: 0 | AL26: 0 | AM26: 0 | AN26: 0 | AO26: 0 | AP26: 0 | AQ26: 0 | AR26: 0 | AS26: 0 | AT26: 0 | AU26: 0 | AV26: 0 | AW26: =AW25 -> 13.272 | AZ26: 0 | BA26: WR00L2L2 | BB26: 19584 | BC26: 64 | BD26: 1 | BE26: 16 | BF26: 2564.62 | BG26: 1.9527 | BH26: 45473 | BI26: 0.57993056 | BJ26: 0 | BK26: 0 | BL26: 0 | BM26: 0 | BN26: 0 | BO26: 0 | BP26: 0 | BQ26: 0 | BR26: 0 | BS26: 0 | BT26: 0 | BU26: 0
A27: noarch-flags | B27: 3 | C27: WR00L2L2 | D27: 19584 | E27: 192 | F27: 2 | G27: 8 | H27: 429.81 | I27: 11.652 | J27: 45548 | K27: 0.61679398 | L27: 0 | M27: 0 | N27: 0 | O27: 0 | P27: 0 | Q27: 0 | R27: 0 | S27: 0 | T27: 0 | U27: 0 | V27: 0 | W27: 0 | X27: =X26 -> 11.6964 | Z27: linux_OpenBLAS | AA27: 3 | AB27: WR00L2L2 | AC27: 19584 | AD27: 128 | AE27: 2 | AF27: 8 | AG27: 374.08 | AH27: 13.388 | AI27: 45555 | AJ27: 0.33715278 | AK27: 0 | AL27: 0 | AM27: 0 | AN27: 0 | AO27: 0 | AP27: 0 | AQ27: 0 | AR27: 0 | AS27: 0 | AT27: 0 | AU27: 0 | AV27: 0 | AW27: =AW26 -> 13.272 | AZ27: 1 | BA27: WR00L2L2 | BB27: 19584 | BC27: 64 | BD27: 1 | BE27: 16 | BF27: 758.48 | BG27: 6.6027 | BH27: 45474 | BI27: 0.5125463 | BJ27: 0 | BK27: 0 | BL27: 0 | BM27: 0 | BN27: 0 | BO27: 0 | BP27: 0 | BQ27: 0 | BR27: 0 | BS27: 0 | BT27: 0 | BU27: 0
A28: noarch-flags | B28: 4 | C28: WR00L2L2 | D28: 19584 | E28: 192 | F28: 2 | G28: 8 | H28: 428.91 | I28: 11.676 | J28: 45549 | K28: 0.26258102 | L28: 0 | M28: 0 | N28: 0 | O28: 0 | P28: 0 | Q28: 0 | R28: 0 | S28: 0 | T28: 0 | U28: 0 | V28: 0 | W28: 0 | X28: =X27 -> 11.6964 | Z28: linux_OpenBLAS | AA28: 4 | AB28: WR00L2L2 | AC28: 19584 | AD28: 128 | AE28: 2 | AF28: 8 | AG28: 373.37 | AH28: 13.413 | AI28: 45555 | AJ28: 0.83043981 | AK28: 0 | AL28: 0 | AM28: 0 | AN28: 0 | AO28: 0 | AP28: 0 | AQ28: 0 | AR28: 0 | AS28: 0 | AT28: 0 | AU28: 0 | AV28: 0 | AW28: =AW27 -> 13.272 | AZ28: 0 | BA28: WR00L2L2 | BB28: 17536 | BC28: 64 | BD28: 2 | BE28: 8 | BF28: 319.8 | BG28: 11.243 | BH28: 45472 | BI28: 0.34822917 | BJ28: 0 | BK28: 0 | BL28: 0 | BM28: 0 | BN28: 0 | BO28: 0 | BP28: 0 | BQ28: 0 | BR28: 0 | BS28: 0 | BT28: 0 | BU28: 0
A29: noarch-flags | B29: 0 | C29: WR00L2L2 | D29: 19584 | E29: 96 | F29: 2 | G29: 8 | H29: 433.3 | I29: 11.558 | J29: 45560 | K29: 0.42408565 | L29: 0 | M29: 0 | N29: 0 | O29: 0 | P29: 0 | Q29: 0 | R29: 0 | S29: 0 | T29: 0 | U29: 0 | V29: 0 | W29: 0 | X29: =AVERAGE(I29:I33) -> 11.6256 | Z29: linux_OpenBLAS | AA29: 0 | AB29: WR00L2L2 | AC29: 18560 | AD29: 160 | AE29: 2 | AF29: 8 | AG29: 321.92 | AH29: 13.242 | AI29: 45558 | AJ29: 0.026944444 | AK29: 0 | AL29: 0 | AM29: 0 | AN29: 0 | AO29: 0 | AP29: 0 | AQ29: 0 | AR29: 0 | AS29: 0 | AT29: 0 | AU29: 0 | AV29: 0 | AW29: =AVERAGE(AH29:AH32) -> 13.237 | AZ29: 1 | BA29: WR00L2L2 | BB29: 17536 | BC29: 64 | BD29: 2 | BE29: 8 | BF29: 494.97 | BG29: 7.2641 | BH29: 45474 | BI29: 0.14090278 | BJ29: 0 | BK29: 0 | BL29: 0 | BM29: 0 | BN29: 0 | BO29: 0 | BP29: 0 | BQ29: 0 | BR29: 0 | BS29: 0 | BT29: 0 | BU29: 0
A30: noarch-flags | B30: 1 | C30: WR00L2L2 | D30: 19584 | E30: 96 | F30: 2 | G30: 8 | H30: 422.53 | I30: 11.852 | J30: 45560 | K30: 0.43952546 | L30: 0 | M30: 0 | N30: 0 | O30: 0 | P30: 0 | Q30: 0 | R30: 0 | S30: 0 | T30: 0 | U30: 0 | V30: 0 | W30: 0 | X30: =X29 -> 11.6256 | Z30: linux_OpenBLAS | AA30: 1 | AB30: WR00L2L2 | AC30: 18560 | AD30: 160 | AE30: 2 | AF30: 8 | AG30: 322.25 | AH30: 13.228 | AI30: 45558 | AJ30: 0.52611111 | AK30: 0 | AL30: 0 | AM30: 0 | AN30: 0 | AO30: 0 | AP30: 0 | AQ30: 0 | AR30: 0 | AS30: 0 | AT30: 0 | AU30: 0 | AV30: 0 | AW30: =AW29 -> 13.237 | AZ30: 0 | BA30: WR00L2L2 | BB30: 18560 | BC30: 64 | BD30: 2 | BE30: 8 | BF30: 366.89 | BG30: 11.619 | BH30: 45472 | BI30: 0.46283565 | BJ30: 0 | BK30: 0 | BL30: 0 | BM30: 0 | BN30: 0 | BO30: 0 | BP30: 0 | BQ30: 0 | BR30: 0 | BS30: 0 | BT30: 0 | BU30: 0
A31: noarch-flags | B31: 2 | C31: WR00L2L2 | D31: 19584 | E31: 96 | F31: 2 | G31: 8 | H31: 434.87 | I31: 11.516 | J31: 45560 | K31: 0.45490741 | L31: 0 | M31: 0 | N31: 0 | O31: 0 | P31: 0 | Q31: 0 | R31: 0 | S31: 0 | T31: 0 | U31: 0 | V31: 0 | W31: 0 | X31: =X30 -> 11.6256 | Z31: linux_OpenBLAS | AA31: 2 | AB31: WR00L2L2 | AC31: 18560 | AD31: 160 | AE31: 2 | AF31: 8 | AG31: 322.21 | AH31: 13.23 | AI31: 45554 | AJ31: 0.67002315 | AK31: 0 | AL31: 0 | AM31: 0 | AN31: 0 | AO31: 0 | AP31: 0 | AQ31: 0 | AR31: 0 | AS31: 0 | AT31: 0 | AU31: 0 | AV31: 0 | AW31: =AW30 -> 13.237 | AZ31: 1 | BA31: WR00L2L2 | BB31: 18560 | BC31: 64 | BD31: 2 | BE31: 8 | BF31: 564.29 | BG31: 7.5543 | BH31: 45474 | BI31: 0.31119213 | BJ31: 0 | BK31: 0 | BL31: 0 | BM31: 0 | BN31: 0 | BO31: 0 | BP31: 0 | BQ31: 0 | BR31: 0 | BS31: 0 | BT31: 0 | BU31: 0
A32: noarch-flags | B32: 3 | C32: WR00L2L2 | D32: 19584 | E32: 96 | F32: 2 | G32: 8 | H32: 432.55 | I32: 11.578 | J32: 45560 | K32: 0.47045139 | L32: 0 | M32: 0 | N32: 0 | O32: 0 | P32: 0 | Q32: 0 | R32: 0 | S32: 0 | T32: 0 | U32: 0 | V32: 0 | W32: 0 | X32: =X31 -> 11.6256 | Z32: linux_OpenBLAS | AA32: 3 | AB32: WR00L2L2 | AC32: 18560 | AD32: 160 | AE32: 2 | AF32: 8 | AG32: 321.77 | AH32: 13.248 | AI32: 45555 | AJ32: 0.19542824 | AK32: 0 | AL32: 0 | AM32: 0 | AN32: 0 | AO32: 0 | AP32: 0 | AQ32: 0 | AR32: 0 | AS32: 0 | AT32: 0 | AU32: 0 | AV32: 0 | AW32: =AW31 -> 13.237 | AZ32: 0 | BA32: WR00L2L2 | BB32: 19584 | BC32: 64 | BD32: 2 | BE32: 8 | BF32: 424.29 | BG32: 11.803 | BH32: 45473 | BI32: 0.88265046 | BJ32: 0 | BK32: 0 | BL32: 0 | BM32: 0 | BN32: 0 | BO32: 0 | BP32: 0 | BQ32: 0 | BR32: 0 | BS32: 0 | BT32: 0 | BU32: 0
A33: noarch-flags | B33: 4 | C33: WR00L2L2 | D33: 19584 | E33: 96 | F33: 2 | G33: 8 | H33: 430.82 | I33: 11.624 | J33: 45560 | K33: 0.48563657 | L33: 0 | M33: 0 | N33: 0 | O33: 0 | P33: 0 | Q33: 0 | R33: 0 | S33: 0 | T33: 0 | U33: 0 | V33: 0 | W33: 0 | X33: =X32 -> 11.6256 | Z33: linux_OpenBLAS | AA33: 4 | AB33: WR00L2L2 | AC33: 18560 | AD33: 160 | AE33: 2 | AF33: 8 | AG33: 323.38 | AH33: 13.182 | AI33: 45555 | AJ33: 0.69568287 | AK33: 0 | AL33: 0 | AM33: 0 | AN33: 0 | AO33: 0 | AP33: 0 | AQ33: 0 | AR33: 0 | AS33: 0 | AT33: 0 | AU33: 0 | AV33: 0 | AW33: =AW32 -> 13.237 | AZ33: 1 | BA33: WR00L2L2 | BB33: 19584 | BC33: 64 | BD33: 2 | BE33: 8 | BF33: 676.2 | BG33: 7.4061 | BH33: 45474 | BI33: 0.5209838 | BJ33: 0 | BK33: 0 | BL33: 0 | BM33: 0 | BN33: 0 | BO33: 0 | BP33: 0 | BQ33: 0 | BR33: 0 | BS33: 0 | BT33: 0 | BU33: 0
A34: noarch-flags | B34: 0 | C34: WR00L2L2 | D34: 19584 | E34: 128 | F34: 2 | G34: 8 | H34: 428.26 | I34: 11.694 | J34: 45546 | K34: 0.62679398 | L34: 0 | M34: 0 | N34: 0 | O34: 0 | P34: 0 | Q34: 0 | R34: 0 | S34: 0 | T34: 0 | U34: 0 | V34: 0 | W34: 0 | X34: =AVERAGE(I34:I38) -> 11.5186 | Z34: linux_OpenBLAS | AA34: 0 | AB34: WR00L2L2 | AC34: 18560 | AD34: 64 | AE34: 2 | AF34: 8 | AG34: 321.9 | AH34: 13.243 | AI34: 45557 | AJ34: 0.98618056 | AK34: 0 | AL34: 0 | AM34: 0 | AN34: 0 | AO34: 0 | AP34: 0 | AQ34: 0 | AR34: 0 | AS34: 0 | AT34: 0 | AU34: 0 | AV34: 0 | AW34: =AVERAGE(AH34:AH37) -> 13.2265 | AZ34: 0 | BA34: WR00L2L2 | BB34: 17536 | BC34: 64 | BD34: 4 | BE34: 4 | BF34: 415.43 | BG34: 8.6548 | BH34: 45472 | BI34: 0.35332176 | BJ34: 0 | BK34: 0 | BL34: 0 | BM34: 0 | BN34: 0 | BO34: 0 | BP34: 0 | BQ34: 0 | BR34: 0 | BS34: 0 | BT34: 0 | BU34: 0
A35: noarch-flags | B35: 1 | C35: WR00L2L2 | D35: 19584 | E35: 128 | F35: 2 | G35: 8 | H35: 427.69 | I35: 11.709 | J35: 45547 | K35: 0.2515625 | L35: 0 | M35: 0 | N35: 0 | O35: 0 | P35: 0 | Q35: 0 | R35: 0 | S35: 0 | T35: 0 | U35: 0 | V35: 0 | W35: 0 | X35: =X34 -> 11.5186 | Z35: linux_OpenBLAS | AA35: 1 | AB35: WR00L2L2 | AC35: 18560 | AD35: 64 | AE35: 2 | AF35: 8 | AG35: 322.92 | AH35: 13.201 | AI35: 45558 | AJ35: 0.48556713 | AK35: 0 | AL35: 0 | AM35: 0 | AN35: 0 | AO35: 0 | AP35: 0 | AQ35: 0 | AR35: 0 | AS35: 0 | AT35: 0 | AU35: 0 | AV35: 0 | AW35: =AW34 -> 13.2265 | AZ35: 1 | BA35: WR00L2L2 | BB35: 17536 | BC35: 64 | BD35: 4 | BE35: 4 | BF35: 667.08 | BG35: 5.3899 | BH35: 45474 | BI35: 0.14898148 | BJ35: 0 | BK35: 0 | BL35: 0 | BM35: 0 | BN35: 0 | BO35: 0 | BP35: 0 | BQ35: 0 | BR35: 0 | BS35: 0 | BT35: 0 | BU35: 0
A36: noarch-flags | B36: 2 | C36: WR00L2L2 | D36: 19584 | E36: 128 | F36: 2 | G36: 8 | H36: 432.38 | I36: 11.582 | J36: 45547 | K36: 0.86320602 | L36: 0 | M36: 0 | N36: 0 | O36: 0 | P36: 0 | Q36: 0 | R36: 0 | S36: 0 | T36: 0 | U36: 0 | V36: 0 | W36: 0 | X36: =X35 -> 11.5186 | Z36: linux_OpenBLAS | AA36: 2 | AB36: WR00L2L2 | AC36: 18560 | AD36: 64 | AE36: 2 | AF36: 8 | AG36: 322.22 | AH36: 13.229 | AI36: 45554 | AJ36: 0.62950231 | AK36: 0 | AL36: 0 | AM36: 0 | AN36: 0 | AO36: 0 | AP36: 0 | AQ36: 0 | AR36: 0 | AS36: 0 | AT36: 0 | AU36: 0 | AV36: 0 | AW36: =AW35 -> 13.2265 | AZ36: 0 | BA36: WR00L2L2 | BB36: 18560 | BC36: 64 | BD36: 4 | BE36: 4 | BF36: 488.14 | BG36: 8.7327 | BH36: 45472 | BI36: 0.4687963 | BJ36: 0 | BK36: 0 | BL36: 0 | BM36: 0 | BN36: 0 | BO36: 0 | BP36: 0 | BQ36: 0 | BR36: 0 | BS36: 0 | BT36: 0 | BU36: 0
A37: noarch-flags | B37: 3 | C37: WR00L2L2 | D37: 19584 | E37: 128 | F37: 2 | G37: 8 | H37: 451.15 | I37: 11.101 | J37: 45548 | K37: 0.52465278 | L37: 0 | M37: 0 | N37: 0 | O37: 0 | P37: 0 | Q37: 0 | R37: 0 | S37: 0 | T37: 0 | U37: 0 | V37: 0 | W37: 0 | X37: =X36 -> 11.5186 | Z37: linux_OpenBLAS | AA37: 3 | AB37: WR00L2L2 | AC37: 18560 | AD37: 64 | AE37: 2 | AF37: 8 | AG37: 322.13 | AH37: 13.233 | AI37: 45555 | AJ37: 0.155 | AK37: 0 | AL37: 0 | AM37: 0 | AN37: 0 | AO37: 0 | AP37: 0 | AQ37: 0 | AR37: 0 | AS37: 0 | AT37: 0 | AU37: 0 | AV37: 0 | AW37: =AW36 -> 13.2265 | AZ37: 1 | BA37: WR00L2L2 | BB37: 18560 | BC37: 64 | BD37: 4 | BE37: 4 | BF37: 758.58 | BG37: 5.6195 | BH37: 45474 | BI37: 0.3203588 | BJ37: 0 | BK37: 0 | BL37: 0 | BM37: 0 | BN37: 0 | BO37: 0 | BP37: 0 | BQ37: 0 | BR37: 0 | BS37: 0 | BT37: 0 | BU37: 0
A38: noarch-flags | B38: 4 | C38: WR00L2L2 | D38: 19584 | E38: 128 | F38: 2 | G38: 8 | H38: 435.22 | I38: 11.507 | J38: 45549 | K38: 0.16253472 | L38: 0 | M38: 0 | N38: 0 | O38: 0 | P38: 0 | Q38: 0 | R38: 0 | S38: 0 | T38: 0 | U38: 0 | V38: 0 | W38: 0 | X38: =X37 -> 11.5186 | Z38: linux_OpenBLAS | AA38: 4 | AB38: WR00L2L2 | AC38: 18560 | AD38: 64 | AE38: 2 | AF38: 8 | AG38: 323.06 | AH38: 13.195 | AI38: 45555 | AJ38: 0.65511574 | AK38: 0 | AL38: 0 | AM38: 0 | AN38: 0 | AO38: 0 | AP38: 0 | AQ38: 0 | AR38: 0 | AS38: 0 | AT38: 0 | AU38: 0 | AV38: 0 | AW38: =AW37 -> 13.2265 | AZ38: 0 | BA38: WR00L2L2 | BB38: 19584 | BC38: 64 | BD38: 4 | BE38: 4 | BF38: 1066.56 | BG38: 4.6955 | BH38: 45473 | BI38: 0.595625 | BJ38: 0 | BK38: 0 | BL38: 0 | BM38: 0 | BN38: 0 | BO38: 0 | BP38: 0 | BQ38: 0 | BR38: 0 | BS38: 0 | BT38: 0 | BU38: 0
A39: noarch-flags | B39: 0 | C39: WR00L2L2 | D39: 17440 | E39: 160 | F39: 2 | G39: 8 | H39: 314.97 | I39: 11.229 | J39: 45546 | K39: 0.36037037 | L39: 0 | M39: 0 | N39: 0 | O39: 0 | P39: 0 | Q39: 0 | R39: 0 | S39: 0 | T39: 0 | U39: 0 | V39: 0 | W39: 0 | X39: =AVERAGE(I39:I43) -> 11.4232 | Z39: linux_OpenBLAS | AA39: 0 | AB39: WR00L2L2 | AC39: 18432 | AD39: 192 | AE39: 2 | AF39: 8 | AG39: 320.33 | AH39: 13.034 | AI39: 45558 | AJ39: 0.040416667 | AK39: 0 | AL39: 0 | AM39: 0 | AN39: 0 | AO39: 0 | AP39: 0 | AQ39: 0 | AR39: 0 | AS39: 0 | AT39: 0 | AU39: 0 | AV39: 0 | AW39: =AVERAGE(AH39:AH42) -> 13.03675 | AZ39: 0 | BA39: WR00L2L2 | BB39: 17568 | BC39: 96 | BD39: 1 | BE39: 16 | BF39: 330.59 | BG39: 10.936 | BH39: 45472 | BI39: 0.35747685 | BJ39: 0 | BK39: 0 | BL39: 0 | BM39: 0 | BN39: 0 | BO39: 0 | BP39: 0 | BQ39: 0 | BR39: 0 | BS39: 0 | BT39: 0 | BU39: 0
A40: noarch-flags | B40: 1 | C40: WR00L2L2 | D40: 17440 | E40: 160 | F40: 2 | G40: 8 | H40: 310.77 | I40: 11.381 | J40: 45546 | K40: 0.97646991 | L40: 0 | M40: 0 | N40: 0 | O40: 0 | P40: 0 | Q40: 0 | R40: 0 | S40: 0 | T40: 0 | U40: 0 | V40: 0 | W40: 0 | X40: =X39 -> 11.4232 | Z40: linux_OpenBLAS | AA40: 1 | AB40: WR00L2L2 | AC40: 18432 | AD40: 192 | AE40: 2 | AF40: 8 | AG40: 320.61 | AH40: 13.023 | AI40: 45558 | AJ40: 0.53954861 | AK40: 0 | AL40: 0 | AM40: 0 | AN40: 0 | AO40: 0 | AP40: 0 | AQ40: 0 | AR40: 0 | AS40: 0 | AT40: 0 | AU40: 0 | AV40: 0 | AW40: =AW39 -> 13.03675 | AZ40: 1 | BA40: WR00L2L2 | BB40: 17568 | BC40: 96 | BD40: 1 | BE40: 16 | BF40: 472.35 | BG40: 7.6537 | BH40: 45474 | BI40: 0.15483796 | BJ40: 0 | BK40: 0 | BL40: 0 | BM40: 0 | BN40: 0 | BO40: 0 | BP40: 0 | BQ40: 0 | BR40: 0 | BS40: 0 | BT40: 0 | BU40: 0
A41: noarch-flags | B41: 2 | C41: WR00L2L2 | D41: 17440 | E41: 160 | F41: 2 | G41: 8 | H41: 304.23 | I41: 11.625 | J41: 45547 | K41: 0.5915625 | L41: 0 | M41: 0 | N41: 0 | O41: 0 | P41: 0 | Q41: 0 | R41: 0 | S41: 0 | T41: 0 | U41: 0 | V41: 0 | W41: 0 | X41: =X40 -> 11.4232 | Z41: linux_OpenBLAS | AA41: 2 | AB41: WR00L2L2 | AC41: 18432 | AD41: 192 | AE41: 2 | AF41: 8 | AG41: 319.63 | AH41: 13.063 | AI41: 45554 | AJ41: 0.68346065 | AK41: 0 | AL41: 0 | AM41: 0 | AN41: 0 | AO41: 0 | AP41: 0 | AQ41: 0 | AR41: 0 | AS41: 0 | AT41: 0 | AU41: 0 | AV41: 0 | AW41: =AW40 -> 13.03675 | AZ41: 0 | BA41: WR00L2L2 | BB41: 18528 | BC41: 96 | BD41: 1 | BE41: 16 | BF41: 397.63 | BG41: 10.665 | BH41: 45472 | BI41: 0.47387731 | BJ41: 0 | BK41: 0 | BL41: 0 | BM41: 0 | BN41: 0 | BO41: 0 | BP41: 0 | BQ41: 0 | BR41: 0 | BS41: 0 | BT41: 0 | BU41: 0
A42: noarch-flags | B42: 3 | C42: WR00L2L2 | D42: 17440 | E42: 160 | F42: 2 | G42: 8 | H42: 319.63 | I42: 11.065 | J42: 45548 | K42: 0.25229167 | L42: 0 | M42: 0 | N42: 0 | O42: 0 | P42: 0 | Q42: 0 | R42: 0 | S42: 0 | T42: 0 | U42: 0 | V42: 0 | W42: 0 | X42: =X41 -> 11.4232 | Z42: linux_OpenBLAS | AA42: 3 | AB42: WR00L2L2 | AC42: 18432 | AD42: 192 | AE42: 2 | AF42: 8 | AG42: 320.5 | AH42: 13.027 | AI42: 45555 | AJ42: 0.20887731 | AK42: 0 | AL42: 0 | AM42: 0 | AN42: 0 | AO42: 0 | AP42: 0 | AQ42: 0 | AR42: 0 | AS42: 0 | AT42: 0 | AU42: 0 | AV42: 0 | AW42: =AW41 -> 13.03675 | AZ42: 1 | BA42: WR00L2L2 | BB42: 18528 | BC42: 96 | BD42: 1 | BE42: 16 | BF42: 555.73 | BG42: 7.631 | BH42: 45474 | BI42: 0.32729167 | BJ42: 0 | BK42: 0 | BL42: 0 | BM42: 0 | BN42: 0 | BO42: 0 | BP42: 0 | BQ42: 0 | BR42: 0 | BS42: 0 | BT42: 0 | BU42: 0
A43: noarch-flags | B43: 4 | C43: WR00L2L2 | D43: 17440 | E43: 160 | F43: 2 | G43: 8 | H43: 299.32 | I43: 11.816 | J43: 45548 | K43: 0.88011574 | L43: 0 | M43: 0 | N43: 0 | O43: 0 | P43: 0 | Q43: 0 | R43: 0 | S43: 0 | T43: 0 | U43: 0 | V43: 0 | W43: 0 | X43: =X42 -> 11.4232 | Z43: linux_OpenBLAS | AA43: 4 | AB43: WR00L2L2 | AC43: 18432 | AD43: 192 | AE43: 2 | AF43: 8 | AG43: 319.97 | AH43: 13.049 | AI43: 45555 | AJ43: 0.70909722 | AK43: 0 | AL43: 0 | AM43: 0 | AN43: 0 | AO43: 0 | AP43: 0 | AQ43: 0 | AR43: 0 | AS43: 0 | AT43: 0 | AU43: 0 | AV43: 0 | AW43: =AW42 -> 13.03675 | AZ43: 0 | BA43: WR00L2L2 | BB43: 19584 | BC43: 96 | BD43: 1 | BE43: 16 | BF43: 3011.85 | BG43: 1.6628 | BH43: 45473 | BI43: 0.63346065 | BJ43: 0 | BK43: 0 | BL43: 0 | BM43: 0 | BN43: 0 | BO43: 0 | BP43: 0 | BQ43: 0 | BR43: 0 | BS43: 0 | BT43: 0 | BU43: 0
A44: noarch-flags | B44: 0 | C44: WR00L2L2 | D44: 18432 | E44: 192 | F44: 2 | G44: 8 | H44: 370.21 | I44: 11.278 | J44: 45546 | K44: 0.49180556 | L44: 0 | M44: 0 | N44: 0 | O44: 0 | P44: 0 | Q44: 0 | R44: 0 | S44: 0 | T44: 0 | U44: 0 | V44: 0 | W44: 0 | X44: =AVERAGE(I44:I48) -> 11.2938 | Z44: linux_OpenBLAS | AA44: 0 | AB44: WR00L2L2 | AC44: 18560 | AD44: 128 | AE44: 2 | AF44: 8 | AG44: 328.2 | AH44: 12.988 | AI44: 45558 | AJ44: 0.013136574 | AK44: 0 | AL44: 0 | AM44: 0 | AN44: 0 | AO44: 0 | AP44: 0 | AQ44: 0 | AR44: 0 | AS44: 0 | AT44: 0 | AU44: 0 | AV44: 0 | AW44: =AVERAGE(AH44:AH47) -> 12.9735
A45: noarch-flags | B45: 1 | C45: WR00L2L2 | D45: 18432 | E45: 192 | F45: 2 | G45: 8 | H45: 372.21 | I45: 11.217 | J45: 45547 | K45: 0.10777778 | L45: 0 | M45: 0 | N45: 0 | O45: 0 | P45: 0 | Q45: 0 | R45: 0 | S45: 0 | T45: 0 | U45: 0 | V45: 0 | W45: 0 | X45: =X44 -> 11.2938 | Z45: linux_OpenBLAS | AA45: 1 | AB45: WR00L2L2 | AC45: 18560 | AD45: 128 | AE45: 2 | AF45: 8 | AG45: 328.53 | AH45: 12.975 | AI45: 45558 | AJ45: 0.51251157 | AK45: 0 | AL45: 0 | AM45: 0 | AN45: 0 | AO45: 0 | AP45: 0 | AQ45: 0 | AR45: 0 | AS45: 0 | AT45: 0 | AU45: 0 | AV45: 0 | AW45: =AW44 -> 12.9735 | AZ45: 0 | BA45: WR00L2L2 | BB45: 17568 | BC45: 96 | BD45: 2 | BE45: 8 | BF45: 310.96 | BG45: 11.626 | BH45: 45472 | BI45: 0.36136574 | BJ45: 0 | BK45: 0 | BL45: 0 | BM45: 0 | BN45: 0 | BO45: 0 | BP45: 0 | BQ45: 0 | BR45: 0 | BS45: 0 | BT45: 0 | BU45: 0
A46: noarch-flags | B46: 2 | C46: WR00L2L2 | D46: 18432 | E46: 192 | F46: 2 | G46: 8 | H46: 369.02 | I46: 11.314 | J46: 45547 | K46: 0.72196759 | L46: 0 | M46: 0 | N46: 0 | O46: 0 | P46: 0 | Q46: 0 | R46: 0 | S46: 0 | T46: 0 | U46: 0 | V46: 0 | W46: 0 | X46: =X45 -> 11.2938 | Z46: linux_OpenBLAS | AA46: 2 | AB46: WR00L2L2 | AC46: 18560 | AD46: 128 | AE46: 2 | AF46: 8 | AG46: 328.76 | AH46: 12.966 | AI46: 45554 | AJ46: 0.65644676 | AK46: 0 | AL46: 0 | AM46: 0 | AN46: 0 | AO46: 0 | AP46: 0 | AQ46: 0 | AR46: 0 | AS46: 0 | AT46: 0 | AU46: 0 | AV46: 0 | AW46: =AW45 -> 12.9735 | AZ46: 1 | BA46: WR00L2L2 | BB46: 17568 | BC46: 96 | BD46: 2 | BE46: 8 | BF46: 475.12 | BG46: 7.609 | BH46: 45474 | BI46: 0.16069444 | BJ46: 0 | BK46: 0 | BL46: 0 | BM46: 0 | BN46: 0 | BO46: 0 | BP46: 0 | BQ46: 0 | BR46: 0 | BS46: 0 | BT46: 0 | BU46: 0
A47: noarch-flags | B47: 3 | C47: WR00L2L2 | D47: 18432 | E47: 192 | F47: 2 | G47: 8 | H47: 372.55 | I47: 11.207 | J47: 45548 | K47: 0.38228009 | L47: 0 | M47: 0 | N47: 0 | O47: 0 | P47: 0 | Q47: 0 | R47: 0 | S47: 0 | T47: 0 | U47: 0 | V47: 0 | W47: 0 | X47: =X46 -> 11.2938 | Z47: linux_OpenBLAS | AA47: 3 | AB47: WR00L2L2 | AC47: 18560 | AD47: 128 | AE47: 2 | AF47: 8 | AG47: 328.79 | AH47: 12.965 | AI47: 45555 | AJ47: 0.1819213 | AK47: 0 | AL47: 0 | AM47: 0 | AN47: 0 | AO47: 0 | AP47: 0 | AQ47: 0 | AR47: 0 | AS47: 0 | AT47: 0 | AU47: 0 | AV47: 0 | AW47: =AW46 -> 12.9735 | AZ47: 0 | BA47: WR00L2L2 | BB47: 18528 | BC47: 96 | BD47: 2 | BE47: 8 | BF47: 365.4 | BG47: 11.606 | BH47: 45472 | BI47: 0.4784375 | BJ47: 0 | BK47: 0 | BL47: 0 | BM47: 0 | BN47: 0 | BO47: 0 | BP47: 0 | BQ47: 0 | BR47: 0 | BS47: 0 | BT47: 0 | BU47: 0
A48: noarch-flags | B48: 4 | C48: WR00L2L2 | D48: 18432 | E48: 192 | F48: 2 | G48: 8 | H48: 364.56 | I48: 11.453 | J48: 45549 | K48: 0.012048611 | L48: 0 | M48: 0 | N48: 0 | O48: 0 | P48: 0 | Q48: 0 | R48: 0 | S48: 0 | T48: 0 | U48: 0 | V48: 0 | W48: 0 | X48: =X47 -> 11.2938 | Z48: linux_OpenBLAS | AA48: 4 | AB48: WR00L2L2 | AC48: 18560 | AD48: 128 | AE48: 2 | AF48: 8 | AG48: 328.32 | AH48: 12.984 | AI48: 45555 | AJ48: 0.68203704 | AK48: 0 | AL48: 0 | AM48: 0 | AN48: 0 | AO48: 0 | AP48: 0 | AQ48: 0 | AR48: 0 | AS48: 0 | AT48: 0 | AU48: 0 | AV48: 0 | AW48: =AW47 -> 12.9735 | AZ48: 1 | BA48: WR00L2L2 | BB48: 18528 | BC48: 96 | BD48: 2 | BE48: 8 | BF48: 538.66 | BG48: 7.8729 | BH48: 45474 | BI48: 0.33393519 | BJ48: 0 | BK48: 0 | BL48: 0 | BM48: 0 | BN48: 0 | BO48: 0 | BP48: 0 | BQ48: 0 | BR48: 0 | BS48: 0 | BT48: 0 | BU48: 0
A49: noarch-flags | B49: 0 | C49: WR00L2L2 | D49: 17472 | E49: 192 | F49: 2 | G49: 8 | H49: 316.26 | I49: 11.245 | J49: 45546 | K49: 0.3731713 | L49: 0 | M49: 0 | N49: 0 | O49: 0 | P49: 0 | Q49: 0 | R49: 0 | S49: 0 | T49: 0 | U49: 0 | V49: 0 | W49: 0 | X49: =AVERAGE(I49:I53) -> 11.2664 | Z49: linux_OpenBLAS | AA49: 0 | AB49: WR00L2L2 | AC49: 17472 | AD49: 96 | AE49: 2 | AF49: 8 | AG49: 276.46 | AH49: 12.864 | AI49: 45557 | AJ49: 0.8990625 | AK49: 0 | AL49: 0 | AM49: 0 | AN49: 0 | AO49: 0 | AP49: 0 | AQ49: 0 | AR49: 0 | AS49: 0 | AT49: 0 | AU49: 0 | AV49: 0 | AW49: =AVERAGE(AH49:AH52) -> 12.84925 | AZ49: 0 | BA49: WR00L2L2 | BB49: 19584 | BC49: 96 | BD49: 2 | BE49: 8 | BF49: 408.21 | BG49: 12.268 | BH49: 45473 | BI49: 0.88778935 | BJ49: 0 | BK49: 0 | BL49: 0 | BM49: 0 | BN49: 0 | BO49: 0 | BP49: 0 | BQ49: 0 | BR49: 0 | BS49: 0 | BT49: 0 | BU49: 0
A50: noarch-flags | B50: 1 | C50: WR00L2L2 | D50: 17472 | E50: 192 | F50: 2 | G50: 8 | H50: 318.87 | I50: 11.153 | J50: 45546 | K50: 0.98960648 | L50: 0 | M50: 0 | N50: 0 | O50: 0 | P50: 0 | Q50: 0 | R50: 0 | S50: 0 | T50: 0 | U50: 0 | V50: 0 | W50: 0 | X50: =X49 -> 11.2664 | Z50: linux_OpenBLAS | AA50: 1 | AB50: WR00L2L2 | AC50: 17472 | AD50: 96 | AE50: 2 | AF50: 8 | AG50: 277.31 | AH50: 12.824 | AI50: 45558 | AJ50: 0.39847222 | AK50: 0 | AL50: 0 | AM50: 0 | AN50: 0 | AO50: 0 | AP50: 0 | AQ50: 0 | AR50: 0 | AS50: 0 | AT50: 0 | AU50: 0 | AV50: 0 | AW50: =AW49 -> 12.84925
A51: noarch-flags | B51: 2 | C51: WR00L2L2 | D51: 17472 | E51: 192 | F51: 2 | G51: 8 | H51: 317.16 | I51: 11.213 | J51: 45547 | K51: 0.6046875 | L51: 0 | M51: 0 | N51: 0 | O51: 0 | P51: 0 | Q51: 0 | R51: 0 | S51: 0 | T51: 0 | U51: 0 | V51: 0 | W51: 0 | X51: =X50 -> 11.2664 | Z51: linux_OpenBLAS | AA51: 2 | AB51: WR00L2L2 | AC51: 17472 | AD51: 96 | AE51: 2 | AF51: 8 | AG51: 276.87 | AH51: 12.844 | AI51: 45558 | AJ51: 0.89697917 | AK51: 0 | AL51: 0 | AM51: 0 | AN51: 0 | AO51: 0 | AP51: 0 | AQ51: 0 | AR51: 0 | AS51: 0 | AT51: 0 | AU51: 0 | AV51: 0 | AW51: =AW50 -> 12.84925 | AZ51: 0 | BA51: WR00L2L2 | BB51: 17568 | BC51: 96 | BD51: 4 | BE51: 4 | BF51: 394.55 | BG51: 9.1628 | BH51: 45472 | BI51: 0.36621528 | BJ51: 0 | BK51: 0 | BL51: 0 | BM51: 0 | BN51: 0 | BO51: 0 | BP51: 0 | BQ51: 0 | BR51: 0 | BS51: 0 | BT51: 0 | BU51: 0
A52: noarch-flags | B52: 3 | C52: WR00L2L2 | D52: 17472 | E52: 192 | F52: 2 | G52: 8 | H52: 306.51 | I52: 11.602 | J52: 45548 | K52: 0.26501157 | L52: 0 | M52: 0 | N52: 0 | O52: 0 | P52: 0 | Q52: 0 | R52: 0 | S52: 0 | T52: 0 | U52: 0 | V52: 0 | W52: 0 | X52: =X51 -> 11.2664 | Z52: linux_OpenBLAS | AA52: 3 | AB52: WR00L2L2 | AC52: 17472 | AD52: 96 | AE52: 2 | AF52: 8 | AG52: 276.42 | AH52: 12.865 | AI52: 45555 | AJ52: 0.067939815 | AK52: 0 | AL52: 0 | AM52: 0 | AN52: 0 | AO52: 0 | AP52: 0 | AQ52: 0 | AR52: 0 | AS52: 0 | AT52: 0 | AU52: 0 | AV52: 0 | AW52: =AW51 -> 12.84925 | AZ52: 1 | BA52: WR00L2L2 | BB52: 17568 | BC52: 96 | BD52: 4 | BE52: 4 | BF52: 642.9 | BG52: 5.6232 | BH52: 45474 | BI52: 0.16849537 | BJ52: 0 | BK52: 0 | BL52: 0 | BM52: 0 | BN52: 0 | BO52: 0 | BP52: 0 | BQ52: 0 | BR52: 0 | BS52: 0 | BT52: 0 | BU52: 0
A53: noarch-flags | B53: 4 | C53: WR00L2L2 | D53: 17472 | E53: 192 | F53: 2 | G53: 8 | H53: 319.84 | I53: 11.119 | J53: 45548 | K53: 0.89269676 | L53: 0 | M53: 0 | N53: 0 | O53: 0 | P53: 0 | Q53: 0 | R53: 0 | S53: 0 | T53: 0 | U53: 0 | V53: 0 | W53: 0 | X53: =X52 -> 11.2664 | Z53: linux_OpenBLAS | AA53: 4 | AB53: WR00L2L2 | AC53: 17472 | AD53: 96 | AE53: 2 | AF53: 8 | AG53: 276.57 | AH53: 12.859 | AI53: 45555 | AJ53: 0.56809028 | AK53: 0 | AL53: 0 | AM53: 0 | AN53: 0 | AO53: 0 | AP53: 0 | AQ53: 0 | AR53: 0 | AS53: 0 | AT53: 0 | AU53: 0 | AV53: 0 | AW53: =AW52 -> 12.84925 | AZ53: 0 | BA53: WR00L2L2 | BB53: 18528 | BC53: 96 | BD53: 4 | BE53: 4 | BF53: 459.46 | BG53: 9.23 | BH53: 45472 | BI53: 0.48407407 | BJ53: 0 | BK53: 0 | BL53: 0 | BM53: 0 | BN53: 0 | BO53: 0 | BP53: 0 | BQ53: 0 | BR53: 0 | BS53: 0 | BT53: 0 | BU53: 0
A54: noarch-flags | B54: 0 | C54: WR00L2L2 | D54: 18560 | E54: 64 | F54: 2 | G54: 8 | H54: 378.22 | I54: 11.271 | J54: 45546 | K54: 0.4309838 | L54: 0 | M54: 0 | N54: 0 | O54: 0 | P54: 0 | Q54: 0 | R54: 0 | S54: 0 | T54: 0 | U54: 0 | V54: 0 | W54: 0 | X54: =AVERAGE(I54:I58) -> 11.2388 | Z54: linux_OpenBLAS | AA54: 0 | AB54: WR00L2L2 | AC54: 18368 | AD54: 224 | AE54: 2 | AF54: 8 | AG54: 322.77 | AH54: 12.801 | AI54: 45558 | AJ54: 0.053946759 | AK54: 0 | AL54: 0 | AM54: 0 | AN54: 0 | AO54: 0 | AP54: 0 | AQ54: 0 | AR54: 0 | AS54: 0 | AT54: 0 | AU54: 0 | AV54: 0 | AW54: =AVERAGE(AH54:AH57) -> 12.82375 | AZ54: 1 | BA54: WR00L2L2 | BB54: 18528 | BC54: 96 | BD54: 4 | BE54: 4 | BF54: 720.86 | BG54: 5.883 | BH54: 45474 | BI54: 0.34268519 | BJ54: 0 | BK54: 0 | BL54: 0 | BM54: 0 | BN54: 0 | BO54: 0 | BP54: 0 | BQ54: 0 | BR54: 0 | BS54: 0 | BT54: 0 | BU54: 0
A55: noarch-flags | B55: 1 | C55: WR00L2L2 | D55: 18560 | E55: 64 | F55: 2 | G55: 8 | H55: 390.72 | I55: 10.91 | J55: 45547 | K55: 0.047025463 | L55: 0 | M55: 0 | N55: 0 | O55: 0 | P55: 0 | Q55: 0 | R55: 0 | S55: 0 | T55: 0 | U55: 0 | V55: 0 | W55: 0 | X55: =X54 -> 11.2388 | Z55: linux_OpenBLAS | AA55: 1 | AB55: WR00L2L2 | AC55: 18368 | AD55: 224 | AE55: 2 | AF55: 8 | AG55: 322.05 | AH55: 12.83 | AI55: 45558 | AJ55: 0.55311343 | AK55: 0 | AL55: 0 | AM55: 0 | AN55: 0 | AO55: 0 | AP55: 0 | AQ55: 0 | AR55: 0 | AS55: 0 | AT55: 0 | AU55: 0 | AV55: 0 | AW55: =AW54 -> 12.82375 | AZ55: 0 | BA55: WR00L2L2 | BB55: 19584 | BC55: 96 | BD55: 4 | BE55: 4 | BF55: 7559.93 | BG55: 0.66244 | BH55: 45473 | BI55: 0.72195602 | BJ55: 0 | BK55: 0 | BL55: 0 | BM55: 0 | BN55: 0 | BO55: 0 | BP55: 0 | BQ55: 0 | BR55: 0 | BS55: 0 | BT55: 0 | BU55: 0
A56: noarch-flags | B56: 2 | C56: WR00L2L2 | D56: 18560 | E56: 64 | F56: 2 | G56: 8 | H56: 378.23 | I56: 11.271 | J56: 45547 | K56: 0.661875 | L56: 0 | M56: 0 | N56: 0 | O56: 0 | P56: 0 | Q56: 0 | R56: 0 | S56: 0 | T56: 0 | U56: 0 | V56: 0 | W56: 0 | X56: =X55 -> 11.2388 | Z56: linux_OpenBLAS | AA56: 2 | AB56: WR00L2L2 | AC56: 18368 | AD56: 224 | AE56: 2 | AF56: 8 | AG56: 322.13 | AH56: 12.827 | AI56: 45554 | AJ56: 0.69700231 | AK56: 0 | AL56: 0 | AM56: 0 | AN56: 0 | AO56: 0 | AP56: 0 | AQ56: 0 | AR56: 0 | AS56: 0 | AT56: 0 | AU56: 0 | AV56: 0 | AW56: =AW55 -> 12.82375
A57: noarch-flags | B57: 3 | C57: WR00L2L2 | D57: 18560 | E57: 64 | F57: 2 | G57: 8 | H57: 370.34 | I57: 11.51 | J57: 45548 | K57: 0.32210648 | L57: 0 | M57: 0 | N57: 0 | O57: 0 | P57: 0 | Q57: 0 | R57: 0 | S57: 0 | T57: 0 | U57: 0 | V57: 0 | W57: 0 | X57: =X56 -> 11.2388 | Z57: linux_OpenBLAS | AA57: 3 | AB57: WR00L2L2 | AC57: 18368 | AD57: 224 | AE57: 2 | AF57: 8 | AG57: 321.87 | AH57: 12.837 | AI57: 45555 | AJ57: 0.22239583 | AK57: 0 | AL57: 0 | AM57: 0 | AN57: 0 | AO57: 0 | AP57: 0 | AQ57: 0 | AR57: 0 | AS57: 0 | AT57: 0 | AU57: 0 | AV57: 0 | AW57: =AW56 -> 12.82375 | AZ57: 0 | BA57: WR00L2L2 | BB57: 17536 | BC57: 128 | BD57: 1 | BE57: 16 | BF57: 345.11 | BG57: 10.418 | BH57: 45472 | BI57: 0.37053241 | BJ57: 0 | BK57: 0 | BL57: 0 | BM57: 0 | BN57: 0 | BO57: 0 | BP57: 0 | BQ57: 0 | BR57: 0 | BS57: 0 | BT57: 0 | BU57: 0
A58: noarch-flags | B58: 4 | C58: WR00L2L2 | D58: 18560 | E58: 64 | F58: 2 | G58: 8 | H58: 379.51 | I58: 11.232 | J58: 45548 | K58: 0.95084491 | L58: 0 | M58: 0 | N58: 0 | O58: 0 | P58: 0 | Q58: 0 | R58: 0 | S58: 0 | T58: 0 | U58: 0 | V58: 0 | W58: 0 | X58: =X57 -> 11.2388 | Z58: linux_OpenBLAS | AA58: 4 | AB58: WR00L2L2 | AC58: 18368 | AD58: 224 | AE58: 2 | AF58: 8 | AG58: 324.1 | AH58: 12.749 | AI58: 45555 | AJ58: 0.72263889 | AK58: 0 | AL58: 0 | AM58: 0 | AN58: 0 | AO58: 0 | AP58: 0 | AQ58: 0 | AR58: 0 | AS58: 0 | AT58: 0 | AU58: 0 | AV58: 0 | AW58: =AW57 -> 12.82375 | AZ58: 1 | BA58: WR00L2L2 | BB58: 17536 | BC58: 128 | BD58: 1 | BE58: 16 | BF58: 520.51 | BG58: 6.9076 | BH58: 45474 | BI58: 0.17488426 | BJ58: 0 | BK58: 0 | BL58: 0 | BM58: 0 | BN58: 0 | BO58: 0 | BP58: 0 | BQ58: 0 | BR58: 0 | BS58: 0 | BT58: 0 | BU58: 0
A59: noarch-flags | B59: 0 | C59: WR00L2L2 | D59: 17472 | E59: 224 | F59: 2 | G59: 8 | H59: 324.54 | I59: 10.958 | J59: 45546 | K59: 0.38609954 | L59: 0 | M59: 0 | N59: 0 | O59: 0 | P59: 0 | Q59: 0 | R59: 0 | S59: 0 | T59: 0 | U59: 0 | V59: 0 | W59: 0 | X59: =AVERAGE(I59:I63) -> 11.2078 | Z59: linux_OpenBLAS | AA59: 0 | AB59: WR00L2L2 | AC59: 17536 | AD59: 64 | AE59: 2 | AF59: 8 | AG59: 282.06 | AH59: 12.747 | AI59: 45557 | AJ59: 0.88734954 | AK59: 0 | AL59: 0 | AM59: 0 | AN59: 0 | AO59: 0 | AP59: 0 | AQ59: 0 | AR59: 0 | AS59: 0 | AT59: 0 | AU59: 0 | AV59: 0 | AW59: =AVERAGE(AH59:AH62) -> 12.73275 | AZ59: 0 | BA59: WR00L2L2 | BB59: 18560 | BC59: 128 | BD59: 1 | BE59: 16 | BF59: 413.75 | BG59: 10.303 | BH59: 45472 | BI59: 0.48927083 | BJ59: 0 | BK59: 0 | BL59: 0 | BM59: 0 | BN59: 0 | BO59: 0 | BP59: 0 | BQ59: 0 | BR59: 0 | BS59: 0 | BT59: 0 | BU59: 0
A60: noarch-flags | B60: 1 | C60: WR00L2L2 | D60: 17472 | E60: 224 | F60: 2 | G60: 8 | H60: 321.14 | I60: 11.074 | J60: 45547 | K60: 0.002650463 | L60: 0 | M60: 0 | N60: 0 | O60: 0 | P60: 0 | Q60: 0 | R60: 0 | S60: 0 | T60: 0 | U60: 0 | V60: 0 | W60: 0 | X60: =X59 -> 11.2078 | Z60: linux_OpenBLAS | AA60: 1 | AB60: WR00L2L2 | AC60: 17536 | AD60: 64 | AE60: 2 | AF60: 8 | AG60: 282.54 | AH60: 12.725 | AI60: 45558 | AJ60: 0.38675926 | AK60: 0 | AL60: 0 | AM60: 0 | AN60: 0 | AO60: 0 | AP60: 0 | AQ60: 0 | AR60: 0 | AS60: 0 | AT60: 0 | AU60: 0 | AV60: 0 | AW60: =AW59 -> 12.73275 | AZ60: 1 | BA60: WR00L2L2 | BB60: 18560 | BC60: 128 | BD60: 1 | BE60: 16 | BF60: 579.27 | BG60: 7.3589 | BH60: 45474 | BI60: 0.34986111 | BJ60: 0 | BK60: 0 | BL60: 0 | BM60: 0 | BN60: 0 | BO60: 0 | BP60: 0 | BQ60: 0 | BR60: 0 | BS60: 0 | BT60: 0 | BU60: 0
A61: noarch-flags | B61: 2 | C61: WR00L2L2 | D61: 17472 | E61: 224 | F61: 2 | G61: 8 | H61: 315.58 | I61: 11.269 | J61: 45547 | K61: 0.61753472 | L61: 0 | M61: 0 | N61: 0 | O61: 0 | P61: 0 | Q61: 0 | R61: 0 | S61: 0 | T61: 0 | U61: 0 | V61: 0 | W61: 0 | X61: =X60 -> 11.2078 | Z61: linux_OpenBLAS | AA61: 2 | AB61: WR00L2L2 | AC61: 17536 | AD61: 64 | AE61: 2 | AF61: 8 | AG61: 282.69 | AH61: 12.719 | AI61: 45558 | AJ61: 0.88527778 | AK61: 0 | AL61: 0 | AM61: 0 | AN61: 0 | AO61: 0 | AP61: 0 | AQ61: 0 | AR61: 0 | AS61: 0 | AT61: 0 | AU61: 0 | AV61: 0 | AW61: =AW60 -> 12.73275 | AZ61: 0 | BA61: WR00L2L2 | BB61: 19584 | BC61: 128 | BD61: 1 | BE61: 16 | BF61: 2919.83 | BG61: 1.7152 | BH61: 45473 | BI61: 0.75818287 | BJ61: 0 | BK61: 0 | BL61: 0 | BM61: 0 | BN61: 0 | BO61: 0 | BP61: 0 | BQ61: 0 | BR61: 0 | BS61: 0 | BT61: 0 | BU61: 0
A62: noarch-flags | B62: 3 | C62: WR00L2L2 | D62: 17472 | E62: 224 | F62: 2 | G62: 8 | H62: 316.3 | I62: 11.243 | J62: 45548 | K62: 0.27763889 | L62: 0 | M62: 0 | N62: 0 | O62: 0 | P62: 0 | Q62: 0 | R62: 0 | S62: 0 | T62: 0 | U62: 0 | V62: 0 | W62: 0 | X62: =X61 -> 11.2078 | Z62: linux_OpenBLAS | AA62: 3 | AB62: WR00L2L2 | AC62: 17536 | AD62: 64 | AE62: 2 | AF62: 8 | AG62: 282.22 | AH62: 12.74 | AI62: 45555 | AJ62: 0.05625 | AK62: 0 | AL62: 0 | AM62: 0 | AN62: 0 | AO62: 0 | AP62: 0 | AQ62: 0 | AR62: 0 | AS62: 0 | AT62: 0 | AU62: 0 | AV62: 0 | AW62: =AW61 -> 12.73275
A63: noarch-flags | B63: 4 | C63: WR00L2L2 | D63: 17472 | E63: 224 | F63: 2 | G63: 8 | H63: 309.36 | I63: 11.495 | J63: 45548 | K63: 0.90569444 | L63: 0 | M63: 0 | N63: 0 | O63: 0 | P63: 0 | Q63: 0 | R63: 0 | S63: 0 | T63: 0 | U63: 0 | V63: 0 | W63: 0 | X63: =X62 -> 11.2078 | Z63: linux_OpenBLAS | AA63: 4 | AB63: WR00L2L2 | AC63: 17536 | AD63: 64 | AE63: 2 | AF63: 8 | AG63: 282.25 | AH63: 12.739 | AI63: 45555 | AJ63: 0.55638889 | AK63: 0 | AL63: 0 | AM63: 0 | AN63: 0 | AO63: 0 | AP63: 0 | AQ63: 0 | AR63: 0 | AS63: 0 | AT63: 0 | AU63: 0 | AV63: 0 | AW63: =AW62 -> 12.73275 | AZ63: 0 | BA63: WR00L2L2 | BB63: 17536 | BC63: 128 | BD63: 2 | BE63: 8 | BF63: 334.83 | BG63: 10.738 | BH63: 45472 | BI63: 0.37469907 | BJ63: 0 | BK63: 0 | BL63: 0 | BM63: 0 | BN63: 0 | BO63: 0 | BP63: 0 | BQ63: 0 | BR63: 0 | BS63: 0 | BT63: 0 | BU63: 0
A64: noarch-flags | B64: 0 | C64: WR00L2L2 | D64: 18560 | E64: 128 | F64: 2 | G64: 8 | H64: 380.84 | I64: 11.193 | J64: 45546 | K64: 0.46200231 | L64: 0 | M64: 0 | N64: 0 | O64: 0 | P64: 0 | Q64: 0 | R64: 0 | S64: 0 | T64: 0 | U64: 0 | V64: 0 | W64: 0 | X64: =AVERAGE(I64:I68) -> 11.0672 | Z64: linux_OpenBLAS | AA64: 0 | AB64: WR00L2L2 | AC64: 17472 | AD64: 192 | AE64: 2 | AF64: 8 | AG64: 280.53 | AH64: 12.677 | AI64: 45557 | AJ64: 0.93461806 | AK64: 0 | AL64: 0 | AM64: 0 | AN64: 0 | AO64: 0 | AP64: 0 | AQ64: 0 | AR64: 0 | AS64: 0 | AT64: 0 | AU64: 0 | AV64: 0 | AW64: =AVERAGE(AH64:AH67) -> 12.6925 | AZ64: 1 | BA64: WR00L2L2 | BB64: 17536 | BC64: 128 | BD64: 2 | BE64: 8 | BF64: 508.53 | BG64: 7.0703 | BH64: 45474 | BI64: 0.18113426 | BJ64: 0 | BK64: 0 | BL64: 0 | BM64: 0 | BN64: 0 | BO64: 0 | BP64: 0 | BQ64: 0 | BR64: 0 | BS64: 0 | BT64: 0 | BU64: 0
A65: noarch-flags | B65: 1 | C65: WR00L2L2 | D65: 18560 | E65: 128 | F65: 2 | G65: 8 | H65: 396.39 | I65: 10.754 | J65: 45547 | K65: 0.078148148 | L65: 0 | M65: 0 | N65: 0 | O65: 0 | P65: 0 | Q65: 0 | R65: 0 | S65: 0 | T65: 0 | U65: 0 | V65: 0 | W65: 0 | X65: =X64 -> 11.0672 | Z65: linux_OpenBLAS | AA65: 1 | AB65: WR00L2L2 | AC65: 17472 | AD65: 192 | AE65: 2 | AF65: 8 | AG65: 280.05 | AH65: 12.699 | AI65: 45558 | AJ65: 0.43398148 | AK65: 0 | AL65: 0 | AM65: 0 | AN65: 0 | AO65: 0 | AP65: 0 | AQ65: 0 | AR65: 0 | AS65: 0 | AT65: 0 | AU65: 0 | AV65: 0 | AW65: =AW64 -> 12.6925 | AZ65: 0 | BA65: WR00L2L2 | BB65: 18560 | BC65: 128 | BD65: 2 | BE65: 8 | BF65: 385.25 | BG65: 11.065 | BH65: 45472 | BI65: 0.4940625 | BJ65: 0 | BK65: 0 | BL65: 0 | BM65: 0 | BN65: 0 | BO65: 0 | BP65: 0 | BQ65: 0 | BR65: 0 | BS65: 0 | BT65: 0 | BU65: 0
A66: noarch-flags | B66: 2 | C66: WR00L2L2 | D66: 18560 | E66: 128 | F66: 2 | G66: 8 | H66: 385.22 | I66: 11.066 | J66: 45547 | K66: 0.69208333 | L66: 0 | M66: 0 | N66: 0 | O66: 0 | P66: 0 | Q66: 0 | R66: 0 | S66: 0 | T66: 0 | U66: 0 | V66: 0 | W66: 0 | X66: =X65 -> 11.0672 | Z66: linux_OpenBLAS | AA66: 2 | AB66: WR00L2L2 | AC66: 17472 | AD66: 192 | AE66: 2 | AF66: 8 | AG66: 279.83 | AH66: 12.709 | AI66: 45558 | AJ66: 0.93243056 | AK66: 0 | AL66: 0 | AM66: 0 | AN66: 0 | AO66: 0 | AP66: 0 | AQ66: 0 | AR66: 0 | AS66: 0 | AT66: 0 | AU66: 0 | AV66: 0 | AW66: =AW65 -> 12.6925 | AZ66: 1 | BA66: WR00L2L2 | BB66: 18560 | BC66: 128 | BD66: 2 | BE66: 8 | BF66: 579.18 | BG66: 7.36 | BH66: 45474 | BI66: 0.35697917 | BJ66: 0 | BK66: 0 | BL66: 0 | BM66: 0 | BN66: 0 | BO66: 0 | BP66: 0 | BQ66: 0 | BR66: 0 | BS66: 0 | BT66: 0 | BU66: 0
A67: noarch-flags | B67: 3 | C67: WR00L2L2 | D67: 18560 | E67: 128 | F67: 2 | G67: 8 | H67: 379.44 | I67: 11.235 | J67: 45548 | K67: 0.35269676 | L67: 0 | M67: 0 | N67: 0 | O67: 0 | P67: 0 | Q67: 0 | R67: 0 | S67: 0 | T67: 0 | U67: 0 | V67: 0 | W67: 0 | X67: =X66 -> 11.0672 | Z67: linux_OpenBLAS | AA67: 3 | AB67: WR00L2L2 | AC67: 17472 | AD67: 192 | AE67: 2 | AF67: 8 | AG67: 280.36 | AH67: 12.685 | AI67: 45555 | AJ67: 0.10344907 | AK67: 0 | AL67: 0 | AM67: 0 | AN67: 0 | AO67: 0 | AP67: 0 | AQ67: 0 | AR67: 0 | AS67: 0 | AT67: 0 | AU67: 0 | AV67: 0 | AW67: =AW66 -> 12.6925 | AZ67: 0 | BA67: WR00L2L2 | BB67: 19584 | BC67: 128 | BD67: 2 | BE67: 8 | BF67: 993.59 | BG67: 5.0403 | BH67: 45473 | BI67: 0.77239583 | BJ67: 0 | BK67: 0 | BL67: 0 | BM67: 0 | BN67: 0 | BO67: 0 | BP67: 0 | BQ67: 0 | BR67: 0 | BS67: 0 | BT67: 0 | BU67: 0
A68: noarch-flags | B68: 4 | C68: WR00L2L2 | D68: 18560 | E68: 128 | F68: 2 | G68: 8 | H68: 384.46 | I68: 11.088 | J68: 45548 | K68: 0.98180556 | L68: 0 | M68: 0 | N68: 0 | O68: 0 | P68: 0 | Q68: 0 | R68: 0 | S68: 0 | T68: 0 | U68: 0 | V68: 0 | W68: 0 | X68: =X67 -> 11.0672 | Z68: linux_OpenBLAS | AA68: 4 | AB68: WR00L2L2 | AC68: 17472 | AD68: 192 | AE68: 2 | AF68: 8 | AG68: 280.26 | AH68: 12.689 | AI68: 45555 | AJ68: 0.60359954 | AK68: 0 | AL68: 0 | AM68: 0 | AN68: 0 | AO68: 0 | AP68: 0 | AQ68: 0 | AR68: 0 | AS68: 0 | AT68: 0 | AU68: 0 | AV68: 0 | AW68: =AW67 -> 12.6925
A69: noarch-flags | B69: 0 | C69: WR00L2L2 | D69: 17472 | E69: 96 | F69: 2 | G69: 8 | H69: 320.56 | I69: 11.094 | J69: 45546 | K69: 0.33385417 | L69: 0 | M69: 0 | N69: 0 | O69: 0 | P69: 0 | Q69: 0 | R69: 0 | S69: 0 | T69: 0 | U69: 0 | V69: 0 | W69: 0 | X69: =AVERAGE(I69:I73) -> 11.0654 | Z69: linux_OpenBLAS | AA69: 0 | AB69: WR00L2L2 | AC69: 19488 | AD69: 224 | AE69: 2 | AF69: 8 | AG69: 394.14 | AH69: 12.52 | AI69: 45558 | AJ69: 0.29059028 | AK69: 0 | AL69: 0 | AM69: 0 | AN69: 0 | AO69: 0 | AP69: 0 | AQ69: 0 | AR69: 0 | AS69: 0 | AT69: 0 | AU69: 0 | AV69: 0 | AW69: =AVERAGE(AH69:AH72) -> 12.691 | AZ69: 0 | BA69: WR00L2L2 | BB69: 17536 | BC69: 128 | BD69: 4 | BE69: 4 | BF69: 420.74 | BG69: 8.5456 | BH69: 45472 | BI69: 0.37986111 | BJ69: 0 | BK69: 0 | BL69: 0 | BM69: 0 | BN69: 0 | BO69: 0 | BP69: 0 | BQ69: 0 | BR69: 0 | BS69: 0 | BT69: 0 | BU69: 0
A70: noarch-flags | B70: 1 | C70: WR00L2L2 | D70: 17472 | E70: 96 | F70: 2 | G70: 8 | H70: 319.8 | I70: 11.12 | J70: 45546 | K70: 0.95028935 | L70: 0 | M70: 0 | N70: 0 | O70: 0 | P70: 0 | Q70: 0 | R70: 0 | S70: 0 | T70: 0 | U70: 0 | V70: 0 | W70: 0 | X70: =X69 -> 11.0654 | Z70: linux_OpenBLAS | AA70: 1 | AB70: WR00L2L2 | AC70: 19488 | AD70: 224 | AE70: 2 | AF70: 8 | AG70: 382.05 | AH70: 12.916 | AI70: 45558 | AJ70: 0.78600694 | AK70: 0 | AL70: 0 | AM70: 0 | AN70: 0 | AO70: 0 | AP70: 0 | AQ70: 0 | AR70: 0 | AS70: 0 | AT70: 0 | AU70: 0 | AV70: 0 | AW70: =AW69 -> 12.691 | AZ70: 1 | BA70: WR00L2L2 | BB70: 17536 | BC70: 128 | BD70: 4 | BE70: 4 | BF70: 665.14 | BG70: 5.4056 | BH70: 45474 | BI70: 0.18918981 | BJ70: 0 | BK70: 0 | BL70: 0 | BM70: 0 | BN70: 0 | BO70: 0 | BP70: 0 | BQ70: 0 | BR70: 0 | BS70: 0 | BT70: 0 | BU70: 0
A71: noarch-flags | B71: 2 | C71: WR00L2L2 | D71: 17472 | E71: 96 | F71: 2 | G71: 8 | H71: 316.21 | I71: 11.246 | J71: 45547 | K71: 0.5653588 | L71: 0 | M71: 0 | N71: 0 | O71: 0 | P71: 0 | Q71: 0 | R71: 0 | S71: 0 | T71: 0 | U71: 0 | V71: 0 | W71: 0 | X71: =X70 -> 11.0654 | Z71: linux_OpenBLAS | AA71: 2 | AB71: WR00L2L2 | AC71: 19488 | AD71: 224 | AE71: 2 | AF71: 8 | AG71: 392.98 | AH71: 12.557 | AI71: 45554 | AJ71: 0.95303241 | AK71: 0 | AL71: 0 | AM71: 0 | AN71: 0 | AO71: 0 | AP71: 0 | AQ71: 0 | AR71: 0 | AS71: 0 | AT71: 0 | AU71: 0 | AV71: 0 | AW71: =AW70 -> 12.691 | AZ71: 0 | BA71: WR00L2L2 | BB71: 18560 | BC71: 128 | BD71: 4 | BE71: 4 | BF71: 484.18 | BG71: 8.8041 | BH71: 45472 | BI71: 0.49997685 | BJ71: 0 | BK71: 0 | BL71: 0 | BM71: 0 | BN71: 0 | BO71: 0 | BP71: 0 | BQ71: 0 | BR71: 0 | BS71: 0 | BT71: 0 | BU71: 0
A72: noarch-flags | B72: 3 | C72: WR00L2L2 | D72: 17472 | E72: 96 | F72: 2 | G72: 8 | H72: 326.85 | I72: 10.88 | J72: 45548 | K72: 0.22594907 | L72: 0 | M72: 0 | N72: 0 | O72: 0 | P72: 0 | Q72: 0 | R72: 0 | S72: 0 | T72: 0 | U72: 0 | V72: 0 | W72: 0 | X72: =X71 -> 11.0654 | Z72: linux_OpenBLAS | AA72: 3 | AB72: WR00L2L2 | AC72: 19488 | AD72: 224 | AE72: 2 | AF72: 8 | AG72: 386.41 | AH72: 12.771 | AI72: 45555 | AJ72: 0.45678241 | AK72: 0 | AL72: 0 | AM72: 0 | AN72: 0 | AO72: 0 | AP72: 0 | AQ72: 0 | AR72: 0 | AS72: 0 | AT72: 0 | AU72: 0 | AV72: 0 | AW72: =AW71 -> 12.691 | AZ72: 1 | BA72: WR00L2L2 | BB72: 18560 | BC72: 128 | BD72: 4 | BE72: 4 | BF72: 770.25 | BG72: 5.5343 | BH72: 45474 | BI72: 0.3662963 | BJ72: 0 | BK72: 0 | BL72: 0 | BM72: 0 | BN72: 0 | BO72: 0 | BP72: 0 | BQ72: 0 | BR72: 0 | BS72: 0 | BT72: 0 | BU72: 0
A73: noarch-flags | B73: 4 | C73: WR00L2L2 | D73: 17472 | E73: 96 | F73: 2 | G73: 8 | H73: 323.69 | I73: 10.987 | J73: 45548 | K73: 0.85440972 | L73: 0 | M73: 0 | N73: 0 | O73: 0 | P73: 0 | Q73: 0 | R73: 0 | S73: 0 | T73: 0 | U73: 0 | V73: 0 | W73: 0 | X73: =X72 -> 11.0654 | Z73: linux_OpenBLAS | AA73: 4 | AB73: WR00L2L2 | AC73: 19488 | AD73: 224 | AE73: 2 | AF73: 8 | AG73: 391.6 | AH73: 12.601 | AI73: 45555 | AJ73: 0.96765046 | AK73: 0 | AL73: 0 | AM73: 0 | AN73: 0 | AO73: 0 | AP73: 0 | AQ73: 0 | AR73: 0 | AS73: 0 | AT73: 0 | AU73: 0 | AV73: 0 | AW73: =AW72 -> 12.691 | AZ73: 0 | BA73: WR00L2L2 | BB73: 19584 | BC73: 128 | BD73: 4 | BE73: 4 | BF73: 548.45 | BG73: 9.1312 | BH73: 45473 | BI73: 0.89456019 | BJ73: 0 | BK73: 0 | BL73: 0 | BM73: 0 | BN73: 0 | BO73: 0 | BP73: 0 | BQ73: 0 | BR73: 0 | BS73: 0 | BT73: 0 | BU73: 0
A74: noarch-flags | B74: 0 | C74: WR00L2L2 | D74: 18432 | E74: 256 | F74: 2 | G74: 8 | H74: 378.82 | I74: 11.022 | J74: 45546 | K74: 0.53508102 | L74: 0 | M74: 0 | N74: 0 | O74: 0 | P74: 0 | Q74: 0 | R74: 0 | S74: 0 | T74: 0 | U74: 0 | V74: 0 | W74: 0 | X74: =AVERAGE(I74:I78) -> 11.0638 | Z74: linux_OpenBLAS | AA74: 0 | AB74: WR00L2L2 | AC74: 18432 | AD74: 256 | AE74: 2 | AF74: 8 | AG74: 330.97 | AH74: 12.615 | AI74: 45558 | AJ74: 0.082175926 | AK74: 0 | AL74: 0 | AM74: 0 | AN74: 0 | AO74: 0 | AP74: 0 | AQ74: 0 | AR74: 0 | AS74: 0 | AT74: 0 | AU74: 0 | AV74: 0 | AW74: =AVERAGE(AH74:AH77) -> 12.66075
A75: noarch-flags | B75: 1 | C75: WR00L2L2 | D75: 18432 | E75: 256 | F75: 2 | G75: 8 | H75: 373.85 | I75: 11.168 | J75: 45547 | K75: 0.15885417 | L75: 0 | M75: 0 | N75: 0 | O75: 0 | P75: 0 | Q75: 0 | R75: 0 | S75: 0 | T75: 0 | U75: 0 | V75: 0 | W75: 0 | X75: =X74 -> 11.0638 | Z75: linux_OpenBLAS | AA75: 1 | AB75: WR00L2L2 | AC75: 18432 | AD75: 256 | AE75: 2 | AF75: 8 | AG75: 328.01 | AH75: 12.729 | AI75: 45558 | AJ75: 0.57539352 | AK75: 0 | AL75: 0 | AM75: 0 | AN75: 0 | AO75: 0 | AP75: 0 | AQ75: 0 | AR75: 0 | AS75: 0 | AT75: 0 | AU75: 0 | AV75: 0 | AW75: =AW74 -> 12.66075 | AZ75: 0 | BA75: WR00L2L2 | BB75: 17600 | BC75: 160 | BD75: 1 | BE75: 16 | BF75: 344.13 | BG75: 10.563 | BH75: 45472 | BI75: 0.38416667 | BJ75: 0 | BK75: 0 | BL75: 0 | BM75: 0 | BN75: 0 | BO75: 0 | BP75: 0 | BQ75: 0 | BR75: 0 | BS75: 0 | BT75: 0 | BU75: 0
A76: noarch-flags | B76: 2 | C76: WR00L2L2 | D76: 18432 | E76: 256 | F76: 2 | G76: 8 | H76: 376.65 | I76: 11.085 | J76: 45547 | K76: 0.76856481 | L76: 0 | M76: 0 | N76: 0 | O76: 0 | P76: 0 | Q76: 0 | R76: 0 | S76: 0 | T76: 0 | U76: 0 | V76: 0 | W76: 0 | X76: =X75 -> 11.0638 | Z76: linux_OpenBLAS | AA76: 2 | AB76: WR00L2L2 | AC76: 18432 | AD76: 256 | AE76: 2 | AF76: 8 | AG76: 330.64 | AH76: 12.628 | AI76: 45554 | AJ76: 0.71989583 | AK76: 0 | AL76: 0 | AM76: 0 | AN76: 0 | AO76: 0 | AP76: 0 | AQ76: 0 | AR76: 0 | AS76: 0 | AT76: 0 | AU76: 0 | AV76: 0 | AW76: =AW75 -> 12.66075 | AZ76: 1 | BA76: WR00L2L2 | BB76: 17600 | BC76: 160 | BD76: 1 | BE76: 16 | BF76: 508.1 | BG76: 7.1541 | BH76: 45474 | BI76: 0.19545139 | BJ76: 0 | BK76: 0 | BL76: 0 | BM76: 0 | BN76: 0 | BO76: 0 | BP76: 0 | BQ76: 0 | BR76: 0 | BS76: 0 | BT76: 0 | BU76: 0
A77: noarch-flags | B77: 3 | C77: WR00L2L2 | D77: 18432 | E77: 256 | F77: 2 | G77: 8 | H77: 373.31 | I77: 11.184 | J77: 45548 | K77: 0.43322917 | L77: 0 | M77: 0 | N77: 0 | O77: 0 | P77: 0 | Q77: 0 | R77: 0 | S77: 0 | T77: 0 | U77: 0 | V77: 0 | W77: 0 | X77: =X76 -> 11.0638 | Z77: linux_OpenBLAS | AA77: 3 | AB77: WR00L2L2 | AC77: 18432 | AD77: 256 | AE77: 2 | AF77: 8 | AG77: 329.51 | AH77: 12.671 | AI77: 45555 | AJ77: 0.24520833 | AK77: 0 | AL77: 0 | AM77: 0 | AN77: 0 | AO77: 0 | AP77: 0 | AQ77: 0 | AR77: 0 | AS77: 0 | AT77: 0 | AU77: 0 | AV77: 0 | AW77: =AW76 -> 12.66075 | AZ77: 0 | BA77: WR00L2L2 | BB77: 18560 | BC77: 160 | BD77: 1 | BE77: 16 | BF77: 824.35 | BG77: 5.1711 | BH77: 45472 | BI77: 0.51074074 | BJ77: 0 | BK77: 0 | BL77: 0 | BM77: 0 | BN77: 0 | BO77: 0 | BP77: 0 | BQ77: 0 | BR77: 0 | BS77: 0 | BT77: 0 | BU77: 0
A78: noarch-flags | B78: 4 | C78: WR00L2L2 | D78: 18432 | E78: 256 | F78: 2 | G78: 8 | H78: 384.47 | I78: 10.86 | J78: 45549 | K78: 0.068958333 | L78: 0 | M78: 0 | N78: 0 | O78: 0 | P78: 0 | Q78: 0 | R78: 0 | S78: 0 | T78: 0 | U78: 0 | V78: 0 | W78: 0 | X78: =X77 -> 11.0638 | Z78: linux_OpenBLAS | AA78: 4 | AB78: WR00L2L2 | AC78: 18432 | AD78: 256 | AE78: 2 | AF78: 8 | AG78: 330.27 | AH78: 12.642 | AI78: 45555 | AJ78: 0.75368056 | AK78: 0 | AL78: 0 | AM78: 0 | AN78: 0 | AO78: 0 | AP78: 0 | AQ78: 0 | AR78: 0 | AS78: 0 | AT78: 0 | AU78: 0 | AV78: 0 | AW78: =AW77 -> 12.66075 | AZ78: 1 | BA78: WR00L2L2 | BB78: 18560 | BC78: 160 | BD78: 1 | BE78: 16 | BF78: 563.39 | BG78: 7.5663 | BH78: 45474 | BI78: 0.37333333 | BJ78: 0 | BK78: 0 | BL78: 0 | BM78: 0 | BN78: 0 | BO78: 0 | BP78: 0 | BQ78: 0 | BR78: 0 | BS78: 0 | BT78: 0 | BU78: 0
A79: noarch-flags | B79: 0 | C79: WR00L2L2 | D79: 17536 | E79: 64 | F79: 2 | G79: 8 | H79: 332.18 | I79: 10.824 | J79: 45546 | K79: 0.32039352 | L79: 0 | M79: 0 | N79: 0 | O79: 0 | P79: 0 | Q79: 0 | R79: 0 | S79: 0 | T79: 0 | U79: 0 | V79: 0 | W79: 0 | X79: =AVERAGE(I79:I83) -> 11.0518 | Z79: linux_OpenBLAS | AA79: 0 | AB79: WR00L2L2 | AC79: 17536 | AD79: 128 | AE79: 2 | AF79: 8 | AG79: 287.01 | AH79: 12.527 | AI79: 45557 | AJ79: 0.9108912 | AK79: 0 | AL79: 0 | AM79: 0 | AN79: 0 | AO79: 0 | AP79: 0 | AQ79: 0 | AR79: 0 | AS79: 0 | AT79: 0 | AU79: 0 | AV79: 0 | AW79: =AVERAGE(AH79:AH82) -> 12.52925 | AZ79: 0 | BA79: WR00L2L2 | BB79: 19520 | BC79: 160 | BD79: 1 | BE79: 16 | BF79: 1765.48 | BG79: 2.8089 | BH79: 45473 | BI79: 0.91633102 | BJ79: 0 | BK79: 0 | BL79: 0 | BM79: 0 | BN79: 0 | BO79: 0 | BP79: 0 | BQ79: 0 | BR79: 0 | BS79: 0 | BT79: 0 | BU79: 0
A80: noarch-flags | B80: 1 | C80: WR00L2L2 | D80: 17536 | E80: 64 | F80: 2 | G80: 8 | H80: 335.57 | I80: 10.715 | J80: 45546 | K80: 0.93704861 | L80: 0 | M80: 0 | N80: 0 | O80: 0 | P80: 0 | Q80: 0 | R80: 0 | S80: 0 | T80: 0 | U80: 0 | V80: 0 | W80: 0 | X80: =X79 -> 11.0518 | Z80: linux_OpenBLAS | AA80: 1 | AB80: WR00L2L2 | AC80: 17536 | AD80: 128 | AE80: 2 | AF80: 8 | AG80: 286.63 | AH80: 12.544 | AI80: 45558 | AJ80: 0.4103125 | AK80: 0 | AL80: 0 | AM80: 0 | AN80: 0 | AO80: 0 | AP80: 0 | AQ80: 0 | AR80: 0 | AS80: 0 | AT80: 0 | AU80: 0 | AV80: 0 | AW80: =AW79 -> 12.52925
A81: noarch-flags | B81: 2 | C81: WR00L2L2 | D81: 17536 | E81: 64 | F81: 2 | G81: 8 | H81: 319.34 | I81: 11.259 | J81: 45547 | K81: 0.55216435 | L81: 0 | M81: 0 | N81: 0 | O81: 0 | P81: 0 | Q81: 0 | R81: 0 | S81: 0 | T81: 0 | U81: 0 | V81: 0 | W81: 0 | X81: =X80 -> 11.0518 | Z81: linux_OpenBLAS | AA81: 2 | AB81: WR00L2L2 | AC81: 17536 | AD81: 128 | AE81: 2 | AF81: 8 | AG81: 287.21 | AH81: 12.519 | AI81: 45558 | AJ81: 0.90883102 | AK81: 0 | AL81: 0 | AM81: 0 | AN81: 0 | AO81: 0 | AP81: 0 | AQ81: 0 | AR81: 0 | AS81: 0 | AT81: 0 | AU81: 0 | AV81: 0 | AW81: =AW80 -> 12.52925 | AZ81: 0 | BA81: WR00L2L2 | BB81: 17600 | BC81: 160 | BD81: 2 | BE81: 8 | BF81: 326.46 | BG81: 11.134 | BH81: 45472 | BI81: 0.38824074 | BJ81: 0 | BK81: 0 | BL81: 0 | BM81: 0 | BN81: 0 | BO81: 0 | BP81: 0 | BQ81: 0 | BR81: 0 | BS81: 0 | BT81: 0 | BU81: 0
A82: noarch-flags | B82: 3 | C82: WR00L2L2 | D82: 17536 | E82: 64 | F82: 2 | G82: 8 | H82: 319.08 | I82: 11.268 | J82: 45548 | K82: 0.2128588 | L82: 0 | M82: 0 | N82: 0 | O82: 0 | P82: 0 | Q82: 0 | R82: 0 | S82: 0 | T82: 0 | U82: 0 | V82: 0 | W82: 0 | X82: =X81 -> 11.0518 | Z82: linux_OpenBLAS | AA82: 3 | AB82: WR00L2L2 | AC82: 17536 | AD82: 128 | AE82: 2 | AF82: 8 | AG82: 287.03 | AH82: 12.527 | AI82: 45555 | AJ82: 0.079756944 | AK82: 0 | AL82: 0 | AM82: 0 | AN82: 0 | AO82: 0 | AP82: 0 | AQ82: 0 | AR82: 0 | AS82: 0 | AT82: 0 | AU82: 0 | AV82: 0 | AW82: =AW81 -> 12.52925 | AZ82: 1 | BA82: WR00L2L2 | BB82: 17600 | BC82: 160 | BD82: 2 | BE82: 8 | BF82: 499.71 | BG82: 7.2742 | BH82: 45474 | BI82: 0.20159722 | BJ82: 0 | BK82: 0 | BL82: 0 | BM82: 0 | BN82: 0 | BO82: 0 | BP82: 0 | BQ82: 0 | BR82: 0 | BS82: 0 | BT82: 0 | BU82: 0
A83: noarch-flags | B83: 4 | C83: WR00L2L2 | D83: 17536 | E83: 64 | F83: 2 | G83: 8 | H83: 321.22 | I83: 11.193 | J83: 45548 | K83: 0.84115741 | L83: 0 | M83: 0 | N83: 0 | O83: 0 | P83: 0 | Q83: 0 | R83: 0 | S83: 0 | T83: 0 | U83: 0 | V83: 0 | W83: 0 | X83: =X82 -> 11.0518 | Z83: linux_OpenBLAS | AA83: 4 | AB83: WR00L2L2 | AC83: 17536 | AD83: 128 | AE83: 2 | AF83: 8 | AG83: 287.79 | AH83: 12.493 | AI83: 45555 | AJ83: 0.57994213 | AK83: 0 | AL83: 0 | AM83: 0 | AN83: 0 | AO83: 0 | AP83: 0 | AQ83: 0 | AR83: 0 | AS83: 0 | AT83: 0 | AU83: 0 | AV83: 0 | AW83: =AW82 -> 12.52925 | AZ83: 0 | BA83: WR00L2L2 | BB83: 18560 | BC83: 160 | BD83: 2 | BE83: 8 | BF83: 385.55 | BG83: 11.056 | BH83: 45472 | BI83: 0.51585648 | BJ83: 0 | BK83: 0 | BL83: 0 | BM83: 0 | BN83: 0 | BO83: 0 | BP83: 0 | BQ83: 0 | BR83: 0 | BS83: 0 | BT83: 0 | BU83: 0
A84: noarch-flags | B84: 0 | C84: WR00L2L2 | D84: 18528 | E84: 96 | F84: 2 | G84: 8 | H84: 397.27 | I84: 10.675 | J84: 45546 | K84: 0.44665509 | L84: 0 | M84: 0 | N84: 0 | O84: 0 | P84: 0 | Q84: 0 | R84: 0 | S84: 0 | T84: 0 | U84: 0 | V84: 0 | W84: 0 | X84: =AVERAGE(I84:I88) -> 11.0286 | Z84: linux_OpenBLAS | AA84: 0 | AB84: WR00L2L2 | AC84: 17440 | AD84: 160 | AE84: 2 | AF84: 8 | AG84: 282.18 | AH84: 12.534 | AI84: 45557 | AJ84: 0.92277778 | AK84: 0 | AL84: 0 | AM84: 0 | AN84: 0 | AO84: 0 | AP84: 0 | AQ84: 0 | AR84: 0 | AS84: 0 | AT84: 0 | AU84: 0 | AV84: 0 | AW84: =AVERAGE(AH84:AH87) -> 12.51775 | AZ84: 1 | BA84: WR00L2L2 | BB84: 18560 | BC84: 160 | BD84: 2 | BE84: 8 | BF84: 557.62 | BG84: 7.6446 | BH84: 45474 | BI84: 0.38023148 | BJ84: 0 | BK84: 0 | BL84: 0 | BM84: 0 | BN84: 0 | BO84: 0 | BP84: 0 | BQ84: 0 | BR84: 0 | BS84: 0 | BT84: 0 | BU84: 0
A85: noarch-flags | B85: 1 | C85: WR00L2L2 | D85: 18528 | E85: 96 | F85: 2 | G85: 8 | H85: 378.03 | I85: 11.218 | J85: 45547 | K85: 0.062488426 | L85: 0 | M85: 0 | N85: 0 | O85: 0 | P85: 0 | Q85: 0 | R85: 0 | S85: 0 | T85: 0 | U85: 0 | V85: 0 | W85: 0 | X85: =X84 -> 11.0286 | Z85: linux_OpenBLAS | AA85: 1 | AB85: WR00L2L2 | AC85: 17440 | AD85: 160 | AE85: 2 | AF85: 8 | AG85: 282 | AH85: 12.541 | AI85: 45558 | AJ85: 0.42217593 | AK85: 0 | AL85: 0 | AM85: 0 | AN85: 0 | AO85: 0 | AP85: 0 | AQ85: 0 | AR85: 0 | AS85: 0 | AT85: 0 | AU85: 0 | AV85: 0 | AW85: =AW84 -> 12.51775 | AZ85: 0 | BA85: WR00L2L2 | BB85: 19520 | BC85: 160 | BD85: 2 | BE85: 8 | BF85: 426.01 | BG85: 11.641 | BH85: 45473 | BI85: 0.92184028 | BJ85: 0 | BK85: 0 | BL85: 0 | BM85: 0 | BN85: 0 | BO85: 0 | BP85: 0 | BQ85: 0 | BR85: 0 | BS85: 0 | BT85: 0 | BU85: 0
A86: noarch-flags | B86: 2 | C86: WR00L2L2 | D86: 18528 | E86: 96 | F86: 2 | G86: 8 | H86: 390.33 | I86: 10.865 | J86: 45547 | K86: 0.6771412 | L86: 0 | M86: 0 | N86: 0 | O86: 0 | P86: 0 | Q86: 0 | R86: 0 | S86: 0 | T86: 0 | U86: 0 | V86: 0 | W86: 0 | X86: =X85 -> 11.0286 | Z86: linux_OpenBLAS | AA86: 2 | AB86: WR00L2L2 | AC86: 17440 | AD86: 160 | AE86: 2 | AF86: 8 | AG86: 282.69 | AH86: 12.511 | AI86: 45558 | AJ86: 0.92068287 | AK86: 0 | AL86: 0 | AM86: 0 | AN86: 0 | AO86: 0 | AP86: 0 | AQ86: 0 | AR86: 0 | AS86: 0 | AT86: 0 | AU86: 0 | AV86: 0 | AW86: =AW85 -> 12.51775
A87: noarch-flags | B87: 3 | C87: WR00L2L2 | D87: 18528 | E87: 96 | F87: 2 | G87: 8 | H87: 380.48 | I87: 11.146 | J87: 45548 | K87: 0.3372338 | L87: 0 | M87: 0 | N87: 0 | O87: 0 | P87: 0 | Q87: 0 | R87: 0 | S87: 0 | T87: 0 | U87: 0 | V87: 0 | W87: 0 | X87: =X86 -> 11.0286 | Z87: linux_OpenBLAS | AA87: 3 | AB87: WR00L2L2 | AC87: 17440 | AD87: 160 | AE87: 2 | AF87: 8 | AG87: 283.29 | AH87: 12.485 | AI87: 45555 | AJ87: 0.091631944 | AK87: 0 | AL87: 0 | AM87: 0 | AN87: 0 | AO87: 0 | AP87: 0 | AQ87: 0 | AR87: 0 | AS87: 0 | AT87: 0 | AU87: 0 | AV87: 0 | AW87: =AW86 -> 12.51775 | AZ87: 0 | BA87: WR00L2L2 | BB87: 17600 | BC87: 160 | BD87: 4 | BE87: 4 | BF87: 416.61 | BG87: 8.7252 | BH87: 45472 | BI87: 0.39335648 | BJ87: 0 | BK87: 0 | BL87: 0 | BM87: 0 | BN87: 0 | BO87: 0 | BP87: 0 | BQ87: 0 | BR87: 0 | BS87: 0 | BT87: 0 | BU87: 0
A88: noarch-flags | B88: 4 | C88: WR00L2L2 | D88: 18528 | E88: 96 | F88: 2 | G88: 8 | H88: 377.32 | I88: 11.239 | J88: 45548 | K88: 0.96628472 | L88: 0 | M88: 0 | N88: 0 | O88: 0 | P88: 0 | Q88: 0 | R88: 0 | S88: 0 | T88: 0 | U88: 0 | V88: 0 | W88: 0 | X88: =X87 -> 11.0286 | Z88: linux_OpenBLAS | AA88: 4 | AB88: WR00L2L2 | AC88: 17440 | AD88: 160 | AE88: 2 | AF88: 8 | AG88: 281.99 | AH88: 12.542 | AI88: 45555 | AJ88: 0.59180556 | AK88: 0 | AL88: 0 | AM88: 0 | AN88: 0 | AO88: 0 | AP88: 0 | AQ88: 0 | AR88: 0 | AS88: 0 | AT88: 0 | AU88: 0 | AV88: 0 | AW88: =AW87 -> 12.51775 | AZ88: 1 | BA88: WR00L2L2 | BB88: 17600 | BC88: 160 | BD88: 4 | BE88: 4 | BF88: 675.6 | BG88: 5.3804 | BH88: 45474 | BI88: 0.20978009 | BJ88: 0 | BK88: 0 | BL88: 0 | BM88: 0 | BN88: 0 | BO88: 0 | BP88: 0 | BQ88: 0 | BR88: 0 | BS88: 0 | BT88: 0 | BU88: 0
A89: noarch-flags | B89: 0 | C89: WR00L2L2 | D89: 17536 | E89: 128 | F89: 2 | G89: 8 | H89: 332.89 | I89: 10.801 | J89: 45546 | K89: 0.34726852 | L89: 0 | M89: 0 | N89: 0 | O89: 0 | P89: 0 | Q89: 0 | R89: 0 | S89: 0 | T89: 0 | U89: 0 | V89: 0 | W89: 0 | X89: =AVERAGE(I89:I93) -> 10.9448 | Z89: linux_OpenBLAS | AA89: 0 | AB89: WR00L2L2 | AC89: 17472 | AD89: 224 | AE89: 2 | AF89: 8 | AG89: 286.84 | AH89: 12.398 | AI89: 45557 | AJ89: 0.9466088 | AK89: 0 | AL89: 0 | AM89: 0 | AN89: 0 | AO89: 0 | AP89: 0 | AQ89: 0 | AR89: 0 | AS89: 0 | AT89: 0 | AU89: 0 | AV89: 0 | AW89: =AVERAGE(AH89:AH92) -> 12.38225 | AZ89: 0 | BA89: WR00L2L2 | BB89: 18560 | BC89: 160 | BD89: 4 | BE89: 4 | BF89: 471.67 | BG89: 9.0376 | BH89: 45472 | BI89: 0.52170139 | BJ89: 0 | BK89: 0 | BL89: 0 | BM89: 0 | BN89: 0 | BO89: 0 | BP89: 0 | BQ89: 0 | BR89: 0 | BS89: 0 | BT89: 0 | BU89: 0
A90: noarch-flags | B90: 1 | C90: WR00L2L2 | D90: 17536 | E90: 128 | F90: 2 | G90: 8 | H90: 319.2 | I90: 11.264 | J90: 45546 | K90: 0.96357639 | L90: 0 | M90: 0 | N90: 0 | O90: 0 | P90: 0 | Q90: 0 | R90: 0 | S90: 0 | T90: 0 | U90: 0 | V90: 0 | W90: 0 | X90: =X89 -> 10.9448 | Z90: linux_OpenBLAS | AA90: 1 | AB90: WR00L2L2 | AC90: 17472 | AD90: 224 | AE90: 2 | AF90: 8 | AG90: 287.01 | AH90: 12.391 | AI90: 45558 | AJ90: 0.44599537 | AK90: 0 | AL90: 0 | AM90: 0 | AN90: 0 | AO90: 0 | AP90: 0 | AQ90: 0 | AR90: 0 | AS90: 0 | AT90: 0 | AU90: 0 | AV90: 0 | AW90: =AW89 -> 12.38225 | AZ90: 1 | BA90: WR00L2L2 | BB90: 18560 | BC90: 160 | BD90: 4 | BE90: 4 | BF90: 753.95 | BG90: 5.654 | BH90: 45474 | BI90: 0.38936343 | BJ90: 0 | BK90: 0 | BL90: 0 | BM90: 0 | BN90: 0 | BO90: 0 | BP90: 0 | BQ90: 0 | BR90: 0 | BS90: 0 | BT90: 0 | BU90: 0
A91: noarch-flags | B91: 2 | C91: WR00L2L2 | D91: 17536 | E91: 128 | F91: 2 | G91: 8 | H91: 329.5 | I91: 10.912 | J91: 45547 | K91: 0.57859954 | L91: 0 | M91: 0 | N91: 0 | O91: 0 | P91: 0 | Q91: 0 | R91: 0 | S91: 0 | T91: 0 | U91: 0 | V91: 0 | W91: 0 | X91: =X90 -> 10.9448 | Z91: linux_OpenBLAS | AA91: 2 | AB91: WR00L2L2 | AC91: 17472 | AD91: 224 | AE91: 2 | AF91: 8 | AG91: 287.3 | AH91: 12.378 | AI91: 45558 | AJ91: 0.94439815 | AK91: 0 | AL91: 0 | AM91: 0 | AN91: 0 | AO91: 0 | AP91: 0 | AQ91: 0 | AR91: 0 | AS91: 0 | AT91: 0 | AU91: 0 | AV91: 0 | AW91: =AW90 -> 12.38225 | AZ91: 0 | BA91: WR00L2L2 | BB91: 19520 | BC91: 160 | BD91: 4 | BE91: 4 | BF91: 606.68 | BG91: 8.1741 | BH91: 45473 | BI91: 0.9294213 | BJ91: 0 | BK91: 0 | BL91: 0 | BM91: 0 | BN91: 0 | BO91: 0 | BP91: 0 | BQ91: 0 | BR91: 0 | BS91: 0 | BT91: 0 | BU91: 0
A92: noarch-flags | B92: 3 | C92: WR00L2L2 | D92: 17536 | E92: 128 | F92: 2 | G92: 8 | H92: 332.74 | I92: 10.806 | J92: 45548 | K92: 0.23918981 | L92: 0 | M92: 0 | N92: 0 | O92: 0 | P92: 0 | Q92: 0 | R92: 0 | S92: 0 | T92: 0 | U92: 0 | V92: 0 | W92: 0 | X92: =X91 -> 10.9448 | Z92: linux_OpenBLAS | AA92: 3 | AB92: WR00L2L2 | AC92: 17472 | AD92: 224 | AE92: 2 | AF92: 8 | AG92: 287.68 | AH92: 12.362 | AI92: 45555 | AJ92: 0.11543981 | AK92: 0 | AL92: 0 | AM92: 0 | AN92: 0 | AO92: 0 | AP92: 0 | AQ92: 0 | AR92: 0 | AS92: 0 | AT92: 0 | AU92: 0 | AV92: 0 | AW92: =AW91 -> 12.38225
A93: noarch-flags | B93: 4 | C93: WR00L2L2 | D93: 17536 | E93: 128 | F93: 2 | G93: 8 | H93: 328.61 | I93: 10.941 | J93: 45548 | K93: 0.86756944 | L93: 0 | M93: 0 | N93: 0 | O93: 0 | P93: 0 | Q93: 0 | R93: 0 | S93: 0 | T93: 0 | U93: 0 | V93: 0 | W93: 0 | X93: =X92 -> 10.9448 | Z93: linux_OpenBLAS | AA93: 4 | AB93: WR00L2L2 | AC93: 17472 | AD93: 224 | AE93: 2 | AF93: 8 | AG93: 287.7 | AH93: 12.361 | AI93: 45555 | AJ93: 0.61559028 | AK93: 0 | AL93: 0 | AM93: 0 | AN93: 0 | AO93: 0 | AP93: 0 | AQ93: 0 | AR93: 0 | AS93: 0 | AT93: 0 | AU93: 0 | AV93: 0 | AW93: =AW92 -> 12.38225 | AZ93: 0 | BA93: WR00L2L2 | BB93: 17472 | BC93: 192 | BD93: 1 | BE93: 16 | BF93: 339.19 | BG93: 10.485 | BH93: 45472 | BI93: 0.39763889 | BJ93: 0 | BK93: 0 | BL93: 0 | BM93: 0 | BN93: 0 | BO93: 0 | BP93: 0 | BQ93: 0 | BR93: 0 | BS93: 0 | BT93: 0 | BU93: 0
A94: noarch-flags | B94: 0 | C94: WR00L2L2 | D94: 17408 | E94: 256 | F94: 2 | G94: 8 | H94: 323.14 | I94: 10.885 | J94: 45546 | K94: 0.39930556 | L94: 0 | M94: 0 | N94: 0 | O94: 0 | P94: 0 | Q94: 0 | R94: 0 | S94: 0 | T94: 0 | U94: 0 | V94: 0 | W94: 0 | X94: =AVERAGE(I94:I98) -> 10.8014 | Z94: linux_OpenBLAS | AA94: 0 | AB94: WR00L2L2 | AC94: 17408 | AD94: 256 | AE94: 2 | AF94: 8 | AG94: 286.98 | AH94: 12.256 | AI94: 45557 | AJ94: 0.95871528 | AK94: 0 | AL94: 0 | AM94: 0 | AN94: 0 | AO94: 0 | AP94: 0 | AQ94: 0 | AR94: 0 | AS94: 0 | AT94: 0 | AU94: 0 | AV94: 0 | AW94: =AVERAGE(AH94:AH97) -> 12.211 | AZ94: 1 | BA94: WR00L2L2 | BB94: 17472 | BC94: 192 | BD94: 1 | BE94: 16 | BF94: 500.53 | BG94: 7.105 | BH94: 45474 | BI94: 0.21596065 | BJ94: 0 | BK94: 0 | BL94: 0 | BM94: 0 | BN94: 0 | BO94: 0 | BP94: 0 | BQ94: 0 | BR94: 0 | BS94: 0 | BT94: 0 | BU94: 0
