Workbook

Sheet 4 - node
A1: Cubieboard2s
B2: T/V | C2: N | D2: NB | E2: P | F2: Q | G2: Time | H2: MFLOPS(?)
B3: WR00L2L2 | C3: 18432 | D3: 256 | E3: 1 | F3: 8 | G3: 2073.56 | H3: 20136
B4: WR00L2L2 | C4: 18432 | D4: 128 | E4: 1 | F4: 8 | G4: 2132.14 | H4: 19582
B5: WR00L2L2 | C5: 18432 | D5: 64 | E5: 1 | F5: 8 | G5: 2123.14 | H5: 19665
B6: WR00L2L2 | C6: 18432 | D6: 32 | E6: 1 | F6: 8 | G6: 2158.32 | H6: 19345
B7: WR00L2L2 | C7: 19456 | D7: 256 | E7: 1 | F7: 8 | G7: 2421.78 | H7: 20276
B8: WR00L2L2 | C8: 19456 | D8: 128 | E8: 1 | F8: 8 | G8: 2346.65 | H8: 20925
B9: WR00L2L2 | C9: 19456 | D9: 64 | E9: 1 | F9: 8 | G9: 2343.72 | H9: 20951
B10: WR00L2L2 | C10: 19456 | D10: 32 | E10: 1 | F10: 8 | G10: 2445.65 | H10: 20078
B11: WR00L2L2 | C11: 18432 | D11: 256 | E11: 8 | F11: 1 | G11: 2465.10 | H11: 16937
B12: WR00L2L2 | C12: 18432 | D12: 128 | E12: 8 | F12: 1 | G12: 2407.33 | H12: 17344
B13: WR00L2L2 | C13: 18432 | D13: 64 | E13: 8 | F13: 1 | G13: 2463.01 | H13: 16952
B14: WR00L2L2 | C14: 18432 | D14: 32 | E14: 8 | F14: 1 | G14: 2495.48 | H14: 16731
... B67: WR00L2L2 | C67: 18960 | D67: 40 | E67: 8 | F67: 1 | G67: 2693.92 | H67: 16869
H121: =#REF!/#REF! -> #REF!

Sheet Arch details
A1: SBC | B1: Cores | C1: march | D1: mcpu | E1: mtune | F1: fpu | G1: mfloat-abi | J1: ostalo | K1: ostalo (Thumb)
A2: Rpi 1B | C2: armv6 | D2: arm1176jzf-s | E2: arm1176jzf-s | F2: vfpv2 (alias is vfp) | G2: hard | K2: Thumb | L2: 16KB L1 and no L2
A3: Cubieboard2 | C3: armv7-a | D3: cortex-a7 | E3: cortex-a7 | F3: neon-vfpv4 | G3: hard | J3: -funsafe-math-optimizations | K3: Thumb-2
A4: OdroidU3 | C4: armv7-a | D4: cortex-a9 | E4: cortex-a9 | F4: neon-vfpv3 (alias is neon) | G4: hard | J4: -funsafe-math-optimizations | K4: Thumb or Thumb-2 | L4: 1MB L2 cache total? From paper…
A5: OdroidMC1 | B5: LITTLE | C5: armv7-a | D5: cortex-a7 | E5: cortex-a7 | F5: neon-vfpv4 | G5: hard | J5: -funsafe-math-optimizations | K5: Thumb-2 | L5: 2 sockets, 2,5MB L2 cache per socket
B6: Big | C6: armv7-a | D6: cortex-a15 | E6: cortex-a15 | F6: neon-vfpv4 | G6: hard | J6: -funsafe-math-optimizations | K6: Thumb-2
A12: HPL Runs (fixed parameters) | C12: Number of nodes | D12: Node | E12: Total memory of a node (kB) | F12: N, alpha | G12: N, alpha (NB round) | H12: N, beta | I12: N, beta (NB round) | J12: NB | K12: P | L12: Q | M12: Ns difference | N12: Half of the Ns difference | O12: N1 | P12: N2 | Q12: N3
A13: Number of nodes | B13: 4 | C13: 1 | D13: Cubieboard2 | E13: 1022960 | F13: =$B$14*SQRT(($C13*$E13*1024)/8) -> 9154.2822 | G13: =_xlfn.CEILING.MATH(F13/J13)*J13 -> 9216 | H13: =SQRT($B$14*($C13*$E13*1024)/8) -> 10234.799 | I13: =_xlfn.CEILING.MATH(H13/J13)*J13 -> 10240 | J13: 64 | K13: 1 | L13: 2 | M13: =I13-G13 -> 1024 | N13: =M13/2 -> 512 | O13: =G13 -> 9216 | P13: =_xlfn.CEILING.MATH((O13+N13)/J13)*J13 -> 9728 | Q13: =_xlfn.CEILING.MATH((P13+N13)/J13)*J13 -> 10240
A14: Percentage of mem | B14: 0.8 | C14: 4 | D14: Cubieboard2 | E14: 1022961 | F14: =$B$14*SQRT(($B$13*$E14*1024)/8) -> 18308.573 | G14: =_xlfn.CEILING.MATH(F14/J14)*J14 -> 18368 | H14: =SQRT($B$14*($B$13*$E14*1024)/8) -> 20469.607 | I14: =_xlfn.CEILING.MATH(H14/J14)*J14 -> 20480 | J14: 64 | K14: 2 | L14: 4 | M14: =I14-G14 -> 2112 | N14: =M14/2 -> 1056 | O14: =G14 -> 18368 | P14: =_xlfn.CEILING.MATH((O14+N14)/J14)*J14 -> 19456 | Q14: =_xlfn.CEILING.MATH((P14+N14)/J14)*J14 -> 20544

Sheet HPL_Builds
A1: Cubieboard2 | C1: Flags used for building ATLAS | D1: Flags used for flagsearching - mandatory | E1: Flags used for building HPL | F1: Machine setup for building HPL | G1: Ran? | H1: NOTE
A2: 1 | B2: atlarch | C2: -D c -DWALL -b 32 -A ARMa7 | D2: -O2 -mcpu=cortex-a7 -fno-schedule-insns -fselective-scheduling2 | E2: -O2 -mcpu=cortex-a7 -fno-schedule-insns -fselective-scheduling2
A3: 2 | B3: cpu-tune | C3: -D c -DWALL -b 32 -Fa al "-mcpu=native -mfloat-abi=hard -mfpu=neon-vfpv4" | D3: -mcpu=native -mfloat-abi=hard -mfpu=neon-vfpv4 | E3: -mcpu=native -mfloat-abi=hard -mfpu=neon-vfpv4
A4: 3 | B4: arch-native-tune | C4: -D c -DWALL -b 32 -Fa al "-march=native -mtune=cortex-a7 -mfloat-abi=hard -mfpu=neon-vfpv4" | D4: -march=native -mtune=cortex-a7 -mfloat-abi=hard -mfpu=neon-vfpv4 | E4: -march=native -mtune=cortex-a7 -mfloat-abi=hard -mfpu=neon-vfpv4
A5: 4 | B5: cpu-tune-overr | C5: -D c -DWALL -b 32 -F al "-mcpu=native -mfloat-abi=hard -mfpu=neon-vfpv4" | D5: -mcpu=native -mfloat-abi=hard -mfpu=neon-vfpv4 | E5: -mcpu=native -mfloat-abi=hard -mfpu=neon-vfpv4
A6: 5 | B6: atlarch-flags | C6: -D c -DWALL -b 32 -A ARMa7 -Fa al "-O2 -mcpu=cortex-a7 -fno-schedule-insns -fselective-scheduling2 -fschedule-insns -fno-schedule-insns -frename-registers -fno-tree-pre" | E6: -O2 -mcpu=cortex-a7 -fno-schedule-insns -fselective-scheduling2 -fschedule-insns -fno-schedule-insns -frename-registers -fno-tree-pre
A7: 6 | B7: cpu-tune-flags | C7: -D c -DWALL -b 32 -Fa al "-O1 -mcpu=native -mfloat-abi=hard -mfpu=neon-vfpv4 -fno-expensive-optimizations -fschedule-insns -fschedule-insns2 -fselective-scheduling -fselective-scheduling2 -fno-tree-ter" | E7: -O1 -mcpu=native -mfloat-abi=hard -mfpu=neon-vfpv4 -fno-expensive-optimizations -fschedule-insns -fschedule-insns2 -fselective-scheduling -fselective-scheduling2 -fno-tree-ter
A8: 7 | B8: arch-native-tune-flags | C8: -D c -DWALL -b 32 -Fa al "-Os -march=native -mtune=cortex-a7 -mfloat-abi=hard -mfpu=neon-vfpv4 -fno-expensive-optimizations -fschedule-insns2 -fschedule-insns -fselective-scheduling -fselective-scheduling2 -fno-tree-ter" | E8: -Os -march=native -mtune=cortex-a7 -mfloat-abi=hard -mfpu=neon-vfpv4 -fno-expensive-optimizations -fschedule-insns2 -fschedule-insns -fselective-scheduling -fselective-scheduling2 -fno-tree-ter
A9: 8 | B9: cpu-tune-overr-flags | C9: -D c -DWALL -b 32 -F al "-O1 -mcpu=native -mfloat-abi=hard -mfpu=neon-vfpv4 -fno-expensive-optimizations -fschedule-insns -fschedule-insns2 -fselective-scheduling -fselective-scheduling2 -fno-tree-ter" | E9: -O1 -mcpu=native -mfloat-abi=hard -mfpu=neon-vfpv4 -fno-expensive-optimizations -fschedule-insns -fschedule-insns2 -fselective-scheduling -fselective-scheduling2 -fno-tree-ter

Sheet ATLAS builds
A1: Raspberry Pi 1B | C1: Flags used for building | D1: Flags used for flagsearching - mandatory | E1: Flags used for flagsearching - optional | F1: Machine originally built on | G1: Needs flagsearching | H1: Flagsearched (d) | I1: Flagsearched (s) No need! HPL uses only double precision! See ATLAS install manual | J1: Flagsearched (Td) | K1: Kernel | L1: GFLOPS | M1: NOTE | O1: TODO
A2: Cubieboard 2 | O2: In progress
A3: 1 | B3: atlarch | C3: -D c -DWALL -b 32 -A ARMa7 | D3: -O2 -mcpu=cortex-a7 -fno-schedule-insns -fselective-scheduling2 | E3: - | F3: cubie01 | L3: =VLOOKUP(B3,'HPL 4 nodes, builds'!$Z$4:$AW$43,24,FALSE) -> 1.91522 | O3: Freshly finished
A4: 2 | B4: cpu-tune | C4: -D c -DWALL -b 32 -Fa al "-mcpu=native -mfloat-abi=hard -mfpu=neon-vfpv4" | D4: -mcpu=native -mfloat-abi=hard -mfpu=neon-vfpv4 | E4: -mcpu=cortex-a7 | F4: cubie02 | L4: =VLOOKUP(B4,'HPL 4 nodes, builds'!$Z$4:$AW$43,24,FALSE) -> 1.67164 | O4: Done
A5: 3 | B5: arch-native-tune | C5: -D c -DWALL -b 32 -Fa al "-march=native -mtune=cortex-a7 -mfloat-abi=hard -mfpu=neon-vfpv4" | D5: -march=native -mtune=cortex-a7 -mfloat-abi=hard -mfpu=neon-vfpv4 | E5: -march=armv7-a | F5: cubie03 | L5: =VLOOKUP(B5,'HPL 4 nodes, builds'!$Z$4:$AW$43,24,FALSE) -> 1.68718 | O5: TODO with the same settings!
A6: 4 | B6: cpu-tune-overr | C6: -D c -DWALL -b 32 -F al "-mcpu=native -mfloat-abi=hard -mfpu=neon-vfpv4" | D6: -mcpu=native -mfloat-abi=hard -mfpu=neon-vfpv4 | E6: -mcpu=cortex-a7 | F6: cubie04 | L6: =VLOOKUP(B6,'HPL 4 nodes, builds'!$Z$4:$AW$43,24,FALSE) -> 1.28458
A7: 5 | B7: atlarch-flags | C7: -D c -DWALL -b 32 -A ARMa7 -Fa al "-O2 -mcpu=cortex-a7 -fno-schedule-insns -fselective-scheduling2 -fschedule-insns -fno-schedule-insns -frename-registers -fno-tree-pre" | F7: cubie01 | L7: =VLOOKUP(B7,'HPL 4 nodes, builds'!$Z$4:$AW$43,24,FALSE) -> 1.9635
A8: 6 | B8: cpu-tune-flags | C8: -D c -DWALL -b 32 -Fa al "-O1 -mcpu=native -mfloat-abi=hard -mfpu=neon-vfpv4 -fno-expensive-optimizations -fschedule-insns -fschedule-insns2 -fselective-scheduling -fselective-scheduling2 -fno-tree-ter" | F8: cubie02 | L8: =VLOOKUP(B8,'HPL 4 nodes, builds'!$Z$4:$AW$43,24,FALSE) -> 1.81704
A9: 7 | B9: arch-native-tune-flags | C9: -D c -DWALL -b 32 -Fa al "-Os -march=native -mtune=cortex-a7 -mfloat-abi=hard -mfpu=neon-vfpv4 -fno-expensive-optimizations -fschedule-insns2 -fschedule-insns -fselective-scheduling -fselective-scheduling2 -fno-tree-ter" | F9: cubie03 | L9: =VLOOKUP(B9,'HPL 4 nodes, builds'!$Z$4:$AW$43,24,FALSE) -> 1.87352 | M9: Originalno je bilo "-O1 -march=native -mtune=cortex-a7 -mfloat-abi=hard -mfpu=neon-vfpv4 -fno-expensive-optimizations -fschedule-insns -fschedule-insns2 -fselective-scheduling -fsel-sched-pipelining -fselective-scheduling2 -fsel-sched-pipelining -fno-tree-ter" no TO NIJE RADILO, make je bacao error. Stavio sam samo ovo što sada piše.
A10: 8 | B10: cpu-tune-overr-flags | C10: -D c -DWALL -b 32 -F al "-O1 -mcpu=native -mfloat-abi=hard -mfpu=neon-vfpv4 -fno-expensive-optimizations -fschedule-insns -fschedule-insns2 -fselective-scheduling -fselective-scheduling2 -fno-tree-ter" | F10: cubie04 | L10: =VLOOKUP(B10,'HPL 4 nodes, builds'!$Z$4:$AW$43,24,FALSE) -> 1.8137

Sheet HPL 4 nodes, builds
A1: Max avg. GFLOPS (and params): | B1: =INDEX(A:A,MATCH(MAX($X:$X),$X:$X,0)) -> atlarch-flags | F1: =MAX(X:X) -> 1.95548 | G1: =INDEX(D:D,MATCH(MAX($W:$W),$W:$W,0)) -> 18368 | H1: =INDEX(E:E,MATCH(MAX($W:$W),$W:$W,0)) -> 64 | I1: =INDEX(F:F,MATCH(MAX($W:$W),$W:$W,0)) -> 2 | J1: =INDEX(G:G,MATCH(MAX($W:$W),$W:$W,0)) -> 4 | L1: ATLAS (with "-al") | X1: Average GFLOP/s | Z1: Max avg. GFLOPS (and params): | AA1: =INDEX(Z:Z,MATCH(MAX($AW:$AW),$AW:$AW,0)) -> atlarch-flags | AE1: =MAX(AW:AW) -> 1.9635 | AF1: =INDEX(AC:AC,MATCH(MAX($AW:$AW),$AW:$AW,0)) -> 18368 | AG1: =INDEX(AD:AD,MATCH(MAX($AW:$AW),$AW:$AW,0)) -> 64 | AH1: =INDEX(AE:AE,MATCH(MAX($AW:$AW),$AW:$AW,0)) -> 2 | AI1: =INDEX(AF:AF,MATCH(MAX($AW:$AW),$AW:$AW,0)) -> 4 | AK1: ATLAS (with "-alg") | AW1: Average GFLOP/s
A2: MAX GFLOPS: | D2: =MAX(I4:I841) -> 2.0587 | L2: cubie01 throttling time [1/100s] | O2: cubie02 throttling time [1/100s] | R2: cubie03 throttling time [1/100s] | U2: cubie04 throttling time [1/100s] | Z2: MAX GFLOPS: | AC2: =MAX(AH4:AH841) -> 2.0079 | AK2: cubie01 throttling time [1/100s] | AN2: cubie02 throttling time [1/100s] | AQ2: cubie03 throttling time [1/100s] | AT2: cubie04 throttling time [1/100s]
A3: Build | B3: RUN | D3: N | E3: NB | F3: P | G3: Q | H3: Time | I3: GFLOPS | J3: Date | K3: Time | L3: 720MHz | M3: 864MHz | N3: 912MHz | O3: 720MHz | P3: 864MHz | Q3: 912MHz | R3: 720MHz | S3: 864MHz | T3: 912MHz | U3: 720MHz | V3: 864MHz | W3: 912MHz | Z3: Build | AA3: RUN | AC3: N | AD3: NB | AE3: P | AF3: Q | AG3: Time | AH3: GFLOPS | AI3: Date | AJ3: Time | AK3: 720MHz | AL3: 864MHz | AM3: 912MHz | AN3: 720MHz | AO3: 864MHz | AP3: 912MHz | AQ3: 720MHz | AR3: 864MHz | AS3: 912MHz | AT3: 720MHz | AU3: 864MHz | AV3: 912MHz
A4: atlarch-flags | B4: 0 | C4: WR00L2L2 | D4: 18368 | E4: 64 | F4: 2 | G4: 4 | H4: 2205.23 | I4: 1.8737 | J4: 45457 | K4: 0.55703704 | L4: 0 | M4: 0 | N4: 0 | O4: 0 | P4: 0 | Q4: 0 | R4: 0 | S4: 0 | T4: 0 | U4: 0 | V4: 0 | W4: 0 | X4: =AVERAGE(I4:I8) -> 1.91936 | Z4: atlarch-flags | AA4: 0 | AB4: WR00L2L2 | AC4: 18368 | AD4: 64 | AE4: 2 | AF4: 4 | AG4: 2160.37 | AH4: 1.9126 | AI4: 45484 | AJ4: 0.39947917 | AK4: 0 | AL4: 0 | AM4: 0 | AN4: 0 | AO4: 0 | AP4: 0 | AQ4: 0 | AR4: 0 | AS4: 0 | AT4: 0 | AU4: 0 | AV4: 0 | AW4: =AVERAGE(AH4:AH8) -> 1.9635
A5: atlarch-flags | B5: 1 | C5: WR00L2L2 | D5: 18368 | E5: 64 | F5: 2 | G5: 4 | H5: 2116.61 | I5: 1.9521 | J5: 45457 | K5: 0.58211806 | L5: 0 | M5: 0 | N5: 0 | O5: 0 | P5: 0 | Q5: 0 | R5: 0 | S5: 0 | T5: 0 | U5: 0 | V5: 0 | W5: 0 | X5: =X4 -> 1.91936 | Z5: atlarch-flags | AA5: 1 | AB5: WR00L2L2 | AC5: 18368 | AD5: 64 | AE5: 2 | AF5: 4 | AG5: 2107 | AH5: 1.961 | AI5: 45484 | AJ5: 0.42444444 | AK5: 0 | AL5: 0 | AM5: 0 | AN5: 0 | AO5: 0 | AP5: 0 | AQ5: 0 | AR5: 0 | AS5: 0 | AT5: 0 | AU5: 0 | AV5: 0 | AW5: =AW4 -> 1.9635
A6: atlarch-flags | B6: 2 | C6: WR00L2L2 | D6: 18368 | E6: 64 | F6: 2 | G6: 4 | H6: 2167 | I6: 1.9067 | J6: 45457 | K6: 0.60790509 | L6: 0 | M6: 0 | N6: 0 | O6: 0 | P6: 0 | Q6: 0 | R6: 0 | S6: 0 | T6: 0 | U6: 0 | V6: 0 | W6: 0 | X6: =X5 -> 1.91936 | Z6: atlarch-flags | AA6: 2 | AB6: WR00L2L2 | AC6: 18368 | AD6: 64 | AE6: 2 | AF6: 4 | AG6: 2057.83 | AH6: 2.0079 | AI6: 45484 | AJ6: 0.44895833 | AK6: 0 | AL6: 0 | AM6: 0 | AN6: 0 | AO6: 0 | AP6: 0 | AQ6: 0 | AR6: 0 | AS6: 0 | AT6: 0 | AU6: 0 | AV6: 0 | AW6: =AW5 -> 1.9635
A7: atlarch-flags | B7: 3 | C7: WR00L2L2 | D7: 18368 | E7: 64 | F7: 2 | G7: 4 | H7: 2131.4 | I7: 1.9386 | J7: 45457 | K7: 0.63314815 | L7: 0 | M7: 0 | N7: 0 | O7: 0 | P7: 0 | Q7: 0 | R7: 0 | S7: 0 | T7: 0 | U7: 0 | V7: 0 | W7: 0 | X7: =X6 -> 1.91936 | Z7: atlarch-flags | AA7: 3 | AB7: WR00L2L2 | AC7: 18368 | AD7: 64 | AE7: 2 | AF7: 4 | AG7: 2087.44 | AH7: 1.9794 | AI7: 45484 | AJ7: 0.47373843 | AK7: 0 | AL7: 0 | AM7: 0 | AN7: 0 | AO7: 0 | AP7: 0 | AQ7: 0 | AR7: 0 | AS7: 0 | AT7: 0 | AU7: 0 | AV7: 0 | AW7: =AW6 -> 1.9635
A8: atlarch-flags | B8: 4 | C8: WR00L2L2 | D8: 18368 | E8: 64 | F8: 2 | G8: 4 | H8: 2145.6 | I8: 1.9257 | J8: 45457 | K8: 0.65855324 | L8: 0 | M8: 0 | N8: 0 | O8: 0 | P8: 0 | Q8: 0 | R8: 0 | S8: 0 | T8: 0 | U8: 0 | V8: 0 | W8: 0 | X8: =X7 -> 1.91936 | Z8: atlarch-flags | AA8: 4 | AB8: WR00L2L2 | AC8: 18368 | AD8: 64 | AE8: 2 | AF8: 4 | AG8: 2111.73 | AH8: 1.9566 | AI8: 45484 | AJ8: 0.49894676 | AK8: 0 | AL8: 0 | AM8: 0 | AN8: 0 | AO8: 0 | AP8: 0 | AQ8: 0 | AR8: 0 | AS8: 0 | AT8: 0 | AU8: 0 | AV8: 0 | AW8: =AW7 -> 1.9635
A9: atlarch | B9: 0 | C9: WR00L2L2 | D9: 18368 | E9: 64 | F9: 2 | G9: 4 | H9: 2188.97 | I9: 1.8876 | J9: 45456 | K9: 0.92225694 | L9: 0 | M9: 0 | N9: 0 | O9: 0 | P9: 0 | Q9: 0 | R9: 0 | S9: 0 | T9: 0 | U9: 0 | V9: 0 | W9: 0 | X9: =AVERAGE(I9:I13) -> 1.90934 | Z9: atlarch | AA9: 0 | AB9: WR00L2L2 | AC9: 18368 | AD9: 64 | AE9: 2 | AF9: 4 | AG9: 2090.85 | AH9: 1.9762 | AI9: 45483 | AJ9: 0.75483796 | AK9: 0 | AL9: 0 | AM9: 0 | AN9: 0 | AO9: 0 | AP9: 0 | AQ9: 0 | AR9: 0 | AS9: 0 | AT9: 0 | AU9: 0 | AV9: 0 | AW9: =AVERAGE(AH9:AH13) -> 1.91522
A10: atlarch | B10: 1 | C10: WR00L2L2 | D10: 18368 | E10: 64 | F10: 2 | G10: 4 | H10: 2162.75 | I10: 1.9105 | J10: 45456 | K10: 0.94797454 | L10: 0 | M10: 0 | N10: 0 | O10: 0 | P10: 0 | Q10: 0 | R10: 0 | S10: 0 | T10: 0 | U10: 0 | V10: 0 | W10: 0 | X10: =X9 -> 1.90934 | Z10: atlarch | AA10: 1 | AB10: WR00L2L2 | AC10: 18368 | AD10: 64 | AE10: 2 | AF10: 4 | AG10: 2198.31 | AH10: 1.8796 | AI10: 45483 | AJ10: 0.78275463 | AK10: 0 | AL10: 0 | AM10: 0 | AN10: 0 | AO10: 0 | AP10: 0 | AQ10: 0 | AR10: 0 | AS10: 0 | AT10: 0 | AU10: 0 | AV10: 0 | AW10: =AW9 -> 1.91522
A11: atlarch | B11: 2 | C11: WR00L2L2 | D11: 18368 | E11: 64 | F11: 2 | G11: 4 | H11: 2124.49 | I11: 1.9449 | J11: 45456 | K11: 0.97324074 | L11: 0 | M11: 0 | N11: 0 | O11: 0 | P11: 0 | Q11: 0 | R11: 0 | S11: 0 | T11: 0 | U11: 0 | V11: 0 | W11: 0 | X11: =X10 -> 1.90934 | Z11: atlarch | AA11: 2 | AB11: WR00L2L2 | AC11: 18368 | AD11: 64 | AE11: 2 | AF11: 4 | AG11: 2191.25 | AH11: 1.8856 | AI11: 45483 | AJ11: 0.81053241 | AK11: 0 | AL11: 0 | AM11: 0 | AN11: 0 | AO11: 0 | AP11: 0 | AQ11: 0 | AR11: 0 | AS11: 0 | AT11: 0 | AU11: 0 | AV11: 0 | AW11: =AW10 -> 1.91522
A12: atlarch | B12: 3 | C12: WR00L2L2 | D12: 18368 | E12: 64 | F12: 2 | G12: 4 | H12: 2143.94 | I12: 1.9272 | J12: 45456 | K12: 0.99876157 | L12: 0 | M12: 0 | N12: 0 | O12: 0 | P12: 0 | Q12: 0 | R12: 0 | S12: 0 | T12: 0 | U12: 0 | V12: 0 | W12: 0 | X12: =X11 -> 1.90934 | Z12: atlarch | AA12: 3 | AB12: WR00L2L2 | AC12: 18368 | AD12: 64 | AE12: 2 | AF12: 4 | AG12: 2132.47 | AH12: 1.9376 | AI12: 45483 | AJ12: 0.83788194 | AK12: 0 | AL12: 0 | AM12: 0 | AN12: 0 | AO12: 0 | AP12: 0 | AQ12: 0 | AR12: 0 | AS12: 0 | AT12: 0 | AU12: 0 | AV12: 0 | AW12: =AW11 -> 1.91522
A13: atlarch | B13: 4 | C13: WR00L2L2 | D13: 18368 | E13: 64 | F13: 2 | G13: 4 | H13: 2201.94 | I13: 1.8765 | J13: 45457 | K13: 0.024826389 | L13: 0 | M13: 0 | N13: 0 | O13: 0 | P13: 0 | Q13: 0 | R13: 0 | S13: 0 | T13: 0 | U13: 0 | V13: 0 | W13: 0 | X13: =X12 -> 1.90934 | Z13: atlarch | AA13: 4 | AB13: WR00L2L2 | AC13: 18368 | AD13: 64 | AE13: 2 | AF13: 4 | AG13: 2177.99 | AH13: 1.8971 | AI13: 45483 | AJ13: 0.86559028 | AK13: 0 | AL13: 0 | AM13: 0 | AN13: 0 | AO13: 0 | AP13: 0 | AQ13: 0 | AR13: 0 | AS13: 0 | AT13: 0 | AU13: 0 | AV13: 0 | AW13: =AW12 -> 1.91522
A14: arch-native-tune-flags | B14: 0 | C14: WR00L2L2 | D14: 18368 | E14: 64 | F14: 2 | G14: 4 | H14: 2277.34 | I14: 1.8143 | J14: 45457 | K14: 0.82138889 | L14: 0 | M14: 0 | N14: 0 | O14: 0 | P14: 0 | Q14: 0 | R14: 0 | S14: 0 | T14: 0 | U14: 0 | V14: 0 | W14: 0 | X14: =AVERAGE(I14:I18) -> 1.84274 | Z14: arch-native-tune-flags | AA14: 0 | AB14: WR00L2L2 | AC14: 18368 | AD14: 64 | AE14: 2 | AF14: 4 | AG14: 2236.66 | AH14: 1.8473 | AI14: 45484 | AJ14: 0.66046296 | AK14: 0 | AL14: 0 | AM14: 0 | AN14: 0 | AO14: 0 | AP14: 0 | AQ14: 0 | AR14: 0 | AS14: 0 | AT14: 0 | AU14: 0 | AV14: 0 | AW14: =AVERAGE(AH14:AH18) -> 1.87352
A15: arch-native-tune-flags | B15: 1 | C15: WR00L2L2 | D15: 18368 | E15: 64 | F15: 2 | G15: 4 | H15: 2291.43 | I15: 1.8032 | J15: 45457 | K15: 0.84855324 | L15: 0 | M15: 0 | N15: 0 | O15: 0 | P15: 0 | Q15: 0 | R15: 0 | S15: 0 | T15: 0 | U15: 0 | V15: 0 | W15: 0 | X15: =X14 -> 1.84274 | Z15: arch-native-tune-flags | AA15: 1 | AB15: WR00L2L2 | AC15: 18368 | AD15: 64 | AE15: 2 | AF15: 4 | AG15: 2100.84 | AH15: 1.9668 | AI15: 45484 | AJ15: 0.68550926 | AK15: 0 | AL15: 0 | AM15: 0 | AN15: 0 | AO15: 0 | AP15: 0 | AQ15: 0 | AR15: 0 | AS15: 0 | AT15: 0 | AU15: 0 | AV15: 0 | AW15: =AW14 -> 1.87352
A16: arch-native-tune-flags | B16: 2 | C16: WR00L2L2 | D16: 18368 | E16: 64 | F16: 2 | G16: 4 | H16: 2220.41 | I16: 1.8609 | J16: 45457 | K16: 0.87494213 | L16: 0 | M16: 0 | N16: 0 | O16: 0 | P16: 0 | Q16: 0 | R16: 0 | S16: 0 | T16: 0 | U16: 0 | V16: 0 | W16: 0 | X16: =X15 -> 1.84274 | Z16: arch-native-tune-flags | AA16: 2 | AB16: WR00L2L2 | AC16: 18368 | AD16: 64 | AE16: 2 | AF16: 4 | AG16: 2156.79 | AH16: 1.9158 | AI16: 45484 | AJ16: 0.71121528 | AK16: 0 | AL16: 0 | AM16: 0 | AN16: 0 | AO16: 0 | AP16: 0 | AQ16: 0 | AR16: 0 | AS16: 0 | AT16: 0 | AU16: 0 | AV16: 0 | AW16: =AW15 -> 1.87352
A17: arch-native-tune-flags | B17: 3 | C17: WR00L2L2 | D17: 18368 | E17: 64 | F17: 2 | G17: 4 | H17: 2212.66 | I17: 1.8674 | J17: 45457 | K17: 0.90118056 | L17: 0 | M17: 0 | N17: 0 | O17: 0 | P17: 0 | Q17: 0 | R17: 0 | S17: 0 | T17: 0 | U17: 0 | V17: 0 | W17: 0 | X17: =X16 -> 1.84274 | Z17: arch-native-tune-flags | AA17: 3 | AB17: WR00L2L2 | AC17: 18368 | AD17: 64 | AE17: 2 | AF17: 4 | AG17: 2287.45 | AH17: 1.8063 | AI17: 45484 | AJ17: 0.73829861 | AK17: 0 | AL17: 0 | AM17: 0 | AN17: 0 | AO17: 0 | AP17: 0 | AQ17: 0 | AR17: 0 | AS17: 0 | AT17: 0 | AU17: 0 | AV17: 0 | AW17: =AW16 -> 1.87352
A18: arch-native-tune-flags | B18: 4 | C18: WR00L2L2 | D18: 18368 | E18: 64 | F18: 2 | G18: 4 | H18: 2212.09 | I18: 1.8679 | J18: 45457 | K18: 0.92768519 | L18: 0 | M18: 0 | N18: 0 | O18: 0 | P18: 0 | Q18: 0 | R18: 0 | S18: 0 | T18: 0 | U18: 0 | V18: 0 | W18: 0 | X18: =X17 -> 1.84274 | Z18: arch-native-tune-flags | AA18: 4 | AB18: WR00L2L2 | AC18: 18368 | AD18: 64 | AE18: 2 | AF18: 4 | AG18: 2256.13 | AH18: 1.8314 | AI18: 45484 | AJ18: 0.76506944 | AK18: 0 | AL18: 0 | AM18: 0 | AN18: 0 | AO18: 0 | AP18: 0 | AQ18: 0 | AR18: 0 | AS18: 0 | AT18: 0 | AU18: 0 | AV18: 0 | AW18: =AW17 -> 1.87352
A19: cpu-tune-overr-flags | B19: 0 | C19: WR00L2L2 | D19: 18368 | E19: 64 | F19: 2 | G19: 4 | H19: 2254.38 | I19: 1.8328 | J19: 45457 | K19: 0.95446759 | L19: 0 | M19: 0 | N19: 0 | O19: 0 | P19: 0 | Q19: 0 | R19: 0 | S19: 0 | T19: 0 | U19: 0 | V19: 0 | W19: 0 | X19: =AVERAGE(I19:I23) -> 1.82554 | Z19: cpu-tune-flags | AA19: 0 | AB19: WR00L2L2 | AC19: 18368 | AD19: 64 | AE19: 2 | AF19: 4 | AG19: 2343.28 | AH19: 1.7633 | AI19: 45484 | AJ19: 0.52680556 | AK19: 0 | AL19: 0 | AM19: 0 | AN19: 0 | AO19: 0 | AP19: 0 | AQ19: 0 | AR19: 0 | AS19: 0 | AT19: 0 | AU19: 0 | AV19: 0 | AW19: =AVERAGE(AH19:AH23) -> 1.81704
A20: cpu-tune-overr-flags | B20: 1 | C20: WR00L2L2 | D20: 18368 | E20: 64 | F20: 2 | G20: 4 | H20: 2302.59 | I20: 1.7944 | J20: 45457 | K20: 0.98180556 | L20: 0 | M20: 0 | N20: 0 | O20: 0 | P20: 0 | Q20: 0 | R20: 0 | S20: 0 | T20: 0 | U20: 0 | V20: 0 | W20: 0 | X20: =X19 -> 1.82554 | Z20: cpu-tune-flags | AA20: 1 | AB20: WR00L2L2 | AC20: 18368 | AD20: 64 | AE20: 2 | AF20: 4 | AG20: 2264.46 | AH20: 1.8247 | AI20: 45484 | AJ20: 0.55365741 | AK20: 0 | AL20: 0 | AM20: 0 | AN20: 0 | AO20: 0 | AP20: 0 | AQ20: 0 | AR20: 0 | AS20: 0 | AT20: 0 | AU20: 0 | AV20: 0 | AW20: =AW19 -> 1.81704
A21: cpu-tune-overr-flags | B21: 2 | C21: WR00L2L2 | D21: 18368 | E21: 64 | F21: 2 | G21: 4 | H21: 2229.77 | I21: 1.8531 | J21: 45458 | K21: 0.0084953704 | L21: 0 | M21: 0 | N21: 0 | O21: 0 | P21: 0 | Q21: 0 | R21: 0 | S21: 0 | T21: 0 | U21: 0 | V21: 0 | W21: 0 | X21: =X20 -> 1.82554 | Z21: cpu-tune-flags | AA21: 2 | AB21: WR00L2L2 | AC21: 18368 | AD21: 64 | AE21: 2 | AF21: 4 | AG21: 2218.28 | AH21: 1.8627 | AI21: 45484 | AJ21: 0.57997685 | AK21: 0 | AL21: 0 | AM21: 0 | AN21: 0 | AO21: 0 | AP21: 0 | AQ21: 0 | AR21: 0 | AS21: 0 | AT21: 0 | AU21: 0 | AV21: 0 | AW21: =AW20 -> 1.81704
A22: cpu-tune-overr-flags | B22: 3 | C22: WR00L2L2 | D22: 18368 | E22: 64 | F22: 2 | G22: 4 | H22: 2259.78 | I22: 1.8284 | J22: 45458 | K22: 0.035358796 | L22: 0 | M22: 0 | N22: 0 | O22: 0 | P22: 0 | Q22: 0 | R22: 0 | S22: 0 | T22: 0 | U22: 0 | V22: 0 | W22: 0 | X22: =X21 -> 1.82554 | Z22: cpu-tune-flags | AA22: 3 | AB22: WR00L2L2 | AC22: 18368 | AD22: 64 | AE22: 2 | AF22: 4 | AG22: 2266.28 | AH22: 1.8232 | AI22: 45484 | AJ22: 0.6068287 | AK22: 0 | AL22: 0 | AM22: 0 | AN22: 0 | AO22: 0 | AP22: 0 | AQ22: 0 | AR22: 0 | AS22: 0 | AT22: 0 | AU22: 0 | AV22: 0 | AW22: =AW21 -> 1.81704
A23: cpu-tune-overr-flags | B23: 4 | C23: WR00L2L2 | D23: 18368 | E23: 64 | F23: 2 | G23: 4 | H23: 2271.55 | I23: 1.819 | J23: 45458 | K23: 0.062395833 | L23: 0 | M23: 0 | N23: 0 | O23: 0 | P23: 0 | Q23: 0 | R23: 0 | S23: 0 | T23: 0 | U23: 0 | V23: 0 | W23: 0 | X23: =X22 -> 1.82554 | Z23: cpu-tune-flags | AA23: 4 | AB23: WR00L2L2 | AC23: 18368 | AD23: 64 | AE23: 2 | AF23: 4 | AG23: 2281.12 | AH23: 1.8113 | AI23: 45484 | AJ23: 0.63395833 | AK23: 0 | AL23: 0 | AM23: 0 | AN23: 0 | AO23: 0 | AP23: 0 | AQ23: 0 | AR23: 0 | AS23: 0 | AT23: 0 | AU23: 0 | AV23: 0 | AW23: =AW22 -> 1.81704
A24: cpu-tune-flags | B24: 0 | C24: WR00L2L2 | D24: 18368 | E24: 64 | F24: 2 | G24: 4 | H24: 2273.99 | I24: 1.817 | J24: 45457 | K24: 0.68550926 | L24: 0 | M24: 0 | N24: 0 | O24: 0 | P24: 0 | Q24: 0 | R24: 0 | S24: 0 | T24: 0 | U24: 0 | V24: 0 | W24: 0 | X24: =AVERAGE(I24:I28) -> 1.80912 | Z24: cpu-tune-overr-flags | AA24: 0 | AB24: WR00L2L2 | AC24: 18368 | AD24: 64 | AE24: 2 | AF24: 4 | AG24: 2274.61 | AH24: 1.8165 | AI24: 45484 | AJ24: 0.79208333 | AK24: 0 | AL24: 0 | AM24: 0 | AN24: 0 | AO24: 0 | AP24: 0 | AQ24: 0 | AR24: 0 | AS24: 0 | AT24: 0 | AU24: 0 | AV24: 0 | AW24: =AVERAGE(AH24:AH28) -> 1.8137
A25: cpu-tune-flags | B25: 1 | C25: WR00L2L2 | D25: 18368 | E25: 64 | F25: 2 | G25: 4 | H25: 2331.69 | I25: 1.7721 | J25: 45457 | K25: 0.71324074 | L25: 0 | M25: 0 | N25: 0 | O25: 0 | P25: 0 | Q25: 0 | R25: 0 | S25: 0 | T25: 0 | U25: 0 | V25: 0 | W25: 0 | X25: =X24 -> 1.80912 | Z25: cpu-tune-overr-flags | AA25: 1 | AB25: WR00L2L2 | AC25: 18368 | AD25: 64 | AE25: 2 | AF25: 4 | AG25: 2232.54 | AH25: 1.8507 | AI25: 45484 | AJ25: 0.8187037 | AK25: 0 | AL25: 0 | AM25: 0 | AN25: 0 | AO25: 0 | AP25: 0 | AQ25: 0 | AR25: 0 | AS25: 0 | AT25: 0 | AU25: 0 | AV25: 0 | AW25: =AW24 -> 1.8137
A26: cpu-tune-flags | B26: 2 | C26: WR00L2L2 | D26: 18368 | E26: 64 | F26: 2 | G26: 4 | H26: 2216.08 | I26: 1.8645 | J26: 45457 | K26: 0.7396875 | L26: 0 | M26: 0 | N26: 0 | O26: 0 | P26: 0 | Q26: 0 | R26: 0 | S26: 0 | T26: 0 | U26: 0 | V26: 0 | W26: 0 | X26: =X25 -> 1.80912 | Z26: cpu-tune-overr-flags | AA26: 2 | AB26: WR00L2L2 | AC26: 18368 | AD26: 64 | AE26: 2 | AF26: 4 | AG26: 2302.16 | AH26: 1.7948 | AI26: 45484 | AJ26: 0.84613426 | AK26: 0 | AL26: 0 | AM26: 0 | AN26: 0 | AO26: 0 | AP26: 0 | AQ26: 0 | AR26: 0 | AS26: 0 | AT26: 0 | AU26: 0 | AV26: 0 | AW26: =AW25 -> 1.8137
A27: cpu-tune-flags | B27: 3 | C27: WR00L2L2 | D27: 18368 | E27: 64 | F27: 2 | G27: 4 | H27: 2330.84 | I27: 1.7727 | J27: 45457 | K27: 0.76741898 | L27: 0 | M27: 0 | N27: 0 | O27: 0 | P27: 0 | Q27: 0 | R27: 0 | S27: 0 | T27: 0 | U27: 0 | V27: 0 | W27: 0 | X27: =X26 -> 1.80912 | Z27: cpu-tune-overr-flags | AA27: 3 | AB27: WR00L2L2 | AC27: 18368 | AD27: 64 | AE27: 2 | AF27: 4 | AG27: 2307.63 | AH27: 1.7905 | AI27: 45484 | AJ27: 0.87358796 | AK27: 0 | AL27: 0 | AM27: 0 | AN27: 0 | AO27: 0 | AP27: 0 | AQ27: 0 | AR27: 0 | AS27: 0 | AT27: 0 | AU27: 0 | AV27: 0 | AW27: =AW26 -> 1.8137
A28: cpu-tune-flags | B28: 4 | C28: WR00L2L2 | D28: 18368 | E28: 64 | F28: 2 | G28: 4 | H28: 2271.15 | I28: 1.8193 | J28: 45457 | K28: 0.79440972 | L28: 0 | M28: 0 | N28: 0 | O28: 0 | P28: 0 | Q28: 0 | R28: 0 | S28: 0 | T28: 0 | U28: 0 | V28: 0 | W28: 0 | X28: =X27 -> 1.80912 | Z28: cpu-tune-overr-flags | AA28: 4 | AB28: WR00L2L2 | AC28: 18368 | AD28: 64 | AE28: 2 | AF28: 4 | AG28: 2275.27 | AH28: 1.816 | AI28: 45484 | AJ28: 0.90056713 | AK28: 0 | AL28: 0 | AM28: 0 | AN28: 0 | AO28: 0 | AP28: 0 | AQ28: 0 | AR28: 0 | AS28: 0 | AT28: 0 | AU28: 0 | AV28: 0 | AW28: =AW27 -> 1.8137
A29: arch-native-tune | B29: 0 | C29: WR00L2L2 | D29: 18368 | E29: 64 | F29: 2 | G29: 4 | H29: 2394.29 | I29: 1.7257 | J29: 45457 | K29: 0.21112269 | L29: 0 | M29: 0 | N29: 0 | O29: 0 | P29: 0 | Q29: 0 | R29: 0 | S29: 0 | T29: 0 | U29: 0 | V29: 0 | W29: 0 | X29: =AVERAGE(I29:I33) -> 1.68406 | Z29: arch-native-tune | AA29: 0 | AB29: WR00L2L2 | AC29: 18368 | AD29: 64 | AE29: 2 | AF29: 4 | AG29: 2514.06 | AH29: 1.6435 | AI29: 45484 | AJ29: 0.05275463 | AK29: 0 | AL29: 0 | AM29: 0 | AN29: 0 | AO29: 0 | AP29: 0 | AQ29: 0 | AR29: 0 | AS29: 0 | AT29: 0 | AU29: 0 | AV29: 0 | AW29: =AVERAGE(AH29:AH33) -> 1.68718
A30: arch-native-tune | B30: 1 | C30: WR00L2L2 | D30: 18368 | E30: 64 | F30: 2 | G30: 4 | H30: 2494.18 | I30: 1.6566 | J30: 45457 | K30: 0.24241898 | L30: 0 | M30: 0 | N30: 0 | O30: 0 | P30: 0 | Q30: 0 | R30: 0 | S30: 0 | T30: 0 | U30: 0 | V30: 0 | W30: 0 | X30: =X29 -> 1.68406 | Z30: arch-native-tune | AA30: 1 | AB30: WR00L2L2 | AC30: 18368 | AD30: 64 | AE30: 2 | AF30: 4 | AG30: 2473.41 | AH30: 1.6705 | AI30: 45484 | AJ30: 0.083842593 | AK30: 0 | AL30: 0 | AM30: 0 | AN30: 0 | AO30: 0 | AP30: 0 | AQ30: 0 | AR30: 0 | AS30: 0 | AT30: 0 | AU30: 0 | AV30: 0 | AW30: =AW29 -> 1.68718
A31: arch-native-tune | B31: 2 | C31: WR00L2L2 | D31: 18368 | E31: 64 | F31: 2 | G31: 4 | H31: 2405.44 | I31: 1.7177 | J31: 45457 | K31: 0.27284722 | L31: 0 | M31: 0 | N31: 0 | O31: 0 | P31: 0 | Q31: 0 | R31: 0 | S31: 0 | T31: 0 | U31: 0 | V31: 0 | W31: 0 | X31: =X30 -> 1.68406 | Z31: arch-native-tune | AA31: 2 | AB31: WR00L2L2 | AC31: 18368 | AD31: 64 | AE31: 2 | AF31: 4 | AG31: 2416.55 | AH31: 1.7098 | AI31: 45484 | AJ31: 0.11425926 | AK31: 0 | AL31: 0 | AM31: 0 | AN31: 0 | AO31: 0 | AP31: 0 | AQ31: 0 | AR31: 0 | AS31: 0 | AT31: 0 | AU31: 0 | AV31: 0 | AW31: =AW30 -> 1.68718
A32: arch-native-tune | B32: 3 | C32: WR00L2L2 | D32: 18368 | E32: 64 | F32: 2 | G32: 4 | H32: 2504.82 | I32: 1.6496 | J32: 45457 | K32: 0.30438657 | L32: 0 | M32: 0 | N32: 0 | O32: 0 | P32: 0 | Q32: 0 | R32: 0 | S32: 0 | T32: 0 | U32: 0 | V32: 0 | W32: 0 | X32: =X31 -> 1.68406 | Z32: arch-native-tune | AA32: 3 | AB32: WR00L2L2 | AC32: 18368 | AD32: 64 | AE32: 2 | AF32: 4 | AG32: 2448.33 | AH32: 1.6876 | AI32: 45484 | AJ32: 0.1450463 | AK32: 0 | AL32: 0 | AM32: 0 | AN32: 0 | AO32: 0 | AP32: 0 | AQ32: 0 | AR32: 0 | AS32: 0 | AT32: 0 | AU32: 0 | AV32: 0 | AW32: =AW31 -> 1.68718
A33: arch-native-tune | B33: 4 | C33: WR00L2L2 | D33: 18368 | E33: 64 | F33: 2 | G33: 4 | H33: 2473.2 | I33: 1.6707 | J33: 45457 | K33: 0.33559028 | L33: 0 | M33: 0 | N33: 0 | O33: 0 | P33: 0 | Q33: 0 | R33: 0 | S33: 0 | T33: 0 | U33: 0 | V33: 0 | W33: 0 | X33: =X32 -> 1.68406 | Z33: arch-native-tune | AA33: 4 | AB33: WR00L2L2 | AC33: 18368 | AD33: 64 | AE33: 2 | AF33: 4 | AG33: 2395.92 | AH33: 1.7245 | AI33: 45484 | AJ33: 0.17515046 | AK33: 0 | AL33: 0 | AM33: 0 | AN33: 0 | AO33: 0 | AP33: 0 | AQ33: 0 | AR33: 0 | AS33: 0 | AT33: 0 | AU33: 0 | AV33: 0 | AW33: =AW32 -> 1.68718
A34: cpu-tune | B34: 0 | C34: WR00L2L2 | D34: 18368 | E34: 64 | F34: 2 | G34: 4 | H34: 2439.06 | I34: 1.694 | J34: 45457 | K34: 0.055474537 | L34: 0 | M34: 0 | N34: 0 | O34: 0 | P34: 0 | Q34: 0 | R34: 0 | S34: 0 | T34: 0 | U34: 0 | V34: 0 | W34: 0 | X34: =AVERAGE(I34:I38) -> 1.66248 | Z34: cpu-tune | AA34: 0 | AB34: WR00L2L2 | AC34: 18368 | AD34: 64 | AE34: 2 | AF34: 4 | AG34: 2427.01 | AH34: 1.7025 | AI34: 45483 | AJ34: 0.89611111 | AK34: 0 | AL34: 0 | AM34: 0 | AN34: 0 | AO34: 0 | AP34: 0 | AQ34: 0 | AR34: 0 | AS34: 0 | AT34: 0 | AU34: 0 | AV34: 0 | AW34: =AVERAGE(AH34:AH38) -> 1.67164
A35: cpu-tune | B35: 1 | C35: WR00L2L2 | D35: 18368 | E35: 64 | F35: 2 | G35: 4 | H35: 2470.92 | I35: 1.6722 | J35: 45457 | K35: 0.086493056 | L35: 0 | M35: 0 | N35: 0 | O35: 0 | P35: 0 | Q35: 0 | R35: 0 | S35: 0 | T35: 0 | U35: 0 | V35: 0 | W35: 0 | X35: =X34 -> 1.66248 | Z35: cpu-tune | AA35: 1 | AB35: WR00L2L2 | AC35: 18368 | AD35: 64 | AE35: 2 | AF35: 4 | AG35: 2461.33 | AH35: 1.6787 | AI35: 45483 | AJ35: 0.92719907 | AK35: 0 | AL35: 0 | AM35: 0 | AN35: 0 | AO35: 0 | AP35: 0 | AQ35: 0 | AR35: 0 | AS35: 0 | AT35: 0 | AU35: 0 | AV35: 0 | AW35: =AW34 -> 1.67164
A36: cpu-tune | B36: 2 | C36: WR00L2L2 | D36: 18368 | E36: 64 | F36: 2 | G36: 4 | H36: 2521.36 | I36: 1.6387 | J36: 45457 | K36: 0.11828704 | L36: 0 | M36: 0 | N36: 0 | O36: 0 | P36: 0 | Q36: 0 | R36: 0 | S36: 0 | T36: 0 | U36: 0 | V36: 0 | W36: 0 | X36: =X35 -> 1.66248 | Z36: cpu-tune | AA36: 2 | AB36: WR00L2L2 | AC36: 18368 | AD36: 64 | AE36: 2 | AF36: 4 | AG36: 2460.79 | AH36: 1.6791 | AI36: 45483 | AJ36: 0.95799769 | AK36: 0 | AL36: 0 | AM36: 0 | AN36: 0 | AO36: 0 | AP36: 0 | AQ36: 0 | AR36: 0 | AS36: 0 | AT36: 0 | AU36: 0 | AV36: 0 | AW36: =AW35 -> 1.67164
A37: cpu-tune | B37: 3 | C37: WR00L2L2 | D37: 18368 | E37: 64 | F37: 2 | G37: 4 | H37: 2475.94 | I37: 1.6688 | J37: 45457 | K37: 0.14923611 | L37: 0 | M37: 0 | N37: 0 | O37: 0 | P37: 0 | Q37: 0 | R37: 0 | S37: 0 | T37: 0 | U37: 0 | V37: 0 | W37: 0 | X37: =X36 -> 1.66248 | Z37: cpu-tune | AA37: 3 | AB37: WR00L2L2 | AC37: 18368 | AD37: 64 | AE37: 2 | AF37: 4 | AG37: 2490 | AH37: 1.6594 | AI37: 45483 | AJ37: 0.98940972 | AK37: 0 | AL37: 0 | AM37: 0 | AN37: 0 | AO37: 0 | AP37: 0 | AQ37: 0 | AR37: 0 | AS37: 0 | AT37: 0 | AU37: 0 | AV37: 0 | AW37: =AW36 -> 1.67164
A38: cpu-tune | B38: 4 | C38: WR00L2L2 | D38: 18368 | E38: 64 | F38: 2 | G38: 4 | H38: 2521.36 | I38: 1.6387 | J38: 45457 | K38: 0.18086806 | L38: 0 | M38: 0 | N38: 0 | O38: 0 | P38: 0 | Q38: 0 | R38: 0 | S38: 0 | T38: 0 | U38: 0 | V38: 0 | W38: 0 | X38: =X37 -> 1.66248 | Z38: cpu-tune | AA38: 4 | AB38: WR00L2L2 | AC38: 18368 | AD38: 64 | AE38: 2 | AF38: 4 | AG38: 2521.71 | AH38: 1.6385 | AI38: 45484 | AJ38: 0.02119213 | AK38: 0 | AL38: 0 | AM38: 0 | AN38: 0 | AO38: 0 | AP38: 0 | AQ38: 0 | AR38: 0 | AS38: 0 | AT38: 0 | AU38: 0 | AV38: 0 | AW38: =AW37 -> 1.67164
A39: cpu-tune-overr | B39: 0 | C39: WR00L2L2 | D39: 18368 | E39: 64 | F39: 2 | G39: 4 | H39: 3243.27 | I39: 1.274 | J39: 45457 | K39: 0.37559028 | L39: 0 | M39: 0 | N39: 0 | O39: 0 | P39: 0 | Q39: 0 | R39: 0 | S39: 0 | T39: 0 | U39: 0 | V39: 0 | W39: 0 | X39: =AVERAGE(I39:I43) -> 1.3088 | Z39: cpu-tune-overr | AA39: 0 | AB39: WR00L2L2 | AC39: 18368 | AD39: 64 | AE39: 2 | AF39: 4 | AG39: 3141.6 | AH39: 1.3152 | AI39: 45484 | AJ39: 0.21409722 | AK39: 0 | AL39: 0 | AM39: 0 | AN39: 0 | AO39: 0 | AP39: 0 | AQ39: 0 | AR39: 0 | AS39: 0 | AT39: 0 | AU39: 0 | AV39: 0 | AW39: =AVERAGE(AH39:AH43) -> 1.28458
A40: cpu-tune-overr | B40: 1 | C40: WR00L2L2 | D40: 18368 | E40: 64 | F40: 2 | G40: 4 | H40: 3015.37 | I40: 1.3703 | J40: 45457 | K40: 0.41295139 | L40: 0 | M40: 0 | N40: 0 | O40: 0 | P40: 0 | Q40: 0 | R40: 0 | S40: 0 | T40: 0 | U40: 0 | V40: 0 | W40: 0 | X40: =X39 -> 1.3088 | Z40: cpu-tune-overr | AA40: 1 | AB40: WR00L2L2 | AC40: 18368 | AD40: 64 | AE40: 2 | AF40: 4 | AG40: 3225.71 | AH40: 1.2809 | AI40: 45484 | AJ40: 0.25408565 | AK40: 0 | AL40: 0 | AM40: 0 | AN40: 0 | AO40: 0 | AP40: 0 | AQ40: 0 | AR40: 0 | AS40: 0 | AT40: 0 | AU40: 0 | AV40: 0 | AW40: =AW39 -> 1.28458
A41: cpu-tune-overr | B41: 2 | C41: WR00L2L2 | D41: 18368 | E41: 64 | F41: 2 | G41: 4 | H41: 3159.36 | I41: 1.3078 | J41: 45457 | K41: 0.45196759 | L41: 0 | M41: 0 | N41: 0 | O41: 0 | P41: 0 | Q41: 0 | R41: 0 | S41: 0 | T41: 0 | U41: 0 | V41: 0 | W41: 0 | X41: =X40 -> 1.3088 | Z41: cpu-tune-overr | AA41: 2 | AB41: WR00L2L2 | AC41: 18368 | AD41: 64 | AE41: 2 | AF41: 4 | AG41: 3255.11 | AH41: 1.2694 | AI41: 45484 | AJ41: 0.29422454 | AK41: 0 | AL41: 0 | AM41: 0 | AN41: 0 | AO41: 0 | AP41: 0 | AQ41: 0 | AR41: 0 | AS41: 0 | AT41: 0 | AU41: 0 | AV41: 0 | AW41: =AW40 -> 1.28458
A42: cpu-tune-overr | B42: 3 | C42: WR00L2L2 | D42: 18368 | E42: 64 | F42: 2 | G42: 4 | H42: 3225.95 | I42: 1.2808 | J42: 45457 | K42: 0.49172454 | L42: 0 | M42: 0 | N42: 0 | O42: 0 | P42: 0 | Q42: 0 | R42: 0 | S42: 0 | T42: 0 | U42: 0 | V42: 0 | W42: 0 | X42: =X41 -> 1.3088 | Z42: cpu-tune-overr | AA42: 3 | AB42: WR00L2L2 | AC42: 18368 | AD42: 64 | AE42: 2 | AF42: 4 | AG42: 3247.71 | AH42: 1.2722 | AI42: 45484 | AJ42: 0.33425926 | AK42: 0 | AL42: 0 | AM42: 0 | AN42: 0 | AO42: 0 | AP42: 0 | AQ42: 0 | AR42: 0 | AS42: 0 | AT42: 0 | AU42: 0 | AV42: 0 | AW42: =AW41 -> 1.28458
A43: cpu-tune-overr | B43: 4 | C43: WR00L2L2 | D43: 18368 | E43: 64 | F43: 2 | G43: 4 | H43: 3151.46 | I43: 1.3111 | J43: 45457 | K43: 0.53081019 | L43: 0 | M43: 0 | N43: 0 | O43: 0 | P43: 0 | Q43: 0 | R43: 0 | S43: 0 | T43: 0 | U43: 0 | V43: 0 | W43: 0 | X43: =X42 -> 1.3088 | Z43: cpu-tune-overr | AA43: 4 | AB43: WR00L2L2 | AC43: 18368 | AD43: 64 | AE43: 2 | AF43: 4 | AG43: 3214.99 | AH43: 1.2852 | AI43: 45484 | AJ43: 0.37391204 | AK43: 0 | AL43: 0 | AM43: 0 | AN43: 0 | AO43: 0 | AP43: 0 | AQ43: 0 | AR43: 0 | AS43: 0 | AT43: 0 | AU43: 0 | AV43: 0 | AW43: =AW42 -> 1.28458
A44: OLD
A45: atlarch-flags | B45: 0 | C45: WR00L2L2 | D45: 18368 | E45: 64 | F45: 2 | G45: 4 | H45: 2142.17 | I45: 1.9288 | J45: 45118 | K45: 0.3003125 | X45: =AVERAGE(I45:I49) -> 1.95548
A46: atlarch-flags | B46: 1 | C46: WR00L2L2 | D46: 18368 | E46: 64 | F46: 2 | G46: 4 | H46: 2103.25 | I46: 1.9645 | J46: 45118 | K46: 0.32521991 | X46: =X45 -> 1.95548
A47: atlarch-flags | B47: 2 | C47: WR00L2L2 | D47: 18368 | E47: 64 | F47: 2 | G47: 4 | H47: 2085.94 | I47: 1.9808 | J47: 45118 | K47: 0.35 | X47: =X46 -> 1.95548
A48: atlarch-flags | B48: 3 | C48: WR00L2L2 | D48: 18368 | E48: 64 | F48: 2 | G48: 4 | H48: 2079.32 | I48: 1.9871 | J48: 45118 | K48: 0.37457176 | X48: =X47 -> 1.95548
A49: atlarch-flags | B49: 4 | C49: WR00L2L2 | D49: 18368 | E49: 64 | F49: 2 | G49: 4 | H49: 2156.24 | I49: 1.9162 | J49: 45118 | K49: 0.40003472 | X49: =X48 -> 1.95548
A50: atlarch | B50: 0 | C50: WR00L2L2 | D50: 18368 | E50: 64 | F50: 2 | G50: 4 | H50: 2007.03 | I50: 2.0587 | J50: 45117 | K50: 0.59475694 | X50: =AVERAGE(I50:I54) -> 1.94684
A51: atlarch | B51: 1 | C51: WR00L2L2 | D51: 18368 | E51: 64 | F51: 2 | G51: 4 | H51: 2121.42 | I51: 1.9477 | J51: 45117 | K51: 0.61981481 | X51: =X50 -> 1.94684
A52: atlarch | B52: 2 | C52: WR00L2L2 | D52: 18368 | E52: 64 | F52: 2 | G52: 4 | H52: 2174.47 | I52: 1.9002 | J52: 45117 | K52: 0.64550926 | X52: =X51 -> 1.94684
A53: atlarch | B53: 3 | C53: WR00L2L2 | D53: 18368 | E53: 64 | F53: 2 | G53: 4 | H53: 2174.47 | I53: 1.9002 | J53: 45117 | K53: 0.67131944 | X53: =X52 -> 1.94684
A54: atlarch | B54: 4 | C54: WR00L2L2 | D54: 18368 | E54: 64 | F54: 2 | G54: 4 | H54: 2143.75 | I54: 1.9274 | J54: 45117 | K54: 0.69663194 | X54: =X53 -> 1.94684
A55: cpu-tune-overr-flags | B55: 0 | C55: WR00L2L2 | D55: 18368 | E55: 64 | F55: 2 | G55: 4 | H55: 2229.48 | I55: 1.8533 | J55: 45118 | K55: 0.69355324 | X55: =AVERAGE(I55:I59) -> 1.89646
A56: cpu-tune-overr-flags | B56: 1 | C56: WR00L2L2 | D56: 18368 | E56: 64 | F56: 2 | G56: 4 | H56: 2159.78 | I56: 1.9131 | J56: 45118 | K56: 0.71912037 | X56: =X55 -> 1.89646
A57: cpu-tune-overr-flags | B57: 2 | C57: WR00L2L2 | D57: 18368 | E57: 64 | F57: 2 | G57: 4 | H57: 2216.78 | I57: 1.8639 | J57: 45118 | K57: 0.74547454 | X57: =X56 -> 1.89646
A58: cpu-tune-overr-flags | B58: 3 | C58: WR00L2L2 | D58: 18368 | E58: 64 | F58: 2 | G58: 4 | H58: 2133.67 | I58: 1.9365 | J58: 45118 | K58: 0.77079861 | X58: =X57 -> 1.89646
A59: cpu-tune-overr-flags | B59: 4 | C59: WR00L2L2 | D59: 18368 | E59: 64 | F59: 2 | G59: 4 | H59: 2157.1 | I59: 1.9155 | J59: 45118 | K59: 0.79648148 | X59: =X58 -> 1.89646
A60: arch-native-tune-flags | B60: 0 | C60: WR00L2L2 | D60: 18368 | E60: 64 | F60: 2 | G60: 4 | H60: 2168.58 | I60: 1.9053 | J60: 45118 | K60: 0.56236111 | X60: =AVERAGE(I60:I64) -> 1.88026
A61: arch-native-tune-flags | B61: 1 | C61: WR00L2L2 | D61: 18368 | E61: 64 | F61: 2 | G61: 4 | H61: 2058.83 | I61: 2.0069 | J61: 45118 | K61: 0.58679398 | X61: =X60 -> 1.88026
A62: arch-native-tune-flags | B62: 2 | C62: WR00L2L2 | D62: 18368 | E62: 64 | F62: 2 | G62: 4 | H62: 2228.13 | I62: 1.8544 | J62: 45118 | K62: 0.61315972 | X62: =X61 -> 1.88026
A63: arch-native-tune-flags | B63: 3 | C63: WR00L2L2 | D63: 18368 | E63: 64 | F63: 2 | G63: 4 | H63: 2268.82 | I63: 1.8212 | J63: 45118 | K63: 0.64003472 | X63: =X62 -> 1.88026
A64: arch-native-tune-flags | B64: 4 | C64: WR00L2L2 | D64: 18368 | E64: 64 | F64: 2 | G64: 4 | H64: 2278.38 | I64: 1.8135 | J64: 45118 | K64: 0.66702546 | X64: =X63 -> 1.88026
A65: cpu-tune-flags | B65: 0 | C65: WR00L2L2 | D65: 18368 | E65: 64 | F65: 2 | G65: 4 | H65: 2317.77 | I65: 1.7827 | J65: 45118 | K65: 0.4275 | X65: =AVERAGE(I65:I69) -> 1.79452
A66: cpu-tune-flags | B66: 1 | C66: WR00L2L2 | D66: 18368 | E66: 64 | F66: 2 | G66: 4 | H66: 2290.14 | I66: 1.8042 | J66: 45118 | K66: 0.45467593 | X66: =X65 -> 1.79452
A67: cpu-tune-flags | B67: 2 | C67: WR00L2L2 | D67: 18368 | E67: 64 | F67: 2 | G67: 4 | H67: 2326.25 | I67: 1.7762 | J67: 45118 | K67: 0.48231481 | X67: =X66 -> 1.79452
A68: cpu-tune-flags | B68: 3 | C68: WR00L2L2 | D68: 18368 | E68: 64 | F68: 2 | G68: 4 | H68: 2276.78 | I68: 1.8148 | J68: 45118 | K68: 0.5094213 | X68: =X67 -> 1.79452
A69: cpu-tune-flags | B69: 4 | C69: WR00L2L2 | D69: 18368 | E69: 64 | F69: 2 | G69: 4 | H69: 2302.26 | I69: 1.7947 | J69: 45118 | K69: 0.53671296 | X69: =X68 -> 1.79452
A70: arch-native-tune | B70: 0 | C70: WR00L2L2 | D70: 18368 | E70: 64 | F70: 2 | G70: 4 | H70: 2491.75 | I70: 1.6582 | J70: 45117 | K70: 0.88394676 | X70: =AVERAGE(I70:I74) -> 1.68172
A71: arch-native-tune | B71: 1 | C71: WR00L2L2 | D71: 18368 | E71: 64 | F71: 2 | G71: 4 | H71: 2439.87 | I71: 1.6935 | J71: 45117 | K71: 0.91454861 | X71: =X70 -> 1.68172
A72: arch-native-tune | B72: 2 | C72: WR00L2L2 | D72: 18368 | E72: 64 | F72: 2 | G72: 4 | H72: 2450.74 | I72: 1.686 | J72: 45117 | K72: 0.94543981 | X72: =X71 -> 1.68172
A73: arch-native-tune | B73: 3 | C73: WR00L2L2 | D73: 18368 | E73: 64 | F73: 2 | G73: 4 | H73: 2442.7 | I73: 1.6915 | J73: 45117 | K73: 0.97609954 | X73: =X72 -> 1.68172
A74: arch-native-tune | B74: 4 | C74: WR00L2L2 | D74: 18368 | E74: 64 | F74: 2 | G74: 4 | H74: 2460.36 | I74: 1.6794 | J74: 45118 | K74: 0.0069212963 | X74: =X73 -> 1.68172
A75: cpu-tune | B75: 0 | C75: WR00L2L2 | D75: 18368 | E75: 64 | F75: 2 | G75: 4 | H75: 2511.63 | I75: 1.6451 | J75: 45117 | K75: 0.72806713 | X75: =AVERAGE(I75:I79) -> 1.65604
A76: cpu-tune | B76: 1 | C76: WR00L2L2 | D76: 18368 | E76: 64 | F76: 2 | G76: 4 | H76: 2560.32 | I76: 1.6138 | J76: 45117 | K76: 0.7600463 | X76: =X75 -> 1.65604
A77: cpu-tune | B77: 2 | C77: WR00L2L2 | D77: 18368 | E77: 64 | F77: 2 | G77: 4 | H77: 2456.82 | I77: 1.6818 | J77: 45117 | K77: 0.7906713 | X77: =X76 -> 1.65604
A78: cpu-tune | B78: 3 | C78: WR00L2L2 | D78: 18368 | E78: 64 | F78: 2 | G78: 4 | H78: 2428.23 | I78: 1.7016 | J78: 45117 | K78: 0.82112269 | X78: =X77 -> 1.65604
A79: cpu-tune | B79: 4 | C79: WR00L2L2 | D79: 18368 | E79: 64 | F79: 2 | G79: 4 | H79: 2522.65 | I79: 1.6379 | J79: 45117 | K79: 0.85271991 | X79: =X78 -> 1.65604
A80: cpu-tune-overr | B80: 0 | C80: WR00L2L2 | D80: 18368 | E80: 64 | F80: 2 | G80: 4 | H80: 3183.63 | I80: 1.2979 | J80: 45118 | K80: 0.046111111 | X80: =AVERAGE(I80:I84) -> 1.3086
A81: cpu-tune-overr | B81: 1 | C81: WR00L2L2 | D81: 18368 | E81: 64 | F81: 2 | G81: 4 | H81: 3142.47 | I81: 1.3149 | J81: 45118 | K81: 0.085046296 | X81: =X80 -> 1.3086
A82: cpu-tune-overr | B82: 2 | C82: WR00L2L2 | D82: 18368 | E82: 64 | F82: 2 | G82: 4 | H82: 3116.18 | I82: 1.3259 | J82: 45118 | K82: 0.1234838 | X82: =X81 -> 1.3086
A83: cpu-tune-overr | B83: 3 | C83: WR00L2L2 | D83: 18368 | E83: 64 | F83: 2 | G83: 4 | H83: 3262.66 | I83: 1.2664 | J83: 45118 | K83: 0.16362269 | X83: =X82 -> 1.3086
A84: cpu-tune-overr | B84: 4 | C84: WR00L2L2 | D84: 18368 | E84: 64 | F84: 2 | G84: 4 | H84: 3088.38 | I84: 1.3379 | J84: 45118 | K84: 0.20186343 | X84: =X83 -> 1.3086

Sheet 1 node, params, RAW
A1: Max avg. GFLOPS (and params): | E1: =MAX(N:N) -> 0.66076 | F1: =INDEX(C:C,MATCH(MAX($N:$N),$N:$N,0)) -> 9696 | G1: =INDEX(D:D,MATCH(MAX($N:$N),$N:$N,0)) -> 96 | H1: =INDEX(E:E,MATCH(MAX($N:$N),$N:$N,0)) -> 1 | I1: =INDEX(F:F,MATCH(MAX($N:$N),$N:$N,0)) -> 2 | K1: ATLAS (atlarch-flags) | N1: Average GFLOP/s | P1: Max avg. GFLOPS (and params): | T1: =MAX(AC:AC) -> 0.722498 | U1: =INDEX(R:R,MATCH(MAX($AC:$AC),$AC:$AC,0)) -> 10080 | V1: =INDEX(S:S,MATCH(MAX($AC:$AC),$AC:$AC,0)) -> 224 | W1: =INDEX(T:T,MATCH(MAX($AC:$AC),$AC:$AC,0)) -> 1 | X1: =INDEX(U:U,MATCH(MAX($AC:$AC),$AC:$AC,0)) -> 2 | Z1: OpenBLAS | AC1: Average GFLOP/s
A2: MAX GFLOPS: | C2: =MAX(H4:H841) -> 0.66798 | K2: cubie01 throttling time [1/100s] | P2: MAX GFLOPS: | R2: =MAX(W4:W841) -> 0.73424 | Z2: cubie02 throttling time [1/100s]
A3: RUN | C3: N | D3: NB | E3: P | F3: Q | G3: Time | H3: GFLOPS | I3: Date | J3: Time | K3: 720MHz | L3: 864MHz | M3: 912MHz | P3: RUN | R3: N | S3: NB | T3: P | U3: Q | V3: Time | W3: GFLOPS | X3: Date | Y3: Time | Z3: 720MHz | AA3: 864MHz | AB3: 912MHz
A4: 0 | B4: WR00L2L2 | C4: 9216 | D4: 32 | E4: 1 | F4: 2 | G4: 850.46 | H4: 0.61374 | I4: 45473 | J4: 0.84427083 | K4: 0 | L4: 0 | M4: 0 | N4: =AVERAGE(H4:H8) -> 0.616352 | P4: 0 | Q4: WR00L2L2 | R4: 9216 | S4: 32 | T4: 1 | U4: 2 | V4: 783.63 | W4: 0.66608 | X4: 45473 | Y4: 0.84574074 | Z4: 0 | AA4: 0 | AB4: 0 | AC4: =AVERAGE(W4:W8) -> 0.665978
A5: 1 | B5: WR00L2L2 | C5: 9216 | D5: 32 | E5: 1 | F5: 2 | G5: 840.96 | H5: 0.62068 | I5: 45474 | J5: 0.12278935 | K5: 0 | L5: 0 | M5: 0 | P5: 1 | Q5: WR00L2L2 | R5: 9216 | S5: 32 | T5: 1 | U5: 2 | V5: 781.1 | W5: 0.66825 | X5: 45474 | Y5: 0.14606481 | Z5: 0 | AA5: 0 | AB5: 0
A6: 2 | B6: WR00L2L2 | C6: 9216 | D6: 32 | E6: 1 | F6: 2 | G6: 843.14 | H6: 0.61908 | I6: 45474 | J6: 0.40077546 | K6: 0 | L6: 0 | M6: 0 | P6: 2 | Q6: WR00L2L2 | R6: 9216 | S6: 32 | T6: 1 | U6: 2 | V6: 790.89 | W6: 0.65998 | X6: 45474 | Y6: 0.44636574 | Z6: 0 | AA6: 0 | AB6: 0
A7: 3 | B7: WR00L2L2 | C7: 9216 | D7: 32 | E7: 1 | F7: 2 | G7: 857.83 | H7: 0.60847 | I7: 45474 | J7: 0.67914352 | K7: 0 | L7: 0 | M7: 0 | P7: 3 | Q7: WR00L2L2 | R7: 9216 | S7: 32 | T7: 1 | U7: 2 | V7: 781.3 | W7: 0.66807 | X7: 45474 | Y7: 0.74613426 | Z7: 0 | AA7: 0 | AB7: 0
A8: 4 | B8: WR00L2L2 | C8: 9216 | D8: 32 | E8: 1 | F8: 2 | G8: 842.16 | H8: 0.61979 | I8: 45474 | J8: 0.95700231 | K8: 0 | L8: 0 | M8: 0 | P8: 4 | Q8: WR00L2L2 | R8: 9216 | S8: 32 | T8: 1 | U8: 2 | V8: 781.95 | W8: 0.66751 | X8: 45475 | Y8: 0.046875 | Z8: 0 | AA8: 0 | AB8: 0
A9: 0 | B9: WR00L2L2 | C9: 9728 | D9: 32 | E9: 1 | F9: 2 | G9: 1002.9 | H9: 0.6121 | I9: 45473 | J9: 0.92534722 | K9: 0 | L9: 0 | M9: 0 | N9: =AVERAGE(H9:H13) -> 0.616688 | P9: 0 | Q9: WR00L2L2 | R9: 9728 | S9: 32 | T9: 1 | U9: 2 | V9: 924.5 | W9: 0.66401 | X9: 45473 | Y9: 0.93405093 | Z9: 0 | AA9: 0 | AB9: 0 | AC9: =AVERAGE(W9:W13) -> 0.671752
A10: 1 | B10: WR00L2L2 | C10: 9728 | D10: 32 | E10: 1 | F10: 2 | G10: 999.26 | H10: 0.61433 | I10: 45474 | J10: 0.20395833 | K10: 0 | L10: 0 | M10: 0 | P10: 1 | Q10: WR00L2L2 | R10: 9728 | S10: 32 | T10: 1 | U10: 2 | V10: 924.1 | W10: 0.66429 | X10: 45474 | Y10: 0.23387731 | Z10: 0 | AA10: 0 | AB10: 0
A11: 2 | B11: WR00L2L2 | C11: 9728 | D11: 32 | E11: 1 | F11: 2 | G11: 980.72 | H11: 0.62594 | I11: 45474 | J11: 0.48185185 | K11: 0 | L11: 0 | M11: 0 | P11: 2 | Q11: WR00L2L2 | R11: 9728 | S11: 32 | T11: 1 | U11: 2 | V11: 904.82 | W11: 0.67845 | X11: 45474 | Y11: 0.53435185 | Z11: 0 | AA11: 0 | AB11: 0
A12: 3 | B12: WR00L2L2 | C12: 9728 | D12: 32 | E12: 1 | F12: 2 | G12: 992.32 | H12: 0.61863 | I12: 45474 | J12: 0.76027778 | K12: 0 | L12: 0 | M12: 0 | P12: 3 | Q12: WR00L2L2 | R12: 9728 | S12: 32 | T12: 1 | U12: 2 | V12: 904.35 | W12: 0.6788 | X12: 45474 | Y12: 0.83449074 | Z12: 0 | AA12: 0 | AB12: 0
A13: 4 | B13: WR00L2L2 | C13: 9728 | D13: 32 | E13: 1 | F13: 2 | G13: 1002.34 | H13: 0.61244 | I13: 45475 | J13: 0.038414352 | K13: 0 | L13: 0 | M13: 0 | P13: 4 | Q13: WR00L2L2 | R13: 9728 | S13: 32 | T13: 1 | U13: 2 | V13: 911.86 | W13: 0.67321 | X13: 45475 | Y13: 0.13518519 | Z13: 0 | AA13: 0 | AB13: 0
A14: 0 | B14: WR00L2L2 | C14: 10240 | D14: 32 | E14: 1 | F14: 2 | G14: 1165.65 | H14: 0.61424 | I14: 45474 | J14: 0.019201389 | K14: 0 | L14: 0 | M14: 0 | N14: =AVERAGE(H14:H18) -> 0.61733 | P14: 0 | Q14: WR00L2L2 | R14: 10240 | S14: 32 | T14: 1 | U14: 2 | V14: 1050.16 | W14: 0.68179 | X14: 45474 | Y14: 0.0353125 | Z14: 0 | AA14: 0 | AB14: 0 | AC14: =AVERAGE(W14:W18) -> 0.678436
A15: 1 | B15: WR00L2L2 | C15: 10240 | D15: 32 | E15: 1 | F15: 2 | G15: 1152.09 | H15: 0.62147 | I15: 45474 | J15: 0.29756944 | K15: 0 | L15: 0 | M15: 0 | P15: 1 | Q15: WR00L2L2 | R15: 10240 | S15: 32 | T15: 1 | U15: 2 | V15: 1063.51 | W15: 0.67323 | X15: 45474 | Y15: 0.33534722 | Z15: 0 | AA15: 0 | AB15: 0
A16: 2 | B16: WR00L2L2 | C16: 10240 | D16: 32 | E16: 1 | F16: 2 | G16: 1168.13 | H16: 0.61293 | I16: 45474 | J16: 0.57547454 | K16: 0 | L16: 0 | M16: 0 | P16: 2 | Q16: WR00L2L2 | R16: 10240 | S16: 32 | T16: 1 | U16: 2 | V16: 1047.74 | W16: 0.68336 | X16: 45474 | Y16: 0.63537037 | Z16: 0 | AA16: 0 | AB16: 0
A17: 3 | B17: WR00L2L2 | C17: 10240 | D17: 32 | E17: 1 | F17: 2 | G17: 1156.02 | H17: 0.61935 | I17: 45474 | J17: 0.85364583 | K17: 0 | L17: 0 | M17: 0 | P17: 3 | Q17: WR00L2L2 | R17: 10240 | S17: 32 | T17: 1 | U17: 2 | V17: 1062.82 | W17: 0.67367 | X17: 45474 | Y17: 0.93585648 | Z17: 0 | AA17: 0 | AB17: 0
A18: 4 | B18: WR00L2L2 | C18: 10240 | D18: 32 | E18: 1 | F18: 2 | G18: 1157.32 | H18: 0.61866 | I18: 45475 | J18: 0.13216435 | K18: 0 | L18: 0 | M18: 0 | P18: 4 | Q18: WR00L2L2 | R18: 10240 | S18: 32 | T18: 1 | U18: 2 | V18: 1052.72 | W18: 0.68013 | X18: 45475 | Y18: 0.23612269 | Z18: 0 | AA18: 0 | AB18: 0
A19: 0 | B19: WR00L2L2 | C19: 9216 | D19: 64 | E19: 1 | F19: 2 | G19: 840.69 | H19: 0.62088 | I19: 45473 | J19: 0.85447917 | K19: 0 | L19: 0 | M19: 0 | N19: =AVERAGE(H19:H23) -> 0.621298 | P19: 0 | Q19: WR00L2L2 | R19: 9216 | S19: 64 | T19: 1 | U19: 2 | V19: 740.71 | W19: 0.70468 | X19: 45473 | Y19: 0.85666667 | Z19: 0 | AA19: 0 | AB19: 0 | AC19: =AVERAGE(W19:W23) -> 0.707938
A20: 1 | B20: WR00L2L2 | C20: 9216 | D20: 64 | E20: 1 | F20: 2 | G20: 854.12 | H20: 0.61111 | I20: 45474 | J20: 0.13311343 | K20: 0 | L20: 0 | M20: 0 | P20: 1 | Q20: WR00L2L2 | R20: 9216 | S20: 64 | T20: 1 | U20: 2 | V20: 741.5 | W20: 0.70393 | X20: 45474 | Y20: 0.15679398 | Z20: 0 | AA20: 0 | AB20: 0
A21: 2 | B21: WR00L2L2 | C21: 9216 | D21: 64 | E21: 1 | F21: 2 | G21: 835.61 | H21: 0.62465 | I21: 45474 | J21: 0.4108912 | K21: 0 | L21: 0 | M21: 0 | P21: 2 | Q21: WR00L2L2 | R21: 9216 | S21: 64 | T21: 1 | U21: 2 | V21: 738.96 | W21: 0.70635 | X21: 45474 | Y21: 0.45706019 | Z21: 0 | AA21: 0 | AB21: 0
A22: 3 | B22: WR00L2L2 | C22: 9216 | D22: 64 | E22: 1 | F22: 2 | G22: 833.96 | H22: 0.62589 | I22: 45474 | J22: 0.68923611 | K22: 0 | L22: 0 | M22: 0 | P22: 3 | Q22: WR00L2L2 | R22: 9216 | S22: 64 | T22: 1 | U22: 2 | V22: 742.58 | W22: 0.70291 | X22: 45474 | Y22: 0.75695602 | Z22: 0 | AA22: 0 | AB22: 0
A23: 4 | B23: WR00L2L2 | C23: 9216 | D23: 64 | E23: 1 | F23: 2 | G23: 836.54 | H23: 0.62396 | I23: 45474 | J23: 0.96711806 | K23: 0 | L23: 0 | M23: 0 | P23: 4 | Q23: WR00L2L2 | R23: 9216 | S23: 64 | T23: 1 | U23: 2 | V23: 723.12 | W23: 0.72182 | X23: 45475 | Y23: 0.057800926 | Z23: 0 | AA23: 0 | AB23: 0
A24: 0 | B24: WR00L2L2 | C24: 9728 | D24: 64 | E24: 1 | F24: 2 | G24: 990.62 | H24: 0.61969 | I24: 45473 | J24: 0.93729167 | K24: 0 | L24: 0 | M24: 0 | N24: =AVERAGE(H24:H28) -> 0.624304 | P24: 0 | Q24: WR00L2L2 | R24: 9728 | S24: 64 | T24: 1 | U24: 2 | V24: 857.94 | W24: 0.71552 | X24: 45473 | Y24: 0.94672454 | Z24: 0 | AA24: 0 | AB24: 0 | AC24: =AVERAGE(W24:W28) -> 0.715902
A25: 1 | B25: WR00L2L2 | C25: 9728 | D25: 64 | E25: 1 | F25: 2 | G25: 988.54 | H25: 0.62099 | I25: 45474 | J25: 0.2158912 | K25: 0 | L25: 0 | M25: 0 | P25: 1 | Q25: WR00L2L2 | R25: 9728 | S25: 64 | T25: 1 | U25: 2 | V25: 857.41 | W25: 0.71597 | X25: 45474 | Y25: 0.24657407 | Z25: 0 | AA25: 0 | AB25: 0
A26: 2 | B26: WR00L2L2 | C26: 9728 | D26: 64 | E26: 1 | F26: 2 | G26: 972.73 | H26: 0.63108 | I26: 45474 | J26: 0.49361111 | K26: 0 | L26: 0 | M26: 0 | P26: 2 | Q26: WR00L2L2 | R26: 9728 | S26: 64 | T26: 1 | U26: 2 | V26: 856.97 | W26: 0.71633 | X26: 45474 | Y26: 0.54703704 | Z26: 0 | AA26: 0 | AB26: 0
A27: 3 | B27: WR00L2L2 | C27: 9728 | D27: 64 | E27: 1 | F27: 2 | G27: 972.4 | H27: 0.6313 | I27: 45474 | J27: 0.77201389 | K27: 0 | L27: 0 | M27: 0 | P27: 3 | Q27: WR00L2L2 | R27: 9728 | S27: 64 | T27: 1 | U27: 2 | V27: 857.95 | W27: 0.71551 | X27: 45474 | Y27: 0.84700231 | Z27: 0 | AA27: 0 | AB27: 0
A28: 4 | B28: WR00L2L2 | C28: 9728 | D28: 64 | E28: 1 | F28: 2 | G28: 992.58 | H28: 0.61846 | I28: 45475 | J28: 0.050381944 | K28: 0 | L28: 0 | M28: 0 | P28: 4 | Q28: WR00L2L2 | R28: 9728 | S28: 64 | T28: 1 | U28: 2 | V28: 857.15 | W28: 0.71618 | X28: 45475 | Y28: 0.14765046 | Z28: 0 | AA28: 0 | AB28: 0
A29: 0 | B29: WR00L2L2 | C29: 10240 | D29: 64 | E29: 1 | F29: 2 | G29: 1145.03 | H29: 0.6253 | I29: 45474 | J29: 0.033148148 | K29: 0 | L29: 0 | M29: 0 | N29: =AVERAGE(H29:H33) -> 0.62391 | P29: 0 | Q29: WR00L2L2 | R29: 10240 | S29: 64 | T29: 1 | U29: 2 | V29: 1009.13 | W29: 0.70951 | X29: 45474 | Y29: 0.049641204 | Z29: 0 | AA29: 0 | AB29: 0 | AC29: =AVERAGE(W29:W33) -> 0.708562
A30: 1 | B30: WR00L2L2 | C30: 10240 | D30: 64 | E30: 1 | F30: 2 | G30: 1145.93 | H30: 0.62481 | I30: 45474 | J30: 0.31152778 | K30: 0 | L30: 0 | M30: 0 | P30: 1 | Q30: WR00L2L2 | R30: 10240 | S30: 64 | T30: 1 | U30: 2 | V30: 1023.2 | W30: 0.69975 | X30: 45474 | Y30: 0.34990741 | Z30: 0 | AA30: 0 | AB30: 0
A31: 2 | B31: WR00L2L2 | C31: 10240 | D31: 64 | E31: 1 | F31: 2 | G31: 1143.39 | H31: 0.62619 | I31: 45474 | J31: 0.58923611 | K31: 0 | L31: 0 | M31: 0 | P31: 2 | Q31: WR00L2L2 | R31: 10240 | S31: 64 | T31: 1 | U31: 2 | V31: 1006.87 | W31: 0.7111 | X31: 45474 | Y31: 0.64986111 | Z31: 0 | AA31: 0 | AB31: 0
A32: 3 | B32: WR00L2L2 | C32: 10240 | D32: 64 | E32: 1 | F32: 2 | G32: 1161 | H32: 0.6167 | I32: 45474 | J32: 0.86761574 | K32: 0 | L32: 0 | M32: 0 | P32: 3 | Q32: WR00L2L2 | R32: 10240 | S32: 64 | T32: 1 | U32: 2 | V32: 1008.08 | W32: 0.71024 | X32: 45474 | Y32: 0.95034722 | Z32: 0 | AA32: 0 | AB32: 0
A33: 4 | B33: WR00L2L2 | C33: 10240 | D33: 64 | E33: 1 | F33: 2 | G33: 1142.74 | H33: 0.62655 | I33: 45475 | J33: 0.14592593 | K33: 0 | L33: 0 | M33: 0 | P33: 4 | Q33: WR00L2L2 | R33: 10240 | S33: 64 | T33: 1 | U33: 2 | V33: 1005.31 | W33: 0.71221 | X33: 45475 | Y33: 0.2505787 | Z33: 0 | AA33: 0 | AB33: 0
A34: 0 | B34: WR00L2L2 | C34: 9216 | D34: 96 | E34: 1 | F34: 2 | G34: 810.13 | H34: 0.6443 | I34: 45473 | J34: 0.86429398 | K34: 0 | L34: 0 | M34: 0 | N34: =AVERAGE(H34:H38) -> 0.643476 | P34: 0 | Q34: WR00L2L2 | R34: 9216 | S34: 96 | T34: 1 | U34: 2 | V34: 730.77 | W34: 0.71427 | X34: 45473 | Y34: 0.8674537 | Z34: 0 | AA34: 0 | AB34: 0 | AC34: =AVERAGE(W34:W38) -> 0.71399
A35: 1 | B35: WR00L2L2 | C35: 9216 | D35: 96 | E35: 1 | F35: 2 | G35: 800.92 | H35: 0.65171 | I35: 45474 | J35: 0.14292824 | K35: 0 | L35: 0 | M35: 0 | P35: 1 | Q35: WR00L2L2 | R35: 9216 | S35: 96 | T35: 1 | U35: 2 | V35: 733 | W35: 0.71209 | X35: 45474 | Y35: 0.16753472 | Z35: 0 | AA35: 0 | AB35: 0
A36: 2 | B36: WR00L2L2 | C36: 9216 | D36: 96 | E36: 1 | F36: 2 | G36: 810.6 | H36: 0.64393 | I36: 45474 | J36: 0.42086806 | K36: 0 | L36: 0 | M36: 0 | P36: 2 | Q36: WR00L2L2 | R36: 9216 | S36: 96 | T36: 1 | U36: 2 | V36: 729.05 | W36: 0.71596 | X36: 45474 | Y36: 0.4678588 | Z36: 0 | AA36: 0 | AB36: 0
A37: 3 | B37: WR00L2L2 | C37: 9216 | D37: 96 | E37: 1 | F37: 2 | G37: 808.48 | H37: 0.64562 | I37: 45474 | J37: 0.69902778 | K37: 0 | L37: 0 | M37: 0 | P37: 3 | Q37: WR00L2L2 | R37: 9216 | S37: 96 | T37: 1 | U37: 2 | V37: 728.9 | W37: 0.7161 | X37: 45474 | Y37: 0.76777778 | Z37: 0 | AA37: 0 | AB37: 0
A38: 4 | B38: WR00L2L2 | C38: 9216 | D38: 96 | E38: 1 | F38: 2 | G38: 826.13 | H38: 0.63182 | I38: 45474 | J38: 0.97711806 | K38: 0 | L38: 0 | M38: 0 | P38: 4 | Q38: WR00L2L2 | R38: 9216 | S38: 96 | T38: 1 | U38: 2 | V38: 733.58 | W38: 0.71153 | X38: 45475 | Y38: 0.068622685 | Z38: 0 | AA38: 0 | AB38: 0
A39: 0 | B39: WR00L2L2 | C39: 9696 | D39: 96 | E39: 1 | F39: 2 | G39: 917.37 | H39: 0.66258 | I39: 45473 | J39: 0.94850694 | K39: 0 | L39: 0 | M39: 0 | N39: =AVERAGE(H39:H43) -> 0.66076 | P39: 0 | Q39: WR00L2L2 | R39: 9696 | S39: 96 | T39: 1 | U39: 2 | V39: 837.85 | W39: 0.72547 | X39: 45473 | Y39: 0.95898148 | Z39: 0 | AA39: 0 | AB39: 0 | AC39: =AVERAGE(W39:W43) -> 0.722168
A40: 1 | B40: WR00L2L2 | C40: 9696 | D40: 96 | E40: 1 | F40: 2 | G40: 929.15 | H40: 0.65418 | I40: 45474 | J40: 0.22712963 | K40: 0 | L40: 0 | M40: 0 | P40: 1 | Q40: WR00L2L2 | R40: 9696 | S40: 96 | T40: 1 | U40: 2 | V40: 836.88 | W40: 0.72631 | X40: 45474 | Y40: 0.25883102 | Z40: 0 | AA40: 0 | AB40: 0
A41: 2 | B41: WR00L2L2 | C41: 9696 | D41: 96 | E41: 1 | F41: 2 | G41: 922 | H41: 0.65926 | I41: 45474 | J41: 0.50483796 | K41: 0 | L41: 0 | M41: 0 | P41: 2 | Q41: WR00L2L2 | R41: 9696 | S41: 96 | T41: 1 | U41: 2 | V41: 837.91 | W41: 0.72542 | X41: 45474 | Y41: 0.55914352 | Z41: 0 | AA41: 0 | AB41: 0
A42: 3 | B42: WR00L2L2 | C42: 9696 | D42: 96 | E42: 1 | F42: 2 | G42: 921.24 | H42: 0.6598 | I42: 45474 | J42: 0.78325231 | K42: 0 | L42: 0 | M42: 0 | P42: 3 | Q42: WR00L2L2 | R42: 9696 | S42: 96 | T42: 1 | U42: 2 | V42: 858.96 | W42: 0.70765 | X42: 45474 | Y42: 0.8593287 | Z42: 0 | AA42: 0 | AB42: 0
A43: 4 | B43: WR00L2L2 | C43: 9696 | D43: 96 | E43: 1 | F43: 2 | G43: 909.96 | H43: 0.66798 | I43: 45475 | J43: 0.061388889 | K43: 0 | L43: 0 | M43: 0 | P43: 4 | Q43: WR00L2L2 | R43: 9696 | S43: 96 | T43: 1 | U43: 2 | V43: 837.26 | W43: 0.72599 | X43: 45475 | Y43: 0.15976852 | Z43: 0 | AA43: 0 | AB43: 0
A44: 0 | B44: WR00L2L2 | C44: 10176 | D44: 96 | E44: 1 | F44: 2 | G44: 1065.58 | H44: 0.6594 | I44: 45474 | J44: 0.046006944 | K44: 0 | L44: 0 | M44: 0 | N44: =AVERAGE(H44:H48) -> 0.65985 | P44: 0 | Q44: WR00L2L2 | R44: 10176 | S44: 96 | T44: 1 | U44: 2 | V44: 973.73 | W44: 0.7216 | X44: 45474 | Y44: 0.06375 | Z44: 0 | AA44: 0 | AB44: 0 | AC44: =AVERAGE(W44:W48) -> 0.722118
A45: 1 | B45: WR00L2L2 | C45: 10176 | D45: 96 | E45: 1 | F45: 2 | G45: 1064.68 | H45: 0.65996 | I45: 45474 | J45: 0.32438657 | K45: 0 | L45: 0 | M45: 0 | P45: 1 | Q45: WR00L2L2 | R45: 10176 | S45: 96 | T45: 1 | U45: 2 | V45: 966.16 | W45: 0.72726 | X45: 45474 | Y45: 0.36398148 | Z45: 0 | AA45: 0 | AB45: 0
A46: 2 | B46: WR00L2L2 | C46: 10176 | D46: 96 | E46: 1 | F46: 2 | G46: 1065.39 | H46: 0.65952 | I46: 45474 | J46: 0.60208333 | K46: 0 | L46: 0 | M46: 0 | P46: 2 | Q46: WR00L2L2 | R46: 10176 | S46: 96 | T46: 1 | U46: 2 | V46: 974.51 | W46: 0.72103 | X46: 45474 | Y46: 0.66375 | Z46: 0 | AA46: 0 | AB46: 0
A47: 3 | B47: WR00L2L2 | C47: 10176 | D47: 96 | E47: 1 | F47: 2 | G47: 1063.55 | H47: 0.66066 | I47: 45474 | J47: 0.88045139 | K47: 0 | L47: 0 | M47: 0 | P47: 3 | Q47: WR00L2L2 | R47: 10176 | S47: 96 | T47: 1 | U47: 2 | V47: 976.81 | W47: 0.71933 | X47: 45474 | Y47: 0.96423611 | Z47: 0 | AA47: 0 | AB47: 0
A48: 4 | B48: WR00L2L2 | C48: 10176 | D48: 96 | E48: 1 | F48: 2 | G48: 1065.09 | H48: 0.65971 | I48: 45475 | J48: 0.15878472 | K48: 0 | L48: 0 | M48: 0 | P48: 4 | Q48: WR00L2L2 | R48: 10176 | S48: 96 | T48: 1 | U48: 2 | V48: 974.05 | W48: 0.72137 | X48: 45475 | Y48: 0.2644213 | Z48: 0 | AA48: 0 | AB48: 0
A49: 0 | B49: WR00L2L2 | C49: 9216 | D49: 128 | E49: 1 | F49: 2 | G49: 820.47 | H49: 0.63618 | I49: 45473 | J49: 0.87422454 | K49: 0 | L49: 0 | M49: 0 | N49: =AVERAGE(H49:H53) -> 0.63428 | P49: 0 | Q49: WR00L2L2 | R49: 9216 | S49: 128 | T49: 1 | U49: 2 | V49: 741.14 | W49: 0.70428 | X49: 45473 | Y49: 0.8781713 | Z49: 0 | AA49: 0 | AB49: 0 | AC49: =AVERAGE(W49:W53) -> 0.707862
A50: 1 | B50: WR00L2L2 | C50: 9216 | D50: 128 | E50: 1 | F50: 2 | G50: 821.44 | H50: 0.63542 | I50: 45474 | J50: 0.15287037 | K50: 0 | L50: 0 | M50: 0 | P50: 1 | Q50: WR00L2L2 | R50: 9216 | S50: 128 | T50: 1 | U50: 2 | V50: 722.31 | W50: 0.72264 | X50: 45474 | Y50: 0.17826389 | Z50: 0 | AA50: 0 | AB50: 0
A51: 2 | B51: WR00L2L2 | C51: 9216 | D51: 128 | E51: 1 | F51: 2 | G51: 820.54 | H51: 0.63612 | I51: 45474 | J51: 0.43082176 | K51: 0 | L51: 0 | M51: 0 | P51: 2 | Q51: WR00L2L2 | R51: 9216 | S51: 128 | T51: 1 | U51: 2 | V51: 740.23 | W51: 0.70514 | X51: 45474 | Y51: 0.47857639 | Z51: 0 | AA51: 0 | AB51: 0
A52: 3 | B52: WR00L2L2 | C52: 9216 | D52: 128 | E52: 1 | F52: 2 | G52: 833.42 | H52: 0.6263 | I52: 45474 | J52: 0.70918981 | K52: 0 | L52: 0 | M52: 0 | P52: 3 | Q52: WR00L2L2 | R52: 9216 | S52: 128 | T52: 1 | U52: 2 | V52: 741.54 | W52: 0.7039 | X52: 45474 | Y52: 0.77850694 | Z52: 0 | AA52: 0 | AB52: 0
A53: 4 | B53: WR00L2L2 | C53: 9216 | D53: 128 | E53: 1 | F53: 2 | G53: 818.92 | H53: 0.63738 | I53: 45474 | J53: 0.98703704 | K53: 0 | L53: 0 | M53: 0 | P53: 4 | Q53: WR00L2L2 | R53: 9216 | S53: 128 | T53: 1 | U53: 2 | V53: 742.11 | W53: 0.70335 | X53: 45475 | Y53: 0.079328704 | Z53: 0 | AA53: 0 | AB53: 0
A54: 0 | B54: WR00L2L2 | C54: 9728 | D54: 128 | E54: 1 | F54: 2 | G54: 954.29 | H54: 0.64328 | I54: 45473 | J54: 0.96008102 | K54: 0 | L54: 0 | M54: 0 | N54: =AVERAGE(H54:H58) -> 0.63584 | P54: 0 | Q54: WR00L2L2 | R54: 9728 | S54: 128 | T54: 1 | U54: 2 | V54: 860.91 | W54: 0.71305 | X54: 45473 | Y54: 0.97130787 | Z54: 0 | AA54: 0 | AB54: 0 | AC54: =AVERAGE(W54:W58) -> 0.712864
A55: 1 | B55: WR00L2L2 | C55: 9728 | D55: 128 | E55: 1 | F55: 2 | G55: 970.43 | H55: 0.63258 | I55: 45474 | J55: 0.23884259 | K55: 0 | L55: 0 | M55: 0 | P55: 1 | Q55: WR00L2L2 | R55: 9728 | S55: 128 | T55: 1 | U55: 2 | V55: 869.31 | W55: 0.70617 | X55: 45474 | Y55: 0.27143519 | Z55: 0 | AA55: 0 | AB55: 0
A56: 2 | B56: WR00L2L2 | C56: 9728 | D56: 128 | E56: 1 | F56: 2 | G56: 969.07 | H56: 0.63347 | I56: 45474 | J56: 0.51652778 | K56: 0 | L56: 0 | M56: 0 | P56: 2 | Q56: WR00L2L2 | R56: 9728 | S56: 128 | T56: 1 | U56: 2 | V56: 858.15 | W56: 0.71535 | X56: 45474 | Y56: 0.57175926 | Z56: 0 | AA56: 0 | AB56: 0
A57: 3 | B57: WR00L2L2 | C57: 9728 | D57: 128 | E57: 1 | F57: 2 | G57: 969.67 | H57: 0.63308 | I57: 45474 | J57: 0.7949537 | K57: 0 | L57: 0 | M57: 0 | P57: 3 | Q57: WR00L2L2 | R57: 9728 | S57: 128 | T57: 1 | U57: 2 | V57: 858.17 | W57: 0.71533 | X57: 45474 | Y57: 0.87181713 | Z57: 0 | AA57: 0 | AB57: 0
A58: 4 | B58: WR00L2L2 | C58: 9728 | D58: 128 | E58: 1 | F58: 2 | G58: 964.02 | H58: 0.63679 | I58: 45475 | J58: 0.073159722 | K58: 0 | L58: 0 | M58: 0 | P58: 4 | Q58: WR00L2L2 | R58: 9728 | S58: 128 | T58: 1 | U58: 2 | V58: 859.26 | W58: 0.71442 | X58: 45475 | Y58: 0.1725 | Z58: 0 | AA58: 0 | AB58: 0
A59: 0 | B59: WR00L2L2 | C59: 10240 | D59: 128 | E59: 1 | F59: 2 | G59: 1139.8 | H59: 0.62817 | I59: 45474 | J59: 0.059722222 | K59: 0 | L59: 0 | M59: 0 | N59: =AVERAGE(H59:H63) -> 0.634698 | P59: 0 | Q59: WR00L2L2 | R59: 10240 | S59: 128 | T59: 1 | U59: 2 | V59: 1008.53 | W59: 0.70993 | X59: 45474 | Y59: 0.078032407 | Z59: 0 | AA59: 0 | AB59: 0 | AC59: =AVERAGE(W59:W63) -> 0.71456
A60: 1 | B60: WR00L2L2 | C60: 10240 | D60: 128 | E60: 1 | F60: 2 | G60: 1120.64 | H60: 0.63891 | I60: 45474 | J60: 0.33788194 | K60: 0 | L60: 0 | M60: 0 | P60: 1 | Q60: WR00L2L2 | R60: 10240 | S60: 128 | T60: 1 | U60: 2 | V60: 1013.28 | W60: 0.7066 | X60: 45474 | Y60: 0.37846065 | Z60: 0 | AA60: 0 | AB60: 0
A61: 2 | B61: WR00L2L2 | C61: 10240 | D61: 128 | E61: 1 | F61: 2 | G61: 1137.48 | H61: 0.62945 | I61: 45474 | J61: 0.61578704 | K61: 0 | L61: 0 | M61: 0 | P61: 2 | Q61: WR00L2L2 | R61: 10240 | S61: 128 | T61: 1 | U61: 2 | V61: 992.02 | W61: 0.72175 | X61: 45474 | Y61: 0.67820602 | Z61: 0 | AA61: 0 | AB61: 0
A62: 3 | B62: WR00L2L2 | C62: 10240 | D62: 128 | E62: 1 | F62: 2 | G62: 1120.52 | H62: 0.63897 | I62: 45474 | J62: 0.89395833 | K62: 0 | L62: 0 | M62: 0 | P62: 3 | Q62: WR00L2L2 | R62: 10240 | S62: 128 | T62: 1 | U62: 2 | V62: 999.92 | W62: 0.71605 | X62: 45474 | Y62: 0.9787037 | Z62: 0 | AA62: 0 | AB62: 0
A63: 4 | B63: WR00L2L2 | C63: 10240 | D63: 128 | E63: 1 | F63: 2 | G63: 1122.25 | H63: 0.63799 | I63: 45475 | J63: 0.17237269 | K63: 0 | L63: 0 | M63: 0 | P63: 4 | Q63: WR00L2L2 | R63: 10240 | S63: 128 | T63: 1 | U63: 2 | V63: 996.53 | W63: 0.71847 | X63: 45475 | Y63: 0.85581019 | Z63: 0 | AA63: 0 | AB63: 0
A64: 0 | B64: WR00L2L2 | C64: 9120 | D64: 160 | E64: 1 | F64: 2 | G64: 774.46 | H64: 0.65313 | I64: 45473 | J64: 0.88361111 | K64: 0 | L64: 0 | M64: 0 | N64: =AVERAGE(H64:H68) -> 0.653084 | P64: 0 | Q64: WR00L2L2 | R64: 9120 | S64: 160 | T64: 1 | U64: 2 | V64: 713.68 | W64: 0.70876 | X64: 45473 | Y64: 0.88854167 | Z64: 0 | AA64: 0 | AB64: 0 | AC64: =AVERAGE(W64:W68) -> 0.715194
A65: 1 | B65: WR00L2L2 | C65: 9120 | D65: 160 | E65: 1 | F65: 2 | G65: 774.33 | H65: 0.65324 | I65: 45474 | J65: 0.16225694 | K65: 0 | L65: 0 | M65: 0 | P65: 1 | Q65: WR00L2L2 | R65: 9120 | S65: 160 | T65: 1 | U65: 2 | V65: 716.54 | W65: 0.70593 | X65: 45474 | Y65: 0.18866898 | Z65: 0 | AA65: 0 | AB65: 0
A66: 2 | B66: WR00L2L2 | C66: 9120 | D66: 160 | E66: 1 | F66: 2 | G66: 774.18 | H66: 0.65337 | I66: 45474 | J66: 0.44021991 | K66: 0 | L66: 0 | M66: 0 | P66: 2 | Q66: WR00L2L2 | R66: 9120 | S66: 160 | T66: 1 | U66: 2 | V66: 697.96 | W66: 0.72472 | X66: 45474 | Y66: 0.48913194 | Z66: 0 | AA66: 0 | AB66: 0
A67: 3 | B67: WR00L2L2 | C67: 9120 | D67: 160 | E67: 1 | F67: 2 | G67: 774.12 | H67: 0.65342 | I67: 45474 | J67: 0.71857639 | K67: 0 | L67: 0 | M67: 0 | P67: 3 | Q67: WR00L2L2 | R67: 9120 | S67: 160 | T67: 1 | U67: 2 | V67: 712.62 | W67: 0.70981 | X67: 45474 | Y67: 0.7891088 | Z67: 0 | AA67: 0 | AB67: 0
A68: 4 | B68: WR00L2L2 | C68: 9120 | D68: 160 | E68: 1 | F68: 2 | G68: 775.49 | H68: 0.65226 | I68: 45474 | J68: 0.99643519 | K68: 0 | L68: 0 | M68: 0 | P68: 4 | Q68: WR00L2L2 | R68: 9120 | S68: 160 | T68: 1 | U68: 2 | V68: 696.01 | W68: 0.72675 | X68: 45475 | Y68: 0.089895833 | Z68: 0 | AA68: 0 | AB68: 0
A69: 0 | B69: WR00L2L2 | C69: 9600 | D69: 160 | E69: 1 | F69: 2 | G69: 900 | H69: 0.65551 | I69: 45473 | J69: 0.97108796 | K69: 0 | L69: 0 | M69: 0 | N69: =AVERAGE(H69:H73) -> 0.648738 | P69: 0 | Q69: WR00L2L2 | R69: 9600 | S69: 160 | T69: 1 | U69: 2 | V69: 819.96 | W69: 0.7195 | X69: 45473 | Y69: 0.9834375 | Z69: 0 | AA69: 0 | AB69: 0 | AC69: =AVERAGE(W69:W73) -> 0.718286
A70: 1 | B70: WR00L2L2 | C70: 9600 | D70: 160 | E70: 1 | F70: 2 | G70: 895.74 | H70: 0.65863 | I70: 45474 | J70: 0.24981481 | K70: 0 | L70: 0 | M70: 0 | P70: 1 | Q70: WR00L2L2 | R70: 9600 | S70: 160 | T70: 1 | U70: 2 | V70: 821.03 | W70: 0.71857 | X70: 45474 | Y70: 0.28344907 | Z70: 0 | AA70: 0 | AB70: 0
A71: 2 | B71: WR00L2L2 | C71: 9600 | D71: 160 | E71: 1 | F71: 2 | G71: 917.6 | H71: 0.64294 | I71: 45474 | J71: 0.52761574 | K71: 0 | L71: 0 | M71: 0 | P71: 2 | Q71: WR00L2L2 | R71: 9600 | S71: 160 | T71: 1 | U71: 2 | V71: 820.91 | W71: 0.71867 | X71: 45474 | Y71: 0.58356481 | Z71: 0 | AA71: 0 | AB71: 0
A72: 3 | B72: WR00L2L2 | C72: 9600 | D72: 160 | E72: 1 | F72: 2 | G72: 916.29 | H72: 0.64386 | I72: 45474 | J72: 0.80603009 | K72: 0 | L72: 0 | M72: 0 | P72: 3 | Q72: WR00L2L2 | R72: 9600 | S72: 160 | T72: 1 | U72: 2 | V72: 823.26 | W72: 0.71662 | X72: 45474 | Y72: 0.88383102 | Z72: 0 | AA72: 0 | AB72: 0
A73: 4 | B73: WR00L2L2 | C73: 9600 | D73: 160 | E73: 1 | F73: 2 | G73: 917.87 | H73: 0.64275 | I73: 45475 | J73: 0.084247685 | K73: 0 | L73: 0 | M73: 0 | P73: 4 | Q73: WR00L2L2 | R73: 9600 | S73: 160 | T73: 1 | U73: 2 | V73: 821.6 | W73: 0.71807 | X73: 45475 | Y73: 0.18438657 | Z73: 0 | AA73: 0 | AB73: 0
A74: 0 | B74: WR00L2L2 | C74: 10240 | D74: 160 | E74: 1 | F74: 2 | G74: 1133.65 | H74: 0.63157 | I74: 45474 | J74: 0.07337963 | K74: 0 | L74: 0 | M74: 0 | N74: =AVERAGE(H74:H78) -> 0.639598 | P74: 0 | Q74: WR00L2L2 | R74: 10240 | S74: 160 | T74: 1 | U74: 2 | V74: 980.71 | W74: 0.73006 | X74: 45474 | Y74: 0.092384259 | Z74: 0 | AA74: 0 | AB74: 0 | AC74: =AVERAGE(W74:W78) -> 0.71787
A75: 1 | B75: WR00L2L2 | C75: 10240 | D75: 160 | E75: 1 | F75: 2 | G75: 1114.71 | H75: 0.64231 | I75: 45474 | J75: 0.35131944 | K75: 0 | L75: 0 | M75: 0 | P75: 1 | Q75: WR00L2L2 | R75: 10240 | S75: 160 | T75: 1 | U75: 2 | V75: 1001.79 | W75: 0.71471 | X75: 45474 | Y75: 0.39289352 | Z75: 0 | AA75: 0 | AB75: 0
A76: 2 | B76: WR00L2L2 | C76: 10240 | D76: 160 | E76: 1 | F76: 2 | G76: 1116.27 | H76: 0.64141 | I76: 45474 | J76: 0.62923611 | K76: 0 | L76: 0 | M76: 0 | P76: 2 | Q76: WR00L2L2 | R76: 10240 | S76: 160 | T76: 1 | U76: 2 | V76: 1002.94 | W76: 0.71388 | X76: 45474 | Y76: 0.69262731 | Z76: 0 | AA76: 0 | AB76: 0
A77: 3 | B77: WR00L2L2 | C77: 10240 | D77: 160 | E77: 1 | F77: 2 | G77: 1115.51 | H77: 0.64184 | I77: 45474 | J77: 0.9075 | K77: 0 | L77: 0 | M77: 0 | P77: 3 | Q77: WR00L2L2 | R77: 10240 | S77: 160 | T77: 1 | U77: 2 | V77: 998.4 | W77: 0.71713 | X77: 45474 | Y77: 0.99305556 | Z77: 0 | AA77: 0 | AB77: 0
A78: 4 | B78: WR00L2L2 | C78: 10240 | D78: 160 | E78: 1 | F78: 2 | G78: 1117.23 | H78: 0.64086 | I78: 45475 | J78: 0.1859838 | K78: 0 | L78: 0 | M78: 0 | P78: 4 | Q78: WR00L2L2 | R78: 10240 | S78: 160 | T78: 1 | U78: 2 | V78: 1003.39 | W78: 0.71357 | X78: 45475 | Y78: 0.28193287 | Z78: 0 | AA78: 0 | AB78: 0
A79: 0 | B79: WR00L2L2 | C79: 9216 | D79: 192 | E79: 1 | F79: 2 | G79: 814.52 | H79: 0.64083 | I79: 45473 | J79: 0.89359954 | K79: 0 | L79: 0 | M79: 0 | N79: =AVERAGE(H79:H83) -> 0.639516 | P79: 0 | Q79: WR00L2L2 | R79: 9216 | S79: 192 | T79: 1 | U79: 2 | V79: 717.76 | W79: 0.72722 | X79: 45473 | Y79: 0.89936343 | Z79: 0 | AA79: 0 | AB79: 0 | AC79: =AVERAGE(W79:W83) -> 0.714712
A80: 1 | B80: WR00L2L2 | C80: 9216 | D80: 192 | E80: 1 | F80: 2 | G80: 816.6 | H80: 0.63919 | I80: 45474 | J80: 0.17226852 | K80: 0 | L80: 0 | M80: 0 | P80: 1 | Q80: WR00L2L2 | R80: 9216 | S80: 192 | T80: 1 | U80: 2 | V80: 726.82 | W80: 0.71815 | X80: 45474 | Y80: 0.19931713 | Z80: 0 | AA80: 0 | AB80: 0
A81: 2 | B81: WR00L2L2 | C81: 9216 | D81: 192 | E81: 1 | F81: 2 | G81: 810.27 | H81: 0.64419 | I81: 45474 | J81: 0.45002315 | K81: 0 | L81: 0 | M81: 0 | P81: 2 | Q81: WR00L2L2 | R81: 9216 | S81: 192 | T81: 1 | U81: 2 | V81: 736.1 | W81: 0.7091 | X81: 45474 | Y81: 0.49979167 | Z81: 0 | AA81: 0 | AB81: 0
A82: 3 | B82: WR00L2L2 | C82: 9216 | D82: 192 | E82: 1 | F82: 2 | G82: 811.38 | H82: 0.64331 | I82: 45474 | J82: 0.72840278 | K82: 0 | L82: 0 | M82: 0 | P82: 3 | Q82: WR00L2L2 | R82: 9216 | S82: 192 | T82: 1 | U82: 2 | V82: 734.27 | W82: 0.71086 | X82: 45474 | Y82: 0.7997338 | Z82: 0 | AA82: 0 | AB82: 0
A83: 4 | B83: WR00L2L2 | C83: 9216 | D83: 192 | E83: 1 | F83: 2 | G83: 828.43 | H83: 0.63006 | I83: 45475 | J83: 0.0064583333 | K83: 0 | L83: 0 | M83: 0 | P83: 4 | Q83: WR00L2L2 | R83: 9216 | S83: 192 | T83: 1 | U83: 2 | V83: 737 | W83: 0.70823 | X83: 45475 | Y83: 0.10055556 | Z83: 0 | AA83: 0 | AB83: 0
A84: 0 | B84: WR00L2L2 | C84: 9600 | D84: 192 | E84: 1 | F84: 2 | G84: 892.99 | H84: 0.66066 | I84: 45473 | J84: 0.98203704 | K84: 0 | L84: 0 | M84: 0 | N84: =AVERAGE(H84:H88) -> 0.65904 | P84: 0 | Q84: WR00L2L2 | R84: 9600 | S84: 192 | T84: 1 | U84: 2 | V84: 818.13 | W84: 0.72111 | X84: 45473 | Y84: 0.99521991 | Z84: 0 | AA84: 0 | AB84: 0 | AC84: =AVERAGE(W84:W88) -> 0.719272
A85: 1 | B85: WR00L2L2 | C85: 9600 | D85: 192 | E85: 1 | F85: 2 | G85: 890.98 | H85: 0.66215 | I85: 45474 | J85: 0.26064815 | K85: 0 | L85: 0 | M85: 0 | P85: 1 | Q85: WR00L2L2 | R85: 9600 | S85: 192 | T85: 1 | U85: 2 | V85: 820.93 | W85: 0.71865 | X85: 45474 | Y85: 0.29546296 | Z85: 0 | AA85: 0 | AB85: 0
A86: 2 | B86: WR00L2L2 | C86: 9600 | D86: 192 | E86: 1 | F86: 2 | G86: 903.1 | H86: 0.65327 | I86: 45474 | J86: 0.53863426 | K86: 0 | L86: 0 | M86: 0 | P86: 2 | Q86: WR00L2L2 | R86: 9600 | S86: 192 | T86: 1 | U86: 2 | V86: 819.65 | W86: 0.71978 | X86: 45474 | Y86: 0.59555556 | Z86: 0 | AA86: 0 | AB86: 0
A87: 3 | B87: WR00L2L2 | C87: 9600 | D87: 192 | E87: 1 | F87: 2 | G87: 893.26 | H87: 0.66046 | I87: 45474 | J87: 0.8168287 | K87: 0 | L87: 0 | M87: 0 | P87: 3 | Q87: WR00L2L2 | R87: 9600 | S87: 192 | T87: 1 | U87: 2 | V87: 821.27 | W87: 0.71835 | X87: 45474 | Y87: 0.89582176 | Z87: 0 | AA87: 0 | AB87: 0
A88: 4 | B88: WR00L2L2 | C88: 9600 | D88: 192 | E88: 1 | F88: 2 | G88: 895.7 | H88: 0.65866 | I88: 45475 | J88: 0.095081019 | K88: 0 | L88: 0 | M88: 0 | P88: 4 | Q88: WR00L2L2 | R88: 9600 | S88: 192 | T88: 1 | U88: 2 | V88: 821.14 | W88: 0.71847 | X88: 45475 | Y88: 0.1962963 | Z88: 0 | AA88: 0 | AB88: 0
A89: 0 | B89: WR00L2L2 | C89: 10176 | D89: 192 | E89: 1 | F89: 2 | G89: 1063.19 | H89: 0.66088 | I89: 45474 | J89: 0.086203704 | K89: 0 | L89: 0 | M89: 0 | N89: =AVERAGE(H89:H93) -> 0.658772 | P89: 0 | Q89: WR00L2L2 | R89: 10176 | S89: 192 | T89: 1 | U89: 2 | V89: 978.59 | W89: 0.71802 | X89: 45474 | Y89: 0.10633102 | Z89: 0 | AA89: 0 | AB89: 0 | AC89: =AVERAGE(W89:W93) -> 0.716568
A90: 1 | B90: WR00L2L2 | C90: 10176 | D90: 192 | E90: 1 | F90: 2 | G90: 1061.17 | H90: 0.66214 | I90: 45474 | J90: 0.36415509 | K90: 0 | L90: 0 | M90: 0 | P90: 1 | Q90: WR00L2L2 | R90: 10176 | S90: 192 | T90: 1 | U90: 2 | V90: 979.13 | W90: 0.71762 | X90: 45474 | Y90: 0.40684028 | Z90: 0 | AA90: 0 | AB90: 0
A91: 2 | B91: WR00L2L2 | C91: 10176 | D91: 192 | E91: 1 | F91: 2 | G91: 1081.42 | H91: 0.64974 | I91: 45474 | J91: 0.64228009 | K91: 0 | L91: 0 | M91: 0 | P91: 2 | Q91: WR00L2L2 | R91: 10176 | S91: 192 | T91: 1 | U91: 2 | V91: 979 | W91: 0.71771 | X91: 45474 | Y91: 0.7065625 | Z91: 0 | AA91: 0 | AB91: 0
A92: 3 | B92: WR00L2L2 | C92: 10176 | D92: 192 | E92: 1 | F92: 2 | G92: 1062.61 | H92: 0.66125 | I92: 45474 | J92: 0.92040509 | K92: 0 | L92: 0 | M92: 0 | P92: 3 | Q92: WR00L2L2 | R92: 10176 | S92: 192 | T92: 1 | U92: 2 | V92: 1008.86 | W92: 0.69647 | X92: 45475 | Y92: 0.0075 | Z92: 0 | AA92: 0 | AB92: 0
A93: 4 | B93: WR00L2L2 | C93: 10176 | D93: 192 | E93: 1 | F93: 2 | G93: 1064.86 | H93: 0.65985 | I93: 45475 | J93: 0.19884259 | K93: 0 | L93: 0 | M93: 0 | P93: 4 | Q93: WR00L2L2 | R93: 10176 | S93: 192 | T93: 1 | U93: 2 | V93: 958.56 | W93: 0.73302 | X93: 45475 | Y93: 0.29600694 | Z93: 0 | AA93: 0 | AB93: 0
A94: 0 | B94: WR00L2L2 | C94: 9184 | D94: 224 | E94: 1 | F94: 2 | G94: 784.35 | H94: 0.65857 | I94: 45473 | J94: 0.90324074 | K94: 0 | L94: 0 | M94: 0 | N94: =AVERAGE(H94:H98) -> 0.649058 | P94: 0 | Q94: WR00L2L2 | R94: 9184 | S94: 224 | T94: 1 | U94: 2 | V94: 727.67 | W94: 0.70987 | X94: 45473 | Y94: 0.9099537 | Z94: 0 | AA94: 0 | AB94: 0 | AC94: =AVERAGE(W94:W98) -> 0.72235
A95: 1 | B95: WR00L2L2 | C95: 9184 | D95: 224 | E95: 1 | F95: 2 | G95: 794.81 | H95: 0.6499 | I95: 45474 | J95: 0.18189815 | K95: 0 | L95: 0 | M95: 0 | P95: 1 | Q95: WR00L2L2 | R95: 9184 | S95: 224 | T95: 1 | U95: 2 | V95: 705.12 | W95: 0.73257 | X95: 45474 | Y95: 0.21002315 | Z95: 0 | AA95: 0 | AB95: 0
A96: 2 | B96: WR00L2L2 | C96: 9184 | D96: 224 | E96: 1 | F96: 2 | G96: 809.59 | H96: 0.63804 | I96: 45474 | J96: 0.45987269 | K96: 0 | L96: 0 | M96: 0 | P96: 2 | Q96: WR00L2L2 | R96: 9184 | S96: 224 | T96: 1 | U96: 2 | V96: 721.45 | W96: 0.71599 | X96: 45474 | Y96: 0.51052083 | Z96: 0 | AA96: 0 | AB96: 0
A97: 3 | B97: WR00L2L2 | C97: 9184 | D97: 224 | E97: 1 | F97: 2 | G97: 795.5 | H97: 0.64934 | I97: 45474 | J97: 0.73804398 | K97: 0 | L97: 0 | M97: 0 | P97: 3 | Q97: WR00L2L2 | R97: 9184 | S97: 224 | T97: 1 | U97: 2 | V97: 707.14 | W97: 0.73048 | X97: 45474 | Y97: 0.81041667 | Z97: 0 | AA97: 0 | AB97: 0
A98: 4 | B98: WR00L2L2 | C98: 9184 | D98: 224 | E98: 1 | F98: 2 | G98: 795.38 | H98: 0.64944 | I98: 45475 | J98: 0.016099537 | K98: 0 | L98: 0 | M98: 0 | P98: 4 | Q98: WR00L2L2 | R98: 9184 | S98: 224 | T98: 1 | U98: 2 | V98: 714.61 | W98: 0.72284 | X98: 45475 | Y98: 0.11113426 | Z98: 0 | AA98: 0 | AB98: 0
A99: 0 | B99: WR00L2L2 | C99: 9632 | D99: 224 | E99: 1 | F99: 2 | G99: 907.92 | H99: 0.65631 | I99: 45473 | J99: 0.9930787 | K99: 0 | L99: 0 | M99: 0 | N99: =AVERAGE(H99:H103) -> 0.652144 | P99: 0 | Q99: WR00L2L2 | R99: 9632 | S99: 224 | T99: 1 | U99: 2 | V99: 848.9 | W99: 0.70195 | X99: 45474 | Y99: 0.0076157407 | Z99: 0 | AA99: 0 | AB99: 0 | AC99: =AVERAGE(W99:W103) -> 0.718232
A100: 1 | B100: WR00L2L2 | C100: 9632 | D100: 224 | E100: 1 | F100: 2 | G100: 912.58 | H100: 0.65296 | I100: 45474 | J100: 0.27184028 | K100: 0 | L100: 0 | M100: 0 | P100: 1 | Q100: WR00L2L2 | R100: 9632 | S100: 224 | T100: 1 | U100: 2 | V100: 824.21 | W100: 0.72298 | X100: 45474 | Y100: 0.30756944 | Z100: 0 | AA100: 0 | AB100: 0
...

Sheet 4 node, params, RAW
A1: Max avg. GFLOPS (and params): | E1: =MAX(W:W) -> 2.1007 | F1: =INDEX(C:C,MATCH(MAX($W:$W),$W:$W,0)) -> 19392 | G1: =INDEX(D:D,MATCH(MAX($W:$W),$W:$W,0)) -> 192 | H1: =INDEX(E:E,MATCH(MAX($W:$W),$W:$W,0)) -> 2 | I1: =INDEX(F:F,MATCH(MAX($W:$W),$W:$W,0)) -> 4 | K1: ATLAS (atlarch-flags) | W1: Average GFLOP/s | Y1: Max avg. GFLOPS (and params): | AC1: =MAX(AU:AU) -> 2.3454 | AD1: =INDEX(AA:AA,MATCH(MAX($AU:$AU),$AU:$AU,0)) -> 19264 | AE1: =INDEX(AB:AB,MATCH(MAX($AU:$AU),$AU:$AU,0)) -> 224 | AF1: =INDEX(AC:AC,MATCH(MAX($AU:$AU),$AU:$AU,0)) -> 1 | AG1: =INDEX(AD:AD,MATCH(MAX($AU:$AU),$AU:$AU,0)) -> 8 | AI1: OpenBLAS | AU1: Average GFLOP/s
A2: MAX GFLOPS: | C2: =MAX(H4:H841) -> 2.209 | K2: cubie01 throttling time [1/100s] | N2: cubie02 throttling time [1/100s] | Q2: cubie03 throttling time [1/100s] | T2: cubie04 throttling time [1/100s] | Y2: MAX GFLOPS: | AA2: =MAX(AF4:AF841) -> 2.3921 | AI2: cubie01 throttling time [1/100s] | AL2: cubie02 throttling time [1/100s] | AO2: cubie03 throttling time [1/100s] | AR2: cubie04 throttling time [1/100s]
A3: RUN | C3: N | D3: NB | E3: P | F3: Q | G3: Time | H3: GFLOPS | I3: Date | J3: Time | K3: 720MHz | L3: 864MHz | M3: 912MHz | N3: 720MHz | O3: 864MHz | P3: 912MHz | Q3: 720MHz | R3: 864MHz | S3: 912MHz | T3: 720MHz | U3: 864MHz | V3: 912MHz | Y3: RUN | AA3: N | AB3: NB | AC3: P | AD3: Q | AE3: Time | AF3: GFLOPS | AG3: Date | AH3: Time | AI3: 720MHz | AJ3: 864MHz | AK3: 912MHz | AL3: 720MHz | AM3: 864MHz | AN3: 912MHz | AO3: 720MHz | AP3: 864MHz | AQ3: 912MHz | AR3: 720MHz | AS3: 864MHz | AT3: 912MHz
A4: 0 | B4: WR00L2L2 | C4: 18368 | D4: 32 | E4: 1 | F4: 8 | G4: 2173.15 | H4: 1.9013 | I4: 45458 | J4: 0.84365741 | K4: 0 | L4: 0 | M4: 0 | N4: 0 | O4: 0 | P4: 0 | Q4: 0 | R4: 0 | S4: 0 | T4: 0 | U4: 0 | V4: 0 | W4: =AVERAGE(H4:H8) -> 1.92026 | Y4: 0 | Z4: WR00L2L2 | AA4: 18368 | AB4: 32 | AC4: 1 | AD4: 8 | AE4: 2052.06 | AF4: 2.0135 | AG4: 45465 | AH4: 0.87331019 | AI4: 0 | AJ4: 0 | AK4: 0 | AL4: 0 | AM4: 0 | AN4: 0 | AO4: 0 | AP4: 0 | AQ4: 0 | AR4: 0 | AS4: 0 | AT4: 0 | AU4: =AVERAGE(AF4:AF8) -> 2.069
A5: 1 | B5: WR00L2L2 | C5: 18368 | D5: 32 | E5: 1 | F5: 8 | G5: 2209.33 | H5: 1.8702 | I5: 45460 | J5: 0.13945602 | K5: 0 | L5: 0 | M5: 0 | N5: 0 | O5: 0 | P5: 0 | Q5: 0 | R5: 0 | S5: 0 | T5: 0 | U5: 0 | V5: 0 | Y5: 1 | Z5: WR00L2L2 | AA5: 18368 | AB5: 32 | AC5: 1 | AD5: 8 | AE5: 2033.12 | AF5: 2.0323 | AG5: 45468 | AH5: 0.73483796 | AI5: 0 | AJ5: 0 | AK5: 0 | AL5: 0 | AM5: 0 | AN5: 0 | AO5: 0 | AP5: 0 | AQ5: 0 | AR5: 0 | AS5: 0 | AT5: 0
A6: 2 | B6: WR00L2L2 | C6: 18368 | D6: 32 | E6: 1 | F6: 8 | G6: 2230.14 | H6: 1.8527 | I6: 45461 | J6: 0.74884259 | K6: 0 | L6: 0 | M6: 0 | N6: 0 | O6: 0 | P6: 0 | Q6: 0 | R6: 0 | S6: 0 | T6: 0 | U6: 0 | V6: 0 | Y6: 2 | Z6: WR00L2L2 | AA6: 18368 | AB6: 32 | AC6: 1 | AD6: 8 | AE6: 1875.5 | AF6: 2.2031 | AG6: 45469 | AH6: 0.99608796 | AI6: 0 | AJ6: 0 | AK6: 0 | AL6: 0 | AM6: 0 | AN6: 0 | AO6: 0 | AP6: 0 | AQ6: 0 | AR6: 0 | AS6: 0 | AT6: 0
A7: 3 | B7: WR00L2L2 | C7: 18368 | D7: 32 | E7: 1 | F7: 8 | G7: 2088.59 | H7: 1.9783 | I7: 45463 | J7: 0.048402778 | K7: 0 | L7: 0 | M7: 0 | N7: 0 | O7: 0 | P7: 0 | Q7: 0 | R7: 0 | S7: 0 | T7: 0 | U7: 0 | V7: 0 | Y7: 3 | Z7: WR00L2L2 | AA7: 18368 | AB7: 32 | AC7: 1 | AD7: 8 | AE7: 2114.33 | AF7: 1.9542 | AG7: 45471 | AH7: 0.26579861 | AI7: 0 | AJ7: 0 | AK7: 0 | AL7: 0 | AM7: 0 | AN7: 0 | AO7: 0 | AP7: 0 | AQ7: 0 | AR7: 0 | AS7: 0 | AT7: 0
A8: 4 | B8: WR00L2L2 | C8: 18368 | D8: 32 | E8: 1 | F8: 8 | G8: 2067.22 | H8: 1.9988 | I8: 45464 | J8: 0.32649306 | K8: 0 | L8: 0 | M8: 0 | N8: 0 | O8: 0 | P8: 0 | Q8: 0 | R8: 0 | S8: 0 | T8: 0 | U8: 0 | V8: 0 | Y8: 4 | Z8: WR00L2L2 | AA8: 18368 | AB8: 32 | AC8: 1 | AD8: 8 | AE8: 1929.08 | AF8: 2.1419 | AG8: 45472 | AH8: 0.53038194 | AI8: 0 | AJ8: 0 | AK8: 0 | AL8: 0 | AM8: 0 | AN8: 0 | AO8: 0 | AP8: 0 | AQ8: 0 | AR8: 0 | AS8: 0 | AT8: 0
A9: 0 | B9: WR00L2L2 | C9: 19456 | D9: 32 | E9: 1 | F9: 8 | G9: 2633.52 | H9: 1.8646 | I9: 45459 | J9: 0.2371875 | K9: 0 | L9: 0 | M9: 0 | N9: 0 | O9: 0 | P9: 0 | Q9: 0 | R9: 0 | S9: 0 | T9: 0 | U9: 0 | V9: 0 | W9: =AVERAGE(H9:H13) -> 1.87564 | Y9: 0 | Z9: WR00L2L2 | AA9: 19456 | AB9: 32 | AC9: 1 | AD9: 8 | AE9: 2220.95 | AF9: 2.211 | AG9: 45466 | AH9: 0.26012731 | AI9: 0 | AJ9: 0 | AK9: 0 | AL9: 0 | AM9: 0 | AN9: 0 | AO9: 0 | AP9: 0 | AQ9: 0 | AR9: 0 | AS9: 0 | AT9: 0 | AU9: =AVERAGE(AF9:AF13) -> 2.0891
A10: 1 | B10: WR00L2L2 | C10: 19456 | D10: 32 | E10: 1 | F10: 8 | G10: 2649.02 | H10: 1.8537 | I10: 45460 | J10: 0.53678241 | K10: 0 | L10: 0 | M10: 0 | N10: 0 | O10: 0 | P10: 0 | Q10: 0 | R10: 0 | S10: 0 | T10: 0 | U10: 0 | V10: 0 | Y10: 1 | Z10: WR00L2L2 | AA10: 19456 | AB10: 32 | AC10: 1 | AD10: 8 | AE10: 2397.63 | AF10: 2.048 | AG10: 45469 | AH10: 0.11774306 | AI10: 0 | AJ10: 0 | AK10: 0 | AL10: 0 | AM10: 0 | AN10: 0 | AO10: 0 | AP10: 0 | AQ10: 0 | AR10: 0 | AS10: 0 | AT10: 0
A11: 2 | B11: WR00L2L2 | C11: 19456 | D11: 32 | E11: 1 | F11: 8 | G11: 2643.58 | H11: 1.8575 | I11: 45462 | J11: 0.14311343 | K11: 0 | L11: 0 | M11: 0 | N11: 0 | O11: 0 | P11: 0 | Q11: 0 | R11: 0 | S11: 0 | T11: 0 | U11: 0 | V11: 0 | Y11: 2 | Z11: WR00L2L2 | AA11: 19456 | AB11: 32 | AC11: 1 | AD11: 8 | AE11: 2340.06 | AF11: 2.0984 | AG11: 45470 | AH11: 0.38740741 | AI11: 0 | AJ11: 0 | AK11: 0 | AL11: 0 | AM11: 0 | AN11: 0 | AO11: 0 | AP11: 0 | AQ11: 0 | AR11: 0 | AS11: 0 | AT11: 0
A12: 3 | B12: WR00L2L2 | C12: 19456 | D12: 32 | E12: 1 | F12: 8 | G12: 2573.3 | H12: 1.9082 | I12: 45463 | J12: 0.43929398 | K12: 0 | L12: 0 | M12: 0 | N12: 0 | O12: 0 | P12: 0 | Q12: 0 | R12: 0 | S12: 0 | T12: 0 | U12: 0 | V12: 0 | Y12: 3 | Z12: WR00L2L2 | AA12: 19456 | AB12: 32 | AC12: 1 | AD12: 8 | AE12: 2424.03 | AF12: 2.0257 | AG12: 45471 | AH12: 0.65341435 | AI12: 0 | AJ12: 0 | AK12: 0 | AL12: 0 | AM12: 0 | AN12: 0 | AO12: 0 | AP12: 0 | AQ12: 0 | AR12: 0 | AS12: 0 | AT12: 0
A13: 4 | B13: WR00L2L2 | C13: 19456 | D13: 32 | E13: 1 | F13: 8 | G13: 2592.3 | H13: 1.8942 | I13: 45464 | J13: 0.719375 | K13: 0 | L13: 0 | M13: 0 | N13: 0 | O13: 0 | P13: 0 | Q13: 0 | R13: 0 | S13: 0 | T13: 0 | U13: 0 | V13: 0 | Y13: 4 | Z13: WR00L2L2 | AA13: 19456 | AB13: 32 | AC13: 1 | AD13: 8 | AE13: 2380.9 | AF13: 2.0624 | AG13: 45472 | AH13: 0.9155787 | AI13: 0 | AJ13: 0 | AK13: 0 | AL13: 0 | AM13: 0 | AN13: 0 | AO13: 0 | AP13: 0 | AQ13: 0 | AR13: 0 | AS13: 0 | AT13: 0
A14: 0 | B14: WR00L2L2 | C14: 20544 | D14: 32 | E14: 1 | F14: 8 | G14: 2930.42 | H14: 1.9728 | I14: 45459 | J14: 0.69859954 | K14: 0 | L14: 0 | M14: 0 | N14: 0 | O14: 0 | P14: 0 | Q14: 0 | R14: 0 | S14: 0 | T14: 0 | U14: 0 | V14: 0 | W14: =AVERAGE(H14:H18) -> 1.96902 | Y14: 0 | Z14: WR00L2L2 | AA14: 20544 | AB14: 32 | AC14: 1 | AD14: 8 | AE14: 2777.38 | AF14: 2.0815 | AG14: 45466 | AH14: 0.71125 | AI14: 0 | AJ14: 0 | AK14: 0 | AL14: 0 | AM14: 0 | AN14: 0 | AO14: 0 | AP14: 0 | AQ14: 0 | AR14: 0 | AS14: 0 | AT14: 0 | AU14: =AVERAGE(AF14:AF18) -> 2.12486
A15: 1 | B15: WR00L2L2 | C15: 20544 | D15: 32 | E15: 1 | F15: 8 | G15: 3069.11 | H15: 1.8836 | I15: 45461 | J15: 0.0017013889 | K15: 0 | L15: 0 | M15: 0 | N15: 0 | O15: 0 | P15: 0 | Q15: 0 | R15: 0 | S15: 0 | T15: 0 | U15: 0 | V15: 0 | Y15: 1 | Z15: WR00L2L2 | AA15: 20544 | AB15: 32 | AC15: 1 | AD15: 8 | AE15: 2751.49 | AF15: 2.1011 | AG15: 45469 | AH15: 0.56872685 | AI15: 0 | AJ15: 0 | AK15: 0 | AL15: 0 | AM15: 0 | AN15: 0 | AO15: 0 | AP15: 0 | AQ15: 0 | AR15: 0 | AS15: 0 | AT15: 0
A16: 2 | B16: WR00L2L2 | C16: 20544 | D16: 32 | E16: 1 | F16: 8 | G16: 2870.37 | H16: 2.0141 | I16: 45462 | J16: 0.60650463 | K16: 0 | L16: 0 | M16: 0 | N16: 0 | O16: 0 | P16: 0 | Q16: 0 | R16: 0 | S16: 0 | T16: 0 | U16: 0 | V16: 0 | Y16: 2 | Z16: WR00L2L2 | AA16: 20544 | AB16: 32 | AC16: 1 | AD16: 8 | AE16: 2610.62 | AF16: 2.2145 | AG16: 45470 | AH16: 0.83747685 | AI16: 0 | AJ16: 0 | AK16: 0 | AL16: 0 | AM16: 0 | AN16: 0 | AO16: 0 | AP16: 0 | AQ16: 0 | AR16: 0 | AS16: 0 | AT16: 0
A17: 3 | B17: WR00L2L2 | C17: 20544 | D17: 32 | E17: 1 | F17: 8 | G17: 2997.22 | H17: 1.9288 | I17: 45463 | J17: 0.90179398 | K17: 0 | L17: 0 | M17: 0 | N17: 0 | O17: 0 | P17: 0 | Q17: 0 | R17: 0 | S17: 0 | T17: 0 | U17: 0 | V17: 0 | Y17: 3 | Z17: WR00L2L2 | AA17: 20544 | AB17: 32 | AC17: 1 | AD17: 8 | AE17: 2695.51 | AF17: 2.1447 | AG17: 45472 | AH17: 0.10237269 | AI17: 0 | AJ17: 0 | AK17: 0 | AL17: 0 | AM17: 0 | AN17: 0 | AO17: 0 | AP17: 0 | AQ17: 0 | AR17: 0 | AS17: 0 | AT17: 0
A18: 4 | B18: WR00L2L2 | C18: 20544 | D18: 32 | E18: 1 | F18: 8 | G18: 2825.81 | H18: 2.0458 | I18: 45465 | J18: 0.17564815 | K18: 0 | L18: 0 | M18: 0 | N18: 0 | O18: 0 | P18: 0 | Q18: 0 | R18: 0 | S18: 0 | T18: 0 | U18: 0 | V18: 0 | Y18: 4 | Z18: WR00L2L2 | AA18: 20544 | AB18: 32 | AC18: 1 | AD18: 8 | AE18: 2776.07 | AF18: 2.0825 | AG18: 45473 | AH18: 0.37005787 | AI18: 0 | AJ18: 0 | AK18: 0 | AL18: 0 | AM18: 0 | AN18: 0 | AO18: 0 | AP18: 0 | AQ18: 0 | AR18: 0 | AS18: 0 | AT18: 0
A19: 0 | B19: WR00L2L2 | C19: 18368 | D19: 32 | E19: 2 | F19: 4 | G19: 2163.45 | H19: 1.9099 | I19: 45458 | J19: 0.86940972 | K19: 0 | L19: 0 | M19: 0 | N19: 0 | O19: 0 | P19: 0 | Q19: 0 | R19: 0 | S19: 0 | T19: 0 | U19: 0 | V19: 0 | W19: =AVERAGE(H19:H23) -> 1.97662 | Y19: 0 | Z19: WR00L2L2 | AA19: 18368 | AB19: 32 | AC19: 2 | AD19: 4 | AE19: 2043.38 | AF19: 2.0221 | AG19: 45465 | AH19: 0.89940972 | AI19: 0 | AJ19: 0 | AK19: 0 | AL19: 0 | AM19: 0 | AN19: 0 | AO19: 0 | AP19: 0 | AQ19: 0 | AR19: 0 | AS19: 0 | AT19: 0 | AU19: =AVERAGE(AF19:AF23) -> 2.04912
A20: 1 | B20: WR00L2L2 | C20: 18368 | D20: 32 | E20: 2 | F20: 4 | G20: 2076.12 | H20: 1.9902 | I20: 45460 | J20: 0.16418981 | K20: 0 | L20: 0 | M20: 0 | N20: 0 | O20: 0 | P20: 0 | Q20: 0 | R20: 0 | S20: 0 | T20: 0 | U20: 0 | V20: 0 | Y20: 1 | Z20: WR00L2L2 | AA20: 18368 | AB20: 32 | AC20: 2 | AD20: 4 | AE20: 2014.83 | AF20: 2.0507 | AG20: 45468 | AH20: 0.76061343 | AI20: 0 | AJ20: 0 | AK20: 0 | AL20: 0 | AM20: 0 | AN20: 0 | AO20: 0 | AP20: 0 | AQ20: 0 | AR20: 0 | AS20: 0 | AT20: 0
A21: 2 | B21: WR00L2L2 | C21: 18368 | D21: 32 | E21: 2 | F21: 4 | G21: 2131.33 | H21: 1.9386 | I21: 45461 | J21: 0.77415509 | K21: 0 | L21: 0 | M21: 0 | N21: 0 | O21: 0 | P21: 0 | Q21: 0 | R21: 0 | S21: 0 | T21: 0 | U21: 0 | V21: 0 | Y21: 2 | Z21: WR00L2L2 | AA21: 18368 | AB21: 32 | AC21: 2 | AD21: 4 | AE21: 1965.66 | AF21: 2.102 | AG21: 45470 | AH21: 0.021458333 | AI21: 0 | AJ21: 0 | AK21: 0 | AL21: 0 | AM21: 0 | AN21: 0 | AO21: 0 | AP21: 0 | AQ21: 0 | AR21: 0 | AS21: 0 | AT21: 0
A22: 3 | B22: WR00L2L2 | C22: 18368 | D22: 32 | E22: 2 | F22: 4 | G22: 2050.77 | H22: 2.0148 | I22: 45463 | J22: 0.072847222 | K22: 0 | L22: 0 | M22: 0 | N22: 0 | O22: 0 | P22: 0 | Q22: 0 | R22: 0 | S22: 0 | T22: 0 | U22: 0 | V22: 0 | Y22: 3 | Z22: WR00L2L2 | AA22: 18368 | AB22: 32 | AC22: 2 | AD22: 4 | AE22: 2038.54 | AF22: 2.0269 | AG22: 45471 | AH22: 0.29185185 | AI22: 0 | AJ22: 0 | AK22: 0 | AL22: 0 | AM22: 0 | AN22: 0 | AO22: 0 | AP22: 0 | AQ22: 0 | AR22: 0 | AS22: 0 | AT22: 0
A23: 4 | B23: WR00L2L2 | C23: 18368 | D23: 32 | E23: 2 | F23: 4 | G23: 2035.84 | H23: 2.0296 | I23: 45464 | J23: 0.35075231 | K23: 0 | L23: 0 | M23: 0 | N23: 0 | O23: 0 | P23: 0 | Q23: 0 | R23: 0 | S23: 0 | T23: 0 | U23: 0 | V23: 0 | Y23: 4 | Z23: WR00L2L2 | AA23: 18368 | AB23: 32 | AC23: 2 | AD23: 4 | AE23: 2021.53 | AF23: 2.0439 | AG23: 45472 | AH23: 0.55616898 | AI23: 0 | AJ23: 0 | AK23: 0 | AL23: 0 | AM23: 0 | AN23: 0 | AO23: 0 | AP23: 0 | AQ23: 0 | AR23: 0 | AS23: 0 | AT23: 0
A24: 0 | B24: WR00L2L2 | C24: 19456 | D24: 32 | E24: 2 | F24: 4 | G24: 2530.92 | H24: 1.9402 | I24: 45459 | J24: 0.26725694 | K24: 0 | L24: 0 | M24: 0 | N24: 0 | O24: 0 | P24: 0 | Q24: 0 | R24: 0 | S24: 0 | T24: 0 | U24: 0 | V24: 0 | W24: =AVERAGE(H24:H28) -> 1.96984 | Y24: 0 | Z24: WR00L2L2 | AA24: 19456 | AB24: 32 | AC24: 2 | AD24: 4 | AE24: 2407.29 | AF24: 2.0398 | AG24: 45466 | AH24: 0.29091435 | AI24: 0 | AJ24: 0 | AK24: 0 | AL24: 0 | AM24: 0 | AN24: 0 | AO24: 0 | AP24: 0 | AQ24: 0 | AR24: 0 | AS24: 0 | AT24: 0 | AU24: =AVERAGE(AF24:AF28) -> 2.07586
A25: 1 | B25: WR00L2L2 | C25: 19456 | D25: 32 | E25: 2 | F25: 4 | G25: 2429.96 | H25: 2.0208 | I25: 45460 | J25: 0.56556713 | K25: 0 | L25: 0 | M25: 0 | N25: 0 | O25: 0 | P25: 0 | Q25: 0 | R25: 0 | S25: 0 | T25: 0 | U25: 0 | V25: 0 | Y25: 1 | Z25: WR00L2L2 | AA25: 19456 | AB25: 32 | AC25: 2 | AD25: 4 | AE25: 2262.64 | AF25: 2.1702 | AG25: 45469 | AH25: 0.1466088 | AI25: 0 | AJ25: 0 | AK25: 0 | AL25: 0 | AM25: 0 | AN25: 0 | AO25: 0 | AP25: 0 | AQ25: 0 | AR25: 0 | AS25: 0 | AT25: 0
A26: 2 | B26: WR00L2L2 | C26: 19456 | D26: 32 | E26: 2 | F26: 4 | G26: 2670.12 | H26: 1.839 | I26: 45462 | J26: 0.1746412 | K26: 0 | L26: 0 | M26: 0 | N26: 0 | O26: 0 | P26: 0 | Q26: 0 | R26: 0 | S26: 0 | T26: 0 | U26: 0 | V26: 0 | Y26: 2 | Z26: WR00L2L2 | AA26: 19456 | AB26: 32 | AC26: 2 | AD26: 4 | AE26: 2456 | AF26: 1.9994 | AG26: 45470 | AH26: 0.41856481 | AI26: 0 | AJ26: 0 | AK26: 0 | AL26: 0 | AM26: 0 | AN26: 0 | AO26: 0 | AP26: 0 | AQ26: 0 | AR26: 0 | AS26: 0 | AT26: 0
A27: 3 | B27: WR00L2L2 | C27: 19456 | D27: 32 | E27: 2 | F27: 4 | G27: 2436.6 | H27: 2.0153 | I27: 45463 | J27: 0.4681713 | K27: 0 | L27: 0 | M27: 0 | N27: 0 | O27: 0 | P27: 0 | Q27: 0 | R27: 0 | S27: 0 | T27: 0 | U27: 0 | V27: 0 | Y27: 3 | Z27: WR00L2L2 | AA27: 19456 | AB27: 32 | AC27: 2 | AD27: 4 | AE27: 2350.77 | AF27: 2.0889 | AG27: 45471 | AH27: 0.68333333 | AI27: 0 | AJ27: 0 | AK27: 0 | AL27: 0 | AM27: 0 | AN27: 0 | AO27: 0 | AP27: 0 | AQ27: 0 | AR27: 0 | AS27: 0 | AT27: 0
A28: 4 | B28: WR00L2L2 | C28: 19456 | D28: 32 | E28: 2 | F28: 4 | G28: 2414.34 | H28: 2.0339 | I28: 45464 | J28: 0.74793981 | K28: 0 | L28: 0 | M28: 0 | N28: 0 | O28: 0 | P28: 0 | Q28: 0 | R28: 0 | S28: 0 | T28: 0 | U28: 0 | V28: 0 | Y28: 4 | Z28: WR00L2L2 | AA28: 19456 | AB28: 32 | AC28: 2 | AD28: 4 | AE28: 2359.63 | AF28: 2.081 | AG28: 45472 | AH28: 0.945625 | AI28: 0 | AJ28: 0 | AK28: 0 | AL28: 0 | AM28: 0 | AN28: 0 | AO28: 0 | AP28: 0 | AQ28: 0 | AR28: 0 | AS28: 0 | AT28: 0
A29: 0 | B29: WR00L2L2 | C29: 20544 | D29: 32 | E29: 2 | F29: 4 | G29: 2863.14 | H29: 2.0192 | I29: 45459 | J29: 0.73243056 | K29: 0 | L29: 0 | M29: 0 | N29: 0 | O29: 0 | P29: 0 | Q29: 0 | R29: 0 | S29: 0 | T29: 0 | U29: 0 | V29: 0 | W29: =AVERAGE(H29:H33) -> 1.97724 | Y29: 0 | Z29: WR00L2L2 | AA29: 20544 | AB29: 32 | AC29: 2 | AD29: 4 | AE29: 2698.39 | AF29: 2.1424 | AG29: 45466 | AH29: 0.74555556 | AI29: 0 | AJ29: 0 | AK29: 0 | AL29: 0 | AM29: 0 | AN29: 0 | AO29: 0 | AP29: 0 | AQ29: 0 | AR29: 0 | AS29: 0 | AT29: 0 | AU29: =AVERAGE(AF29:AF33) -> 2.11032
A30: 1 | B30: WR00L2L2 | C30: 20544 | D30: 32 | E30: 2 | F30: 4 | G30: 2990.67 | H30: 1.933 | I30: 45461 | J30: 0.037152778 | K30: 0 | L30: 0 | M30: 0 | N30: 0 | O30: 0 | P30: 0 | Q30: 0 | R30: 0 | S30: 0 | T30: 0 | U30: 0 | V30: 0 | Y30: 1 | Z30: WR00L2L2 | AA30: 20544 | AB30: 32 | AC30: 2 | AD30: 4 | AE30: 2799.84 | AF30: 2.0648 | AG30: 45469 | AH30: 0.60414352 | AI30: 0 | AJ30: 0 | AK30: 0 | AL30: 0 | AM30: 0 | AN30: 0 | AO30: 0 | AP30: 0 | AQ30: 0 | AR30: 0 | AS30: 0 | AT30: 0
A31: 2 | B31: WR00L2L2 | C31: 20544 | D31: 32 | E31: 2 | F31: 4 | G31: 3018.33 | H31: 1.9153 | I31: 45462 | J31: 0.64236111 | K31: 0 | L31: 0 | M31: 0 | N31: 0 | O31: 0 | P31: 0 | Q31: 0 | R31: 0 | S31: 0 | T31: 0 | U31: 0 | V31: 0 | Y31: 2 | Z31: WR00L2L2 | AA31: 20544 | AB31: 32 | AC31: 2 | AD31: 4 | AE31: 2641.11 | AF31: 2.1889 | AG31: 45470 | AH31: 0.87116898 | AI31: 0 | AJ31: 0 | AK31: 0 | AL31: 0 | AM31: 0 | AN31: 0 | AO31: 0 | AP31: 0 | AQ31: 0 | AR31: 0 | AS31: 0 | AT31: 0
A32: 3 | B32: WR00L2L2 | C32: 20544 | D32: 32 | E32: 2 | F32: 4 | G32: 2885.2 | H32: 2.0037 | I32: 45463 | J32: 0.93594907 | K32: 0 | L32: 0 | M32: 0 | N32: 0 | O32: 0 | P32: 0 | Q32: 0 | R32: 0 | S32: 0 | T32: 0 | U32: 0 | V32: 0 | Y32: 3 | Z32: WR00L2L2 | AA32: 20544 | AB32: 32 | AC32: 2 | AD32: 4 | AE32: 2781.36 | AF32: 2.0785 | AG32: 45472 | AH32: 0.13760417 | AI32: 0 | AJ32: 0 | AK32: 0 | AL32: 0 | AM32: 0 | AN32: 0 | AO32: 0 | AP32: 0 | AQ32: 0 | AR32: 0 | AS32: 0 | AT32: 0
A33: 4 | B33: WR00L2L2 | C33: 20544 | D33: 32 | E33: 2 | F33: 4 | G33: 2869.03 | H33: 2.015 | I33: 45465 | J33: 0.20956019 | K33: 0 | L33: 0 | M33: 0 | N33: 0 | O33: 0 | P33: 0 | Q33: 0 | R33: 0 | S33: 0 | T33: 0 | U33: 0 | V33: 0 | Y33: 4 | Z33: WR00L2L2 | AA33: 20544 | AB33: 32 | AC33: 2 | AD33: 4 | AE33: 2783.33 | AF33: 2.077 | AG33: 45473 | AH33: 0.40538194 | AI33: 0 | AJ33: 0 | AK33: 0 | AL33: 0 | AM33: 0 | AN33: 0 | AO33: 0 | AP33: 0 | AQ33: 0 | AR33: 0 | AS33: 0 | AT33: 0
A34: 0 | B34: WR00L2L2 | C34: 18368 | D34: 64 | E34: 1 | F34: 8 | G34: 2103.95 | H34: 1.9639 | I34: 45458 | J34: 0.89447917 | K34: 0 | L34: 0 | M34: 0 | N34: 0 | O34: 0 | P34: 0 | Q34: 0 | R34: 0 | S34: 0 | T34: 0 | U34: 0 | V34: 0 | W34: =AVERAGE(H34:H38) -> 1.94866 | Y34: 0 | Z34: WR00L2L2 | AA34: 18368 | AB34: 64 | AC34: 1 | AD34: 8 | AE34: 1904.58 | AF34: 2.1694 | AG34: 45465 | AH34: 0.92407407 | AI34: 0 | AJ34: 0 | AK34: 0 | AL34: 0 | AM34: 0 | AN34: 0 | AO34: 0 | AP34: 0 | AQ34: 0 | AR34: 0 | AS34: 0 | AT34: 0 | AU34: =AVERAGE(AF34:AF38) -> 2.20876
A35: 1 | B35: WR00L2L2 | C35: 18368 | D35: 64 | E35: 1 | F35: 8 | G35: 2131.32 | H35: 1.9386 | I35: 45460 | J35: 0.18972222 | K35: 0 | L35: 0 | M35: 0 | N35: 0 | O35: 0 | P35: 0 | Q35: 0 | R35: 0 | S35: 0 | T35: 0 | U35: 0 | V35: 0 | Y35: 1 | Z35: WR00L2L2 | AA35: 18368 | AB35: 64 | AC35: 1 | AD35: 8 | AE35: 1784.13 | AF35: 2.3159 | AG35: 45468 | AH35: 0.78371528 | AI35: 0 | AJ35: 0 | AK35: 0 | AL35: 0 | AM35: 0 | AN35: 0 | AO35: 0 | AP35: 0 | AQ35: 0 | AR35: 0 | AS35: 0 | AT35: 0
A36: 2 | B36: WR00L2L2 | C36: 18368 | D36: 64 | E36: 1 | F36: 8 | G36: 2160.86 | H36: 1.9121 | I36: 45461 | J36: 0.79974537 | K36: 0 | L36: 0 | M36: 0 | N36: 0 | O36: 0 | P36: 0 | Q36: 0 | R36: 0 | S36: 0 | T36: 0 | U36: 0 | V36: 0 | Y36: 2 | Z36: WR00L2L2 | AA36: 18368 | AB36: 64 | AC36: 1 | AD36: 8 | AE36: 1942 | AF36: 2.1276 | AG36: 45470 | AH36: 0.046400463 | AI36: 0 | AJ36: 0 | AK36: 0 | AL36: 0 | AM36: 0 | AN36: 0 | AO36: 0 | AP36: 0 | AQ36: 0 | AR36: 0 | AS36: 0 | AT36: 0
A37: 3 | B37: WR00L2L2 | C37: 18368 | D37: 64 | E37: 1 | F37: 8 | G37: 2090.27 | H37: 1.9767 | I37: 45463 | J37: 0.097627315 | K37: 0 | L37: 0 | M37: 0 | N37: 0 | O37: 0 | P37: 0 | Q37: 0 | R37: 0 | S37: 0 | T37: 0 | U37: 0 | V37: 0 | Y37: 3 | Z37: WR00L2L2 | AA37: 18368 | AB37: 64 | AC37: 1 | AD37: 8 | AE37: 1861.05 | AF37: 2.2202 | AG37: 45471 | AH37: 0.31564815 | AI37: 0 | AJ37: 0 | AK37: 0 | AL37: 0 | AM37: 0 | AN37: 0 | AO37: 0 | AP37: 0 | AQ37: 0 | AR37: 0 | AS37: 0 | AT37: 0
A38: 4 | B38: WR00L2L2 | C38: 18368 | D38: 64 | E38: 1 | F38: 8 | G38: 2116.76 | H38: 1.952 | I38: 45464 | J38: 0.37583333 | K38: 0 | L38: 0 | M38: 0 | N38: 0 | O38: 0 | P38: 0 | Q38: 0 | R38: 0 | S38: 0 | T38: 0 | U38: 0 | V38: 0 | Y38: 4 | Z38: WR00L2L2 | AA38: 18368 | AB38: 64 | AC38: 1 | AD38: 8 | AE38: 1869 | AF38: 2.2107 | AG38: 45472 | AH38: 0.58028935 | AI38: 0 | AJ38: 0 | AK38: 0 | AL38: 0 | AM38: 0 | AN38: 0 | AO38: 0 | AP38: 0 | AQ38: 0 | AR38: 0 | AS38: 0 | AT38: 0
A39: 0 | B39: WR00L2L2 | C39: 19456 | D39: 64 | E39: 1 | F39: 8 | G39: 2538.73 | H39: 1.9342 | I39: 45459 | J39: 0.29731481 | K39: 0 | L39: 0 | M39: 0 | N39: 0 | O39: 0 | P39: 0 | Q39: 0 | R39: 0 | S39: 0 | T39: 0 | U39: 0 | V39: 0 | W39: =AVERAGE(H39:H43) -> 1.96958 | Y39: 0 | Z39: WR00L2L2 | AA39: 19456 | AB39: 64 | AC39: 1 | AD39: 8 | AE39: 2146.92 | AF39: 2.2872 | AG39: 45466 | AH39: 0.3184838 | AI39: 0 | AJ39: 0 | AK39: 0 | AL39: 0 | AM39: 0 | AN39: 0 | AO39: 0 | AP39: 0 | AQ39: 0 | AR39: 0 | AS39: 0 | AT39: 0 | AU39: =AVERAGE(AF39:AF43) -> 2.25814
A40: 1 | B40: WR00L2L2 | C40: 19456 | D40: 64 | E40: 1 | F40: 8 | G40: 2490.83 | H40: 1.9714 | I40: 45460 | J40: 0.59508102 | K40: 0 | L40: 0 | M40: 0 | N40: 0 | O40: 0 | P40: 0 | Q40: 0 | R40: 0 | S40: 0 | T40: 0 | U40: 0 | V40: 0 | Y40: 1 | Z40: WR00L2L2 | AA40: 19456 | AB40: 64 | AC40: 1 | AD40: 8 | AE40: 2237.49 | AF40: 2.1946 | AG40: 45469 | AH40: 0.17547454 | AI40: 0 | AJ40: 0 | AK40: 0 | AL40: 0 | AM40: 0 | AN40: 0 | AO40: 0 | AP40: 0 | AQ40: 0 | AR40: 0 | AS40: 0 | AT40: 0
A41: 2 | B41: WR00L2L2 | C41: 19456 | D41: 64 | E41: 1 | F41: 8 | G41: 2537.4 | H41: 1.9352 | I41: 45462 | J41: 0.20479167 | K41: 0 | L41: 0 | M41: 0 | N41: 0 | O41: 0 | P41: 0 | Q41: 0 | R41: 0 | S41: 0 | T41: 0 | U41: 0 | V41: 0 | Y41: 2 | Z41: WR00L2L2 | AA41: 19456 | AB41: 64 | AC41: 1 | AD41: 8 | AE41: 2106.43 | AF41: 2.3312 | AG41: 45470 | AH41: 0.44584491 | AI41: 0 | AJ41: 0 | AK41: 0 | AL41: 0 | AM41: 0 | AN41: 0 | AO41: 0 | AP41: 0 | AQ41: 0 | AR41: 0 | AS41: 0 | AT41: 0
A42: 3 | B42: WR00L2L2 | C42: 19456 | D42: 64 | E42: 1 | F42: 8 | G42: 2491.37 | H42: 1.971 | I42: 45463 | J42: 0.49769676 | K42: 0 | L42: 0 | M42: 0 | N42: 0 | O42: 0 | P42: 0 | Q42: 0 | R42: 0 | S42: 0 | T42: 0 | U42: 0 | V42: 0 | Y42: 3 | Z42: WR00L2L2 | AA42: 19456 | AB42: 64 | AC42: 1 | AD42: 8 | AE42: 2124.18 | AF42: 2.3117 | AG42: 45471 | AH42: 0.71075231 | AI42: 0 | AJ42: 0 | AK42: 0 | AL42: 0 | AM42: 0 | AN42: 0 | AO42: 0 | AP42: 0 | AQ42: 0 | AR42: 0 | AS42: 0 | AT42: 0
A43: 4 | B43: WR00L2L2 | C43: 19456 | D43: 64 | E43: 1 | F43: 8 | G43: 2411.68 | H43: 2.0361 | I43: 45464 | J43: 0.77665509 | K43: 0 | L43: 0 | M43: 0 | N43: 0 | O43: 0 | P43: 0 | Q43: 0 | R43: 0 | S43: 0 | T43: 0 | U43: 0 | V43: 0 | Y43: 4 | Z43: WR00L2L2 | AA43: 19456 | AB43: 64 | AC43: 1 | AD43: 8 | AE43: 2267.08 | AF43: 2.166 | AG43: 45472 | AH43: 0.97447917 | AI43: 0 | AJ43: 0 | AK43: 0 | AL43: 0 | AM43: 0 | AN43: 0 | AO43: 0 | AP43: 0 | AQ43: 0 | AR43: 0 | AS43: 0 | AT43: 0
A44: 0 | B44: WR00L2L2 | C44: 20544 | D44: 64 | E44: 1 | F44: 8 | G44: 2924.72 | H44: 1.9766 | I44: 45459 | J44: 0.76711806 | K44: 0 | L44: 0 | M44: 0 | N44: 0 | O44: 0 | P44: 0 | Q44: 0 | R44: 0 | S44: 0 | T44: 0 | U44: 0 | V44: 0 | W44: =AVERAGE(H44:H48) -> 1.98838 | Y44: 0 | Z44: WR00L2L2 | AA44: 20544 | AB44: 64 | AC44: 1 | AD44: 8 | AE44: 2567.56 | AF44: 2.2516 | AG44: 45466 | AH44: 0.77831019 | AI44: 0 | AJ44: 0 | AK44: 0 | AL44: 0 | AM44: 0 | AN44: 0 | AO44: 0 | AP44: 0 | AQ44: 0 | AR44: 0 | AS44: 0 | AT44: 0 | AU44: =AVERAGE(AF44:AF48) -> 2.27428
A45: 1 | B45: WR00L2L2 | C45: 20544 | D45: 64 | E45: 1 | F45: 8 | G45: 2909.3 | H45: 1.9871 | I45: 45461 | J45: 0.071701389 | K45: 0 | L45: 0 | M45: 0 | N45: 0 | O45: 0 | P45: 0 | Q45: 0 | R45: 0 | S45: 0 | T45: 0 | U45: 0 | V45: 0 | Y45: 1 | Z45: WR00L2L2 | AA45: 20544 | AB45: 64 | AC45: 1 | AD45: 8 | AE45: 2586.74 | AF45: 2.2349 | AG45: 45469 | AH45: 0.63725694 | AI45: 0 | AJ45: 0 | AK45: 0 | AL45: 0 | AM45: 0 | AN45: 0 | AO45: 0 | AP45: 0 | AQ45: 0 | AR45: 0 | AS45: 0 | AT45: 0
A46: 2 | B46: WR00L2L2 | C46: 20544 | D46: 64 | E46: 1 | F46: 8 | G46: 2911.82 | H46: 1.9854 | I46: 45462 | J46: 0.67686343 | K46: 0 | L46: 0 | M46: 0 | N46: 0 | O46: 0 | P46: 0 | Q46: 0 | R46: 0 | S46: 0 | T46: 0 | U46: 0 | V46: 0 | Y46: 2 | Z46: WR00L2L2 | AA46: 20544 | AB46: 64 | AC46: 1 | AD46: 8 | AE46: 2528.16 | AF46: 2.2867 | AG46: 45470 | AH46: 0.90364583 | AI46: 0 | AJ46: 0 | AK46: 0 | AL46: 0 | AM46: 0 | AN46: 0 | AO46: 0 | AP46: 0 | AQ46: 0 | AR46: 0 | AS46: 0 | AT46: 0
A47: 3 | B47: WR00L2L2 | C47: 20544 | D47: 64 | E47: 1 | F47: 8 | G47: 2886.31 | H47: 2.0029 | I47: 45463 | J47: 0.97005787 | K47: 0 | L47: 0 | M47: 0 | N47: 0 | O47: 0 | P47: 0 | Q47: 0 | R47: 0 | S47: 0 | T47: 0 | U47: 0 | V47: 0 | Y47: 3 | Z47: WR00L2L2 | AA47: 20544 | AB47: 64 | AC47: 1 | AD47: 8 | AE47: 2549.93 | AF47: 2.2672 | AG47: 45472 | AH47: 0.1703125 | AI47: 0 | AJ47: 0 | AK47: 0 | AL47: 0 | AM47: 0 | AN47: 0 | AO47: 0 | AP47: 0 | AQ47: 0 | AR47: 0 | AS47: 0 | AT47: 0
A48: 4 | B48: WR00L2L2 | C48: 20544 | D48: 64 | E48: 1 | F48: 8 | G48: 2905.19 | H48: 1.9899 | I48: 45465 | J48: 0.24388889 | K48: 0 | L48: 0 | M48: 0 | N48: 0 | O48: 0 | P48: 0 | Q48: 0 | R48: 0 | S48: 0 | T48: 0 | U48: 0 | V48: 0 | Y48: 4 | Z48: WR00L2L2 | AA48: 20544 | AB48: 64 | AC48: 1 | AD48: 8 | AE48: 2480.13 | AF48: 2.331 | AG48: 45473 | AH48: 0.43717593 | AI48: 0 | AJ48: 0 | AK48: 0 | AL48: 0 | AM48: 0 | AN48: 0 | AO48: 0 | AP48: 0 | AQ48: 0 | AR48: 0 | AS48: 0 | AT48: 0
A49: 0 | B49: WR00L2L2 | C49: 18368 | D49: 64 | E49: 2 | F49: 4 | G49: 2075.19 | H49: 1.9911 | I49: 45458 | J49: 0.91922454 | K49: 0 | L49: 0 | M49: 0 | N49: 0 | O49: 0 | P49: 0 | Q49: 0 | R49: 0 | S49: 0 | T49: 0 | U49: 0 | V49: 0 | W49: =AVERAGE(H49:H53) -> 2.00482 | Y49: 0 | Z49: WR00L2L2 | AA49: 18368 | AB49: 64 | AC49: 2 | AD49: 4 | AE49: 1957.04 | AF49: 2.1113 | AG49: 45465 | AH49: 0.94923611 | AI49: 0 | AJ49: 0 | AK49: 0 | AL49: 0 | AM49: 0 | AN49: 0 | AO49: 0 | AP49: 0 | AQ49: 0 | AR49: 0 | AS49: 0 | AT49: 0 | AU49: =AVERAGE(AF49:AF53) -> 2.18184
A50: 1 | B50: WR00L2L2 | C50: 18368 | D50: 64 | E50: 2 | F50: 4 | G50: 2043.12 | H50: 2.0223 | I50: 45460 | J50: 0.21407407 | K50: 0 | L50: 0 | M50: 0 | N50: 0 | O50: 0 | P50: 0 | Q50: 0 | R50: 0 | S50: 0 | T50: 0 | U50: 0 | V50: 0 | Y50: 1 | Z50: WR00L2L2 | AA50: 18368 | AB50: 64 | AC50: 2 | AD50: 4 | AE50: 1771.31 | AF50: 2.3327 | AG50: 45468 | AH50: 0.80678241 | AI50: 0 | AJ50: 0 | AK50: 0 | AL50: 0 | AM50: 0 | AN50: 0 | AO50: 0 | AP50: 0 | AQ50: 0 | AR50: 0 | AS50: 0 | AT50: 0
A51: 2 | B51: WR00L2L2 | C51: 18368 | D51: 64 | E51: 2 | F51: 4 | G51: 2082.77 | H51: 1.9838 | I51: 45461 | J51: 0.82444444 | K51: 0 | L51: 0 | M51: 0 | N51: 0 | O51: 0 | P51: 0 | Q51: 0 | R51: 0 | S51: 0 | T51: 0 | U51: 0 | V51: 0 | Y51: 2 | Z51: WR00L2L2 | AA51: 18368 | AB51: 64 | AC51: 2 | AD51: 4 | AE51: 1985.3 | AF51: 2.0812 | AG51: 45470 | AH51: 0.071875 | AI51: 0 | AJ51: 0 | AK51: 0 | AL51: 0 | AM51: 0 | AN51: 0 | AO51: 0 | AP51: 0 | AQ51: 0 | AR51: 0 | AS51: 0 | AT51: 0
A52: 3 | B52: WR00L2L2 | C52: 18368 | D52: 64 | E52: 2 | F52: 4 | G52: 2002.15 | H52: 2.0637 | I52: 45463 | J52: 0.12141204 | K52: 0 | L52: 0 | M52: 0 | N52: 0 | O52: 0 | P52: 0 | Q52: 0 | R52: 0 | S52: 0 | T52: 0 | U52: 0 | V52: 0 | Y52: 3 | Z52: WR00L2L2 | AA52: 18368 | AB52: 64 | AC52: 2 | AD52: 4 | AE52: 1892.82 | AF52: 2.1829 | AG52: 45471 | AH52: 0.33989583 | AI52: 0 | AJ52: 0 | AK52: 0 | AL52: 0 | AM52: 0 | AN52: 0 | AO52: 0 | AP52: 0 | AQ52: 0 | AR52: 0 | AS52: 0 | AT52: 0
A53: 4 | B53: WR00L2L2 | C53: 18368 | D53: 64 | E53: 2 | F53: 4 | G53: 2104.62 | H53: 1.9632 | I53: 45464 | J53: 0.40090278 | K53: 0 | L53: 0 | M53: 0 | N53: 0 | O53: 0 | P53: 0 | Q53: 0 | R53: 0 | S53: 0 | T53: 0 | U53: 0 | V53: 0 | Y53: 4 | Z53: WR00L2L2 | AA53: 18368 | AB53: 64 | AC53: 2 | AD53: 4 | AE53: 1877.22 | AF53: 2.2011 | AG53: 45472 | AH53: 0.6046412 | AI53: 0 | AJ53: 0 | AK53: 0 | AL53: 0 | AM53: 0 | AN53: 0 | AO53: 0 | AP53: 0 | AQ53: 0 | AR53: 0 | AS53: 0 | AT53: 0
A54: 0 | B54: WR00L2L2 | C54: 19456 | D54: 64 | E54: 2 | F54: 4 | G54: 2607.72 | H54: 1.883 | I54: 45459 | J54: 0.32828704 | K54: 0 | L54: 0 | M54: 0 | N54: 0 | O54: 0 | P54: 0 | Q54: 0 | R54: 0 | S54: 0 | T54: 0 | U54: 0 | V54: 0 | W54: =AVERAGE(H54:H58) -> 1.95484 | Y54: 0 | Z54: WR00L2L2 | AA54: 19456 | AB54: 64 | AC54: 2 | AD54: 4 | AE54: 2176.41 | AF54: 2.2562 | AG54: 45466 | AH54: 0.34658565 | AI54: 0 | AJ54: 0 | AK54: 0 | AL54: 0 | AM54: 0 | AN54: 0 | AO54: 0 | AP54: 0 | AQ54: 0 | AR54: 0 | AS54: 0 | AT54: 0 | AU54: =AVERAGE(AF54:AF58) -> 2.25092
A55: 1 | B55: WR00L2L2 | C55: 19456 | D55: 64 | E55: 2 | F55: 4 | G55: 2456.19 | H55: 1.9992 | I55: 45460 | J55: 0.62422454 | K55: 0 | L55: 0 | M55: 0 | N55: 0 | O55: 0 | P55: 0 | Q55: 0 | R55: 0 | S55: 0 | T55: 0 | U55: 0 | V55: 0 | Y55: 1 | Z55: WR00L2L2 | AA55: 19456 | AB55: 64 | AC55: 2 | AD55: 4 | AE55: 2243.41 | AF55: 2.1888 | AG55: 45469 | AH55: 0.20415509 | AI55: 0 | AJ55: 0 | AK55: 0 | AL55: 0 | AM55: 0 | AN55: 0 | AO55: 0 | AP55: 0 | AQ55: 0 | AR55: 0 | AS55: 0 | AT55: 0
A56: 2 | B56: WR00L2L2 | C56: 19456 | D56: 64 | E56: 2 | F56: 4 | G56: 2477.66 | H56: 1.9819 | I56: 45462 | J56: 0.23430556 | K56: 0 | L56: 0 | M56: 0 | N56: 0 | O56: 0 | P56: 0 | Q56: 0 | R56: 0 | S56: 0 | T56: 0 | U56: 0 | V56: 0 | Y56: 2 | Z56: WR00L2L2 | AA56: 19456 | AB56: 64 | AC56: 2 | AD56: 4 | AE56: 2148.11 | AF56: 2.2859 | AG56: 45470 | AH56: 0.47355324 | AI56: 0 | AJ56: 0 | AK56: 0 | AL56: 0 | AM56: 0 | AN56: 0 | AO56: 0 | AP56: 0 | AQ56: 0 | AR56: 0 | AS56: 0 | AT56: 0
A57: 3 | B57: WR00L2L2 | C57: 19456 | D57: 64 | E57: 2 | F57: 4 | G57: 2562.37 | H57: 1.9164 | I57: 45463 | J57: 0.52827546 | K57: 0 | L57: 0 | M57: 0 | N57: 0 | O57: 0 | P57: 0 | Q57: 0 | R57: 0 | S57: 0 | T57: 0 | U57: 0 | V57: 0 | Y57: 3 | Z57: WR00L2L2 | AA57: 19456 | AB57: 64 | AC57: 2 | AD57: 4 | AE57: 2165.46 | AF57: 2.2676 | AG57: 45471 | AH57: 0.73868056 | AI57: 0 | AJ57: 0 | AK57: 0 | AL57: 0 | AM57: 0 | AN57: 0 | AO57: 0 | AP57: 0 | AQ57: 0 | AR57: 0 | AS57: 0 | AT57: 0
A58: 4 | B58: WR00L2L2 | C58: 19456 | D58: 64 | E58: 2 | F58: 4 | G58: 2463.02 | H58: 1.9937 | I58: 45464 | J58: 0.80587963 | K58: 0 | L58: 0 | M58: 0 | N58: 0 | O58: 0 | P58: 0 | Q58: 0 | R58: 0 | S58: 0 | T58: 0 | U58: 0 | V58: 0 | Y58: 4 | Z58: WR00L2L2 | AA58: 19456 | AB58: 64 | AC58: 2 | AD58: 4 | AE58: 2176.53 | AF58: 2.2561 | AG58: 45473 | AH58: 0.0024884259 | AI58: 0 | AJ58: 0 | AK58: 0 | AL58: 0 | AM58: 0 | AN58: 0 | AO58: 0 | AP58: 0 | AQ58: 0 | AR58: 0 | AS58: 0 | AT58: 0
A59: 0 | B59: WR00L2L2 | C59: 20544 | D59: 64 | E59: 2 | F59: 4 | G59: 2878.71 | H59: 2.0082 | I59: 45459 | J59: 0.80112269 | K59: 0 | L59: 0 | M59: 0 | N59: 0 | O59: 0 | P59: 0 | Q59: 0 | R59: 0 | S59: 0 | T59: 0 | U59: 0 | V59: 0 | W59: =AVERAGE(H59:H63) -> 1.57266 | Y59: 0 | Z59: WR00L2L2 | AA59: 20544 | AB59: 64 | AC59: 2 | AD59: 4 | AE59: 2659.13 | AF59: 2.1741 | AG59: 45466 | AH59: 0.81190972 | AI59: 0 | AJ59: 0 | AK59: 0 | AL59: 0 | AM59: 0 | AN59: 0 | AO59: 0 | AP59: 0 | AQ59: 0 | AR59: 0 | AS59: 0 | AT59: 0 | AU59: =AVERAGE(AF59:AF63) -> 2.23576
A60: 1 | B60: WR00L2L2 | C60: 20544 | D60: 64 | E60: 2 | F60: 4 | G60: 2974.84 | H60: 1.9433 | I60: 45461 | J60: 0.1069213 | K60: 0 | L60: 0 | M60: 0 | N60: 0 | O60: 0 | P60: 0 | Q60: 0 | R60: 0 | S60: 0 | T60: 0 | U60: 0 | V60: 0 | Y60: 1 | Z60: WR00L2L2 | AA60: 20544 | AB60: 64 | AC60: 2 | AD60: 4 | AE60: 2510.17 | AF60: 2.3031 | AG60: 45469 | AH60: 0.66947917 | AI60: 0 | AJ60: 0 | AK60: 0 | AL60: 0 | AM60: 0 | AN60: 0 | AO60: 0 | AP60: 0 | AQ60: 0 | AR60: 0 | AS60: 0 | AT60: 0
A61: 2 | B61: WR00L2L2 | C61: 20544 | D61: 64 | E61: 2 | F61: 4 | G61: 2968.66 | H61: 1.9474 | I61: 45462 | J61: 0.71190972 | K61: 0 | L61: 0 | M61: 0 | N61: 0 | O61: 0 | P61: 0 | Q61: 0 | R61: 0 | S61: 0 | T61: 0 | U61: 0 | V61: 0 | Y61: 2 | Z61: WR00L2L2 | AA61: 20544 | AB61: 64 | AC61: 2 | AD61: 4 | AE61: 2627.09 | AF61: 2.2006 | AG61: 45470 | AH61: 0.93711806 | AI61: 0 | AJ61: 0 | AK61: 0 | AL61: 0 | AM61: 0 | AN61: 0 | AO61: 0 | AP61: 0 | AQ61: 0 | AR61: 0 | AS61: 0 | AT61: 0
A62: 3 | B62: WR00L2L2 | C62: 20544 | D62: 64 | E62: 2 | F62: 4 | G62: 2942.94 | H62: 1.9644 | I62: 45464 | J62: 0.0048263889 | K62: 0 | L62: 0 | M62: 0 | N62: 0 | O62: 0 | P62: 0 | Q62: 0 | R62: 0 | S62: 0 | T62: 0 | U62: 0 | V62: 0 | Y62: 3 | Z62: WR00L2L2 | AA62: 20544 | AB62: 64 | AC62: 2 | AD62: 4 | AE62: 2479.71 | AF62: 2.3314 | AG62: 45472 | AH62: 0.20200231 | AI62: 0 | AJ62: 0 | AK62: 0 | AL62: 0 | AM62: 0 | AN62: 0 | AO62: 0 | AP62: 0 | AQ62: 0 | AR62: 0 | AS62: 0 | AT62: 0
A63: 4 | B63: WR00L2L2 | C63: 20544 | D63: 64 | E63: 2 | F63: 4 | G63: 0 | H63: 0 | I63: 45465 | J63: 0.26762731 | K63: 0 | L63: 0 | M63: 0 | N63: 0 | O63: 0 | P63: 0 | Q63: 0 | R63: 0 | S63: 0 | T63: 0 | U63: 0 | V63: 0 | Y63: 4 | Z63: WR00L2L2 | AA63: 20544 | AB63: 64 | AC63: 2 | AD63: 4 | AE63: 2664.59 | AF63: 2.1696 | AG63: 45473 | AH63: 0.47125 | AI63: 0 | AJ63: 0 | AK63: 0 | AL63: 0 | AM63: 0 | AN63: 0 | AO63: 0 | AP63: 0 | AQ63: 0 | AR63: 0 | AS63: 0 | AT63: 0
A64: 0 | B64: WR00L2L2 | C64: 18336 | D64: 96 | E64: 1 | F64: 8 | G64: 1981.47 | H64: 2.0744 | I64: 45458 | J64: 0.9427662 | K64: 0 | L64: 0 | M64: 0 | N64: 0 | O64: 0 | P64: 0 | Q64: 0 | R64: 0 | S64: 0 | T64: 0 | U64: 0 | V64: 0 | W64: =AVERAGE(H64:H68) -> 2.0628 | Y64: 0 | Z64: WR00L2L2 | AA64: 18336 | AB64: 96 | AC64: 1 | AD64: 8 | AE64: 1807.68 | AF64: 2.2738 | AG64: 45465 | AH64: 0.97265046 | AI64: 0 | AJ64: 0 | AK64: 0 | AL64: 0 | AM64: 0 | AN64: 0 | AO64: 0 | AP64: 0 | AQ64: 0 | AR64: 0 | AS64: 0 | AT64: 0 | AU64: =AVERAGE(AF64:AF68) -> 2.26276
A65: 1 | B65: WR00L2L2 | C65: 18336 | D65: 96 | E65: 1 | F65: 8 | G65: 1966.01 | H65: 2.0907 | I65: 45460 | J65: 0.23740741 | K65: 0 | L65: 0 | M65: 0 | N65: 0 | O65: 0 | P65: 0 | Q65: 0 | R65: 0 | S65: 0 | T65: 0 | U65: 0 | V65: 0 | Y65: 1 | Z65: WR00L2L2 | AA65: 18336 | AB65: 96 | AC65: 1 | AD65: 8 | AE65: 1859.46 | AF65: 2.2105 | AG65: 45468 | AH65: 0.83076389 | AI65: 0 | AJ65: 0 | AK65: 0 | AL65: 0 | AM65: 0 | AN65: 0 | AO65: 0 | AP65: 0 | AQ65: 0 | AR65: 0 | AS65: 0 | AT65: 0
A66: 2 | B66: WR00L2L2 | C66: 18336 | D66: 96 | E66: 1 | F66: 8 | G66: 1958.1 | H66: 2.0991 | I66: 45461 | J66: 0.84782407 | K66: 0 | L66: 0 | M66: 0 | N66: 0 | O66: 0 | P66: 0 | Q66: 0 | R66: 0 | S66: 0 | T66: 0 | U66: 0 | V66: 0 | Y66: 2 | Z66: WR00L2L2 | AA66: 18336 | AB66: 96 | AC66: 1 | AD66: 8 | AE66: 1841.22 | AF66: 2.2324 | AG66: 45470 | AH66: 0.095694444 | AI66: 0 | AJ66: 0 | AK66: 0 | AL66: 0 | AM66: 0 | AN66: 0 | AO66: 0 | AP66: 0 | AQ66: 0 | AR66: 0 | AS66: 0 | AT66: 0
A67: 3 | B67: WR00L2L2 | C67: 18336 | D67: 96 | E67: 1 | F67: 8 | G67: 2018.85 | H67: 2.036 | I67: 45463 | J67: 0.1453588 | K67: 0 | L67: 0 | M67: 0 | N67: 0 | O67: 0 | P67: 0 | Q67: 0 | R67: 0 | S67: 0 | T67: 0 | U67: 0 | V67: 0 | Y67: 3 | Z67: WR00L2L2 | AA67: 18336 | AB67: 96 | AC67: 1 | AD67: 8 | AE67: 1757.95 | AF67: 2.3381 | AG67: 45471 | AH67: 0.36287037 | AI67: 0 | AJ67: 0 | AK67: 0 | AL67: 0 | AM67: 0 | AN67: 0 | AO67: 0 | AP67: 0 | AQ67: 0 | AR67: 0 | AS67: 0 | AT67: 0
A68: 4 | B68: WR00L2L2 | C68: 18336 | D68: 96 | E68: 1 | F68: 8 | G68: 2041.08 | H68: 2.0138 | I68: 45464 | J68: 0.4252662 | K68: 0 | L68: 0 | M68: 0 | N68: 0 | O68: 0 | P68: 0 | Q68: 0 | R68: 0 | S68: 0 | T68: 0 | U68: 0 | V68: 0 | Y68: 4 | Z68: WR00L2L2 | AA68: 18336 | AB68: 96 | AC68: 1 | AD68: 8 | AE68: 1819.52 | AF68: 2.259 | AG68: 45472 | AH68: 0.62824074 | AI68: 0 | AJ68: 0 | AK68: 0 | AL68: 0 | AM68: 0 | AN68: 0 | AO68: 0 | AP68: 0 | AQ68: 0 | AR68: 0 | AS68: 0 | AT68: 0
A69: 0 | B69: WR00L2L2 | C69: 19392 | D69: 96 | E69: 1 | F69: 8 | G69: 2301.71 | H69: 2.1124 | I69: 45459 | J69: 0.35556713 | K69: 0 | L69: 0 | M69: 0 | N69: 0 | O69: 0 | P69: 0 | Q69: 0 | R69: 0 | S69: 0 | T69: 0 | U69: 0 | V69: 0 | W69: =AVERAGE(H69:H73) -> 2.0867 | Y69: 0 | Z69: WR00L2L2 | AA69: 19392 | AB69: 96 | AC69: 1 | AD69: 8 | AE69: 2125.07 | AF69: 2.288 | AG69: 45466 | AH69: 0.37393519 | AI69: 0 | AJ69: 0 | AK69: 0 | AL69: 0 | AM69: 0 | AN69: 0 | AO69: 0 | AP69: 0 | AQ69: 0 | AR69: 0 | AS69: 0 | AT69: 0 | AU69: =AVERAGE(AF69:AF73) -> 2.28346
A70: 1 | B70: WR00L2L2 | C70: 19392 | D70: 96 | E70: 1 | F70: 8 | G70: 2361.89 | H70: 2.0586 | I70: 45460 | J70: 0.65239583 | K70: 0 | L70: 0 | M70: 0 | N70: 0 | O70: 0 | P70: 0 | Q70: 0 | R70: 0 | S70: 0 | T70: 0 | U70: 0 | V70: 0 | Y70: 1 | Z70: WR00L2L2 | AA70: 19392 | AB70: 96 | AC70: 1 | AD70: 8 | AE70: 2145.34 | AF70: 2.2664 | AG70: 45469 | AH70: 0.2319213 | AI70: 0 | AJ70: 0 | AK70: 0 | AL70: 0 | AM70: 0 | AN70: 0 | AO70: 0 | AP70: 0 | AQ70: 0 | AR70: 0 | AS70: 0 | AT70: 0
A71: 2 | B71: WR00L2L2 | C71: 19392 | D71: 96 | E71: 1 | F71: 8 | G71: 2300.25 | H71: 2.1137 | I71: 45462 | J71: 0.26174769 | K71: 0 | L71: 0 | M71: 0 | N71: 0 | O71: 0 | P71: 0 | Q71: 0 | R71: 0 | S71: 0 | T71: 0 | U71: 0 | V71: 0 | Y71: 2 | Z71: WR00L2L2 | AA71: 19392 | AB71: 96 | AC71: 1 | AD71: 8 | AE71: 2083.32 | AF71: 2.3338 | AG71: 45470 | AH71: 0.50064815 | AI71: 0 | AJ71: 0 | AK71: 0 | AL71: 0 | AM71: 0 | AN71: 0 | AO71: 0 | AP71: 0 | AQ71: 0 | AR71: 0 | AS71: 0 | AT71: 0
A72: 3 | B72: WR00L2L2 | C72: 19392 | D72: 96 | E72: 1 | F72: 8 | G72: 2309.9 | H72: 2.1049 | I72: 45463 | J72: 0.55564815 | K72: 0 | L72: 0 | M72: 0 | N72: 0 | O72: 0 | P72: 0 | Q72: 0 | R72: 0 | S72: 0 | T72: 0 | U72: 0 | V72: 0 | Y72: 3 | Z72: WR00L2L2 | AA72: 19392 | AB72: 96 | AC72: 1 | AD72: 8 | AE72: 2141.08 | AF72: 2.2709 | AG72: 45471 | AH72: 0.76636574 | AI72: 0 | AJ72: 0 | AK72: 0 | AL72: 0 | AM72: 0 | AN72: 0 | AO72: 0 | AP72: 0 | AQ72: 0 | AR72: 0 | AS72: 0 | AT72: 0
A73: 4 | B73: WR00L2L2 | C73: 19392 | D73: 96 | E73: 1 | F73: 8 | G73: 2378.81 | H73: 2.0439 | I73: 45464 | J73: 0.83414352 | K73: 0 | L73: 0 | M73: 0 | N73: 0 | O73: 0 | P73: 0 | Q73: 0 | R73: 0 | S73: 0 | T73: 0 | U73: 0 | V73: 0 | Y73: 4 | Z73: WR00L2L2 | AA73: 19392 | AB73: 96 | AC73: 1 | AD73: 8 | AE73: 2153.12 | AF73: 2.2582 | AG73: 45473 | AH73: 0.030381944 | AI73: 0 | AJ73: 0 | AK73: 0 | AL73: 0 | AM73: 0 | AN73: 0 | AO73: 0 | AP73: 0 | AQ73: 0 | AR73: 0 | AS73: 0 | AT73: 0
A74: 0 | B74: WR00L2L2 | C74: 20544 | D74: 96 | E74: 1 | F74: 8 | G74: 2736.94 | H74: 2.1123 | I74: 45459 | J74: 0.83350694 | K74: 0 | L74: 0 | M74: 0 | N74: 0 | O74: 0 | P74: 0 | Q74: 0 | R74: 0 | S74: 0 | T74: 0 | U74: 0 | V74: 0 | W74: =AVERAGE(H74:H78) -> 2.071 | Y74: 0 | Z74: WR00L2L2 | AA74: 20544 | AB74: 96 | AC74: 1 | AD74: 8 | AE74: 2473.1 | AF74: 2.3376 | AG74: 45466 | AH74: 0.84375 | AI74: 0 | AJ74: 0 | AK74: 0 | AL74: 0 | AM74: 0 | AN74: 0 | AO74: 0 | AP74: 0 | AQ74: 0 | AR74: 0 | AS74: 0 | AT74: 0 | AU74: =AVERAGE(AF74:AF78) -> 2.30742
A75: 1 | B75: WR00L2L2 | C75: 20544 | D75: 96 | E75: 1 | F75: 8 | G75: 2730.18 | H75: 2.1175 | I75: 45461 | J75: 0.1393287 | K75: 0 | L75: 0 | M75: 0 | N75: 0 | O75: 0 | P75: 0 | Q75: 0 | R75: 0 | S75: 0 | T75: 0 | U75: 0 | V75: 0 | Y75: 1 | Z75: WR00L2L2 | AA75: 20544 | AB75: 96 | AC75: 1 | AD75: 8 | AE75: 2429.49 | AF75: 2.3796 | AG75: 45469 | AH75: 0.70056713 | AI75: 0 | AJ75: 0 | AK75: 0 | AL75: 0 | AM75: 0 | AN75: 0 | AO75: 0 | AP75: 0 | AQ75: 0 | AR75: 0 | AS75: 0 | AT75: 0
A76: 2 | B76: WR00L2L2 | C76: 20544 | D76: 96 | E76: 1 | F76: 8 | G76: 2858.37 | H76: 2.0225 | I76: 45462 | J76: 0.74570602 | K76: 0 | L76: 0 | M76: 0 | N76: 0 | O76: 0 | P76: 0 | Q76: 0 | R76: 0 | S76: 0 | T76: 0 | U76: 0 | V76: 0 | Y76: 2 | Z76: WR00L2L2 | AA76: 20544 | AB76: 96 | AC76: 1 | AD76: 8 | AE76: 2566.62 | AF76: 2.2524 | AG76: 45470 | AH76: 0.9699537 | AI76: 0 | AJ76: 0 | AK76: 0 | AL76: 0 | AM76: 0 | AN76: 0 | AO76: 0 | AP76: 0 | AQ76: 0 | AR76: 0 | AS76: 0 | AT76: 0
A77: 3 | B77: WR00L2L2 | C77: 20544 | D77: 96 | E77: 1 | F77: 8 | G77: 2811.28 | H77: 2.0564 | I77: 45464 | J77: 0.038090278 | K77: 0 | L77: 0 | M77: 0 | N77: 0 | O77: 0 | P77: 0 | Q77: 0 | R77: 0 | S77: 0 | T77: 0 | U77: 0 | V77: 0 | Y77: 3 | Z77: WR00L2L2 | AA77: 20544 | AB77: 96 | AC77: 1 | AD77: 8 | AE77: 2479.04 | AF77: 2.332 | AG77: 45472 | AH77: 0.23388889 | AI77: 0 | AJ77: 0 | AK77: 0 | AL77: 0 | AM77: 0 | AN77: 0 | AO77: 0 | AP77: 0 | AQ77: 0 | AR77: 0 | AS77: 0 | AT77: 0
A78: 4 | B78: WR00L2L2 | C78: 20544 | D78: 96 | E78: 1 | F78: 8 | G78: 2825.12 | H78: 2.0463 | I78: 45465 | J78: 0.30118056 | K78: 0 | L78: 0 | M78: 0 | N78: 0 | O78: 0 | P78: 0 | Q78: 0 | R78: 0 | S78: 0 | T78: 0 | U78: 0 | V78: 0 | Y78: 4 | Z78: WR00L2L2 | AA78: 20544 | AB78: 96 | AC78: 1 | AD78: 8 | AE78: 2586.09 | AF78: 2.2355 | AG78: 45473 | AH78: 0.50421296 | AI78: 0 | AJ78: 0 | AK78: 0 | AL78: 0 | AM78: 0 | AN78: 0 | AO78: 0 | AP78: 0 | AQ78: 0 | AR78: 0 | AS78: 0 | AT78: 0
A79: 0 | B79: WR00L2L2 | C79: 18336 | D79: 96 | E79: 2 | F79: 4 | G79: 2027.5 | H79: 2.0273 | I79: 45458 | J79: 0.96703704 | K79: 0 | L79: 0 | M79: 0 | N79: 0 | O79: 0 | P79: 0 | Q79: 0 | R79: 0 | S79: 0 | T79: 0 | U79: 0 | V79: 0 | W79: =AVERAGE(H79:H83) -> 2.02726 | Y79: 0 | Z79: WR00L2L2 | AA79: 18336 | AB79: 96 | AC79: 2 | AD79: 4 | AE79: 1873.19 | AF79: 2.1943 | AG79: 45465 | AH79: 0.99677083 | AI79: 0 | AJ79: 0 | AK79: 0 | AL79: 0 | AM79: 0 | AN79: 0 | AO79: 0 | AP79: 0 | AQ79: 0 | AR79: 0 | AS79: 0 | AT79: 0 | AU79: =AVERAGE(AF79:AF83) -> 2.19706
A80: 1 | B80: WR00L2L2 | C80: 18336 | D80: 96 | E80: 2 | F80: 4 | G80: 2080.62 | H80: 1.9755 | I80: 45460 | J80: 0.26207176 | K80: 0 | L80: 0 | M80: 0 | N80: 0 | O80: 0 | P80: 0 | Q80: 0 | R80: 0 | S80: 0 | T80: 0 | U80: 0 | V80: 0 | Y80: 1 | Z80: WR00L2L2 | AA80: 18336 | AB80: 96 | AC80: 2 | AD80: 4 | AE80: 1857.16 | AF80: 2.2132 | AG80: 45468 | AH80: 0.85453704 | AI80: 0 | AJ80: 0 | AK80: 0 | AL80: 0 | AM80: 0 | AN80: 0 | AO80: 0 | AP80: 0 | AQ80: 0 | AR80: 0 | AS80: 0 | AT80: 0
A81: 2 | B81: WR00L2L2 | C81: 18336 | D81: 96 | E81: 2 | F81: 4 | G81: 1981.05 | H81: 2.0748 | I81: 45461 | J81: 0.87145833 | K81: 0 | L81: 0 | M81: 0 | N81: 0 | O81: 0 | P81: 0 | Q81: 0 | R81: 0 | S81: 0 | T81: 0 | U81: 0 | V81: 0 | Y81: 2 | Z81: WR00L2L2 | AA81: 18336 | AB81: 96 | AC81: 2 | AD81: 4 | AE81: 1912.72 | AF81: 2.1489 | AG81: 45470 | AH81: 0.12028935 | AI81: 0 | AJ81: 0 | AK81: 0 | AL81: 0 | AM81: 0 | AN81: 0 | AO81: 0 | AP81: 0 | AQ81: 0 | AR81: 0 | AS81: 0 | AT81: 0
A82: 3 | B82: WR00L2L2 | C82: 18336 | D82: 96 | E82: 2 | F82: 4 | G82: 2070.41 | H82: 1.9853 | I82: 45463 | J82: 0.16997685 | K82: 0 | L82: 0 | M82: 0 | N82: 0 | O82: 0 | P82: 0 | Q82: 0 | R82: 0 | S82: 0 | T82: 0 | U82: 0 | V82: 0 | Y82: 3 | Z82: WR00L2L2 | AA82: 18336 | AB82: 96 | AC82: 2 | AD82: 4 | AE82: 1822.44 | AF82: 2.2554 | AG82: 45471 | AH82: 0.38641204 | AI82: 0 | AJ82: 0 | AK82: 0 | AL82: 0 | AM82: 0 | AN82: 0 | AO82: 0 | AP82: 0 | AQ82: 0 | AR82: 0 | AS82: 0 | AT82: 0
A83: 4 | B83: WR00L2L2 | C83: 18336 | D83: 96 | E83: 2 | F83: 4 | G83: 1982.41 | H83: 2.0734 | I83: 45464 | J83: 0.44892361 | K83: 0 | L83: 0 | M83: 0 | N83: 0 | O83: 0 | P83: 0 | Q83: 0 | R83: 0 | S83: 0 | T83: 0 | U83: 0 | V83: 0 | Y83: 4 | Z83: WR00L2L2 | AA83: 18336 | AB83: 96 | AC83: 2 | AD83: 4 | AE83: 1891.11 | AF83: 2.1735 | AG83: 45472 | AH83: 0.65256944 | AI83: 0 | AJ83: 0 | AK83: 0 | AL83: 0 | AM83: 0 | AN83: 0 | AO83: 0 | AP83: 0 | AQ83: 0 | AR83: 0 | AS83: 0 | AT83: 0
A84: 0 | B84: WR00L2L2 | C84: 19392 | D84: 96 | E84: 2 | F84: 4 | G84: 2323.56 | H84: 2.0925 | I84: 45459 | J84: 0.383125 | K84: 0 | L84: 0 | M84: 0 | N84: 0 | O84: 0 | P84: 0 | Q84: 0 | R84: 0 | S84: 0 | T84: 0 | U84: 0 | V84: 0 | W84: =AVERAGE(H84:H88) -> 2.07736 | Y84: 0 | Z84: WR00L2L2 | AA84: 19392 | AB84: 96 | AC84: 2 | AD84: 4 | AE84: 2062.89 | AF84: 2.357 | AG84: 45466 | AH84: 0.40047454 | AI84: 0 | AJ84: 0 | AK84: 0 | AL84: 0 | AM84: 0 | AN84: 0 | AO84: 0 | AP84: 0 | AQ84: 0 | AR84: 0 | AS84: 0 | AT84: 0 | AU84: =AVERAGE(AF84:AF88) -> 2.24922
A85: 1 | B85: WR00L2L2 | C85: 19392 | D85: 96 | E85: 2 | F85: 4 | G85: 2336.47 | H85: 2.081 | I85: 45460 | J85: 0.68017361 | K85: 0 | L85: 0 | M85: 0 | N85: 0 | O85: 0 | P85: 0 | Q85: 0 | R85: 0 | S85: 0 | T85: 0 | U85: 0 | V85: 0 | Y85: 1 | Z85: WR00L2L2 | AA85: 19392 | AB85: 96 | AC85: 2 | AD85: 4 | AE85: 2165.8 | AF85: 2.245 | AG85: 45469 | AH85: 0.2596412 | AI85: 0 | AJ85: 0 | AK85: 0 | AL85: 0 | AM85: 0 | AN85: 0 | AO85: 0 | AP85: 0 | AQ85: 0 | AR85: 0 | AS85: 0 | AT85: 0
A86: 2 | B86: WR00L2L2 | C86: 19392 | D86: 96 | E86: 2 | F86: 4 | G86: 2328.46 | H86: 2.0881 | I86: 45462 | J86: 0.28949074 | K86: 0 | L86: 0 | M86: 0 | N86: 0 | O86: 0 | P86: 0 | Q86: 0 | R86: 0 | S86: 0 | T86: 0 | U86: 0 | V86: 0 | Y86: 2 | Z86: WR00L2L2 | AA86: 19392 | AB86: 96 | AC86: 2 | AD86: 4 | AE86: 2202.64 | AF86: 2.2074 | AG86: 45470 | AH86: 0.52887731 | AI86: 0 | AJ86: 0 | AK86: 0 | AL86: 0 | AM86: 0 | AN86: 0 | AO86: 0 | AP86: 0 | AQ86: 0 | AR86: 0 | AS86: 0 | AT86: 0
A87: 3 | B87: WR00L2L2 | C87: 19392 | D87: 96 | E87: 2 | F87: 4 | G87: 2305.65 | H87: 2.1088 | I87: 45463 | J87: 0.58302083 | K87: 0 | L87: 0 | M87: 0 | N87: 0 | O87: 0 | P87: 0 | Q87: 0 | R87: 0 | S87: 0 | T87: 0 | U87: 0 | V87: 0 | Y87: 3 | Z87: WR00L2L2 | AA87: 19392 | AB87: 96 | AC87: 2 | AD87: 4 | AE87: 2190.71 | AF87: 2.2194 | AG87: 45471 | AH87: 0.79460648 | AI87: 0 | AJ87: 0 | AK87: 0 | AL87: 0 | AM87: 0 | AN87: 0 | AO87: 0 | AP87: 0 | AQ87: 0 | AR87: 0 | AS87: 0 | AT87: 0
A88: 4 | B88: WR00L2L2 | C88: 19392 | D88: 96 | E88: 2 | F88: 4 | G88: 2411.24 | H88: 2.0164 | I88: 45464 | J88: 0.86268519 | K88: 0 | L88: 0 | M88: 0 | N88: 0 | O88: 0 | P88: 0 | Q88: 0 | R88: 0 | S88: 0 | T88: 0 | U88: 0 | V88: 0 | Y88: 4 | Z88: WR00L2L2 | AA88: 19392 | AB88: 96 | AC88: 2 | AD88: 4 | AE88: 2192.81 | AF88: 2.2173 | AG88: 45473 | AH88: 0.058506944 | AI88: 0 | AJ88: 0 | AK88: 0 | AL88: 0 | AM88: 0 | AN88: 0 | AO88: 0 | AP88: 0 | AQ88: 0 | AR88: 0 | AS88: 0 | AT88: 0
A89: 0 | B89: WR00L2L2 | C89: 20544 | D89: 96 | E89: 2 | F89: 4 | G89: 2850.36 | H89: 2.0282 | I89: 45459 | J89: 0.86719907 | K89: 0 | L89: 0 | M89: 0 | N89: 0 | O89: 0 | P89: 0 | Q89: 0 | R89: 0 | S89: 0 | T89: 0 | U89: 0 | V89: 0 | W89: =AVERAGE(H89:H93) -> 2.05698 | Y89: 0 | Z89: WR00L2L2 | AA89: 20544 | AB89: 96 | AC89: 2 | AD89: 4 | AE89: 2635.45 | AF89: 2.1936 | AG89: 45466 | AH89: 0.87724537 | AI89: 0 | AJ89: 0 | AK89: 0 | AL89: 0 | AM89: 0 | AN89: 0 | AO89: 0 | AP89: 0 | AQ89: 0 | AR89: 0 | AS89: 0 | AT89: 0 | AU89: =AVERAGE(AF89:AF93) -> 2.23822
A90: 1 | B90: WR00L2L2 | C90: 20544 | D90: 96 | E90: 2 | F90: 4 | G90: 2779.83 | H90: 2.0797 | I90: 45461 | J90: 0.17239583 | K90: 0 | L90: 0 | M90: 0 | N90: 0 | O90: 0 | P90: 0 | Q90: 0 | R90: 0 | S90: 0 | T90: 0 | U90: 0 | V90: 0 | Y90: 1 | Z90: WR00L2L2 | AA90: 20544 | AB90: 96 | AC90: 2 | AD90: 4 | AE90: 2549.39 | AF90: 2.2676 | AG90: 45469 | AH90: 0.73328704 | AI90: 0 | AJ90: 0 | AK90: 0 | AL90: 0 | AM90: 0 | AN90: 0 | AO90: 0 | AP90: 0 | AQ90: 0 | AR90: 0 | AS90: 0 | AT90: 0
A91: 2 | B91: WR00L2L2 | C91: 20544 | D91: 96 | E91: 2 | F91: 4 | G91: 2753.46 | H91: 2.0996 | I91: 45462 | J91: 0.7784375 | K91: 0 | L91: 0 | M91: 0 | N91: 0 | O91: 0 | P91: 0 | Q91: 0 | R91: 0 | S91: 0 | T91: 0 | U91: 0 | V91: 0 | Y91: 2 | Z91: WR00L2L2 | AA91: 20544 | AB91: 96 | AC91: 2 | AD91: 4 | AE91: 2617.9 | AF91: 2.2083 | AG91: 45471 | AH91: 0.0033912037 | AI91: 0 | AJ91: 0 | AK91: 0 | AL91: 0 | AM91: 0 | AN91: 0 | AO91: 0 | AP91: 0 | AQ91: 0 | AR91: 0 | AS91: 0 | AT91: 0
A92: 3 | B92: WR00L2L2 | C92: 20544 | D92: 96 | E92: 2 | F92: 4 | G92: 2818.6 | H92: 2.0511 | I92: 45464 | J92: 0.071539352 | K92: 0 | L92: 0 | M92: 0 | N92: 0 | O92: 0 | P92: 0 | Q92: 0 | R92: 0 | S92: 0 | T92: 0 | U92: 0 | V92: 0 | Y92: 3 | Z92: WR00L2L2 | AA92: 20544 | AB92: 96 | AC92: 2 | AD92: 4 | AE92: 2580.93 | AF92: 2.2399 | AG92: 45472 | AH92: 0.26677083 | AI92: 0 | AJ92: 0 | AK92: 0 | AL92: 0 | AM92: 0 | AN92: 0 | AO92: 0 | AP92: 0 | AQ92: 0 | AR92: 0 | AS92: 0 | AT92: 0
A93: 4 | B93: WR00L2L2 | C93: 20544 | D93: 96 | E93: 2 | F93: 4 | G93: 2853.06 | H93: 2.0263 | I93: 45465 | J93: 0.33490741 | K93: 0 | L93: 0 | M93: 0 | N93: 0 | O93: 0 | P93: 0 | Q93: 0 | R93: 0 | S93: 0 | T93: 0 | U93: 0 | V93: 0 | Y93: 4 | Z93: WR00L2L2 | AA93: 20544 | AB93: 96 | AC93: 2 | AD93: 4 | AE93: 2533.67 | AF93: 2.2817 | AG93: 45473 | AH93: 0.53652778 | AI93: 0 | AJ93: 0 | AK93: 0 | AL93: 0 | AM93: 0 | AN93: 0 | AO93: 0 | AP93: 0 | AQ93: 0 | AR93: 0 | AS93: 0 | AT93: 0
A94: 0 | B94: WR00L2L2 | C94: 18304 | D94: 128 | E94: 1 | F94: 8 | G94: 2030.88 | H94: 2.0133 | I94: 45458 | J94: 0.99111111 | K94: 0 | L94: 0 | M94: 0 | N94: 0 | O94: 0 | P94: 0 | Q94: 0 | R94: 0 | S94: 0 | T94: 0 | U94: 0 | V94: 0 | W94: =AVERAGE(H94:H98) -> 1.98472 | Y94: 0 | Z94: WR00L2L2 | AA94: 18304 | AB94: 128 | AC94: 1 | AD94: 8 | AE94: 1817.72 | AF94: 2.2494 | AG94: 45466 | AH94: 0.020243056 | AI94: 0 | AJ94: 0 | AK94: 0 | AL94: 0 | AM94: 0 | AN94: 0 | AO94: 0 | AP94: 0 | AQ94: 0 | AR94: 0 | AS94: 0 | AT94: 0 | AU94: =AVERAGE(AF94:AF98) -> 2.22984
A95: 1 | B95: WR00L2L2 | C95: 18304 | D95: 128 | E95: 1 | F95: 8 | G95: 2069.24 | H95: 1.976 | I95: 45460 | J95: 0.28667824 | K95: 0 | L95: 0 | M95: 0 | N95: 0 | O95: 0 | P95: 0 | Q95: 0 | R95: 0 | S95: 0 | T95: 0 | U95: 0 | V95: 0 | Y95: 1 | Z95: WR00L2L2 | AA95: 18304 | AB95: 128 | AC95: 1 | AD95: 8 | AE95: 1810.97 | AF95: 2.2578 | AG95: 45468 | AH95: 0.87811343 | AI95: 0 | AJ95: 0 | AK95: 0 | AL95: 0 | AM95: 0 | AN95: 0 | AO95: 0 | AP95: 0 | AQ95: 0 | AR95: 0 | AS95: 0 | AT95: 0
A96: 2 | B96: WR00L2L2 | C96: 18304 | D96: 128 | E96: 1 | F96: 8 | G96: 2093.71 | H96: 1.9529 | I96: 45461 | J96: 0.89640046 | K96: 0 | L96: 0 | M96: 0 | N96: 0 | O96: 0 | P96: 0 | Q96: 0 | R96: 0 | S96: 0 | T96: 0 | U96: 0 | V96: 0 | Y96: 2 | Z96: WR00L2L2 | AA96: 18304 | AB96: 128 | AC96: 1 | AD96: 8 | AE96: 1891.87 | AF96: 2.1613 | AG96: 45470 | AH96: 0.14447917 | AI96: 0 | AJ96: 0 | AK96: 0 | AL96: 0 | AM96: 0 | AN96: 0 | AO96: 0 | AP96: 0 | AQ96: 0 | AR96: 0 | AS96: 0 | AT96: 0
A97: 3 | B97: WR00L2L2 | C97: 18304 | D97: 128 | E97: 1 | F97: 8 | G97: 2098.03 | H97: 1.9489 | I97: 45463 | J97: 0.19498843 | K97: 0 | L97: 0 | M97: 0 | N97: 0 | O97: 0 | P97: 0 | Q97: 0 | R97: 0 | S97: 0 | T97: 0 | U97: 0 | V97: 0 | Y97: 3 | Z97: WR00L2L2 | AA97: 18304 | AB97: 128 | AC97: 1 | AD97: 8 | AE97: 1896.97 | AF97: 2.1555 | AG97: 45471 | AH97: 0.4109838 | AI97: 0 | AJ97: 0 | AK97: 0 | AL97: 0 | AM97: 0 | AN97: 0 | AO97: 0 | AP97: 0 | AQ97: 0 | AR97: 0 | AS97: 0 | AT97: 0
A98: 4 | B98: WR00L2L2 | C98: 18304 | D98: 128 | E98: 1 | F98: 8 | G98: 2011.73 | H98: 2.0325 | I98: 45464 | J98: 0.47288194 | K98: 0 | L98: 0 | M98: 0 | N98: 0 | O98: 0 | P98: 0 | Q98: 0 | R98: 0 | S98: 0 | T98: 0 | U98: 0 | V98: 0 | Y98: 4 | Z98: WR00L2L2 | AA98: 18304 | AB98: 128 | AC98: 1 | AD98: 8 | AE98: 1758.5 | AF98: 2.3252 | AG98: 45472 | AH98: 0.67530093 | AI98: 0 | AJ98: 0 | AK98: 0 | AL98: 0 | AM98: 0 | AN98: 0 | AO98: 0 | AP98: 0 | AQ98: 0 | AR98: 0 | AS98: 0 | AT98: 0
A99: 0 | B99: WR00L2L2 | C99: 19456 | D99: 128 | E99: 1 | F99: 8 | G99: 2445.77 | H99: 2.0077 | I99: 45459 | J99: 0.41206019 | K99: 0 | L99: 0 | M99: 0 | N99: 0 | O99: 0 | P99: 0 | Q99: 0 | R99: 0 | S99: 0 | T99: 0 | U99: 0 | V99: 0 | W99: =AVERAGE(H99:H103) -> 1.99292 | Y99: 0 | Z99: WR00L2L2 | AA99: 19456 | AB99: 128 | AC99: 1 | AD99: 8 | AE99: 2170.73 | AF99: 2.2621 | AG99: 45466 | AH99: 0.42841435 | AI99: 0 | AJ99: 0 | AK99: 0 | AL99: 0 | AM99: 0 | AN99: 0 | AO99: 0 | AP99: 0 | AQ99: 0 | AR99: 0 | AS99: 0 | AT99: 0 | AU99: =AVERAGE(AF99:AF103) -> 2.2664
A100: 1 | B100: WR00L2L2 | C100: 19456 | D100: 128 | E100: 1 | F100: 8 | G100: 2511.37 | H100: 1.9553 | I100: 45460 | J100: 0.70990741 | K100: 0 | L100: 0 | M100: 0 | N100: 0 | O100: 0 | P100: 0 | Q100: 0 | R100: 0 | S100: 0 | T100: 0 | U100: 0 | V100: 0 | Y100: 1 | Z100: WR00L2L2 | AA100: 19456 | AB100: 128 | AC100: 1 | AD100: 8 | AE100: 2162.38 | AF100: 2.2708 | AG100: 45469 | AH100: 0.28743056 | AI100: 0 | AJ100: 0 | AK100: 0 | AL100: 0 | AM100: 0 | AN100: 0 | AO100: 0 | AP100: 0 | AQ100: 0 | AR100: 0 | AS100: 0 | AT100: 0
...

Sheet 1 node, params
A1: ATLAS (atlarch-flags) | G1: OpenBLAS
A2: =INDEX(A4:A500,MATCH(MAX(E4:E500),E4:E500,0)) -> 9696 | B2: =INDEX(B4:B500,MATCH(MAX(E4:E500),E4:E500,0)) -> 96 | C2: =INDEX(C4:C500,MATCH(MAX(E4:E500),E4:E500,0)) -> 1 | D2: =INDEX(D4:D500,MATCH(MAX(E4:E500),E4:E500,0)) -> 2 | E2: =MAX(E4:E500) -> 0.66076 | G2: =INDEX(G4:G500,MATCH(MAX(K4:K500),K4:K500,0)) -> 10080 | H2: =INDEX(H4:H500,MATCH(MAX(K4:K500),K4:K500,0)) -> 224 | I2: =INDEX(I4:I500,MATCH(MAX(K4:K500),K4:K500,0)) -> 1 | J2: =INDEX(J4:J500,MATCH(MAX(K4:K500),K4:K500,0)) -> 2 | K2: =MAX(K4:K500) -> 0.722498
A3: N | B3: NB | C3: P | D3: Q | E3: Average GFLOP/s | G3: N | H3: NB | I3: P | J3: Q | K3: Average GFLOP/s | M3: N (rounded) | N3: N (rounded)
A4: {=_xlfn.CHOOSECOLS(_xlfn._xlws.FILTER('1 node, params, RAW'!A4:N500,'1 node, params, RAW'!A4:A500=0),3,4,5,6,14)} -> 9216 | B4: 32 | C4: 1 | D4: 2 | E4: 0.616352 | G4: {=_xlfn.CHOOSECOLS(_xlfn._xlws.FILTER('1 node, params, RAW'!P4:AC500,'1 node, params, RAW'!P4:P500=0),3,4,5,6,14)} -> 9216 | H4: 32 | I4: 1 | J4: 2 | K4: 0.665978 | M4: =CHOOSE(IF(ABS(A4-9216) <= ABS(A4-9728),IF(ABS(A4-9216) <= ABS(A4-10240),1,3),IF(ABS(A4-9728) <= ABS(A4-10240),2,3)),9216,9728,10240) -> 9216 | N4: =CHOOSE(IF(ABS(G4-9216) <= ABS(G4-9728),IF(ABS(G4-9216) <= ABS(G4-10240),1,3),IF(ABS(G4-9728) <= ABS(G4-10240),2,3)),9216,9728,10240) -> 9216
A5: 9728 | B5: 32 | C5: 1 | D5: 2 | E5: 0.616688 | G5: 9728 | H5: 32 | I5: 1 | J5: 2 | K5: 0.671752 | M5: =CHOOSE(IF(ABS(A5-9216) <= ABS(A5-9728),IF(ABS(A5-9216) <= ABS(A5-10240),1,3),IF(ABS(A5-9728) <= ABS(A5-10240),2,3)),9216,9728,10240) -> 9728 | N5: =CHOOSE(IF(ABS(G5-9216) <= ABS(G5-9728),IF(ABS(G5-9216) <= ABS(G5-10240),1,3),IF(ABS(G5-9728) <= ABS(G5-10240),2,3)),9216,9728,10240) -> 9728
A6: 10240 | B6: 32 | C6: 1 | D6: 2 | E6: 0.61733 | G6: 10240 | H6: 32 | I6: 1 | J6: 2 | K6: 0.678436 | M6: =CHOOSE(IF(ABS(A6-9216) <= ABS(A6-9728),IF(ABS(A6-9216) <= ABS(A6-10240),1,3),IF(ABS(A6-9728) <= ABS(A6-10240),2,3)),9216,9728,10240) -> 10240 | N6: =CHOOSE(IF(ABS(G6-9216) <= ABS(G6-9728),IF(ABS(G6-9216) <= ABS(G6-10240),1,3),IF(ABS(G6-9728) <= ABS(G6-10240),2,3)),9216,9728,10240) -> 10240
A7: 9216 | B7: 64 | C7: 1 | D7: 2 | E7: 0.621298 | G7: 9216 | H7: 64 | I7: 1 | J7: 2 | K7: 0.707938 | M7: =CHOOSE(IF(ABS(A7-9216) <= ABS(A7-9728),IF(ABS(A7-9216) <= ABS(A7-10240),1,3),IF(ABS(A7-9728) <= ABS(A7-10240),2,3)),9216,9728,10240) -> 9216 | N7: =CHOOSE(IF(ABS(G7-9216) <= ABS(G7-9728),IF(ABS(G7-9216) <= ABS(G7-10240),1,3),IF(ABS(G7-9728) <= ABS(G7-10240),2,3)),9216,9728,10240) -> 9216
A8: 9728 | B8: 64 | C8: 1 | D8: 2 | E8: 0.624304 | G8: 9728 | H8: 64 | I8: 1 | J8: 2 | K8: 0.715902 | M8: =CHOOSE(IF(ABS(A8-9216) <= ABS(A8-9728),IF(ABS(A8-9216) <= ABS(A8-10240),1,3),IF(ABS(A8-9728) <= ABS(A8-10240),2,3)),9216,9728,10240) -> 9728 | N8: =CHOOSE(IF(ABS(G8-9216) <= ABS(G8-9728),IF(ABS(G8-9216) <= ABS(G8-10240),1,3),IF(ABS(G8-9728) <= ABS(G8-10240),2,3)),9216,9728,10240) -> 9728
A9: 10240 | B9: 64 | C9: 1 | D9: 2 | E9: 0.62391 | G9: 10240 | H9: 64 | I9: 1 | J9: 2 | K9: 0.708562 | M9: =CHOOSE(IF(ABS(A9-9216) <= ABS(A9-9728),IF(ABS(A9-9216) <= ABS(A9-10240),1,3),IF(ABS(A9-9728) <= ABS(A9-10240),2,3)),9216,9728,10240) -> 10240 | N9: =CHOOSE(IF(ABS(G9-9216) <= ABS(G9-9728),IF(ABS(G9-9216) <= ABS(G9-10240),1,3),IF(ABS(G9-9728) <= ABS(G9-10240),2,3)),9216,9728,10240) -> 10240
A10: 9216 | B10: 96 | C10: 1 | D10: 2 | E10: 0.643476 | G10: 9216 | H10: 96 | I10: 1 | J10: 2 | K10: 0.71399 | M10: =CHOOSE(IF(ABS(A10-9216) <= ABS(A10-9728),IF(ABS(A10-9216) <= ABS(A10-10240),1,3),IF(ABS(A10-9728) <= ABS(A10-10240),2,3)),9216,9728,10240) -> 9216 | N10: =CHOOSE(IF(ABS(G10-9216) <= ABS(G10-9728),IF(ABS(G10-9216) <= ABS(G10-10240),1,3),IF(ABS(G10-9728) <= ABS(G10-10240),2,3)),9216,9728,10240) -> 9216
A11: 9696 | B11: 96 | C11: 1 | D11: 2 | E11: 0.66076 | G11: 9696 | H11: 96 | I11: 1 | J11: 2 | K11: 0.722168 | M11: =CHOOSE(IF(ABS(A11-9216) <= ABS(A11-9728),IF(ABS(A11-9216) <= ABS(A11-10240),1,3),IF(ABS(A11-9728) <= ABS(A11-10240),2,3)),9216,9728,10240) -> 9728 | N11: =CHOOSE(IF(ABS(G11-9216) <= ABS(G11-9728),IF(ABS(G11-9216) <= ABS(G11-10240),1,3),IF(ABS(G11-9728) <= ABS(G11-10240),2,3)),9216,9728,10240) -> 9728
A12: 10176 | B12: 96 | C12: 1 | D12: 2 | E12: 0.65985 | G12: 10176 | H12: 96 | I12: 1 | J12: 2 | K12: 0.722118 | M12: =CHOOSE(IF(ABS(A12-9216) <= ABS(A12-9728),IF(ABS(A12-9216) <= ABS(A12-10240),1,3),IF(ABS(A12-9728) <= ABS(A12-10240),2,3)),9216,9728,10240) -> 10240 | N12: =CHOOSE(IF(ABS(G12-9216) <= ABS(G12-9728),IF(ABS(G12-9216) <= ABS(G12-10240),1,3),IF(ABS(G12-9728) <= ABS(G12-10240),2,3)),9216,9728,10240) -> 10240
A13: 9216 | B13: 128 | C13: 1 | D13: 2 | E13: 0.63428 | G13: 9216 | H13: 128 | I13: 1 | J13: 2 | K13: 0.707862 | M13: =CHOOSE(IF(ABS(A13-9216) <= ABS(A13-9728),IF(ABS(A13-9216) <= ABS(A13-10240),1,3),IF(ABS(A13-9728) <= ABS(A13-10240),2,3)),9216,9728,10240) -> 9216 | N13: =CHOOSE(IF(ABS(G13-9216) <= ABS(G13-9728),IF(ABS(G13-9216) <= ABS(G13-10240),1,3),IF(ABS(G13-9728) <= ABS(G13-10240),2,3)),9216,9728,10240) -> 9216
A14: 9728 | B14: 128 | C14: 1 | D14: 2 | E14: 0.63584 | G14: 9728 | H14: 128 | I14: 1 | J14: 2 | K14: 0.712864 | M14: =CHOOSE(IF(ABS(A14-9216) <= ABS(A14-9728),IF(ABS(A14-9216) <= ABS(A14-10240),1,3),IF(ABS(A14-9728) <= ABS(A14-10240),2,3)),9216,9728,10240) -> 9728 | N14: =CHOOSE(IF(ABS(G14-9216) <= ABS(G14-9728),IF(ABS(G14-9216) <= ABS(G14-10240),1,3),IF(ABS(G14-9728) <= ABS(G14-10240),2,3)),9216,9728,10240) -> 9728
A15: 10240 | B15: 128 | C15: 1 | D15: 2 | E15: 0.634698 | G15: 10240 | H15: 128 | I15: 1 | J15: 2 | K15: 0.71456 | M15: =CHOOSE(IF(ABS(A15-9216) <= ABS(A15-9728),IF(ABS(A15-9216) <= ABS(A15-10240),1,3),IF(ABS(A15-9728) <= ABS(A15-10240),2,3)),9216,9728,10240) -> 10240 | N15: =CHOOSE(IF(ABS(G15-9216) <= ABS(G15-9728),IF(ABS(G15-9216) <= ABS(G15-10240),1,3),IF(ABS(G15-9728) <= ABS(G15-10240),2,3)),9216,9728,10240) -> 10240
A16: 9120 | B16: 160 | C16: 1 | D16: 2 | E16: 0.653084 | G16: 9120 | H16: 160 | I16: 1 | J16: 2 | K16: 0.715194 | M16: =CHOOSE(IF(ABS(A16-9216) <= ABS(A16-9728),IF(ABS(A16-9216) <= ABS(A16-10240),1,3),IF(ABS(A16-9728) <= ABS(A16-10240),2,3)),9216,9728,10240) -> 9216 | N16: =CHOOSE(IF(ABS(G16-9216) <= ABS(G16-9728),IF(ABS(G16-9216) <= ABS(G16-10240),1,3),IF(ABS(G16-9728) <= ABS(G16-10240),2,3)),9216,9728,10240) -> 9216
... A27: 10240 | B27: 256 | C27: 1 | D27: 2 | E27: 0.628356 | G27: 10240 | H27: 256 | I27: 1 | J27: 2 | K27: 0.713088 | M27: =CHOOSE(IF(ABS(A27-9216) <= ABS(A27-9728),IF(ABS(A27-9216) <= ABS(A27-10240),1,3),IF(ABS(A27-9728) <= ABS(A27-10240),2,3)),9216,9728,10240) -> 10240 | N27: =CHOOSE(IF(ABS(G27-9216) <= ABS(G27-9728),IF(ABS(G27-9216) <= ABS(G27-10240),1,3),IF(ABS(G27-9728) <= ABS(G27-10240),2,3)),9216,9728,10240) -> 10240
A28: 0 | B28: 0 | C28: 0 | D28: 0 | E28: 0 | G28: 0 | H28: 0 | I28: 0 | J28: 0 | K28: 0
A29: 0 | B29: 0 | C29: 0 | D29: 0 | E29: 0 | G29: 0 | H29: 0 | I29: 0 | J29: 0 | K29: 0
A30: 0 | B30: 0 | C30: 0 | D30: 0 | E30: 0 | G30: 0 | H30: 0 | I30: 0 | J30: 0 | K30: 0
A31: 0 | B31: 0 | C31: 0 | D31: 0 | E31: 0 | G31: 0 | H31: 0 | I31: 0 | J31: 0 | K31: 0
A32: 0 | B32: 0 | C32: 0 | D32: 0 | E32: 0 | G32: 0 | H32: 0 | I32: 0 | J32: 0 | K32: 0
A33: 0 | B33: 0 | C33: 0 | D33: 0 | E33: 0 | G33: 0 | H33: 0 | I33: 0 | J33: 0 | K33: 0
A34: 0 | B34: 0 | C34: 0 | D34: 0 | E34: 0 | G34: 0 | H34: 0 | I34: 0 | J34: 0 | K34: 0
A35: 0 | B35: 0 | C35: 0 | D35: 0 | E35: 0 | G35: 0 | H35: 0 | I35: 0 | J35: 0 | K35: 0
A36: 0 | B36: 0 | C36: 0 | D36: 0 | E36: 0 | G36: 0 | H36: 0 | I36: 0 | J36: 0 | K36: 0
A37: 0 | B37: 0 | C37: 0 | D37: 0 | E37: 0 | G37: 0 | H37: 0 | I37: 0 | J37: 0 | K37: 0
A38: 0 | B38: 0 | C38: 0 | D38: 0 | E38: 0 | G38: 0 | H38: 0 | I38: 0 | J38: 0 | K38: 0
A39: 0 | B39: 0 | C39: 0 | D39: 0 | E39: 0 | G39: 0 | H39: 0 | I39: 0 | J39: 0 | K39: 0
... A404: 0 | B404: 0 | C404: 0 | D404: 0 | E404: 0 | G404: 0 | H404: 0 | I404: 0 | J404: 0 | K404: 0

Sheet 4 node, params
A1: ATLAS (atlarch-flags) | G1: OpenBLAS
A2: =INDEX(A4:A500,MATCH(MAX(E4:E500),E4:E500,0)) -> 19392 | B2: =INDEX(B4:B500,MATCH(MAX(E4:E500),E4:E500,0)) -> 192 | C2: =INDEX(C4:C500,MATCH(MAX(E4:E500),E4:E500,0)) -> 2 | D2: =INDEX(D4:D500,MATCH(MAX(E4:E500),E4:E500,0)) -> 4 | E2: =MAX(E4:E500) -> 2.1007 | G2: =INDEX(G4:G500,MATCH(MAX(K4:K500),K4:K500,0)) -> 19264 | H2: =INDEX(H4:H500,MATCH(MAX(K4:K500),K4:K500,0)) -> 224 | I2: =INDEX(I4:I500,MATCH(MAX(K4:K500),K4:K500,0)) -> 1 | J2: =INDEX(J4:J500,MATCH(MAX(K4:K500),K4:K500,0)) -> 8 | K2: =MAX(K4:K500) -> 2.3454
A3: N | B3: NB | C3: P | D3: Q | E3: Average GFLOP/s | G3: N | H3: NB | I3: P | J3: Q | K3: Average GFLOP/s | N3: N | O3: N (rounded) | P3: NB | Q3: P | R3: Q | S3: Average GFLOP/s | U3: N | V3: N (rounded) | W3: NB | X3: P | Y3: Q | Z3: Average GFLOP/s
A4: {=_xlfn.CHOOSECOLS(_xlfn._xlws.FILTER('4 node, params, RAW'!A4:W500,'4 node, params, RAW'!A4:A500=0),3,4,5,6,23)} -> 18368 | B4: 32 | C4: 1 | D4: 8 | E4: 1.92026 | G4: {=_xlfn.CHOOSECOLS(_xlfn._xlws.FILTER('4 node, params, RAW'!Y4:AU500,'4 node, params, RAW'!Y4:Y500=0),3,4,5,6,23)} -> 18368 | H4: 32 | I4: 1 | J4: 8 | K4: 2.069 | N4: 18368 | O4: =IF(ABS(N4-18368)<ABS(N4-19456),IF(ABS(N4-18368)<ABS(N4-20544),18368,20544),IF(ABS(N4-19456)<ABS(N4-20544),19456,20544)) -> 18368 | P4: 32 | Q4: 1 | R4: 8 | S4: 1.92026 | U4: 18368 | V4: =IF(ABS(U4-18368)<ABS(U4-19456),IF(ABS(U4-18368)<ABS(U4-20544),18368,20544),IF(ABS(U4-19456)<ABS(U4-20544),19456,20544)) -> 18368 | W4: 32 | X4: 1 | Y4: 8 | Z4: 2.069
A5: 19456 | B5: 32 | C5: 1 | D5: 8 | E5: 1.87564 | G5: 19456 | H5: 32 | I5: 1 | J5: 8 | K5: 2.0891 | N5: 18368 | O5: =IF(ABS(N5-18368)<ABS(N5-19456),IF(ABS(N5-18368)<ABS(N5-20544),18368,20544),IF(ABS(N5-19456)<ABS(N5-20544),19456,20544)) -> 18368 | P5: 64 | Q5: 1 | R5: 8 | S5: 1.94866 | U5: 18368 | V5: =IF(ABS(U5-18368)<ABS(U5-19456),IF(ABS(U5-18368)<ABS(U5-20544),18368,20544),IF(ABS(U5-19456)<ABS(U5-20544),19456,20544)) -> 18368 | W5: 64 | X5: 1 | Y5: 8 | Z5: 2.20876
A6: 20544 | B6: 32 | C6: 1 | D6: 8 | E6: 1.96902 | G6: 20544 | H6: 32 | I6: 1 | J6: 8 | K6: 2.12486 | N6: 18336 | O6: =IF(ABS(N6-18368)<ABS(N6-19456),IF(ABS(N6-18368)<ABS(N6-20544),18368,20544),IF(ABS(N6-19456)<ABS(N6-20544),19456,20544)) -> 18368 | P6: 96 | Q6: 1 | R6: 8 | S6: 2.0628 | U6: 18336 | V6: =IF(ABS(U6-18368)<ABS(U6-19456),IF(ABS(U6-18368)<ABS(U6-20544),18368,20544),IF(ABS(U6-19456)<ABS(U6-20544),19456,20544)) -> 18368 | W6: 96 | X6: 1 | Y6: 8 | Z6: 2.26276
A7: 18368 | B7: 32 | C7: 2 | D7: 4 | E7: 1.97662 | G7: 18368 | H7: 32 | I7: 2 | J7: 4 | K7: 2.04912 | N7: 18304 | O7: =IF(ABS(N7-18368)<ABS(N7-19456),IF(ABS(N7-18368)<ABS(N7-20544),18368,20544),IF(ABS(N7-19456)<ABS(N7-20544),19456,20544)) -> 18368 | P7: 128 | Q7: 1 | R7: 8 | S7: 1.98472 | U7: 18304 | V7: =IF(ABS(U7-18368)<ABS(U7-19456),IF(ABS(U7-18368)<ABS(U7-20544),18368,20544),IF(ABS(U7-19456)<ABS(U7-20544),19456,20544)) -> 18368 | W7: 128 | X7: 1 | Y7: 8 | Z7: 2.22984
A8: 19456 | B8: 32 | C8: 2 | D8: 4 | E8: 1.96984 | G8: 19456 | H8: 32 | I8: 2 | J8: 4 | K8: 2.07586 | N8: 18240 | O8: =IF(ABS(N8-18368)<ABS(N8-19456),IF(ABS(N8-18368)<ABS(N8-20544),18368,20544),IF(ABS(N8-19456)<ABS(N8-20544),19456,20544)) -> 18368 | P8: 160 | Q8: 1 | R8: 8 | S8: 2.03484 | U8: 18240 | V8: =IF(ABS(U8-18368)<ABS(U8-19456),IF(ABS(U8-18368)<ABS(U8-20544),18368,20544),IF(ABS(U8-19456)<ABS(U8-20544),19456,20544)) -> 18368 | W8: 160 | X8: 1 | Y8: 8 | Z8: 2.26884
A9: 20544 | B9: 32 | C9: 2 | D9: 4 | E9: 1.97724 | G9: 20544 | H9: 32 | I9: 2 | J9: 4 | K9: 2.11032 | N9: 18240 | O9: =IF(ABS(N9-18368)<ABS(N9-19456),IF(ABS(N9-18368)<ABS(N9-20544),18368,20544),IF(ABS(N9-19456)<ABS(N9-20544),19456,20544)) -> 18368 | P9: 192 | Q9: 1 | R9: 8 | S9: 2.0467 | U9: 18240 | V9: =IF(ABS(U9-18368)<ABS(U9-19456),IF(ABS(U9-18368)<ABS(U9-20544),18368,20544),IF(ABS(U9-19456)<ABS(U9-20544),19456,20544)) -> 18368 | W9: 192 | X9: 1 | Y9: 8 | Z9: 2.29778
A10: 18368 | B10: 64 | C10: 1 | D10: 8 | E10: 1.94866 | G10: 18368 | H10: 64 | I10: 1 | J10: 8 | K10: 2.20876 | N10: 18368 | O10: =IF(ABS(N10-18368)<ABS(N10-19456),IF(ABS(N10-18368)<ABS(N10-20544),18368,20544),IF(ABS(N10-19456)<ABS(N10-20544),19456,20544)) -> 18368 | P10: 224 | Q10: 1 | R10: 8 | S10: 2.0197 | U10: 18368 | V10: =IF(ABS(U10-18368)<ABS(U10-19456),IF(ABS(U10-18368)<ABS(U10-20544),18368,20544),IF(ABS(U10-19456)<ABS(U10-20544),19456,20544)) -> 18368 | W10: 224 | X10: 1 | Y10: 8 | Z10: 2.33566
A11: 19456 | B11: 64 | C11: 1 | D11: 8 | E11: 1.96958 | G11: 19456 | H11: 64 | I11: 1 | J11: 8 | K11: 2.25814 | N11: 18176 | O11: =IF(ABS(N11-18368)<ABS(N11-19456),IF(ABS(N11-18368)<ABS(N11-20544),18368,20544),IF(ABS(N11-19456)<ABS(N11-20544),19456,20544)) -> 18368 | P11: 256 | Q11: 1 | R11: 8 | S11: 2.021 | U11: 18176 | V11: =IF(ABS(U11-18368)<ABS(U11-19456),IF(ABS(U11-18368)<ABS(U11-20544),18368,20544),IF(ABS(U11-19456)<ABS(U11-20544),19456,20544)) -> 18368 | W11: 256 | X11: 1 | Y11: 8 | Z11: 2.26002
A12: 20544 | B12: 64 | C12: 1 | D12: 8 | E12: 1.98838 | G12: 20544 | H12: 64 | I12: 1 | J12: 8 | K12: 2.27428 | N12: 19456 | O12: =IF(ABS(N12-18368)<ABS(N12-19456),IF(ABS(N12-18368)<ABS(N12-20544),18368,20544),IF(ABS(N12-19456)<ABS(N12-20544),19456,20544)) -> 19456 | P12: 32 | Q12: 1 | R12: 8 | S12: 1.87564 | U12: 19456 | V12: =IF(ABS(U12-18368)<ABS(U12-19456),IF(ABS(U12-18368)<ABS(U12-20544),18368,20544),IF(ABS(U12-19456)<ABS(U12-20544),19456,20544)) -> 19456 | W12: 32 | X12: 1 | Y12: 8 | Z12: 2.0891
A13: 18368 | B13: 64 | C13: 2 | D13: 4 | E13: 2.00482 | G13: 18368 | H13: 64 | I13: 2 | J13: 4 | K13: 2.18184 | N13: 19456 | O13: =IF(ABS(N13-18368)<ABS(N13-19456),IF(ABS(N13-18368)<ABS(N13-20544),18368,20544),IF(ABS(N13-19456)<ABS(N13-20544),19456,20544)) -> 19456 | P13: 64 | Q13: 1 | R13: 8 | S13: 1.96958 | U13: 19456 | V13: =IF(ABS(U13-18368)<ABS(U13-19456),IF(ABS(U13-18368)<ABS(U13-20544),18368,20544),IF(ABS(U13-19456)<ABS(U13-20544),19456,20544)) -> 19456 | W13: 64 | X13: 1 | Y13: 8 | Z13: 2.25814
A14: 19456 | B14: 64 | C14: 2 | D14: 4 | E14: 1.95484 | G14: 19456 | H14: 64 | I14: 2 | J14: 4 | K14: 2.25092 | N14: 19392 | O14: =IF(ABS(N14-18368)<ABS(N14-19456),IF(ABS(N14-18368)<ABS(N14-20544),18368,20544),IF(ABS(N14-19456)<ABS(N14-20544),19456,20544)) -> 19456 | P14: 96 | Q14: 1 | R14: 8 | S14: 2.0867 | U14: 19392 | V14: =IF(ABS(U14-18368)<ABS(U14-19456),IF(ABS(U14-18368)<ABS(U14-20544),18368,20544),IF(ABS(U14-19456)<ABS(U14-20544),19456,20544)) -> 19456 | W14: 96 | X14: 1 | Y14: 8 | Z14: 2.28346
A15: 20544 | B15: 64 | C15: 2 | D15: 4 | E15: 1.57266 | G15: 20544 | H15: 64 | I15: 2 | J15: 4 | K15: 2.23576 | N15: 19456 | O15: =IF(ABS(N15-18368)<ABS(N15-19456),IF(ABS(N15-18368)<ABS(N15-20544),18368,20544),IF(ABS(N15-19456)<ABS(N15-20544),19456,20544)) -> 19456 | P15: 128 | Q15: 1 | R15: 8 | S15: 1.99292 | U15: 19456 | V15: =IF(ABS(U15-18368)<ABS(U15-19456),IF(ABS(U15-18368)<ABS(U15-20544),18368,20544),IF(ABS(U15-19456)<ABS(U15-20544),19456,20544)) -> 19456 | W15: 128 | X15: 1 | Y15: 8 | Z15: 2.2664
A16: 18336 | B16: 96 | C16: 1 | D16: 8 | E16: 2.0628 | G16: 18336 | H16: 96 | I16: 1 | J16: 8 | K16: 2.26276 | N16: 19360 | O16: =IF(ABS(N16-18368)<ABS(N16-19456),IF(ABS(N16-18368)<ABS(N16-20544),18368,20544),IF(ABS(N16-19456)<ABS(N16-20544),19456,20544)) -> 19456 | P16: 160 | Q16: 1 | R16: 8 | S16: 2.05616 | U16: 19360 | V16: =IF(ABS(U16-18368)<ABS(U16-19456),IF(ABS(U16-18368)<ABS(U16-20544),18368,20544),IF(ABS(U16-19456)<ABS(U16-20544),19456,20544)) -> 19456 | W16: 160 | X16: 1 | Y16: 8 | Z16: 2.3002
... A51: 20480 | B51: 256 | C51: 2 | D51: 4 | E51: 1.95044 | G51: 20480 | H51: 256 | I51: 2 | J51: 4 | K51: 2.24094 | N51: 20480 | O51: =IF(ABS(N51-18368)<ABS(N51-19456),IF(ABS(N51-18368)<ABS(N51-20544),18368,20544),IF(ABS(N51-19456)<ABS(N51-20544),19456,20544)) -> 20544 | P51: 256 | Q51: 2 | R51: 4 | S51: 1.95044 | U51: 20480 | V51: =IF(ABS(U51-18368)<ABS(U51-19456),IF(ABS(U51-18368)<ABS(U51-20544),18368,20544),IF(ABS(U51-19456)<ABS(U51-20544),19456,20544)) -> 20544 | W51: 256 | X51: 2 | Y51: 4 | Z51: 2.24094
A52: 0 | B52: 0 | C52: 0 | D52: 0 | E52: 0 | G52: 0 | H52: 0 | I52: 0 | J52: 0 | K52: 0
A53: 0 | B53: 0 | C53: 0 | D53: 0 | E53: 0 | G53: 0 | H53: 0 | I53: 0 | J53: 0 | K53: 0
A54: 0 | B54: 0 | C54: 0 | D54: 0 | E54: 0 | G54: 0 | H54: 0 | I54: 0 | J54: 0 | K54: 0
A55: 0 | B55: 0 | C55: 0 | D55: 0 | E55: 0 | G55: 0 | H55: 0 | I55: 0 | J55: 0 | K55: 0
A56: 0 | B56: 0 | C56: 0 | D56: 0 | E56: 0 | G56: 0 | H56: 0 | I56: 0 | J56: 0 | K56: 0
A57: 0 | B57: 0 | C57: 0 | D57: 0 | E57: 0 | G57: 0 | H57: 0 | I57: 0 | J57: 0 | K57: 0
A58: 0 | B58: 0 | C58: 0 | D58: 0 | E58: 0 | G58: 0 | H58: 0 | I58: 0 | J58: 0 | K58: 0
A59: 0 | B59: 0 | C59: 0 | D59: 0 | E59: 0 | G59: 0 | H59: 0 | I59: 0 | J59: 0 | K59: 0
A60: 0 | B60: 0 | C60: 0 | D60: 0 | E60: 0 | G60: 0 | H60: 0 | I60: 0 | J60: 0 | K60: 0
A61: 0 | B61: 0 | C61: 0 | D61: 0 | E61: 0 | G61: 0 | H61: 0 | I61: 0 | J61: 0 | K61: 0
A62: 0 | B62: 0 | C62: 0 | D62: 0 | E62: 0 | G62: 0 | H62: 0 | I62: 0 | J62: 0 | K62: 0
A63: 0 | B63: 0 | C63: 0 | D63: 0 | E63: 0 | G63: 0 | H63: 0 | I63: 0 | J63: 0 | K63: 0
... A308: 0 | B308: 0 | C308: 0 | D308: 0 | E308: 0 | G308: 0 | H308: 0 | I308: 0 | J308: 0 | K308: 0

Sheet Scalability analysis
A2: N (rounded) | B2: NB | C2: P | D2: Q | E2: Average GFLOP/s | G2: N (rounded) | H2: NB | I2: P | J2: Q | K2: Average GFLOP/s | M2: N | N2: NB | O2: P | P2: Q | Q2: Average GFLOP/s | S2: N | T2: NB | U2: P | V2: Q | W2: Average GFLOP/s | AY2: ATLAS speedup | BA2: OpenBLAS speedup
A3: 20544 | B3: 32 | C3: 1 | D3: 8 | E3: 1.96902 | G3: 20544 | H3: 32 | I3: 1 | J3: 8 | K3: 2.12486 | M3: 10240 | N3: 32 | O3: 1 | P3: 2 | Q3: 0.61733 | S3: 10240 | T3: 32 | U3: 1 | V3: 2 | W3: 0.678436 | Y3: 20544 | Z3: 32 | AA3: 2 | AB3: 4 | AC3: 1.97724 | AE3: 20544 | AF3: 32 | AG3: 1 | AH3: 8 | AI3: 2.12486 | AK3: 10240 | AL3: 32 | AM3: 1 | AN3: 2 | AO3: 0.61733 | AQ3: 10240 | AR3: 32 | AS3: 1 | AT3: 2 | AU3: 0.678436 | AW3: N(beta) | AX3: 32 | AY3: =AC3/AO3 -> 3.2028899 | BA3: =AI3/AU3 -> 3.1319977
A4: 20544 | B4: 64 | C4: 1 | D4: 8 | E4: 1.98838 | G4: 20544 | H4: 64 | I4: 1 | J4: 8 | K4: 2.27428 | M4: 10240 | N4: 64 | O4: 1 | P4: 2 | Q4: 0.62391 | S4: 10240 | T4: 64 | U4: 1 | V4: 2 | W4: 0.708562 | Y4: 20544 | Z4: 64 | AA4: 2 | AB4: 4 | AC4: 1.57266 | AE4: 20544 | AF4: 64 | AG4: 1 | AH4: 8 | AI4: 2.27428 | AK4: 10240 | AL4: 64 | AM4: 1 | AN4: 2 | AO4: 0.62391 | AQ4: 10240 | AR4: 64 | AS4: 1 | AT4: 2 | AU4: 0.708562 | AW4: N(beta) | AX4: 64 | AY4: =AC4/AO4 -> 2.520652 | BA4: =AI4/AU4 -> 3.2097121
A5: 20544 | B5: 96 | C5: 1 | D5: 8 | E5: 2.071 | G5: 20544 | H5: 96 | I5: 1 | J5: 8 | K5: 2.30742 | M5: 10240 | N5: 96 | O5: 1 | P5: 2 | Q5: 0.65985 | S5: 10240 | T5: 96 | U5: 1 | V5: 2 | W5: 0.722118 | Y5: 20544 | Z5: 96 | AA5: 2 | AB5: 4 | AC5: 2.05698 | AE5: 20544 | AF5: 96 | AG5: 1 | AH5: 8 | AI5: 2.30742 | AK5: 10240 | AL5: 96 | AM5: 1 | AN5: 2 | AO5: 0.65985 | AQ5: 10240 | AR5: 96 | AS5: 1 | AT5: 2 | AU5: 0.722118 | AW5: N(beta) | AX5: 96 | AY5: =AC5/AO5 -> 3.1173449 | BA5: =AI5/AU5 -> 3.1953503
A6: 20544 | B6: 128 | C6: 1 | D6: 8 | E6: 1.99014 | G6: 20544 | H6: 128 | I6: 1 | J6: 8 | K6: 2.28706 | M6: 10240 | N6: 128 | O6: 1 | P6: 2 | Q6: 0.634698 | S6: 10240 | T6: 128 | U6: 1 | V6: 2 | W6: 0.71456 | Y6: 20544 | Z6: 128 | AA6: 2 | AB6: 4 | AC6: 1.98902 | AE6: 20544 | AF6: 128 | AG6: 1 | AH6: 8 | AI6: 2.28706 | AK6: 10240 | AL6: 128 | AM6: 1 | AN6: 2 | AO6: 0.634698 | AQ6: 10240 | AR6: 128 | AS6: 1 | AT6: 2 | AU6: 0.71456 | AW6: N(beta) | AX6: 128 | AY6: =AC6/AO6 -> 3.1338054 | BA6: =AI6/AU6 -> 3.2006549
A7: 20544 | B7: 160 | C7: 1 | D7: 8 | E7: 1.62112 | G7: 20544 | H7: 160 | I7: 1 | J7: 8 | K7: 2.32078 | M7: 10240 | N7: 160 | O7: 1 | P7: 2 | Q7: 0.639598 | S7: 10240 | T7: 160 | U7: 1 | V7: 2 | W7: 0.71787 | Y7: 20544 | Z7: 160 | AA7: 2 | AB7: 4 | AC7: 2.03804 | AE7: 20544 | AF7: 160 | AG7: 1 | AH7: 8 | AI7: 2.32078 | AK7: 10240 | AL7: 160 | AM7: 1 | AN7: 2 | AO7: 0.639598 | AQ7: 10240 | AR7: 160 | AS7: 1 | AT7: 2 | AU7: 0.71787 | AW7: N(beta) | AX7: 160 | AY7: =AC7/AO7 -> 3.186439 | BA7: =AI7/AU7 -> 3.2328695
A8: 20544 | B8: 192 | C8: 1 | D8: 8 | E8: 0 | G8: 20544 | H8: 192 | I8: 1 | J8: 8 | K8: 0 | M8: 10240 | N8: 192 | O8: 1 | P8: 2 | Q8: 0.658772 | S8: 10240 | T8: 192 | U8: 1 | V8: 2 | W8: 0.716568 | Y8: 20544 | Z8: 192 | AA8: 2 | AB8: 4 | AC8: 1.97852 | AE8: 20544 | AF8: 192 | AG8: 1 | AH8: 8 | AI8: 0 | AK8: 10240 | AL8: 192 | AM8: 1 | AN8: 2 | AO8: 0.658772 | AQ8: 10240 | AR8: 192 | AS8: 1 | AT8: 2 | AU8: 0.716568 | AW8: N(beta) | AX8: 192 | AY8: =AC8/AO8 -> 3.0033456 | BA8: =AI8/AU8 -> 0
A9: 20544 | B9: 224 | C9: 1 | D9: 8 | E9: 0 | G9: 20544 | H9: 224 | I9: 1 | J9: 8 | K9: 0 | M9: 10240 | N9: 224 | O9: 1 | P9: 2 | Q9: 0.65258 | S9: 10240 | T9: 224 | U9: 1 | V9: 2 | W9: 0.722498 | Y9: 20544 | Z9: 224 | AA9: 2 | AB9: 4 | AC9: 1.61912 | AE9: 20544 | AF9: 224 | AG9: 1 | AH9: 8 | AI9: 0 | AK9: 10240 | AL9: 224 | AM9: 1 | AN9: 2 | AO9: 0.65258 | AQ9: 10240 | AR9: 224 | AS9: 1 | AT9: 2 | AU9: 0.722498 | AW9: N(beta) | AX9: 224 | AY9: =AC9/AO9 -> 2.4811058 | BA9: =AI9/AU9 -> 0
A10: 20544 | B10: 256 | C10: 1 | D10: 8 | E10: 0 | G10: 20544 | H10: 256 | I10: 1 | J10: 8 | K10: 0 | M10: 10240 | N10: 256 | O10: 1 | P10: 2 | Q10: 0.628356 | S10: 10240 | T10: 256 | U10: 1 | V10: 2 | W10: 0.713088 | Y10: 20544 | Z10: 256 | AA10: 2 | AB10: 4 | AC10: 1.95044 | AE10: 20544 | AF10: 256 | AG10: 1 | AH10: 8 | AI10: 0 | AK10: 10240 | AL10: 256 | AM10: 1 | AN10: 2 | AO10: 0.628356 | AQ10: 10240 | AR10: 256 | AS10: 1 | AT10: 2 | AU10: 0.713088 | AW10: N(beta) | AX10: 256 | AY10: =AC10/AO10 -> 3.1040366 | BA10: =AI10/AU10 -> 0
A11: 19456 | B11: 32 | C11: 1 | D11: 8 | E11: 1.87564 | G11: 19456 | H11: 32 | I11: 1 | J11: 8 | K11: 2.0891 | M11: 9728 | N11: 32 | O11: 1 | P11: 2 | Q11: 0.616688 | S11: 9728 | T11: 32 | U11: 1 | V11: 2 | W11: 0.671752 | Y11: 19456 | Z11: 32 | AA11: 2 | AB11: 4 | AC11: 1.96984 | AE11: 19456 | AF11: 32 | AG11: 1 | AH11: 8 | AI11: 2.0891 | AK11: 9728 | AL11: 32 | AM11: 1 | AN11: 2 | AO11: 0.616688 | AQ11: 9728 | AR11: 32 | AS11: 1 | AT11: 2 | AU11: 0.671752 | AW11: N(mid) | AX11: 32 | AY11: =AC11/AO11 -> 3.1942246 | BA11: =AI11/AU11 -> 3.1099275
A12: 19456 | B12: 64 | C12: 1 | D12: 8 | E12: 1.96958 | G12: 19456 | H12: 64 | I12: 1 | J12: 8 | K12: 2.25814 | M12: 9728 | N12: 64 | O12: 1 | P12: 2 | Q12: 0.624304 | S12: 9728 | T12: 64 | U12: 1 | V12: 2 | W12: 0.715902 | Y12: 19456 | Z12: 64 | AA12: 2 | AB12: 4 | AC12: 1.95484 | AE12: 19456 | AF12: 64 | AG12: 1 | AH12: 8 | AI12: 2.25814 | AK12: 9728 | AL12: 64 | AM12: 1 | AN12: 2 | AO12: 0.624304 | AQ12: 9728 | AR12: 64 | AS12: 1 | AT12: 2 | AU12: 0.715902 | AW12: N(mid) | AX12: 64 | AY12: =AC12/AO12 -> 3.1312309 | BA12: =AI12/AU12 -> 3.1542585
A13: 19456 | B13: 96 | C13: 1 | D13: 8 | E13: 2.0867 | G13: 19456 | H13: 96 | I13: 1 | J13: 8 | K13: 2.28346 | M13: 9728 | N13: 96 | O13: 1 | P13: 2 | Q13: 0.66076 | S13: 9728 | T13: 96 | U13: 1 | V13: 2 | W13: 0.722168 | Y13: 19456 | Z13: 96 | AA13: 2 | AB13: 4 | AC13: 2.07736 | AE13: 19456 | AF13: 96 | AG13: 1 | AH13: 8 | AI13: 2.28346 | AK13: 9728 | AL13: 96 | AM13: 1 | AN13: 2 | AO13: 0.66076 | AQ13: 9728 | AR13: 96 | AS13: 1 | AT13: 2 | AU13: 0.722168 | AW13: N(mid) | AX13: 96 | AY13: =AC13/AO13 -> 3.1438949 | BA13: =AI13/AU13 -> 3.1619512
A14: 19456 | B14: 128 | C14: 1 | D14: 8 | E14: 1.99292 | G14: 19456 | H14: 128 | I14: 1 | J14: 8 | K14: 2.2664 | M14: 9728 | N14: 128 | O14: 1 | P14: 2 | Q14: 0.63584 | S14: 9728 | T14: 128 | U14: 1 | V14: 2 | W14: 0.712864 | Y14: 19456 | Z14: 128 | AA14: 2 | AB14: 4 | AC14: 1.99138 | AE14: 19456 | AF14: 128 | AG14: 1 | AH14: 8 | AI14: 2.2664 | AK14: 9728 | AL14: 128 | AM14: 1 | AN14: 2 | AO14: 0.63584 | AQ14: 9728 | AR14: 128 | AS14: 1 | AT14: 2 | AU14: 0.712864 | AW14: N(mid) | AX14: 128 | AY14: =AC14/AO14 -> 3.1318885 | BA14: =AI14/AU14 -> 3.1792881
... A26: 18368 | B26: 256 | C26: 1 | D26: 8 | E26: 2.021 | G26: 18368 | H26: 256 | I26: 1 | J26: 8 | K26: 2.26002 | M26: 9216 | N26: 256 | O26: 1 | P26: 2 | Q26: 0.62731 | S26: 9216 | T26: 256 | U26: 1 | V26: 2 | W26: 0.700356 | Y26: 18368 | Z26: 256 | AA26: 2 | AB26: 4 | AC26: 1.98298 | AE26: 18368 | AF26: 256 | AG26: 1 | AH26: 8 | AI26: 2.26002 | AK26: 9216 | AL26: 256 | AM26: 1 | AN26: 2 | AO26: 0.62731 | AQ26: 9216 | AR26: 256 | AS26: 1 | AT26: 2 | AU26: 0.700356 | AW26: N(alpha) | AX26: 256 | AY26: =AC26/AO26 -> 3.1610846 | BA26: =AI26/AU26 -> 3.2269589
A27: 20544 | B27: 32 | C27: 2 | D27: 4 | E27: 1.97724 | G27: 20544 | H27: 32 | I27: 2 | J27: 4 | K27: 2.11032
A28: 20544 | B28: 64 | C28: 2 | D28: 4 | E28: 1.57266 | G28: 20544 | H28: 64 | I28: 2 | J28: 4 | K28: 2.23576
A29: 20544 | B29: 96 | C29: 2 | D29: 4 | E29: 2.05698 | G29: 20544 | H29: 96 | I29: 2 | J29: 4 | K29: 2.23822
A30: 20544 | B30: 128 | C30: 2 | D30: 4 | E30: 1.98902 | G30: 20544 | H30: 128 | I30: 2 | J30: 4 | K30: 2.28374
A31: 20544 | B31: 160 | C31: 2 | D31: 4 | E31: 2.03804 | G31: 20544 | H31: 160 | I31: 2 | J31: 4 | K31: 2.23468
A32: 20544 | B32: 192 | C32: 2 | D32: 4 | E32: 1.97852 | G32: 20544 | H32: 192 | I32: 2 | J32: 4 | K32: 2.182175
A33: 20544 | B33: 224 | C33: 2 | D33: 4 | E33: 1.61912 | G33: 20544 | H33: 224 | I33: 2 | J33: 4 | K33: 2.25328
A34: 20544 | B34: 256 | C34: 2 | D34: 4 | E34: 1.95044 | G34: 20544 | H34: 256 | I34: 2 | J34: 4 | K34: 2.24094
A35: 19456 | B35: 32 | C35: 2 | D35: 4 | E35: 1.96984 | G35: 19456 | H35: 32 | I35: 2 | J35: 4 | K35: 2.07586
A36: 19456 | B36: 64 | C36: 2 | D36: 4 | E36: 1.95484 | G36: 19456 | H36: 64 | I36: 2 | J36: 4 | K36: 2.25092
A37: 19456 | B37: 96 | C37: 2 | D37: 4 | E37: 2.07736 | G37: 19456 | H37: 96 | I37: 2 | J37: 4 | K37: 2.24922
A38: 19456 | B38: 128 | C38: 2 | D38: 4 | E38: 1.99138 | G38: 19456 | H38: 128 | I38: 2 | J38: 4 | K38: 2.22544
... A50: 18368 | B50: 256 | C50: 2 | D50: 4 | E50: 1.98298 | G50: 18368 | H50: 256 | I50: 2 | J50: 4 | K50: 2.17426
