Workbook

Sheet Arch details
A1: SBC | B1: Cores | C1: march | D1: mcpu | E1: mtune | F1: fpu | G1: mfloat-abi | J1: ostalo | K1: ostalo (Thumb)
A2: Rpi 1B | C2: armv6 | D2: arm1176jzf-s | E2: arm1176jzf-s | F2: vfpv2 (alias is vfp) | G2: hard | K2: Thumb | L2: 16KB L1 and no L2
A3: Cubieboard2 | C3: armv7-a | D3: cortex-a7 | E3: cortex-a7 | F3: neon-vfpv4 | G3: hard | J3: -funsafe-math-optimizations | K3: Thumb-2
A4: OdroidU3 | C4: armv7-a | D4: cortex-a9 | E4: cortex-a9 | F4: neon-vfpv3 (alias is neon) | G4: hard | J4: -funsafe-math-optimizations | K4: Thumb or Thumb-2 | L4: 1MB L2 cache total? From paper…
A5: OdroidMC1 | B5: LITTLE | C5: armv7-a | D5: cortex-a7 | E5: cortex-a7 | F5: neon-vfpv4 | G5: hard | J5: -funsafe-math-optimizations | K5: Thumb-2 | L5: 2 sockets, 2,5MB L2 cache per socket
B6: Big | C6: armv7-a | D6: cortex-a15 | E6: cortex-a15 | F6: neon-vfpv4 | G6: hard | J6: -funsafe-math-optimizations | K6: Thumb-2
A12: HPL Runs (fixed parameters) | C12: Number of nodes | D12: Node | E12: Total memory of a node (kB) | F12: N, alpha | G12: N, alpha (NB round) | H12: N, beta | I12: N, beta (NB round) | J12: NB | K12: P | L12: Q | M12: Ns difference | N12: Half of the Ns difference | O12: N1 | P12: N2 | Q12: N3
A13: Number of nodes | B13: 4 | C13: 1 | D13: OdroidU3 | E13: 2019172 | F13: =$B$14*SQRT(($C13*$E13*1024)/8) -> 12861.204 | G13: =_xlfn.CEILING.MATH(F13/J13)*J13 -> 12864 | H13: =SQRT($B$14*($C13*$E13*1024)/8) -> 14379.263 | I13: =_xlfn.CEILING.MATH(H13/J13)*J13 -> 14400 | J13: 64 | K13: 2 | L13: 2 | M13: =I13-G13 -> 1536 | N13: =M13/2 -> 768 | O13: =G13 -> 12864 | P13: =_xlfn.CEILING.MATH((O13+N13)/J13)*J13 -> 13632 | Q13: =_xlfn.CEILING.MATH((P13+N13)/J13)*J13 -> 14400
A14: Percentage of mem | B14: 0.8 | C14: 4 | D14: OdroidU3 | E14: 2019173 | F14: =$B$14*SQRT(($B$13*$E14*1024)/8) -> 25722.415 | G14: =_xlfn.CEILING.MATH(F14/J14)*J14 -> 25728 | H14: =SQRT($B$14*($B$13*$E14*1024)/8) -> 28758.534 | I14: =_xlfn.CEILING.MATH(H14/J14)*J14 -> 28800 | J14: 128 | K14: 2 | L14: 8 | M14: =I14-G14 -> 3072 | N14: =M14/2 -> 1536 | O14: =G14 -> 25728 | P14: =_xlfn.CEILING.MATH((O14+N14)/J14)*J14 -> 27264 | Q14: =_xlfn.CEILING.MATH((P14+N14)/J14)*J14 -> 28800

Sheet HPL_Builds
A1: Raspberry Pi 1B | C1: Flags used for building ATLAS | D1: Flags used for flagsearching - mandatory | E1: Flags used for building HPL | F1: Machine setup for building HPL | G1: Ran? | H1: NOTE

Sheet ATLAS builds
A1: OdroidU3 | C1: Flags used for building | D1: Flags used for flagsearching - mandatory | E1: Flags used for flagsearching - optional | F1: Machine originally built on | G1: Needs flagsearching | H1: Flagsearched (d) | I1: Flagsearched (s) No need! HPL uses only double precision! See ATLAS install manual | J1: Flagsearched (Td) | K1: Kernel | L1: Gflops | M1: NOTE | O1: TODO
A2: 1 | B2: atlarch | C2: -D c -DWALL -b 32 -A ARMa9 | D2: -mcpu=cortex-a9 -fno-schedule-insns -fno-schedule-insns2 | E2: -mcpu=native -mcpu=cortex-a9 -march=native -mtune=cortex-a9 -mfloat-abi=hard -mfpu=neon-vfpv3 | L2: =VLOOKUP(B2,'HPL 4 nodes, builds'!$A$4:$X$43,24,FALSE) -> 12.425
A3: 2 | B3: cpu-tune | C3: -D c -DWALL -b 32 -Fa al "-mcpu=native -mfloat-abi=hard -mfpu=neon-vfpv3" | D3: -mcpu=native -mfloat-abi=hard -mfpu=neon-vfpv3 | L3: =VLOOKUP(B3,'HPL 4 nodes, builds'!$A$4:$X$43,24,FALSE) -> 12.4086
A4: 3 | B4: arch-native-tune | C4: -D c -DWALL -b 32 -Fa al "-march=native -mtune=cortex-a9 -mfloat-abi=hard -mfpu=neon-vfpv3" | D4: -march=native -mtune=cortex-a9 -mfloat-abi=hard -mfpu=neon-vfpv3 | L4: =VLOOKUP(B4,'HPL 4 nodes, builds'!$A$4:$X$43,24,FALSE) -> 12.392
A5: 4 | B5: cpu-tune-overr | C5: -D c -DWALL -b 32 -F al "-mcpu=native -mfloat-abi=hard -mfpu=neon-vfpv3" | D5: -mcpu=native -mfloat-abi=hard -mfpu=neon-vfpv3 | L5: =VLOOKUP(B5,'HPL 4 nodes, builds'!$A$4:$X$43,24,FALSE) -> 11.98
A6: 5 | B6: atlarch-flags | C6: -D c -DWALL -b 32 -Fa alg "-O3 -mcpu=cortex-a9 -fno-schedule-insns -fno-schedule-insns2 -fschedule-insns2 -mfpu=neon-vfpv3 -frename-registers -fno-tree-fre -fno-ivopts" | L6: =VLOOKUP(B6,'HPL 4 nodes, builds'!$A$4:$X$43,24,FALSE) -> 12.435
A7: 6 | B7: cpu-tune-flags | C7: -D c -DWALL -b 32 -Fa alg "-O3 -mcpu=native -mfloat-abi=hard -mfpu=neon-vfpv3 -fno-schedule-insns -frename-registers -fno-tree-fre -fno-ivopts" | L7: =VLOOKUP(B7,'HPL 4 nodes, builds'!$A$4:$X$43,24,FALSE) -> 12.3924
A8: 7 | B8: arch-native-tune-flags | C8: -D c -DWALL -b 32 -Fa alg "-O3 -march=native -mtune=cortex-a9 -mfloat-abi=hard -mfpu=neon-vfpv3 -fno-schedule-insns -frename-registers -fno-tree-fre -fno-ivopts" | L8: =VLOOKUP(B8,'HPL 4 nodes, builds'!$A$4:$X$43,24,FALSE) -> 12.4106
A9: 8 | B9: cpu-tune-overr-flags | C9: -D c -DWALL -b 32 -F alg "-O3 -mcpu=native -mfloat-abi=hard -mfpu=neon-vfpv3 -fno-schedule-insns -frename-registers -fno-tree-fre" | F9: Should not work since we have overriden the VFP with the more advanced one | L9: =VLOOKUP(B9,'HPL 4 nodes, builds'!$A$4:$X$43,24,FALSE) -> 12.441

Sheet HPL 4 nodes, builds
A1: Max avg. GFLOPS (and params): | B1: =INDEX(A:A,MATCH(MAX($X:$X),$X:$X,0)) -> cpu-tune-overr-flags | F1: =MAX(X:X) -> 12.441 | G1: =INDEX(D:D,MATCH(MAX($X:$X),$X:$X,0)) -> 25728 | H1: =INDEX(E:E,MATCH(MAX($X:$X),$X:$X,0)) -> 128 | I1: =INDEX(F:F,MATCH(MAX($X:$X),$X:$X,0)) -> 2 | J1: =INDEX(G:G,MATCH(MAX($X:$X),$X:$X,0)) -> 8 | L1: ATLAS | X1: Average GFLOP/s
A2: MAX GFLOPS: | D2: =MAX(I4:I841) -> 12.491 | L2: Odroid01 throttling time [1/100s] | O2: Odroid02 throttling time [1/100s] | R2: Odroid03 throttling time [1/100s] | U2: Odroid04 throttling time [1/100s]
A3: Build | B3: RUN | D3: N | E3: NB | F3: P | G3: Q | H3: Time | I3: GFLOPS | J3: Date | K3: Time | L3: 1400MHz | M3: 1500MHz | N3: 1600MHz | O3: 1400MHz | P3: 1500MHz | Q3: 1600MHz | R3: 1400MHz | S3: 1500MHz | T3: 1600MHz | U3: 1400MHz | V3: 1500MHz | W3: 1600MHz
A4: cpu-tune-overr-flags | B4: 0 | C4: WR00L2L2 | D4: 25728 | E4: 128 | F4: 2 | G4: 8 | H4: 913.66 | I4: 12.427 | J4: 45458 | K4: 0.0076851852 | L4: 0 | M4: 0 | N4: 0 | O4: 0 | P4: 0 | Q4: 0 | R4: 0 | S4: 0 | T4: 0 | U4: 0 | V4: 0 | W4: 0 | X4: =AVERAGE(I4:I8) -> 12.441
A5: cpu-tune-overr-flags | B5: 1 | C5: WR00L2L2 | D5: 25728 | E5: 128 | F5: 2 | G5: 8 | H5: 915.07 | I5: 12.408 | J5: 45458 | K5: 0.018553241 | L5: 0 | M5: 0 | N5: 0 | O5: 0 | P5: 0 | Q5: 0 | R5: 0 | S5: 0 | T5: 0 | U5: 0 | V5: 0 | W5: 0 | X5: =X4 -> 12.441
A6: cpu-tune-overr-flags | B6: 2 | C6: WR00L2L2 | D6: 25728 | E6: 128 | F6: 2 | G6: 8 | H6: 911.59 | I6: 12.456 | J6: 45458 | K6: 0.029398148 | L6: 0 | M6: 0 | N6: 0 | O6: 0 | P6: 0 | Q6: 0 | R6: 0 | S6: 0 | T6: 0 | U6: 0 | V6: 0 | W6: 0 | X6: =X5 -> 12.441
A7: cpu-tune-overr-flags | B7: 3 | C7: WR00L2L2 | D7: 25728 | E7: 128 | F7: 2 | G7: 8 | H7: 912.19 | I7: 12.447 | J7: 45458 | K7: 0.040231481 | L7: 0 | M7: 0 | N7: 0 | O7: 0 | P7: 0 | Q7: 0 | R7: 0 | S7: 0 | T7: 0 | U7: 0 | V7: 0 | W7: 0 | X7: =X6 -> 12.441
A8: cpu-tune-overr-flags | B8: 4 | C8: WR00L2L2 | D8: 25728 | E8: 128 | F8: 2 | G8: 8 | H8: 910.77 | I8: 12.467 | J8: 45458 | K8: 0.051053241 | L8: 0 | M8: 0 | N8: 0 | O8: 0 | P8: 0 | Q8: 0 | R8: 0 | S8: 0 | T8: 0 | U8: 0 | V8: 0 | W8: 0 | X8: =X7 -> 12.441
A9: atlarch-flags | B9: 0 | C9: WR00L2L2 | D9: 25728 | E9: 128 | F9: 2 | G9: 8 | H9: 913.34 | I9: 12.432 | J9: 45457 | K9: 0.84462963 | L9: 0 | M9: 0 | N9: 0 | O9: 0 | P9: 0 | Q9: 0 | R9: 0 | S9: 0 | T9: 0 | U9: 0 | V9: 0 | W9: 0 | X9: =AVERAGE(I9:I13) -> 12.435
A10: atlarch-flags | B10: 1 | C10: WR00L2L2 | D10: 25728 | E10: 128 | F10: 2 | G10: 8 | H10: 912.83 | I10: 12.439 | J10: 45457 | K10: 0.85548611 | L10: 0 | M10: 0 | N10: 0 | O10: 0 | P10: 0 | Q10: 0 | R10: 0 | S10: 0 | T10: 0 | U10: 0 | V10: 0 | W10: 0 | X10: =X9 -> 12.435
A11: atlarch-flags | B11: 2 | C11: WR00L2L2 | D11: 25728 | E11: 128 | F11: 2 | G11: 8 | H11: 912.23 | I11: 12.447 | J11: 45457 | K11: 0.86631944 | L11: 0 | M11: 0 | N11: 0 | O11: 0 | P11: 0 | Q11: 0 | R11: 0 | S11: 0 | T11: 0 | U11: 0 | V11: 0 | W11: 0 | X11: =X10 -> 12.435
A12: atlarch-flags | B12: 3 | C12: WR00L2L2 | D12: 25728 | E12: 128 | F12: 2 | G12: 8 | H12: 914.19 | I12: 12.42 | J12: 45457 | K12: 0.8771875 | L12: 0 | M12: 0 | N12: 0 | O12: 0 | P12: 0 | Q12: 0 | R12: 0 | S12: 0 | T12: 0 | U12: 0 | V12: 0 | W12: 0 | X12: =X11 -> 12.435
A13: atlarch-flags | B13: 4 | C13: WR00L2L2 | D13: 25728 | E13: 128 | F13: 2 | G13: 8 | H13: 912.93 | I13: 12.437 | J13: 45457 | K13: 0.88803241 | L13: 0 | M13: 0 | N13: 0 | O13: 0 | P13: 0 | Q13: 0 | R13: 0 | S13: 0 | T13: 0 | U13: 0 | V13: 0 | W13: 0 | X13: =X12 -> 12.435
A14: atlarch | B14: 0 | C14: WR00L2L2 | D14: 25728 | E14: 128 | F14: 2 | G14: 8 | H14: 911.8 | I14: 12.453 | J14: 45457 | K14: 0.61020833 | L14: 0 | M14: 0 | N14: 0 | O14: 0 | P14: 0 | Q14: 0 | R14: 0 | S14: 0 | T14: 0 | U14: 0 | V14: 0 | W14: 0 | X14: =AVERAGE(I14:I18) -> 12.425
A15: atlarch | B15: 1 | C15: WR00L2L2 | D15: 25728 | E15: 128 | F15: 2 | G15: 8 | H15: 920.05 | I15: 12.341 | J15: 45457 | K15: 0.62193287 | L15: 0 | M15: 0 | N15: 0 | O15: 0 | P15: 0 | Q15: 0 | R15: 0 | S15: 0 | T15: 0 | U15: 0 | V15: 0 | W15: 0 | X15: =X14 -> 12.425
A16: atlarch | B16: 2 | C16: WR00L2L2 | D16: 25728 | E16: 128 | F16: 2 | G16: 8 | H16: 911.38 | I16: 12.458 | J16: 45457 | K16: 0.63357639 | L16: 0 | M16: 0 | N16: 0 | O16: 0 | P16: 0 | Q16: 0 | R16: 0 | S16: 0 | T16: 0 | U16: 0 | V16: 0 | W16: 0 | X16: =X15 -> 12.425
A17: atlarch | B17: 3 | C17: WR00L2L2 | D17: 25728 | E17: 128 | F17: 2 | G17: 8 | H17: 912.66 | I17: 12.441 | J17: 45457 | K17: 0.64520833 | L17: 0 | M17: 0 | N17: 0 | O17: 0 | P17: 0 | Q17: 0 | R17: 0 | S17: 0 | T17: 0 | U17: 0 | V17: 0 | W17: 0 | X17: =X16 -> 12.425
A18: atlarch | B18: 4 | C18: WR00L2L2 | D18: 25728 | E18: 128 | F18: 2 | G18: 8 | H18: 913.29 | I18: 12.432 | J18: 45457 | K18: 0.65685185 | L18: 0 | M18: 0 | N18: 0 | O18: 0 | P18: 0 | Q18: 0 | R18: 0 | S18: 0 | T18: 0 | U18: 0 | V18: 0 | W18: 0 | X18: =X17 -> 12.425
A19: arch-native-tune-flags | B19: 0 | C19: WR00L2L2 | D19: 25728 | E19: 128 | F19: 2 | G19: 8 | H19: 917.22 | I19: 12.379 | J19: 45457 | K19: 0.95336806 | L19: 0 | M19: 0 | N19: 0 | O19: 0 | P19: 0 | Q19: 0 | R19: 0 | S19: 0 | T19: 0 | U19: 0 | V19: 0 | W19: 0 | X19: =AVERAGE(I19:I23) -> 12.4106
A20: arch-native-tune-flags | B20: 1 | C20: WR00L2L2 | D20: 25728 | E20: 128 | F20: 2 | G20: 8 | H20: 917.91 | I20: 12.37 | J20: 45457 | K20: 0.96427083 | L20: 0 | M20: 0 | N20: 0 | O20: 0 | P20: 0 | Q20: 0 | R20: 0 | S20: 0 | T20: 0 | U20: 0 | V20: 0 | W20: 0 | X20: =X19 -> 12.4106
A21: arch-native-tune-flags | B21: 2 | C21: WR00L2L2 | D21: 25728 | E21: 128 | F21: 2 | G21: 8 | H21: 910.21 | I21: 12.474 | J21: 45457 | K21: 0.97509259 | L21: 0 | M21: 0 | N21: 0 | O21: 0 | P21: 0 | Q21: 0 | R21: 0 | S21: 0 | T21: 0 | U21: 0 | V21: 0 | W21: 0 | X21: =X20 -> 12.4106
A22: arch-native-tune-flags | B22: 3 | C22: WR00L2L2 | D22: 25728 | E22: 128 | F22: 2 | G22: 8 | H22: 913.38 | I22: 12.431 | J22: 45457 | K22: 0.98594907 | L22: 0 | M22: 0 | N22: 0 | O22: 0 | P22: 0 | Q22: 0 | R22: 0 | S22: 0 | T22: 0 | U22: 0 | V22: 0 | W22: 0 | X22: =X21 -> 12.4106
A23: arch-native-tune-flags | B23: 4 | C23: WR00L2L2 | D23: 25728 | E23: 128 | F23: 2 | G23: 8 | H23: 915.73 | I23: 12.399 | J23: 45457 | K23: 0.9968287 | L23: 0 | M23: 0 | N23: 0 | O23: 0 | P23: 0 | Q23: 0 | R23: 0 | S23: 0 | T23: 0 | U23: 0 | V23: 0 | W23: 0 | X23: =X22 -> 12.4106
A24: cpu-tune | B24: 0 | C24: WR00L2L2 | D24: 25728 | E24: 128 | F24: 2 | G24: 8 | H24: 911.9 | I24: 12.451 | J24: 45457 | K24: 0.6684838 | L24: 0 | M24: 0 | N24: 0 | O24: 0 | P24: 0 | Q24: 0 | R24: 0 | S24: 0 | T24: 0 | U24: 0 | V24: 0 | W24: 0 | X24: =AVERAGE(I24:I28) -> 12.4086
A25: cpu-tune | B25: 1 | C25: WR00L2L2 | D25: 25728 | E25: 128 | F25: 2 | G25: 8 | H25: 918.61 | I25: 12.36 | J25: 45457 | K25: 0.68019676 | L25: 0 | M25: 0 | N25: 0 | O25: 0 | P25: 0 | Q25: 0 | R25: 0 | S25: 0 | T25: 0 | U25: 0 | V25: 0 | W25: 0 | X25: =X24 -> 12.4086
A26: cpu-tune | B26: 2 | C26: WR00L2L2 | D26: 25728 | E26: 128 | F26: 2 | G26: 8 | H26: 917.22 | I26: 12.379 | J26: 45457 | K26: 0.69188657 | L26: 0 | M26: 0 | N26: 0 | O26: 0 | P26: 0 | Q26: 0 | R26: 0 | S26: 0 | T26: 0 | U26: 0 | V26: 0 | W26: 0 | X26: =X25 -> 12.4086
A27: cpu-tune | B27: 3 | C27: WR00L2L2 | D27: 25728 | E27: 128 | F27: 2 | G27: 8 | H27: 918.49 | I27: 12.362 | J27: 45457 | K27: 0.70358796 | L27: 0 | M27: 0 | N27: 0 | O27: 0 | P27: 0 | Q27: 0 | R27: 0 | S27: 0 | T27: 0 | U27: 0 | V27: 0 | W27: 0 | X27: =X26 -> 12.4086
A28: cpu-tune | B28: 4 | C28: WR00L2L2 | D28: 25728 | E28: 128 | F28: 2 | G28: 8 | H28: 909.01 | I28: 12.491 | J28: 45457 | K28: 0.71517361 | L28: 0 | M28: 0 | N28: 0 | O28: 0 | P28: 0 | Q28: 0 | R28: 0 | S28: 0 | T28: 0 | U28: 0 | V28: 0 | W28: 0 | X28: =X27 -> 12.4086
A29: cpu-tune-flags | B29: 0 | C29: WR00L2L2 | D29: 25728 | E29: 128 | F29: 2 | G29: 8 | H29: 920.73 | I29: 12.332 | J29: 45457 | K29: 0.89896991 | L29: 0 | M29: 0 | N29: 0 | O29: 0 | P29: 0 | Q29: 0 | R29: 0 | S29: 0 | T29: 0 | U29: 0 | V29: 0 | W29: 0 | X29: =AVERAGE(I29:I33) -> 12.3924
A30: cpu-tune-flags | B30: 1 | C30: WR00L2L2 | D30: 25728 | E30: 128 | F30: 2 | G30: 8 | H30: 911.54 | I30: 12.456 | J30: 45457 | K30: 0.90980324 | L30: 0 | M30: 0 | N30: 0 | O30: 0 | P30: 0 | Q30: 0 | R30: 0 | S30: 0 | T30: 0 | U30: 0 | V30: 0 | W30: 0 | X30: =X29 -> 12.3924
A31: cpu-tune-flags | B31: 2 | C31: WR00L2L2 | D31: 25728 | E31: 128 | F31: 2 | G31: 8 | H31: 919.82 | I31: 12.344 | J31: 45457 | K31: 0.92072917 | L31: 0 | M31: 0 | N31: 0 | O31: 0 | P31: 0 | Q31: 0 | R31: 0 | S31: 0 | T31: 0 | U31: 0 | V31: 0 | W31: 0 | X31: =X30 -> 12.3924
A32: cpu-tune-flags | B32: 3 | C32: WR00L2L2 | D32: 25728 | E32: 128 | F32: 2 | G32: 8 | H32: 915.53 | I32: 12.402 | J32: 45457 | K32: 0.9316088 | L32: 0 | M32: 0 | N32: 0 | O32: 0 | P32: 0 | Q32: 0 | R32: 0 | S32: 0 | T32: 0 | U32: 0 | V32: 0 | W32: 0 | X32: =X31 -> 12.3924
A33: cpu-tune-flags | B33: 4 | C33: WR00L2L2 | D33: 25728 | E33: 128 | F33: 2 | G33: 8 | H33: 913.62 | I33: 12.428 | J33: 45457 | K33: 0.94246528 | L33: 0 | M33: 0 | N33: 0 | O33: 0 | P33: 0 | Q33: 0 | R33: 0 | S33: 0 | T33: 0 | U33: 0 | V33: 0 | W33: 0 | X33: =X32 -> 12.3924
A34: arch-native-tune | B34: 0 | C34: WR00L2L2 | D34: 25728 | E34: 128 | F34: 2 | G34: 8 | H34: 917.17 | I34: 12.38 | J34: 45457 | K34: 0.726875 | L34: 0 | M34: 0 | N34: 0 | O34: 0 | P34: 0 | Q34: 0 | R34: 0 | S34: 0 | T34: 0 | U34: 0 | V34: 0 | W34: 0 | X34: =AVERAGE(I34:I38) -> 12.392
A35: arch-native-tune | B35: 1 | C35: WR00L2L2 | D35: 25728 | E35: 128 | F35: 2 | G35: 8 | H35: 913.98 | I35: 12.423 | J35: 45457 | K35: 0.73851852 | L35: 0 | M35: 0 | N35: 0 | O35: 0 | P35: 0 | Q35: 0 | R35: 0 | S35: 0 | T35: 0 | U35: 0 | V35: 0 | W35: 0 | X35: =X34 -> 12.392
A36: arch-native-tune | B36: 2 | C36: WR00L2L2 | D36: 25728 | E36: 128 | F36: 2 | G36: 8 | H36: 918.22 | I36: 12.366 | J36: 45457 | K36: 0.75021991 | L36: 0 | M36: 0 | N36: 0 | O36: 0 | P36: 0 | Q36: 0 | R36: 0 | S36: 0 | T36: 0 | U36: 0 | V36: 0 | W36: 0 | X36: =X35 -> 12.392
A37: arch-native-tune | B37: 3 | C37: WR00L2L2 | D37: 25728 | E37: 128 | F37: 2 | G37: 8 | H37: 919.18 | I37: 12.353 | J37: 45457 | K37: 0.76193287 | L37: 0 | M37: 0 | N37: 0 | O37: 0 | P37: 0 | Q37: 0 | R37: 0 | S37: 0 | T37: 0 | U37: 0 | V37: 0 | W37: 0 | X37: =X36 -> 12.392
A38: arch-native-tune | B38: 4 | C38: WR00L2L2 | D38: 25728 | E38: 128 | F38: 2 | G38: 8 | H38: 912.87 | I38: 12.438 | J38: 45457 | K38: 0.77356481 | L38: 0 | M38: 0 | N38: 0 | O38: 0 | P38: 0 | Q38: 0 | R38: 0 | S38: 0 | T38: 0 | U38: 0 | V38: 0 | W38: 0 | X38: =X37 -> 12.392
A39: cpu-tune-overr | B39: 0 | C39: WR00L2L2 | D39: 25728 | E39: 128 | F39: 2 | G39: 8 | H39: 953.67 | I39: 11.906 | J39: 45457 | K39: 0.78568287 | L39: 0 | M39: 0 | N39: 0 | O39: 0 | P39: 0 | Q39: 0 | R39: 0 | S39: 0 | T39: 0 | U39: 0 | V39: 0 | W39: 0 | X39: =AVERAGE(I39:I43) -> 11.98
A40: cpu-tune-overr | B40: 1 | C40: WR00L2L2 | D40: 25728 | E40: 128 | F40: 2 | G40: 8 | H40: 945.1 | I40: 12.014 | J40: 45457 | K40: 0.79768519 | L40: 0 | M40: 0 | N40: 0 | O40: 0 | P40: 0 | Q40: 0 | R40: 0 | S40: 0 | T40: 0 | U40: 0 | V40: 0 | W40: 0 | X40: =X39 -> 11.98
A41: cpu-tune-overr | B41: 2 | C41: WR00L2L2 | D41: 25728 | E41: 128 | F41: 2 | G41: 8 | H41: 946.63 | I41: 11.995 | J41: 45457 | K41: 0.80972222 | L41: 0 | M41: 0 | N41: 0 | O41: 0 | P41: 0 | Q41: 0 | R41: 0 | S41: 0 | T41: 0 | U41: 0 | V41: 0 | W41: 0 | X41: =X40 -> 11.98
A42: cpu-tune-overr | B42: 3 | C42: WR00L2L2 | D42: 25728 | E42: 128 | F42: 2 | G42: 8 | H42: 949.12 | I42: 11.963 | J42: 45457 | K42: 0.82177083 | L42: 0 | M42: 0 | N42: 0 | O42: 0 | P42: 0 | Q42: 0 | R42: 0 | S42: 0 | T42: 0 | U42: 0 | V42: 0 | W42: 0 | X42: =X41 -> 11.98
A43: cpu-tune-overr | B43: 4 | C43: WR00L2L2 | D43: 25728 | E43: 128 | F43: 2 | G43: 8 | H43: 944.43 | I43: 12.022 | J43: 45457 | K43: 0.83378472 | L43: 0 | M43: 0 | N43: 0 | O43: 0 | P43: 0 | Q43: 0 | R43: 0 | S43: 0 | T43: 0 | U43: 0 | V43: 0 | W43: 0 | X43: =X42 -> 11.98

Sheet 1 node, params, RAW
A1: Max avg. GFLOPS (and params): | E1: =MAX(N:N) -> 4.4801 | F1: =INDEX(C:C,MATCH(MAX($N:$N),$N:$N,0)) -> 14400 | G1: =INDEX(D:D,MATCH(MAX($N:$N),$N:$N,0)) -> 96 | H1: =INDEX(E:E,MATCH(MAX($N:$N),$N:$N,0)) -> 2 | I1: =INDEX(F:F,MATCH(MAX($N:$N),$N:$N,0)) -> 2 | K1: ATLAS (cpu-tune-overr-flags) | N1: Average GFLOP/s | P1: Max avg. GFLOPS (and params): | T1: =MAX(AC:AC) -> 4.4017 | U1: =INDEX(R:R,MATCH(MAX($AC:$AC),$AC:$AC,0)) -> 14400 | V1: =INDEX(S:S,MATCH(MAX($AC:$AC),$AC:$AC,0)) -> 192 | W1: =INDEX(T:T,MATCH(MAX($AC:$AC),$AC:$AC,0)) -> 1 | X1: =INDEX(U:U,MATCH(MAX($AC:$AC),$AC:$AC,0)) -> 4 | Z1: OpenBLAS | AC1: Average GFLOP/s
A2: MAX GFLOPS: | C2: =MAX(H4:H840) -> 4.4859 | K2: Odroid01 throttling time [1/100s] | P2: MAX GFLOPS: | R2: =MAX(W4:W841) -> 4.4464 | Z2: Odroid02 throttling time [1/100s]
A3: RUN | C3: N | D3: NB | E3: P | F3: Q | G3: Time | H3: GFLOPS | I3: Date | J3: Time | K3: 1400MHz | L3: 1500MHz | M3: 1600MHz | P3: RUN | R3: N | S3: NB | T3: P | U3: Q | V3: Time | W3: GFLOPS | X3: Date | Y3: Time | Z3: 1400MHz | AA3: 1500MHz | AB3: 1600MHz
A4: 0 | B4: WR00L2L2 | C4: 12864 | D4: 32 | E4: 1 | F4: 4 | G4: 364.79 | H4: 3.8911 | I4: 45474 | J4: 0.50143519 | K4: 0 | L4: 0 | M4: 0 | N4: =AVERAGE(H4:H8) -> 3.93302 | P4: 0 | Q4: WR00L2L2 | R4: 12864 | S4: 32 | T4: 1 | U4: 4 | V4: 403.34 | W4: 3.5192 | X4: 45474 | Y4: 0.50275463 | Z4: 0 | AA4: 0 | AB4: 0 | AC4: =AVERAGE(W4:W8) -> 3.5624
A5: 1 | B5: WR00L2L2 | C5: 12864 | D5: 32 | E5: 1 | F5: 4 | G5: 362.54 | H5: 3.9153 | I5: 45474 | J5: 0.7353588 | K5: 0 | L5: 0 | M5: 0 | P5: 1 | Q5: WR00L2L2 | R5: 12864 | S5: 32 | T5: 1 | U5: 4 | V5: 397.66 | W5: 3.5695 | X5: 45474 | Y5: 0.78759259 | Z5: 0 | AA5: 0 | AB5: 0
A6: 2 | B6: WR00L2L2 | C6: 12864 | D6: 32 | E6: 1 | F6: 4 | G6: 359.95 | H6: 3.9434 | I6: 45474 | J6: 0.96913194 | K6: 0 | L6: 0 | M6: 0 | P6: 2 | Q6: WR00L2L2 | R6: 12864 | S6: 32 | T6: 1 | U6: 4 | V6: 397.75 | W6: 3.5686 | X6: 45475 | Y6: 0.07162037 | Z6: 0 | AA6: 0 | AB6: 0
A7: 3 | B7: WR00L2L2 | C7: 12864 | D7: 32 | E7: 1 | F7: 4 | G7: 359.17 | H7: 3.952 | I7: 45475 | J7: 0.20274306 | K7: 0 | L7: 0 | M7: 0 | P7: 3 | Q7: WR00L2L2 | R7: 12864 | S7: 32 | T7: 1 | U7: 4 | V7: 395.76 | W7: 3.5866 | X7: 45475 | Y7: 0.3553125 | Z7: 0 | AA7: 0 | AB7: 0
A8: 4 | B8: WR00L2L2 | C8: 12864 | D8: 32 | E8: 1 | F8: 4 | G8: 358.15 | H8: 3.9633 | I8: 45475 | J8: 0.43623843 | K8: 0 | L8: 0 | M8: 0 | P8: 4 | Q8: WR00L2L2 | R8: 12864 | S8: 32 | T8: 1 | U8: 4 | V8: 397.81 | W8: 3.5681 | X8: 45475 | Y8: 0.63900463 | Z8: 0 | AA8: 0 | AB8: 0
A9: 0 | B9: WR00L2L2 | C9: 13632 | D9: 32 | E9: 1 | F9: 4 | G9: 442.37 | H9: 3.8184 | I9: 45474 | J9: 0.56765046 | K9: 0 | L9: 0 | M9: 0 | N9: =AVERAGE(H9:H13) -> 3.8564 | P9: 0 | Q9: WR00L2L2 | R9: 13632 | S9: 32 | T9: 1 | U9: 4 | V9: 465.9 | W9: 3.6255 | X9: 45474 | Y9: 0.58527778 | Z9: 0 | AA9: 0 | AB9: 0 | AC9: =AVERAGE(W9:W13) -> 3.62406
A10: 1 | B10: WR00L2L2 | C10: 13632 | D10: 32 | E10: 1 | F10: 4 | G10: 439.55 | H10: 3.8429 | I10: 45474 | J10: 0.80146991 | K10: 0 | L10: 0 | M10: 0 | P10: 1 | Q10: WR00L2L2 | R10: 13632 | S10: 32 | T10: 1 | U10: 4 | V10: 465.74 | W10: 3.6268 | X10: 45474 | Y10: 0.87 | Z10: 0 | AA10: 0 | AB10: 0
A11: 2 | B11: WR00L2L2 | C11: 13632 | D11: 32 | E11: 1 | F11: 4 | G11: 438.1 | H11: 3.8555 | I11: 45475 | J11: 0.035196759 | K11: 0 | L11: 0 | M11: 0 | P11: 2 | Q11: WR00L2L2 | R11: 13632 | S11: 32 | T11: 1 | U11: 4 | V11: 467.73 | W11: 3.6113 | X11: 45475 | Y11: 0.15378472 | Z11: 0 | AA11: 0 | AB11: 0
A12: 3 | B12: WR00L2L2 | C12: 13632 | D12: 32 | E12: 1 | F12: 4 | G12: 434.6 | H12: 3.8866 | I12: 45475 | J12: 0.2687037 | K12: 0 | L12: 0 | M12: 0 | P12: 3 | Q12: WR00L2L2 | R12: 13632 | S12: 32 | T12: 1 | U12: 4 | V12: 465.5 | W12: 3.6286 | X12: 45475 | Y12: 0.43761574 | Z12: 0 | AA12: 0 | AB12: 0
A13: 4 | B13: WR00L2L2 | C13: 13632 | D13: 32 | E13: 1 | F13: 4 | G13: 435.5 | H13: 3.8786 | I13: 45475 | J13: 0.50222222 | K13: 0 | L13: 0 | M13: 0 | P13: 4 | Q13: WR00L2L2 | R13: 13632 | S13: 32 | T13: 1 | U13: 4 | V13: 465.57 | W13: 3.6281 | X13: 45475 | Y13: 0.72135417 | Z13: 0 | AA13: 0 | AB13: 0
A14: 0 | B14: WR00L2L2 | C14: 14400 | D14: 32 | E14: 1 | F14: 4 | G14: 497.96 | H14: 3.9982 | I14: 45474 | J14: 0.64619213 | K14: 0 | L14: 0 | M14: 0 | N14: =AVERAGE(H14:H18) -> 3.95198 | P14: 0 | Q14: WR00L2L2 | R14: 14400 | S14: 32 | T14: 1 | U14: 4 | V14: 530.91 | W14: 3.7501 | X14: 45474 | Y14: 0.68056713 | Z14: 0 | AA14: 0 | AB14: 0 | AC14: =AVERAGE(W14:W18) -> 3.72338
A15: 1 | B15: WR00L2L2 | C15: 14400 | D15: 32 | E15: 1 | F15: 4 | G15: 506.11 | H15: 3.9339 | I15: 45474 | J15: 0.87993056 | K15: 0 | L15: 0 | M15: 0 | P15: 1 | Q15: WR00L2L2 | R15: 14400 | S15: 32 | T15: 1 | U15: 4 | V15: 535.69 | W15: 3.7166 | X15: 45474 | Y15: 0.96503472 | Z15: 0 | AA15: 0 | AB15: 0
A16: 2 | B16: WR00L2L2 | C16: 14400 | D16: 32 | E16: 1 | F16: 4 | G16: 506.08 | H16: 3.9341 | I16: 45475 | J16: 0.11358796 | K16: 0 | L16: 0 | M16: 0 | P16: 2 | Q16: WR00L2L2 | R16: 14400 | S16: 32 | T16: 1 | U16: 4 | V16: 535.07 | W16: 3.721 | X16: 45475 | Y16: 0.24886574 | Z16: 0 | AA16: 0 | AB16: 0
A17: 3 | B17: WR00L2L2 | C17: 14400 | D17: 32 | E17: 1 | F17: 4 | G17: 504.58 | H17: 3.9458 | I17: 45475 | J17: 0.34710648 | K17: 0 | L17: 0 | M17: 0 | P17: 3 | Q17: WR00L2L2 | R17: 14400 | S17: 32 | T17: 1 | U17: 4 | V17: 535.15 | W17: 3.7204 | X17: 45475 | Y17: 0.53247685 | Z17: 0 | AA17: 0 | AB17: 0
A18: 4 | B18: WR00L2L2 | C18: 14400 | D18: 32 | E18: 1 | F18: 4 | G18: 504.31 | H18: 3.9479 | I18: 45475 | J18: 0.58054398 | K18: 0 | L18: 0 | M18: 0 | P18: 4 | Q18: WR00L2L2 | R18: 14400 | S18: 32 | T18: 1 | U18: 4 | V18: 536.82 | W18: 3.7088 | X18: 45475 | Y18: 0.81579861 | Z18: 0 | AA18: 0 | AB18: 0
A19: 0 | B19: WR00L2L2 | C19: 12864 | D19: 32 | E19: 2 | F19: 2 | G19: 362.61 | H19: 3.9144 | I19: 45474 | J19: 0.50581019 | K19: 0 | L19: 0 | M19: 0 | N19: =AVERAGE(H19:H23) -> 3.9397 | P19: 0 | Q19: WR00L2L2 | R19: 12864 | S19: 32 | T19: 2 | U19: 2 | V19: 401.01 | W19: 3.5396 | X19: 45474 | Y19: 0.50840278 | Z19: 0 | AA19: 0 | AB19: 0 | AC19: =AVERAGE(W19:W23) -> 3.56798
A20: 1 | B20: WR00L2L2 | C20: 12864 | D20: 32 | E20: 2 | F20: 2 | G20: 360.47 | H20: 3.9377 | I20: 45474 | J20: 0.73972222 | K20: 0 | L20: 0 | M20: 0 | P20: 1 | Q20: WR00L2L2 | R20: 12864 | S20: 32 | T20: 2 | U20: 2 | V20: 397.56 | W20: 3.5703 | X20: 45474 | Y20: 0.79320602 | Z20: 0 | AA20: 0 | AB20: 0
A21: 2 | B21: WR00L2L2 | C21: 12864 | D21: 32 | E21: 2 | F21: 2 | G21: 360.09 | H21: 3.9419 | I21: 45474 | J21: 0.9734838 | K21: 0 | L21: 0 | M21: 0 | P21: 2 | Q21: WR00L2L2 | R21: 12864 | S21: 32 | T21: 2 | U21: 2 | V21: 396.29 | W21: 3.5818 | X21: 45475 | Y21: 0.077222222 | Z21: 0 | AA21: 0 | AB21: 0
A22: 3 | B22: WR00L2L2 | C22: 12864 | D22: 32 | E22: 2 | F22: 2 | G22: 359.69 | H22: 3.9462 | I22: 45475 | J22: 0.20708333 | K22: 0 | L22: 0 | M22: 0 | P22: 3 | Q22: WR00L2L2 | R22: 12864 | S22: 32 | T22: 2 | U22: 2 | V22: 397.1 | W22: 3.5745 | X22: 45475 | Y22: 0.36092593 | Z22: 0 | AA22: 0 | AB22: 0
A23: 4 | B23: WR00L2L2 | C23: 12864 | D23: 32 | E23: 2 | F23: 2 | G23: 358.59 | H23: 3.9583 | I23: 45475 | J23: 0.44056713 | K23: 0 | L23: 0 | M23: 0 | P23: 4 | Q23: WR00L2L2 | R23: 12864 | S23: 32 | T23: 2 | U23: 2 | V23: 397.18 | W23: 3.5737 | X23: 45475 | Y23: 0.64460648 | Z23: 0 | AA23: 0 | AB23: 0
A24: 0 | B24: WR00L2L2 | C24: 13632 | D24: 32 | E24: 2 | F24: 2 | G24: 435.7 | H24: 3.8768 | I24: 45474 | J24: 0.57290509 | K24: 0 | L24: 0 | M24: 0 | N24: =AVERAGE(H24:H28) -> 3.89724 | P24: 0 | Q24: WR00L2L2 | R24: 13632 | S24: 32 | T24: 2 | U24: 2 | V24: 465.56 | W24: 3.6281 | X24: 45474 | Y24: 0.59179398 | Z24: 0 | AA24: 0 | AB24: 0 | AC24: =AVERAGE(W24:W28) -> 3.6387
A25: 1 | B25: WR00L2L2 | C25: 13632 | D25: 32 | E25: 2 | F25: 2 | G25: 433.24 | H25: 3.8988 | I25: 45474 | J25: 0.80668981 | K25: 0 | L25: 0 | M25: 0 | P25: 1 | Q25: WR00L2L2 | R25: 13632 | S25: 32 | T25: 2 | U25: 2 | V25: 462.2 | W25: 3.6545 | X25: 45474 | Y25: 0.87648148 | Z25: 0 | AA25: 0 | AB25: 0
A26: 2 | B26: WR00L2L2 | C26: 13632 | D26: 32 | E26: 2 | F26: 2 | G26: 433.46 | H26: 3.8969 | I26: 45475 | J26: 0.040416667 | K26: 0 | L26: 0 | M26: 0 | P26: 2 | Q26: WR00L2L2 | R26: 13632 | S26: 32 | T26: 2 | U26: 2 | V26: 464.24 | W26: 3.6384 | X26: 45475 | Y26: 0.16028935 | Z26: 0 | AA26: 0 | AB26: 0
A27: 3 | B27: WR00L2L2 | C27: 13632 | D27: 32 | E27: 2 | F27: 2 | G27: 432.75 | H27: 3.9032 | I27: 45475 | J27: 0.27392361 | K27: 0 | L27: 0 | M27: 0 | P27: 3 | Q27: WR00L2L2 | R27: 13632 | S27: 32 | T27: 2 | U27: 2 | V27: 464.65 | W27: 3.6352 | X27: 45475 | Y27: 0.4441088 | Z27: 0 | AA27: 0 | AB27: 0
A28: 4 | B28: WR00L2L2 | C28: 13632 | D28: 32 | E28: 2 | F28: 2 | G28: 431.94 | H28: 3.9105 | I28: 45475 | J28: 0.50743056 | K28: 0 | L28: 0 | M28: 0 | P28: 4 | Q28: WR00L2L2 | R28: 13632 | S28: 32 | T28: 2 | U28: 2 | V28: 464.38 | W28: 3.6373 | X28: 45475 | Y28: 0.72782407 | Z28: 0 | AA28: 0 | AB28: 0
A29: 0 | B29: WR00L2L2 | C29: 14400 | D29: 32 | E29: 2 | F29: 2 | G29: 508.24 | H29: 3.9174 | I29: 45474 | J29: 0.65230324 | K29: 0 | L29: 0 | M29: 0 | N29: =AVERAGE(H29:H33) -> 3.926 | P29: 0 | Q29: WR00L2L2 | R29: 14400 | S29: 32 | T29: 2 | U29: 2 | V29: 535.74 | W29: 3.7163 | X29: 45474 | Y29: 0.68802083 | Z29: 0 | AA29: 0 | AB29: 0 | AC29: =AVERAGE(W29:W33) -> 3.71718
A30: 1 | B30: WR00L2L2 | C30: 14400 | D30: 32 | E30: 2 | F30: 2 | G30: 507.26 | H30: 3.9249 | I30: 45474 | J30: 0.88601852 | K30: 0 | L30: 0 | M30: 0 | P30: 1 | Q30: WR00L2L2 | R30: 14400 | S30: 32 | T30: 2 | U30: 2 | V30: 535.14 | W30: 3.7204 | X30: 45474 | Y30: 0.97247685 | Z30: 0 | AA30: 0 | AB30: 0
A31: 2 | B31: WR00L2L2 | C31: 14400 | D31: 32 | E31: 2 | F31: 2 | G31: 506.91 | H31: 3.9276 | I31: 45475 | J31: 0.11967593 | K31: 0 | L31: 0 | M31: 0 | P31: 2 | Q31: WR00L2L2 | R31: 14400 | S31: 32 | T31: 2 | U31: 2 | V31: 536.6 | W31: 3.7103 | X31: 45475 | Y31: 0.25633102 | Z31: 0 | AA31: 0 | AB31: 0
A32: 3 | B32: WR00L2L2 | C32: 14400 | D32: 32 | E32: 2 | F32: 2 | G32: 507.17 | H32: 3.9257 | I32: 45475 | J32: 0.35320602 | K32: 0 | L32: 0 | M32: 0 | P32: 3 | Q32: WR00L2L2 | R32: 14400 | S32: 32 | T32: 2 | U32: 2 | V32: 534.45 | W32: 3.7252 | X32: 45475 | Y32: 0.53990741 | Z32: 0 | AA32: 0 | AB32: 0
A33: 4 | B33: WR00L2L2 | C33: 14400 | D33: 32 | E33: 2 | F33: 2 | G33: 506.05 | H33: 3.9344 | I33: 45475 | J33: 0.58663194 | K33: 0 | L33: 0 | M33: 0 | P33: 4 | Q33: WR00L2L2 | R33: 14400 | S33: 32 | T33: 2 | U33: 2 | V33: 536.11 | W33: 3.7137 | X33: 45475 | Y33: 0.82322917 | Z33: 0 | AA33: 0 | AB33: 0
A34: 0 | B34: WR00L2L2 | C34: 12864 | D34: 64 | E34: 1 | F34: 4 | G34: 330.64 | H34: 4.2929 | I34: 45474 | J34: 0.50983796 | K34: 0 | L34: 0 | M34: 0 | N34: =AVERAGE(H34:H38) -> 4.31218 | P34: 0 | Q34: WR00L2L2 | R34: 12864 | S34: 64 | T34: 1 | U34: 4 | V34: 357.3 | W34: 3.9726 | X34: 45474 | Y34: 0.51355324 | Z34: 0 | AA34: 0 | AB34: 0 | AC34: =AVERAGE(W34:W38) -> 3.9991
A35: 1 | B35: WR00L2L2 | C35: 12864 | D35: 64 | E35: 1 | F35: 4 | G35: 330.44 | H35: 4.2955 | I35: 45474 | J35: 0.74373843 | K35: 0 | L35: 0 | M35: 0 | P35: 1 | Q35: WR00L2L2 | R35: 12864 | S35: 64 | T35: 1 | U35: 4 | V35: 355.83 | W35: 3.9891 | X35: 45474 | Y35: 0.79833333 | Z35: 0 | AA35: 0 | AB35: 0
A36: 2 | B36: WR00L2L2 | C36: 12864 | D36: 64 | E36: 1 | F36: 4 | G36: 328.25 | H36: 4.3242 | I36: 45474 | J36: 0.97747685 | K36: 0 | L36: 0 | M36: 0 | P36: 2 | Q36: WR00L2L2 | R36: 12864 | S36: 64 | T36: 1 | U36: 4 | V36: 353.61 | W36: 4.0141 | X36: 45475 | Y36: 0.082314815 | Z36: 0 | AA36: 0 | AB36: 0
A37: 3 | B37: WR00L2L2 | C37: 12864 | D37: 64 | E37: 1 | F37: 4 | G37: 327.76 | H37: 4.3307 | I37: 45475 | J37: 0.21106481 | K37: 0 | L37: 0 | M37: 0 | P37: 3 | Q37: WR00L2L2 | R37: 12864 | S37: 64 | T37: 1 | U37: 4 | V37: 353.8 | W37: 4.012 | X37: 45475 | Y37: 0.36603009 | Z37: 0 | AA37: 0 | AB37: 0
A38: 4 | B38: WR00L2L2 | C38: 12864 | D38: 64 | E38: 1 | F38: 4 | G38: 328.76 | H38: 4.3176 | I38: 45475 | J38: 0.44456019 | K38: 0 | L38: 0 | M38: 0 | P38: 4 | Q38: WR00L2L2 | R38: 12864 | S38: 64 | T38: 1 | U38: 4 | V38: 354.17 | W38: 4.0077 | X38: 45475 | Y38: 0.64972222 | Z38: 0 | AA38: 0 | AB38: 0
A39: 0 | B39: WR00L2L2 | C39: 13632 | D39: 64 | E39: 1 | F39: 4 | G39: 402.16 | H39: 4.2001 | I39: 45474 | J39: 0.5777662 | K39: 0 | L39: 0 | M39: 0 | N39: =AVERAGE(H39:H43) -> 4.23126 | P39: 0 | Q39: WR00L2L2 | R39: 13632 | S39: 64 | T39: 1 | U39: 4 | V39: 416.04 | W39: 4.06 | X39: 45474 | Y39: 0.59773148 | Z39: 0 | AA39: 0 | AB39: 0 | AC39: =AVERAGE(W39:W43) -> 4.06798
A40: 1 | B40: WR00L2L2 | C40: 13632 | D40: 64 | E40: 1 | F40: 4 | G40: 399.81 | H40: 4.2248 | I40: 45474 | J40: 0.81152778 | K40: 0 | L40: 0 | M40: 0 | P40: 1 | Q40: WR00L2L2 | R40: 13632 | S40: 64 | T40: 1 | U40: 4 | V40: 414.04 | W40: 4.0796 | X40: 45474 | Y40: 0.88240741 | Z40: 0 | AA40: 0 | AB40: 0
A41: 2 | B41: WR00L2L2 | C41: 13632 | D41: 64 | E41: 1 | F41: 4 | G41: 397.88 | H41: 4.2453 | I41: 45475 | J41: 0.045231481 | K41: 0 | L41: 0 | M41: 0 | P41: 2 | Q41: WR00L2L2 | R41: 13632 | S41: 64 | T41: 1 | U41: 4 | V41: 416.74 | W41: 4.0532 | X41: 45475 | Y41: 0.16625 | Z41: 0 | AA41: 0 | AB41: 0
A42: 3 | B42: WR00L2L2 | C42: 13632 | D42: 64 | E42: 1 | F42: 4 | G42: 398.68 | H42: 4.2368 | I42: 45475 | J42: 0.27875 | K42: 0 | L42: 0 | M42: 0 | P42: 3 | Q42: WR00L2L2 | R42: 13632 | S42: 64 | T42: 1 | U42: 4 | V42: 414.32 | W42: 4.0769 | X42: 45475 | Y42: 0.45003472 | Z42: 0 | AA42: 0 | AB42: 0
A43: 4 | B43: WR00L2L2 | C43: 13632 | D43: 64 | E43: 1 | F43: 4 | G43: 397.5 | H43: 4.2493 | I43: 45475 | J43: 0.51224537 | K43: 0 | L43: 0 | M43: 0 | P43: 4 | Q43: WR00L2L2 | R43: 13632 | S43: 64 | T43: 1 | U43: 4 | V43: 415 | W43: 4.0702 | X43: 45475 | Y43: 0.73373843 | Z43: 0 | AA43: 0 | AB43: 0
A44: 0 | B44: WR00L2L2 | C44: 14400 | D44: 64 | E44: 1 | F44: 4 | G44: 456.68 | H44: 4.3596 | I44: 45474 | J44: 0.65782407 | K44: 0 | L44: 0 | M44: 0 | N44: =AVERAGE(H44:H48) -> 4.33982 | P44: 0 | Q44: WR00L2L2 | R44: 14400 | S44: 64 | T44: 1 | U44: 4 | V44: 476.99 | W44: 4.1741 | X44: 45474 | Y44: 0.69480324 | Z44: 0 | AA44: 0 | AB44: 0 | AC44: =AVERAGE(W44:W48) -> 4.1592
A45: 1 | B45: WR00L2L2 | C45: 14400 | D45: 64 | E45: 1 | F45: 4 | G45: 459.59 | H45: 4.3321 | I45: 45474 | J45: 0.89158565 | K45: 0 | L45: 0 | M45: 0 | P45: 1 | Q45: WR00L2L2 | R45: 14400 | S45: 64 | T45: 1 | U45: 4 | V45: 477.03 | W45: 4.1737 | X45: 45474 | Y45: 0.97925926 | Z45: 0 | AA45: 0 | AB45: 0
A46: 2 | B46: WR00L2L2 | C46: 14400 | D46: 64 | E46: 1 | F46: 4 | G46: 459.68 | H46: 4.3312 | I46: 45475 | J46: 0.12524306 | K46: 0 | L46: 0 | M46: 0 | P46: 2 | Q46: WR00L2L2 | R46: 14400 | S46: 64 | T46: 1 | U46: 4 | V46: 484.33 | W46: 4.1108 | X46: 45475 | Y46: 0.26319444 | Z46: 0 | AA46: 0 | AB46: 0
A47: 3 | B47: WR00L2L2 | C47: 14400 | D47: 64 | E47: 1 | F47: 4 | G47: 458.5 | H47: 4.3423 | I47: 45475 | J47: 0.35875 | K47: 0 | L47: 0 | M47: 0 | P47: 3 | Q47: WR00L2L2 | R47: 14400 | S47: 64 | T47: 1 | U47: 4 | V47: 477.71 | W47: 4.1678 | X47: 45475 | Y47: 0.54670139 | Z47: 0 | AA47: 0 | AB47: 0
A48: 4 | B48: WR00L2L2 | C48: 14400 | D48: 64 | E48: 1 | F48: 4 | G48: 459.4 | H48: 4.3339 | I48: 45475 | J48: 0.59217593 | K48: 0 | L48: 0 | M48: 0 | P48: 4 | Q48: WR00L2L2 | R48: 14400 | S48: 64 | T48: 1 | U48: 4 | V48: 477.49 | W48: 4.1696 | X48: 45475 | Y48: 0.82997685 | Z48: 0 | AA48: 0 | AB48: 0
A49: 0 | B49: WR00L2L2 | C49: 12864 | D49: 64 | E49: 2 | F49: 2 | G49: 329.85 | H49: 4.3033 | I49: 45474 | J49: 0.51383102 | K49: 0 | L49: 0 | M49: 0 | N49: =AVERAGE(H49:H53) -> 4.31608 | P49: 0 | Q49: WR00L2L2 | R49: 12864 | S49: 64 | T49: 2 | U49: 2 | V49: 365.15 | W49: 3.8872 | X49: 45474 | Y49: 0.51877315 | Z49: 0 | AA49: 0 | AB49: 0 | AC49: =AVERAGE(W49:W53) -> 3.90262
A50: 1 | B50: WR00L2L2 | C50: 12864 | D50: 64 | E50: 2 | F50: 2 | G50: 328.13 | H50: 4.3258 | I50: 45474 | J50: 0.74770833 | K50: 0 | L50: 0 | M50: 0 | P50: 1 | Q50: WR00L2L2 | R50: 12864 | S50: 64 | T50: 2 | U50: 2 | V50: 362.94 | W50: 3.911 | X50: 45474 | Y50: 0.80354167 | Z50: 0 | AA50: 0 | AB50: 0
A51: 2 | B51: WR00L2L2 | C51: 12864 | D51: 64 | E51: 2 | F51: 2 | G51: 328.98 | H51: 4.3146 | I51: 45474 | J51: 0.98146991 | K51: 0 | L51: 0 | M51: 0 | P51: 2 | Q51: WR00L2L2 | R51: 12864 | S51: 64 | T51: 2 | U51: 2 | V51: 364.09 | W51: 3.8985 | X51: 45475 | Y51: 0.087534722 | Z51: 0 | AA51: 0 | AB51: 0
A52: 3 | B52: WR00L2L2 | C52: 12864 | D52: 64 | E52: 2 | F52: 2 | G52: 329.26 | H52: 4.311 | I52: 45475 | J52: 0.21505787 | K52: 0 | L52: 0 | M52: 0 | P52: 3 | Q52: WR00L2L2 | R52: 12864 | S52: 64 | T52: 2 | U52: 2 | V52: 362.72 | W52: 3.9133 | X52: 45475 | Y52: 0.37123843 | Z52: 0 | AA52: 0 | AB52: 0
A53: 4 | B53: WR00L2L2 | C53: 12864 | D53: 64 | E53: 2 | F53: 2 | G53: 328.14 | H53: 4.3257 | I53: 45475 | J53: 0.44854167 | K53: 0 | L53: 0 | M53: 0 | P53: 4 | Q53: WR00L2L2 | R53: 12864 | S53: 64 | T53: 2 | U53: 2 | V53: 363.66 | W53: 3.9031 | X53: 45475 | Y53: 0.65494213 | Z53: 0 | AA53: 0 | AB53: 0
A54: 0 | B54: WR00L2L2 | C54: 13632 | D54: 64 | E54: 2 | F54: 2 | G54: 393.99 | H54: 4.2872 | I54: 45474 | J54: 0.58253472 | K54: 0 | L54: 0 | M54: 0 | N54: =AVERAGE(H54:H58) -> 4.29148 | P54: 0 | Q54: WR00L2L2 | R54: 13632 | S54: 64 | T54: 2 | U54: 2 | V54: 424.75 | W54: 3.9767 | X54: 45474 | Y54: 0.60377315 | Z54: 0 | AA54: 0 | AB54: 0 | AC54: =AVERAGE(W54:W58) -> 3.99624
A55: 1 | B55: WR00L2L2 | C55: 13632 | D55: 64 | E55: 2 | F55: 2 | G55: 392.35 | H55: 4.3052 | I55: 45474 | J55: 0.81627315 | K55: 0 | L55: 0 | M55: 0 | P55: 1 | Q55: WR00L2L2 | R55: 13632 | S55: 64 | T55: 2 | U55: 2 | V55: 422.61 | W55: 3.9969 | X55: 45474 | Y55: 0.88841435 | Z55: 0 | AA55: 0 | AB55: 0
A56: 2 | B56: WR00L2L2 | C56: 13632 | D56: 64 | E56: 2 | F56: 2 | G56: 392.41 | H56: 4.3045 | I56: 45475 | J56: 0.049976852 | K56: 0 | L56: 0 | M56: 0 | P56: 2 | Q56: WR00L2L2 | R56: 13632 | S56: 64 | T56: 2 | U56: 2 | V56: 421.7 | W56: 4.0055 | X56: 45475 | Y56: 0.17225694 | Z56: 0 | AA56: 0 | AB56: 0
A57: 3 | B57: WR00L2L2 | C57: 13632 | D57: 64 | E57: 2 | F57: 2 | G57: 397.41 | H57: 4.2503 | I57: 45475 | J57: 0.28355324 | K57: 0 | L57: 0 | M57: 0 | P57: 3 | Q57: WR00L2L2 | R57: 13632 | S57: 64 | T57: 2 | U57: 2 | V57: 421.72 | W57: 4.0053 | X57: 45475 | Y57: 0.45604167 | Z57: 0 | AA57: 0 | AB57: 0
A58: 4 | B58: WR00L2L2 | C58: 13632 | D58: 64 | E58: 2 | F58: 2 | G58: 391.89 | H58: 4.3102 | I58: 45475 | J58: 0.51697917 | K58: 0 | L58: 0 | M58: 0 | P58: 4 | Q58: WR00L2L2 | R58: 13632 | S58: 64 | T58: 2 | U58: 2 | V58: 422.62 | W58: 3.9968 | X58: 45475 | Y58: 0.73972222 | Z58: 0 | AA58: 0 | AB58: 0
A59: 0 | B59: WR00L2L2 | C59: 14400 | D59: 64 | E59: 2 | F59: 2 | G59: 462.28 | H59: 4.3069 | I59: 45474 | J59: 0.66340278 | K59: 0 | L59: 0 | M59: 0 | N59: =AVERAGE(H59:H63) -> 4.30104 | P59: 0 | Q59: WR00L2L2 | R59: 14400 | S59: 64 | T59: 2 | U59: 2 | V59: 488.33 | W59: 4.0771 | X59: 45474 | Y59: 0.70170139 | Z59: 0 | AA59: 0 | AB59: 0 | AC59: =AVERAGE(W59:W63) -> 4.0763
A60: 1 | B60: WR00L2L2 | C60: 14400 | D60: 64 | E60: 2 | F60: 2 | G60: 462.65 | H60: 4.3034 | I60: 45474 | J60: 0.89716435 | K60: 0 | L60: 0 | M60: 0 | P60: 1 | Q60: WR00L2L2 | R60: 14400 | S60: 64 | T60: 2 | U60: 2 | V60: 489.61 | W60: 4.0664 | X60: 45474 | Y60: 0.98616898 | Z60: 0 | AA60: 0 | AB60: 0
A61: 2 | B61: WR00L2L2 | C61: 14400 | D61: 64 | E61: 2 | F61: 2 | G61: 463.09 | H61: 4.2993 | I61: 45475 | J61: 0.13082176 | K61: 0 | L61: 0 | M61: 0 | P61: 2 | Q61: WR00L2L2 | R61: 14400 | S61: 64 | T61: 2 | U61: 2 | V61: 487.4 | W61: 4.0848 | X61: 45475 | Y61: 0.27008102 | Z61: 0 | AA61: 0 | AB61: 0
A62: 3 | B62: WR00L2L2 | C62: 14400 | D62: 64 | E62: 2 | F62: 2 | G62: 463.18 | H62: 4.2984 | I62: 45475 | J62: 0.3643287 | K62: 0 | L62: 0 | M62: 0 | P62: 3 | Q62: WR00L2L2 | R62: 14400 | S62: 64 | T62: 2 | U62: 2 | V62: 486.81 | W62: 4.0898 | X62: 45475 | Y62: 0.55357639 | Z62: 0 | AA62: 0 | AB62: 0
A63: 4 | B63: WR00L2L2 | C63: 14400 | D63: 64 | E63: 2 | F63: 2 | G63: 463.32 | H63: 4.2972 | I63: 45475 | J63: 0.5977662 | K63: 0 | L63: 0 | M63: 0 | P63: 4 | Q63: WR00L2L2 | R63: 14400 | S63: 64 | T63: 2 | U63: 2 | V63: 489.97 | W63: 4.0634 | X63: 45475 | Y63: 0.836875 | Z63: 0 | AA63: 0 | AB63: 0
A64: 0 | B64: WR00L2L2 | C64: 12864 | D64: 96 | E64: 1 | F64: 4 | G64: 321.18 | H64: 4.4195 | I64: 45474 | J64: 0.51774306 | K64: 0 | L64: 0 | M64: 0 | N64: =AVERAGE(H64:H68) -> 4.42858 | P64: 0 | Q64: WR00L2L2 | R64: 12864 | S64: 96 | T64: 1 | U64: 4 | V64: 344.43 | W64: 4.1211 | X64: 45474 | Y64: 0.52377315 | Z64: 0 | AA64: 0 | AB64: 0 | AC64: =AVERAGE(W64:W68) -> 4.14868
A65: 1 | B65: WR00L2L2 | C65: 12864 | D65: 96 | E65: 1 | F65: 4 | G65: 321.53 | H65: 4.4145 | I65: 45474 | J65: 0.75162037 | K65: 0 | L65: 0 | M65: 0 | P65: 1 | Q65: WR00L2L2 | R65: 12864 | S65: 96 | T65: 1 | U65: 4 | V65: 340.68 | W65: 4.1665 | X65: 45474 | Y65: 0.8084838 | Z65: 0 | AA65: 0 | AB65: 0
A66: 2 | B66: WR00L2L2 | C66: 12864 | D66: 96 | E66: 1 | F66: 4 | G66: 320.25 | H66: 4.4323 | I66: 45474 | J66: 0.9853588 | K66: 0 | L66: 0 | M66: 0 | P66: 2 | Q66: WR00L2L2 | R66: 12864 | S66: 96 | T66: 1 | U66: 4 | V66: 340.81 | W66: 4.1649 | X66: 45475 | Y66: 0.092488426 | Z66: 0 | AA66: 0 | AB66: 0
A67: 3 | B67: WR00L2L2 | C67: 12864 | D67: 96 | E67: 1 | F67: 4 | G67: 319.41 | H67: 4.4438 | I67: 45475 | J67: 0.21894676 | K67: 0 | L67: 0 | M67: 0 | P67: 3 | Q67: WR00L2L2 | R67: 12864 | S67: 96 | T67: 1 | U67: 4 | V67: 342.13 | W67: 4.1488 | X67: 45475 | Y67: 0.3762037 | Z67: 0 | AA67: 0 | AB67: 0
A68: 4 | B68: WR00L2L2 | C68: 12864 | D68: 96 | E68: 1 | F68: 4 | G68: 320.21 | H68: 4.4328 | I68: 45475 | J68: 0.45244213 | K68: 0 | L68: 0 | M68: 0 | P68: 4 | Q68: WR00L2L2 | R68: 12864 | S68: 96 | T68: 1 | U68: 4 | V68: 342.68 | W68: 4.1421 | X68: 45475 | Y68: 0.65991898 | Z68: 0 | AA68: 0 | AB68: 0
A69: 0 | B69: WR00L2L2 | C69: 13632 | D69: 96 | E69: 1 | F69: 4 | G69: 386.36 | H69: 4.3718 | I69: 45474 | J69: 0.58721065 | K69: 0 | L69: 0 | M69: 0 | N69: =AVERAGE(H69:H73) -> 4.38828 | P69: 0 | Q69: WR00L2L2 | R69: 13632 | S69: 96 | T69: 1 | U69: 4 | V69: 399.04 | W69: 4.2329 | X69: 45474 | Y69: 0.60951389 | Z69: 0 | AA69: 0 | AB69: 0 | AC69: =AVERAGE(W69:W73) -> 4.25072
A70: 1 | B70: WR00L2L2 | C70: 13632 | D70: 96 | E70: 1 | F70: 4 | G70: 385.45 | H70: 4.3822 | I70: 45474 | J70: 0.82094907 | K70: 0 | L70: 0 | M70: 0 | P70: 1 | Q70: WR00L2L2 | R70: 13632 | S70: 96 | T70: 1 | U70: 4 | V70: 397.61 | W70: 4.2481 | X70: 45474 | Y70: 0.89414352 | Z70: 0 | AA70: 0 | AB70: 0
A71: 2 | B71: WR00L2L2 | C71: 13632 | D71: 96 | E71: 1 | F71: 4 | G71: 385.24 | H71: 4.3845 | I71: 45475 | J71: 0.054652778 | K71: 0 | L71: 0 | M71: 0 | P71: 2 | Q71: WR00L2L2 | R71: 13632 | S71: 96 | T71: 1 | U71: 4 | V71: 395.22 | W71: 4.2739 | X71: 45475 | Y71: 0.17795139 | Z71: 0 | AA71: 0 | AB71: 0
A72: 3 | B72: WR00L2L2 | C72: 13632 | D72: 96 | E72: 1 | F72: 4 | G72: 383.92 | H72: 4.3997 | I72: 45475 | J72: 0.28820602 | K72: 0 | L72: 0 | M72: 0 | P72: 3 | Q72: WR00L2L2 | R72: 13632 | S72: 96 | T72: 1 | U72: 4 | V72: 396.84 | W72: 4.2564 | X72: 45475 | Y72: 0.46175926 | Z72: 0 | AA72: 0 | AB72: 0
A73: 4 | B73: WR00L2L2 | C73: 13632 | D73: 96 | E73: 1 | F73: 4 | G73: 383.61 | H73: 4.4032 | I73: 45475 | J73: 0.52163194 | K73: 0 | L73: 0 | M73: 0 | P73: 4 | Q73: WR00L2L2 | R73: 13632 | S73: 96 | T73: 1 | U73: 4 | V73: 398.16 | W73: 4.2423 | X73: 45475 | Y73: 0.74542824 | Z73: 0 | AA73: 0 | AB73: 0
A74: 0 | B74: WR00L2L2 | C74: 14400 | D74: 96 | E74: 1 | F74: 4 | G74: 446.42 | H74: 4.4598 | I74: 45474 | J74: 0.66880787 | K74: 0 | L74: 0 | M74: 0 | N74: =AVERAGE(H74:H78) -> 4.45964 | P74: 0 | Q74: WR00L2L2 | R74: 14400 | S74: 96 | T74: 1 | U74: 4 | V74: 473.31 | W74: 4.2065 | X74: 45474 | Y74: 0.70842593 | Z74: 0 | AA74: 0 | AB74: 0 | AC74: =AVERAGE(W74:W78) -> 4.28786
A75: 1 | B75: WR00L2L2 | C75: 14400 | D75: 96 | E75: 1 | F75: 4 | G75: 447.68 | H75: 4.4473 | I75: 45474 | J75: 0.90258102 | K75: 0 | L75: 0 | M75: 0 | P75: 1 | Q75: WR00L2L2 | R75: 14400 | S75: 96 | T75: 1 | U75: 4 | V75: 467.99 | W75: 4.2543 | X75: 45474 | Y75: 0.99282407 | Z75: 0 | AA75: 0 | AB75: 0
A76: 2 | B76: WR00L2L2 | C76: 14400 | D76: 96 | E76: 1 | F76: 4 | G76: 445.68 | H76: 4.4673 | I76: 45475 | J76: 0.13621528 | K76: 0 | L76: 0 | M76: 0 | P76: 2 | Q76: WR00L2L2 | R76: 14400 | S76: 96 | T76: 1 | U76: 4 | V76: 460.08 | W76: 4.3274 | X76: 45475 | Y76: 0.27665509 | Z76: 0 | AA76: 0 | AB76: 0
A77: 3 | B77: WR00L2L2 | C77: 14400 | D77: 96 | E77: 1 | F77: 4 | G77: 446.21 | H77: 4.462 | I77: 45475 | J77: 0.3697338 | K77: 0 | L77: 0 | M77: 0 | P77: 3 | Q77: WR00L2L2 | R77: 14400 | S77: 96 | T77: 1 | U77: 4 | V77: 460.28 | W77: 4.3255 | X77: 45475 | Y77: 0.56016204 | Z77: 0 | AA77: 0 | AB77: 0
A78: 4 | B78: WR00L2L2 | C78: 14400 | D78: 96 | E78: 1 | F78: 4 | G78: 446.22 | H78: 4.4618 | I78: 45475 | J78: 0.6031713 | K78: 0 | L78: 0 | M78: 0 | P78: 4 | Q78: WR00L2L2 | R78: 14400 | S78: 96 | T78: 1 | U78: 4 | V78: 460.27 | W78: 4.3256 | X78: 45475 | Y78: 0.84341435 | Z78: 0 | AA78: 0 | AB78: 0
A79: 0 | B79: WR00L2L2 | C79: 12864 | D79: 96 | E79: 2 | F79: 2 | G79: 319.18 | H79: 4.447 | I79: 45474 | J79: 0.5216088 | K79: 0 | L79: 0 | M79: 0 | N79: =AVERAGE(H79:H83) -> 4.4529 | P79: 0 | Q79: WR00L2L2 | R79: 12864 | S79: 96 | T79: 2 | U79: 2 | V79: 357.44 | W79: 3.9711 | X79: 45474 | Y79: 0.52890046 | Z79: 0 | AA79: 0 | AB79: 0 | AC79: =AVERAGE(W79:W83) -> 3.96848
A80: 1 | B80: WR00L2L2 | C80: 12864 | D80: 96 | E80: 2 | F80: 2 | G80: 318.34 | H80: 4.4588 | I80: 45474 | J80: 0.75549769 | K80: 0 | L80: 0 | M80: 0 | P80: 1 | Q80: WR00L2L2 | R80: 12864 | S80: 96 | T80: 2 | U80: 2 | V80: 356.86 | W80: 3.9775 | X80: 45474 | Y80: 0.81361111 | Z80: 0 | AA80: 0 | AB80: 0
A81: 2 | B81: WR00L2L2 | C81: 12864 | D81: 96 | E81: 2 | F81: 2 | G81: 319.53 | H81: 4.4422 | I81: 45474 | J81: 0.98923611 | K81: 0 | L81: 0 | M81: 0 | P81: 2 | Q81: WR00L2L2 | R81: 12864 | S81: 96 | T81: 2 | U81: 2 | V81: 356.76 | W81: 3.9787 | X81: 45475 | Y81: 0.097615741 | Z81: 0 | AA81: 0 | AB81: 0
A82: 3 | B82: WR00L2L2 | C82: 12864 | D82: 96 | E82: 2 | F82: 2 | G82: 318.18 | H82: 4.4611 | I82: 45475 | J82: 0.2228125 | K82: 0 | L82: 0 | M82: 0 | P82: 3 | Q82: WR00L2L2 | R82: 12864 | S82: 96 | T82: 2 | U82: 2 | V82: 360.48 | W82: 3.9376 | X82: 45475 | Y82: 0.38137731 | Z82: 0 | AA82: 0 | AB82: 0
A83: 4 | B83: WR00L2L2 | C83: 12864 | D83: 96 | E83: 2 | F83: 2 | G83: 318.59 | H83: 4.4554 | I83: 45475 | J83: 0.45630787 | K83: 0 | L83: 0 | M83: 0 | P83: 4 | Q83: WR00L2L2 | R83: 12864 | S83: 96 | T83: 2 | U83: 2 | V83: 356.86 | W83: 3.9775 | X83: 45475 | Y83: 0.6650463 | Z83: 0 | AA83: 0 | AB83: 0
A84: 0 | B84: WR00L2L2 | C84: 13632 | D84: 96 | E84: 2 | F84: 2 | G84: 381.39 | H84: 4.4289 | I84: 45474 | J84: 0.59184028 | K84: 0 | L84: 0 | M84: 0 | N84: =AVERAGE(H84:H88) -> 4.43704 | P84: 0 | Q84: WR00L2L2 | R84: 13632 | S84: 96 | T84: 2 | U84: 2 | V84: 415.14 | W84: 4.0688 | X84: 45474 | Y84: 0.61543981 | Z84: 0 | AA84: 0 | AB84: 0 | AC84: =AVERAGE(W84:W88) -> 4.06058
A85: 1 | B85: WR00L2L2 | C85: 13632 | D85: 96 | E85: 2 | F85: 2 | G85: 381.39 | H85: 4.4289 | I85: 45474 | J85: 0.82555556 | K85: 0 | L85: 0 | M85: 0 | P85: 1 | Q85: WR00L2L2 | R85: 13632 | S85: 96 | T85: 2 | U85: 2 | V85: 414.88 | W85: 4.0713 | X85: 45474 | Y85: 0.90005787 | Z85: 0 | AA85: 0 | AB85: 0
A86: 2 | B86: WR00L2L2 | C86: 13632 | D86: 96 | E86: 2 | F86: 2 | G86: 379.81 | H86: 4.4473 | I86: 45475 | J86: 0.059247685 | K86: 0 | L86: 0 | M86: 0 | P86: 2 | Q86: WR00L2L2 | R86: 13632 | S86: 96 | T86: 2 | U86: 2 | V86: 417.05 | W86: 4.0502 | X86: 45475 | Y86: 0.18390046 | Z86: 0 | AA86: 0 | AB86: 0
A87: 3 | B87: WR00L2L2 | C87: 13632 | D87: 96 | E87: 2 | F87: 2 | G87: 380.48 | H87: 4.4394 | I87: 45475 | J87: 0.2928125 | K87: 0 | L87: 0 | M87: 0 | P87: 3 | Q87: WR00L2L2 | R87: 13632 | S87: 96 | T87: 2 | U87: 2 | V87: 417.4 | W87: 4.0468 | X87: 45475 | Y87: 0.46769676 | Z87: 0 | AA87: 0 | AB87: 0
A88: 4 | B88: WR00L2L2 | C88: 13632 | D88: 96 | E88: 2 | F88: 2 | G88: 380.37 | H88: 4.4407 | I88: 45475 | J88: 0.52623843 | K88: 0 | L88: 0 | M88: 0 | P88: 4 | Q88: WR00L2L2 | R88: 13632 | S88: 96 | T88: 2 | U88: 2 | V88: 415.45 | W88: 4.0658 | X88: 45475 | Y88: 0.75130787 | Z88: 0 | AA88: 0 | AB88: 0
A89: 0 | B89: WR00L2L2 | C89: 14400 | D89: 96 | E89: 2 | F89: 2 | G89: 444.7 | H89: 4.4771 | I89: 45474 | J89: 0.67416667 | K89: 0 | L89: 0 | M89: 0 | N89: =AVERAGE(H89:H93) -> 4.4801 | P89: 0 | Q89: WR00L2L2 | R89: 14400 | S89: 96 | T89: 2 | U89: 2 | V89: 483.34 | W89: 4.1192 | X89: 45474 | Y89: 0.71524306 | Z89: 0 | AA89: 0 | AB89: 0 | AC89: =AVERAGE(W89:W93) -> 4.13498
A90: 1 | B90: WR00L2L2 | C90: 14400 | D90: 96 | E90: 2 | F90: 2 | G90: 443.83 | H90: 4.4859 | I90: 45474 | J90: 0.90793981 | K90: 0 | L90: 0 | M90: 0 | P90: 1 | Q90: WR00L2L2 | R90: 14400 | S90: 96 | T90: 2 | U90: 2 | V90: 481.78 | W90: 4.1325 | X90: 45474 | Y90: 0.9996412 | Z90: 0 | AA90: 0 | AB90: 0
A91: 2 | B91: WR00L2L2 | C91: 14400 | D91: 96 | E91: 2 | F91: 2 | G91: 444.53 | H91: 4.4789 | I91: 45475 | J91: 0.14158565 | K91: 0 | L91: 0 | M91: 0 | P91: 2 | Q91: WR00L2L2 | R91: 14400 | S91: 96 | T91: 2 | U91: 2 | V91: 482.95 | W91: 4.1225 | X91: 45475 | Y91: 0.28347222 | Z91: 0 | AA91: 0 | AB91: 0
A92: 3 | B92: WR00L2L2 | C92: 14400 | D92: 96 | E92: 2 | F92: 2 | G92: 444.53 | H92: 4.4789 | I92: 45475 | J92: 0.37509259 | K92: 0 | L92: 0 | M92: 0 | P92: 3 | Q92: WR00L2L2 | R92: 14400 | S92: 96 | T92: 2 | U92: 2 | V92: 479.75 | W92: 4.15 | X92: 45475 | Y92: 0.56693287 | Z92: 0 | AA92: 0 | AB92: 0
A93: 4 | B93: WR00L2L2 | C93: 14400 | D93: 96 | E93: 2 | F93: 2 | G93: 444.44 | H93: 4.4797 | I93: 45475 | J93: 0.60853009 | K93: 0 | L93: 0 | M93: 0 | P93: 4 | Q93: WR00L2L2 | R93: 14400 | S93: 96 | T93: 2 | U93: 2 | V93: 479.67 | W93: 4.1507 | X93: 45475 | Y93: 0.85017361 | Z93: 0 | AA93: 0 | AB93: 0
A94: 0 | B94: WR00L2L2 | C94: 12800 | D94: 128 | E94: 1 | F94: 4 | G94: 333.15 | H94: 4.1974 | I94: 45474 | J94: 0.52565972 | K94: 0 | L94: 0 | M94: 0 | N94: =AVERAGE(H94:H98) -> 4.20242 | P94: 0 | Q94: WR00L2L2 | R94: 12800 | S94: 128 | T94: 1 | U94: 4 | V94: 339.96 | W94: 4.1132 | X94: 45474 | Y94: 0.53381944 | Z94: 0 | AA94: 0 | AB94: 0 | AC94: =AVERAGE(W94:W98) -> 4.13074
A95: 1 | B95: WR00L2L2 | C95: 12800 | D95: 128 | E95: 1 | F95: 4 | G95: 332.21 | H95: 4.2092 | I95: 45474 | J95: 0.75952546 | K95: 0 | L95: 0 | M95: 0 | P95: 1 | Q95: WR00L2L2 | R95: 12800 | S95: 128 | T95: 1 | U95: 4 | V95: 337.86 | W95: 4.1388 | X95: 45474 | Y95: 0.81850694 | Z95: 0 | AA95: 0 | AB95: 0
A96: 2 | B96: WR00L2L2 | C96: 12800 | D96: 128 | E96: 1 | F96: 4 | G96: 333.24 | H96: 4.1962 | I96: 45474 | J96: 0.99328704 | K96: 0 | L96: 0 | M96: 0 | P96: 2 | Q96: WR00L2L2 | R96: 12800 | S96: 128 | T96: 1 | U96: 4 | V96: 337.5 | W96: 4.1433 | X96: 45475 | Y96: 0.1025 | Z96: 0 | AA96: 0 | AB96: 0
A97: 3 | B97: WR00L2L2 | C97: 12800 | D97: 128 | E97: 1 | F97: 4 | G97: 332.49 | H97: 4.2057 | I97: 45475 | J97: 0.22685185 | K97: 0 | L97: 0 | M97: 0 | P97: 3 | Q97: WR00L2L2 | R97: 12800 | S97: 128 | T97: 1 | U97: 4 | V97: 338.95 | W97: 4.1256 | X97: 45475 | Y97: 0.38627315 | Z97: 0 | AA97: 0 | AB97: 0
A98: 4 | B98: WR00L2L2 | C98: 12800 | D98: 128 | E98: 1 | F98: 4 | G98: 332.65 | H98: 4.2036 | I98: 45475 | J98: 0.46034722 | K98: 0 | L98: 0 | M98: 0 | P98: 4 | Q98: WR00L2L2 | R98: 12800 | S98: 128 | T98: 1 | U98: 4 | V98: 338.36 | W98: 4.1328 | X98: 45475 | Y98: 0.66991898 | Z98: 0 | AA98: 0 | AB98: 0
A99: 0 | B99: WR00L2L2 | C99: 13568 | D99: 128 | E99: 1 | F99: 4 | G99: 401.5 | H99: 4.148 | I99: 45474 | J99: 0.59668981 | K99: 0 | L99: 0 | M99: 0 | N99: =AVERAGE(H99:H103) -> 4.1646 | P99: 0 | Q99: WR00L2L2 | R99: 13568 | S99: 128 | T99: 1 | U99: 4 | V99: 395.25 | W99: 4.2136 | X99: 45474 | Y99: 0.62113426 | Z99: 0 | AA99: 0 | AB99: 0 | AC99: =AVERAGE(W99:W103) -> 4.22986
A100: 1 | B100: WR00L2L2 | C100: 13568 | D100: 128 | E100: 1 | F100: 4 | G100: 400.16 | H100: 4.1619 | I100: 45474 | J100: 0.83040509 | K100: 0 | L100: 0 | M100: 0 | P100: 1 | Q100: WR00L2L2 | R100: 13568 | S100: 128 | T100: 1 | U100: 4 | V100: 393.72 | W100: 4.23 | X100: 45474 | Y100: 0.90572917 | Z100: 0 | AA100: 0 | AB100: 0
...

Sheet 4 node, params, RAW
A1: Max avg. GFLOPS (and params): | E1: =MAX(W:W) -> 13.4608 | F1: =INDEX(C:C,MATCH(MAX($W:$W),$W:$W,0)) -> 28800 | G1: =INDEX(D:D,MATCH(MAX($W:$W),$W:$W,0)) -> 96 | H1: =INDEX(E:E,MATCH(MAX($W:$W),$W:$W,0)) -> 2 | I1: =INDEX(F:F,MATCH(MAX($W:$W),$W:$W,0)) -> 8 | K1: ATLAS (cpu-tune-overr-flags) | W1: Average GFLOP/s | Y1: Max avg. GFLOPS (and params): | AC1: =MAX(AU:AU) -> 13.102 | AD1: =INDEX(AA:AA,MATCH(MAX($AU:$AU),$AU:$AU,0)) -> 28800 | AE1: =INDEX(AB:AB,MATCH(MAX($AU:$AU),$AU:$AU,0)) -> 160 | AF1: =INDEX(AC:AC,MATCH(MAX($AU:$AU),$AU:$AU,0)) -> 2 | AG1: =INDEX(AD:AD,MATCH(MAX($AU:$AU),$AU:$AU,0)) -> 8 | AI1: OpenBLAS | AU1: Average GFLOP/s
A2: MAX GFLOPS: | C2: =MAX(H4:H840) -> 13.509 | K2: Odroid01 throttling time [1/100s] | N2: Odroid02 throttling time [1/100s] | Q2: Odroid03 throttling time [1/100s] | T2: Odroid04 throttling time [1/100s] | Y2: MAX GFLOPS: | AA2: =MAX(AF4:AF841) -> 13.2 | AI2: Odroid01 throttling time [1/100s] | AL2: Odroid02 throttling time [1/100s] | AO2: Odroid03 throttling time [1/100s] | AR2: Odroid04 throttling time [1/100s]
A3: RUN | C3: N | D3: NB | E3: P | F3: Q | G3: Time | H3: GFLOPS | I3: Date | J3: Time | K3: 1400MHz | L3: 1500MHz | M3: 1600MHz | N3: 1400MHz | O3: 1500MHz | P3: 1600MHz | Q3: 1400MHz | R3: 1500MHz | S3: 1600MHz | T3: 1400MHz | U3: 1500MHz | V3: 1600MHz | Y3: RUN | AA3: N | AB3: NB | AC3: P | AD3: Q | AE3: Time | AF3: GFLOPS | AG3: Date | AH3: Time | AI3: 1400MHz | AJ3: 1500MHz | AK3: 1600MHz | AL3: 1400MHz | AM3: 1500MHz | AN3: 1600MHz | AO3: 1400MHz | AP3: 1500MHz | AQ3: 1600MHz | AR3: 1400MHz | AS3: 1500MHz | AT3: 1600MHz
A4: 0 | B4: WR00L2L2 | C4: 25728 | D4: 32 | E4: 1 | F4: 16 | G4: 1094.52 | H4: 10.374 | I4: 45458 | J4: 0.88520833 | K4: 0 | L4: 0 | M4: 0 | N4: 0 | O4: 0 | P4: 0 | Q4: 0 | R4: 0 | S4: 0 | T4: 0 | U4: 0 | V4: 0 | W4: =AVERAGE(H4:H8) -> 10.3756 | Y4: 0 | Z4: WR00L2L2 | AA4: 25728 | AB4: 32 | AC4: 1 | AD4: 16 | AE4: 1096.15 | AF4: 10.358 | AG4: 45468 | AH4: 0.6746875 | AI4: 0 | AJ4: 0 | AK4: 0 | AL4: 0 | AM4: 0 | AN4: 0 | AO4: 0 | AP4: 0 | AQ4: 0 | AR4: 0 | AS4: 0 | AT4: 0 | AU4: =AVERAGE(AF4:AF8) -> 10.3794 | AW4: 25728 | AX4: 32 | AY4: 1 | AZ4: 16 | BA4: 1052.7 | BB4: 10.786
A5: 1 | B5: WR00L2L2 | C5: 25728 | D5: 32 | E5: 1 | F5: 16 | G5: 1093.46 | H5: 10.384 | I5: 45459 | J5: 0.90586806 | K5: 0 | L5: 0 | M5: 0 | N5: 0 | O5: 0 | P5: 0 | Q5: 0 | R5: 0 | S5: 0 | T5: 0 | U5: 0 | V5: 0 | Y5: 1 | Z5: WR00L2L2 | AA5: 25728 | AB5: 32 | AC5: 1 | AD5: 16 | AE5: 1090.98 | AF5: 10.407 | AG5: 45469 | AH5: 0.72635417 | AI5: 0 | AJ5: 0 | AK5: 0 | AL5: 0 | AM5: 0 | AN5: 0 | AO5: 0 | AP5: 0 | AQ5: 0 | AR5: 0 | AS5: 0 | AT5: 0 | AW5: 25728 | AX5: 32 | AY5: 2 | AZ5: 8 | BA5: 922.22 | BB5: 12.312
A6: 2 | B6: WR00L2L2 | C6: 25728 | D6: 32 | E6: 1 | F6: 16 | G6: 1091.4 | H6: 10.403 | I6: 45460 | J6: 0.925625 | K6: 0 | L6: 0 | M6: 0 | N6: 0 | O6: 0 | P6: 0 | Q6: 0 | R6: 0 | S6: 0 | T6: 0 | U6: 0 | V6: 0 | Y6: 2 | Z6: WR00L2L2 | AA6: 25728 | AB6: 32 | AC6: 1 | AD6: 16 | AE6: 1090.68 | AF6: 10.41 | AG6: 45471 | AH6: 0.11702546 | AI6: 0 | AJ6: 0 | AK6: 0 | AL6: 0 | AM6: 0 | AN6: 0 | AO6: 0 | AP6: 0 | AQ6: 0 | AR6: 0 | AS6: 0 | AT6: 0 | AW6: 25728 | AX6: 32 | AY6: 4 | AZ6: 4 | BA6: 1080.93 | BB6: 10.504
A7: 3 | B7: WR00L2L2 | C7: 25728 | D7: 32 | E7: 1 | F7: 16 | G7: 1099.48 | H7: 10.327 | I7: 45462 | J7: 0.25577546 | K7: 0 | L7: 0 | M7: 0 | N7: 0 | O7: 0 | P7: 0 | Q7: 0 | R7: 0 | S7: 0 | T7: 0 | U7: 0 | V7: 0 | Y7: 3 | Z7: WR00L2L2 | AA7: 25728 | AB7: 32 | AC7: 1 | AD7: 16 | AE7: 1095.06 | AF7: 10.369 | AG7: 45472 | AH7: 0.17164352 | AI7: 0 | AJ7: 0 | AK7: 0 | AL7: 0 | AM7: 0 | AN7: 0 | AO7: 0 | AP7: 0 | AQ7: 0 | AR7: 0 | AS7: 0 | AT7: 0 | AW7: 25728 | AX7: 64 | AY7: 1 | AZ7: 16 | BA7: 984.54 | BB7: 11.533
A8: 4 | B8: WR00L2L2 | C8: 25728 | D8: 32 | E8: 1 | F8: 16 | G8: 1092.83 | H8: 10.39 | I8: 45465 | J8: 0.33240741 | K8: 0 | L8: 0 | M8: 0 | N8: 0 | O8: 0 | P8: 0 | Q8: 0 | R8: 0 | S8: 0 | T8: 0 | U8: 0 | V8: 0 | Y8: 4 | Z8: WR00L2L2 | AA8: 25728 | AB8: 32 | AC8: 1 | AD8: 16 | AE8: 1096.68 | AF8: 10.353 | AG8: 45473 | AH8: 0.22655093 | AI8: 0 | AJ8: 0 | AK8: 0 | AL8: 0 | AM8: 0 | AN8: 0 | AO8: 0 | AP8: 0 | AQ8: 0 | AR8: 0 | AS8: 0 | AT8: 0 | AW8: 25728 | AX8: 64 | AY8: 2 | AZ8: 8 | BA8: 864.46 | BB8: 13.135
A9: 0 | B9: WR00L2L2 | C9: 27264 | D9: 32 | E9: 1 | F9: 16 | G9: 1303.1 | H9: 10.369 | I9: 45459 | J9: 0.1778125 | K9: 0 | L9: 0 | M9: 0 | N9: 0 | O9: 0 | P9: 0 | Q9: 0 | R9: 0 | S9: 0 | T9: 0 | U9: 0 | V9: 0 | W9: =AVERAGE(H9:H13) -> 10.3598 | Y9: 0 | Z9: WR00L2L2 | AA9: 27264 | AB9: 32 | AC9: 1 | AD9: 16 | AE9: 1268.7 | AF9: 10.65 | AG9: 45468 | AH9: 0.97918981 | AI9: 0 | AJ9: 0 | AK9: 0 | AL9: 0 | AM9: 0 | AN9: 0 | AO9: 0 | AP9: 0 | AQ9: 0 | AR9: 0 | AS9: 0 | AT9: 0 | AU9: =AVERAGE(AF9:AF13) -> 10.7022 | AW9: 25728 | AX9: 64 | AY9: 4 | AZ9: 4 | BA9: 1029.37 | BB9: 11.03
A10: 1 | B10: WR00L2L2 | C10: 27264 | D10: 32 | E10: 1 | F10: 16 | G10: 1299.01 | H10: 10.402 | I10: 45460 | J10: 0.19724537 | K10: 0 | L10: 0 | M10: 0 | N10: 0 | O10: 0 | P10: 0 | Q10: 0 | R10: 0 | S10: 0 | T10: 0 | U10: 0 | V10: 0 | Y10: 1 | Z10: WR00L2L2 | AA10: 27264 | AB10: 32 | AC10: 1 | AD10: 16 | AE10: 1260.76 | AF10: 10.717 | AG10: 45470 | AH10: 0.030081019 | AI10: 0 | AJ10: 0 | AK10: 0 | AL10: 0 | AM10: 0 | AN10: 0 | AO10: 0 | AP10: 0 | AQ10: 0 | AR10: 0 | AS10: 0 | AT10: 0 | AW10: 25728 | AX10: 96 | AY10: 1 | AZ10: 16 | BA10: 975.67 | BB10: 11.638
A11: 2 | B11: WR00L2L2 | C11: 27264 | D11: 32 | E11: 1 | F11: 16 | G11: 1299.44 | H11: 10.398 | I11: 45461 | J11: 0.21719907 | K11: 0 | L11: 0 | M11: 0 | N11: 0 | O11: 0 | P11: 0 | Q11: 0 | R11: 0 | S11: 0 | T11: 0 | U11: 0 | V11: 0 | Y11: 2 | Z11: WR00L2L2 | AA11: 27264 | AB11: 32 | AC11: 1 | AD11: 16 | AE11: 1264.26 | AF11: 10.688 | AG11: 45471 | AH11: 0.42278935 | AI11: 0 | AJ11: 0 | AK11: 0 | AL11: 0 | AM11: 0 | AN11: 0 | AO11: 0 | AP11: 0 | AQ11: 0 | AR11: 0 | AS11: 0 | AT11: 0 | AW11: 25728 | AX11: 96 | AY11: 2 | AZ11: 8 | BA11: 858.02 | BB11: 13.233
A12: 3 | B12: WR00L2L2 | C12: 27264 | D12: 32 | E12: 1 | F12: 16 | G12: 1307.26 | H12: 10.336 | I12: 45462 | J12: 0.54761574 | K12: 0 | L12: 0 | M12: 0 | N12: 0 | O12: 0 | P12: 0 | Q12: 0 | R12: 0 | S12: 0 | T12: 0 | U12: 0 | V12: 0 | Y12: 3 | Z12: WR00L2L2 | AA12: 27264 | AB12: 32 | AC12: 1 | AD12: 16 | AE12: 1262.26 | AF12: 10.704 | AG12: 45472 | AH12: 0.47671296 | AI12: 0 | AJ12: 0 | AK12: 0 | AL12: 0 | AM12: 0 | AN12: 0 | AO12: 0 | AP12: 0 | AQ12: 0 | AR12: 0 | AS12: 0 | AT12: 0 | AW12: 25728 | AX12: 96 | AY12: 4 | AZ12: 4 | BA12: 1040.56 | BB12: 10.912
A13: 4 | B13: WR00L2L2 | C13: 27264 | D13: 32 | E13: 1 | F13: 16 | G13: 1312.62 | H13: 10.294 | I13: 45465 | J13: 0.62380787 | K13: 0 | L13: 0 | M13: 0 | N13: 0 | O13: 0 | P13: 0 | Q13: 0 | R13: 0 | S13: 0 | T13: 0 | U13: 0 | V13: 0 | Y13: 4 | Z13: WR00L2L2 | AA13: 27264 | AB13: 32 | AC13: 1 | AD13: 16 | AE13: 1256.69 | AF13: 10.752 | AG13: 45473 | AH13: 0.53133102 | AI13: 0 | AJ13: 0 | AK13: 0 | AL13: 0 | AM13: 0 | AN13: 0 | AO13: 0 | AP13: 0 | AQ13: 0 | AR13: 0 | AS13: 0 | AT13: 0 | AW13: 25728 | AX13: 128 | AY13: 1 | AZ13: 16 | BA13: 996.91 | BB13: 11.39
A14: 0 | B14: WR00L2L2 | C14: 28800 | D14: 32 | E14: 1 | F14: 16 | G14: 1472.98 | H14: 10.812 | I14: 45459 | J14: 0.5199537 | K14: 0 | L14: 0 | M14: 0 | N14: 0 | O14: 0 | P14: 0 | Q14: 0 | R14: 0 | S14: 0 | T14: 0 | U14: 0 | V14: 0 | W14: =AVERAGE(H14:H18) -> 10.8156 | Y14: 0 | Z14: WR00L2L2 | AA14: 28800 | AB14: 32 | AC14: 1 | AD14: 16 | AE14: 1442.34 | AF14: 11.042 | AG14: 45469 | AH14: 0.33074074 | AI14: 0 | AJ14: 0 | AK14: 0 | AL14: 0 | AM14: 0 | AN14: 0 | AO14: 0 | AP14: 0 | AQ14: 0 | AR14: 0 | AS14: 0 | AT14: 0 | AU14: =AVERAGE(AF14:AF18) -> 11.0576 | AW14: 25728 | AX14: 128 | AY14: 2 | AZ14: 8 | BA14: 876.25 | BB14: 12.958
A15: 1 | B15: WR00L2L2 | C15: 28800 | D15: 32 | E15: 1 | F15: 16 | G15: 1470.69 | H15: 10.829 | I15: 45460 | J15: 0.53840278 | K15: 0 | L15: 0 | M15: 0 | N15: 0 | O15: 0 | P15: 0 | Q15: 0 | R15: 0 | S15: 0 | T15: 0 | U15: 0 | V15: 0 | Y15: 1 | Z15: WR00L2L2 | AA15: 28800 | AB15: 32 | AC15: 1 | AD15: 16 | AE15: 1428.89 | AF15: 11.146 | AG15: 45470 | AH15: 0.38070602 | AI15: 0 | AJ15: 0 | AK15: 0 | AL15: 0 | AM15: 0 | AN15: 0 | AO15: 0 | AP15: 0 | AQ15: 0 | AR15: 0 | AS15: 0 | AT15: 0 | AW15: 25728 | AX15: 128 | AY15: 4 | AZ15: 4 | BA15: 1055.74 | BB15: 10.755
A16: 2 | B16: WR00L2L2 | C16: 28800 | D16: 32 | E16: 1 | F16: 16 | G16: 1480.51 | H16: 10.757 | I16: 45461 | J16: 0.87101852 | K16: 0 | L16: 0 | M16: 0 | N16: 0 | O16: 0 | P16: 0 | Q16: 0 | R16: 0 | S16: 0 | T16: 0 | U16: 0 | V16: 0 | Y16: 2 | Z16: WR00L2L2 | AA16: 28800 | AB16: 32 | AC16: 1 | AD16: 16 | AE16: 1441.28 | AF16: 11.05 | AG16: 45471 | AH16: 0.77480324 | AI16: 0 | AJ16: 0 | AK16: 0 | AL16: 0 | AM16: 0 | AN16: 0 | AO16: 0 | AP16: 0 | AQ16: 0 | AR16: 0 | AS16: 0 | AT16: 0 | AW16: 25600 | AX16: 160 | AY16: 1 | AZ16: 16 | BA16: 1026.85 | BB16: 10.893
A17: 3 | B17: WR00L2L2 | C17: 28800 | D17: 32 | E17: 1 | F17: 16 | G17: 1467.8 | H17: 10.851 | I17: 45464 | J17: 0.94752315 | K17: 0 | L17: 0 | M17: 0 | N17: 0 | O17: 0 | P17: 0 | Q17: 0 | R17: 0 | S17: 0 | T17: 0 | U17: 0 | V17: 0 | Y17: 3 | Z17: WR00L2L2 | AA17: 28800 | AB17: 32 | AC17: 1 | AD17: 16 | AE17: 1447.9 | AF17: 11 | AG17: 45472 | AH17: 0.82928241 | AI17: 0 | AJ17: 0 | AK17: 0 | AL17: 0 | AM17: 0 | AN17: 0 | AO17: 0 | AP17: 0 | AQ17: 0 | AR17: 0 | AS17: 0 | AT17: 0 | AW17: 25600 | AX17: 160 | AY17: 2 | AZ17: 8 | BA17: 912.12 | BB17: 12.264
A18: 4 | B18: WR00L2L2 | C18: 28800 | D18: 32 | E18: 1 | F18: 16 | G18: 1470.76 | H18: 10.829 | I18: 45465 | J18: 0.96513889 | K18: 0 | L18: 0 | M18: 0 | N18: 0 | O18: 0 | P18: 0 | Q18: 0 | R18: 0 | S18: 0 | T18: 0 | U18: 0 | V18: 0 | Y18: 4 | Z18: WR00L2L2 | AA18: 28800 | AB18: 32 | AC18: 1 | AD18: 16 | AE18: 1441.36 | AF18: 11.05 | AG18: 45473 | AH18: 0.88310185 | AI18: 0 | AJ18: 0 | AK18: 0 | AL18: 0 | AM18: 0 | AN18: 0 | AO18: 0 | AP18: 0 | AQ18: 0 | AR18: 0 | AS18: 0 | AT18: 0 | AW18: 25600 | AX18: 160 | AY18: 4 | AZ18: 4 | BA18: 1098.89 | BB18: 10.179
A19: 0 | B19: WR00L2L2 | C19: 25728 | D19: 32 | E19: 2 | F19: 8 | G19: 969.07 | H19: 11.717 | I19: 45458 | J19: 0.89670139 | K19: 0 | L19: 0 | M19: 0 | N19: 0 | O19: 0 | P19: 0 | Q19: 0 | R19: 0 | S19: 0 | T19: 0 | U19: 0 | V19: 0 | W19: =AVERAGE(H19:H23) -> 11.886 | Y19: 0 | Z19: WR00L2L2 | AA19: 25728 | AB19: 32 | AC19: 2 | AD19: 8 | AE19: 999.05 | AF19: 11.365 | AG19: 45468 | AH19: 0.68733796 | AI19: 0 | AJ19: 0 | AK19: 0 | AL19: 0 | AM19: 0 | AN19: 0 | AO19: 0 | AP19: 0 | AQ19: 0 | AR19: 0 | AS19: 0 | AT19: 0 | AU19: =AVERAGE(AF19:AF23) -> 11.3548 | AW19: 25728 | AX19: 192 | AY19: 1 | AZ19: 16 | BA19: 1043.42 | BB19: 10.882
A20: 1 | B20: WR00L2L2 | C20: 25728 | D20: 32 | E20: 2 | F20: 8 | G20: 953.42 | H20: 11.909 | I20: 45459 | J20: 0.91717593 | K20: 0 | L20: 0 | M20: 0 | N20: 0 | O20: 0 | P20: 0 | Q20: 0 | R20: 0 | S20: 0 | T20: 0 | U20: 0 | V20: 0 | Y20: 1 | Z20: WR00L2L2 | AA20: 25728 | AB20: 32 | AC20: 2 | AD20: 8 | AE20: 997.28 | AF20: 11.385 | AG20: 45469 | AH20: 0.73898148 | AI20: 0 | AJ20: 0 | AK20: 0 | AL20: 0 | AM20: 0 | AN20: 0 | AO20: 0 | AP20: 0 | AQ20: 0 | AR20: 0 | AS20: 0 | AT20: 0 | AW20: 25728 | AX20: 192 | AY20: 2 | AZ20: 8 | BA20: 957.01 | BB20: 11.865
A21: 2 | B21: WR00L2L2 | C21: 25728 | D21: 32 | E21: 2 | F21: 8 | G21: 950.4 | H21: 11.947 | I21: 45460 | J21: 0.93690972 | K21: 0 | L21: 0 | M21: 0 | N21: 0 | O21: 0 | P21: 0 | Q21: 0 | R21: 0 | S21: 0 | T21: 0 | U21: 0 | V21: 0 | Y21: 2 | Z21: WR00L2L2 | AA21: 25728 | AB21: 32 | AC21: 2 | AD21: 8 | AE21: 1001.25 | AF21: 11.34 | AG21: 45471 | AH21: 0.1296875 | AI21: 0 | AJ21: 0 | AK21: 0 | AL21: 0 | AM21: 0 | AN21: 0 | AO21: 0 | AP21: 0 | AQ21: 0 | AR21: 0 | AS21: 0 | AT21: 0 | AW21: 25728 | AX21: 192 | AY21: 4 | AZ21: 4 | BA21: 1121.45 | BB21: 10.125
A22: 3 | B22: WR00L2L2 | C22: 25728 | D22: 32 | E22: 2 | F22: 8 | G22: 953.62 | H22: 11.907 | I22: 45462 | J22: 0.26709491 | K22: 0 | L22: 0 | M22: 0 | N22: 0 | O22: 0 | P22: 0 | Q22: 0 | R22: 0 | S22: 0 | T22: 0 | U22: 0 | V22: 0 | Y22: 3 | Z22: WR00L2L2 | AA22: 25728 | AB22: 32 | AC22: 2 | AD22: 8 | AE22: 1002.87 | AF22: 11.322 | AG22: 45472 | AH22: 0.1843287 | AI22: 0 | AJ22: 0 | AK22: 0 | AL22: 0 | AM22: 0 | AN22: 0 | AO22: 0 | AP22: 0 | AQ22: 0 | AR22: 0 | AS22: 0 | AT22: 0 | AW22: 25536 | AX22: 224 | AY22: 1 | AZ22: 16 | BA22: 1075.2 | BB22: 10.326
A23: 4 | B23: WR00L2L2 | C23: 25728 | D23: 32 | E23: 2 | F23: 8 | G23: 950.15 | H23: 11.95 | I23: 45465 | J23: 0.34369213 | K23: 0 | L23: 0 | M23: 0 | N23: 0 | O23: 0 | P23: 0 | Q23: 0 | R23: 0 | S23: 0 | T23: 0 | U23: 0 | V23: 0 | Y23: 4 | Z23: WR00L2L2 | AA23: 25728 | AB23: 32 | AC23: 2 | AD23: 8 | AE23: 999.32 | AF23: 11.362 | AG23: 45473 | AH23: 0.23920139 | AI23: 0 | AJ23: 0 | AK23: 0 | AL23: 0 | AM23: 0 | AN23: 0 | AO23: 0 | AP23: 0 | AQ23: 0 | AR23: 0 | AS23: 0 | AT23: 0 | AW23: 25536 | AX23: 224 | AY23: 2 | AZ23: 8 | BA23: 947.5 | BB23: 11.717
A24: 0 | B24: WR00L2L2 | C24: 27264 | D24: 32 | E24: 2 | F24: 8 | G24: 1142.18 | H24: 11.83 | I24: 45459 | J24: 0.19133102 | K24: 0 | L24: 0 | M24: 0 | N24: 0 | O24: 0 | P24: 0 | Q24: 0 | R24: 0 | S24: 0 | T24: 0 | U24: 0 | V24: 0 | W24: =AVERAGE(H24:H28) -> 11.8946 | Y24: 0 | Z24: WR00L2L2 | AA24: 27264 | AB24: 32 | AC24: 2 | AD24: 8 | AE24: 1163.56 | AF24: 11.612 | AG24: 45468 | AH24: 0.99385417 | AI24: 0 | AJ24: 0 | AK24: 0 | AL24: 0 | AM24: 0 | AN24: 0 | AO24: 0 | AP24: 0 | AQ24: 0 | AR24: 0 | AS24: 0 | AT24: 0 | AU24: =AVERAGE(AF24:AF28) -> 11.6762 | AW24: 25536 | AX24: 224 | AY24: 4 | AZ24: 4 | BA24: 1115.45 | BB24: 9.9531
A25: 1 | B25: WR00L2L2 | C25: 27264 | D25: 32 | E25: 2 | F25: 8 | G25: 1131.54 | H25: 11.941 | I25: 45460 | J25: 0.21064815 | K25: 0 | L25: 0 | M25: 0 | N25: 0 | O25: 0 | P25: 0 | Q25: 0 | R25: 0 | S25: 0 | T25: 0 | U25: 0 | V25: 0 | Y25: 1 | Z25: WR00L2L2 | AA25: 27264 | AB25: 32 | AC25: 2 | AD25: 8 | AE25: 1148.24 | AF25: 11.767 | AG25: 45470 | AH25: 0.044583333 | AI25: 0 | AJ25: 0 | AK25: 0 | AL25: 0 | AM25: 0 | AN25: 0 | AO25: 0 | AP25: 0 | AQ25: 0 | AR25: 0 | AS25: 0 | AT25: 0 | AW25: 25600 | AX25: 256 | AY25: 1 | AZ25: 16 | BA25: 1074.34 | BB25: 10.412
A26: 2 | B26: WR00L2L2 | C26: 27264 | D26: 32 | E26: 2 | F26: 8 | G26: 1131.76 | H26: 11.939 | I26: 45461 | J26: 0.23060185 | K26: 0 | L26: 0 | M26: 0 | N26: 0 | O26: 0 | P26: 0 | Q26: 0 | R26: 0 | S26: 0 | T26: 0 | U26: 0 | V26: 0 | Y26: 2 | Z26: WR00L2L2 | AA26: 27264 | AB26: 32 | AC26: 2 | AD26: 8 | AE26: 1154.35 | AF26: 11.705 | AG26: 45471 | AH26: 0.43739583 | AI26: 0 | AJ26: 0 | AK26: 0 | AL26: 0 | AM26: 0 | AN26: 0 | AO26: 0 | AP26: 0 | AQ26: 0 | AR26: 0 | AS26: 0 | AT26: 0 | AW26: 25600 | AX26: 256 | AY26: 2 | AZ26: 8 | BA26: 943.48 | BB26: 11.856
A27: 3 | B27: WR00L2L2 | C27: 27264 | D27: 32 | E27: 2 | F27: 8 | G27: 1134.18 | H27: 11.913 | I27: 45462 | J27: 0.56105324 | K27: 0 | L27: 0 | M27: 0 | N27: 0 | O27: 0 | P27: 0 | Q27: 0 | R27: 0 | S27: 0 | T27: 0 | U27: 0 | V27: 0 | Y27: 3 | Z27: WR00L2L2 | AA27: 27264 | AB27: 32 | AC27: 2 | AD27: 8 | AE27: 1161.37 | AF27: 11.634 | AG27: 45472 | AH27: 0.49135417 | AI27: 0 | AJ27: 0 | AK27: 0 | AL27: 0 | AM27: 0 | AN27: 0 | AO27: 0 | AP27: 0 | AQ27: 0 | AR27: 0 | AS27: 0 | AT27: 0 | AW27: 25600 | AX27: 256 | AY27: 4 | AZ27: 4 | BA27: 1166.28 | BB27: 9.591
A28: 4 | B28: WR00L2L2 | C28: 27264 | D28: 32 | E28: 2 | F28: 8 | G28: 1140.27 | H28: 11.85 | I28: 45465 | J28: 0.63730324 | K28: 0 | L28: 0 | M28: 0 | N28: 0 | O28: 0 | P28: 0 | Q28: 0 | R28: 0 | S28: 0 | T28: 0 | U28: 0 | V28: 0 | Y28: 4 | Z28: WR00L2L2 | AA28: 27264 | AB28: 32 | AC28: 2 | AD28: 8 | AE28: 1158.48 | AF28: 11.663 | AG28: 45473 | AH28: 0.54594907 | AI28: 0 | AJ28: 0 | AK28: 0 | AL28: 0 | AM28: 0 | AN28: 0 | AO28: 0 | AP28: 0 | AQ28: 0 | AR28: 0 | AS28: 0 | AT28: 0 | AW28: 27264 | AX28: 32 | AY28: 1 | AZ28: 16 | BA28: 1276.6 | BB28: 10.584
A29: 0 | B29: WR00L2L2 | C29: 28800 | D29: 32 | E29: 2 | F29: 8 | G29: 1303.83 | H29: 12.215 | I29: 45459 | J29: 0.53537037 | K29: 0 | L29: 0 | M29: 0 | N29: 0 | O29: 0 | P29: 0 | Q29: 0 | R29: 0 | S29: 0 | T29: 0 | U29: 0 | V29: 0 | W29: =AVERAGE(H29:H33) -> 12.2092 | Y29: 0 | Z29: WR00L2L2 | AA29: 28800 | AB29: 32 | AC29: 2 | AD29: 8 | AE29: 1321.29 | AF29: 12.054 | AG29: 45469 | AH29: 0.34736111 | AI29: 0 | AJ29: 0 | AK29: 0 | AL29: 0 | AM29: 0 | AN29: 0 | AO29: 0 | AP29: 0 | AQ29: 0 | AR29: 0 | AS29: 0 | AT29: 0 | AU29: =AVERAGE(AF29:AF33) -> 12.0282 | AW29: 27264 | AX29: 32 | AY29: 2 | AZ29: 8 | BA29: 1144.16 | BB29: 11.809
A30: 1 | B30: WR00L2L2 | C30: 28800 | D30: 32 | E30: 2 | F30: 8 | G30: 1299.82 | H30: 12.253 | I30: 45460 | J30: 0.55378472 | K30: 0 | L30: 0 | M30: 0 | N30: 0 | O30: 0 | P30: 0 | Q30: 0 | R30: 0 | S30: 0 | T30: 0 | U30: 0 | V30: 0 | Y30: 1 | Z30: WR00L2L2 | AA30: 28800 | AB30: 32 | AC30: 2 | AD30: 8 | AE30: 1318.88 | AF30: 12.076 | AG30: 45470 | AH30: 0.39730324 | AI30: 0 | AJ30: 0 | AK30: 0 | AL30: 0 | AM30: 0 | AN30: 0 | AO30: 0 | AP30: 0 | AQ30: 0 | AR30: 0 | AS30: 0 | AT30: 0 | AW30: 27264 | AX30: 32 | AY30: 4 | AZ30: 4 | BA30: 1345.29 | BB30: 10.044
A31: 2 | B31: WR00L2L2 | C31: 28800 | D31: 32 | E31: 2 | F31: 8 | G31: 1304.53 | H31: 12.209 | I31: 45461 | J31: 0.88645833 | K31: 0 | L31: 0 | M31: 0 | N31: 0 | O31: 0 | P31: 0 | Q31: 0 | R31: 0 | S31: 0 | T31: 0 | U31: 0 | V31: 0 | Y31: 2 | Z31: WR00L2L2 | AA31: 28800 | AB31: 32 | AC31: 2 | AD31: 8 | AE31: 1326.74 | AF31: 12.004 | AG31: 45471 | AH31: 0.79152778 | AI31: 0 | AJ31: 0 | AK31: 0 | AL31: 0 | AM31: 0 | AN31: 0 | AO31: 0 | AP31: 0 | AQ31: 0 | AR31: 0 | AS31: 0 | AT31: 0 | AW31: 27264 | AX31: 64 | AY31: 1 | AZ31: 16 | BA31: 1195.63 | BB31: 11.301
A32: 3 | B32: WR00L2L2 | C32: 28800 | D32: 32 | E32: 2 | F32: 8 | G32: 1309.08 | H32: 12.166 | I32: 45464 | J32: 0.96302083 | K32: 0 | L32: 0 | M32: 0 | N32: 0 | O32: 0 | P32: 0 | Q32: 0 | R32: 0 | S32: 0 | T32: 0 | U32: 0 | V32: 0 | Y32: 3 | Z32: WR00L2L2 | AA32: 28800 | AB32: 32 | AC32: 2 | AD32: 8 | AE32: 1327.07 | AF32: 12.001 | AG32: 45472 | AH32: 0.84597222 | AI32: 0 | AJ32: 0 | AK32: 0 | AL32: 0 | AM32: 0 | AN32: 0 | AO32: 0 | AP32: 0 | AQ32: 0 | AR32: 0 | AS32: 0 | AT32: 0 | AW32: 27264 | AX32: 64 | AY32: 2 | AZ32: 8 | BA32: 1063.49 | BB32: 12.705
A33: 4 | B33: WR00L2L2 | C33: 28800 | D33: 32 | E33: 2 | F33: 8 | G33: 1305.18 | H33: 12.203 | I33: 45465 | J33: 0.98056713 | K33: 0 | L33: 0 | M33: 0 | N33: 0 | O33: 0 | P33: 0 | Q33: 0 | R33: 0 | S33: 0 | T33: 0 | U33: 0 | V33: 0 | Y33: 4 | Z33: WR00L2L2 | AA33: 28800 | AB33: 32 | AC33: 2 | AD33: 8 | AE33: 1326.59 | AF33: 12.006 | AG33: 45473 | AH33: 0.89979167 | AI33: 0 | AJ33: 0 | AK33: 0 | AL33: 0 | AM33: 0 | AN33: 0 | AO33: 0 | AP33: 0 | AQ33: 0 | AR33: 0 | AS33: 0 | AT33: 0 | AW33: 27264 | AX33: 64 | AY33: 4 | AZ33: 4 | BA33: 1262.34 | BB33: 10.704
A34: 0 | B34: WR00L2L2 | C34: 25728 | D34: 32 | E34: 4 | F34: 4 | G34: 1152.49 | H34: 9.8521 | I34: 45458 | J34: 0.9103125 | K34: 0 | L34: 0 | M34: 0 | N34: 0 | O34: 0 | P34: 0 | Q34: 0 | R34: 0 | S34: 0 | T34: 0 | U34: 0 | V34: 0 | W34: =AVERAGE(H34:H38) -> 9.97542 | Y34: 0 | Z34: WR00L2L2 | AA34: 25728 | AB34: 32 | AC34: 4 | AD34: 4 | AE34: 1163.14 | AF34: 9.7619 | AG34: 45468 | AH34: 0.70186343 | AI34: 0 | AJ34: 0 | AK34: 0 | AL34: 0 | AM34: 0 | AN34: 0 | AO34: 0 | AP34: 0 | AQ34: 0 | AR34: 0 | AS34: 0 | AT34: 0 | AU34: =AVERAGE(AF34:AF38) -> 9.78898 | AW34: 27264 | AX34: 96 | AY34: 1 | AZ34: 16 | BA34: 1212.81 | BB34: 11.141
A35: 1 | B35: WR00L2L2 | C35: 25728 | D35: 32 | E35: 4 | F35: 4 | G35: 1134.48 | H35: 10.009 | I35: 45459 | J35: 0.9305787 | K35: 0 | L35: 0 | M35: 0 | N35: 0 | O35: 0 | P35: 0 | Q35: 0 | R35: 0 | S35: 0 | T35: 0 | U35: 0 | V35: 0 | Y35: 1 | Z35: WR00L2L2 | AA35: 25728 | AB35: 32 | AC35: 4 | AD35: 4 | AE35: 1153.34 | AF35: 9.8448 | AG35: 45469 | AH35: 0.75341435 | AI35: 0 | AJ35: 0 | AK35: 0 | AL35: 0 | AM35: 0 | AN35: 0 | AO35: 0 | AP35: 0 | AQ35: 0 | AR35: 0 | AS35: 0 | AT35: 0 | AW35: 27264 | AX35: 96 | AY35: 2 | AZ35: 8 | BA35: 1071.94 | BB35: 12.605
A36: 2 | B36: WR00L2L2 | C36: 25728 | D36: 32 | E36: 4 | F36: 4 | G36: 1133.98 | H36: 10.013 | I36: 45460 | J36: 0.95030093 | K36: 0 | L36: 0 | M36: 0 | N36: 0 | O36: 0 | P36: 0 | Q36: 0 | R36: 0 | S36: 0 | T36: 0 | U36: 0 | V36: 0 | Y36: 2 | Z36: WR00L2L2 | AA36: 25728 | AB36: 32 | AC36: 4 | AD36: 4 | AE36: 1158.93 | AF36: 9.7973 | AG36: 45471 | AH36: 0.14417824 | AI36: 0 | AJ36: 0 | AK36: 0 | AL36: 0 | AM36: 0 | AN36: 0 | AO36: 0 | AP36: 0 | AQ36: 0 | AR36: 0 | AS36: 0 | AT36: 0 | AW36: 27264 | AX36: 96 | AY36: 4 | AZ36: 4 | BA36: 1281.96 | BB36: 10.54
A37: 3 | B37: WR00L2L2 | C37: 25728 | D37: 32 | E37: 4 | F37: 4 | G37: 1137.72 | H37: 9.98 | I37: 45462 | J37: 0.28054398 | K37: 0 | L37: 0 | M37: 0 | N37: 0 | O37: 0 | P37: 0 | Q37: 0 | R37: 0 | S37: 0 | T37: 0 | U37: 0 | V37: 0 | Y37: 3 | Z37: WR00L2L2 | AA37: 25728 | AB37: 32 | AC37: 4 | AD37: 4 | AE37: 1165.58 | AF37: 9.7414 | AG37: 45472 | AH37: 0.19888889 | AI37: 0 | AJ37: 0 | AK37: 0 | AL37: 0 | AM37: 0 | AN37: 0 | AO37: 0 | AP37: 0 | AQ37: 0 | AR37: 0 | AS37: 0 | AT37: 0 | AW37: 27264 | AX37: 128 | AY37: 1 | AZ37: 16 | BA37: 1208.27 | BB37: 11.183
A38: 4 | B38: WR00L2L2 | C38: 25728 | D38: 32 | E38: 4 | F38: 4 | G38: 1132.79 | H38: 10.023 | I38: 45465 | J38: 0.35707176 | K38: 0 | L38: 0 | M38: 0 | N38: 0 | O38: 0 | P38: 0 | Q38: 0 | R38: 0 | S38: 0 | T38: 0 | U38: 0 | V38: 0 | Y38: 4 | Z38: WR00L2L2 | AA38: 25728 | AB38: 32 | AC38: 4 | AD38: 4 | AE38: 1158.67 | AF38: 9.7995 | AG38: 45473 | AH38: 0.2537037 | AI38: 0 | AJ38: 0 | AK38: 0 | AL38: 0 | AM38: 0 | AN38: 0 | AO38: 0 | AP38: 0 | AQ38: 0 | AR38: 0 | AS38: 0 | AT38: 0 | AW38: 27264 | AX38: 128 | AY38: 2 | AZ38: 8 | BA38: 1079.67 | BB38: 12.515
A39: 0 | B39: WR00L2L2 | C39: 27264 | D39: 32 | E39: 4 | F39: 4 | G39: 1339.66 | H39: 10.086 | I39: 45459 | J39: 0.20712963 | K39: 0 | L39: 0 | M39: 0 | N39: 0 | O39: 0 | P39: 0 | Q39: 0 | R39: 0 | S39: 0 | T39: 0 | U39: 0 | V39: 0 | W39: =AVERAGE(H39:H43) -> 10.1324 | Y39: 0 | Z39: WR00L2L2 | AA39: 27264 | AB39: 32 | AC39: 4 | AD39: 4 | AE39: 1339.05 | AF39: 10.091 | AG39: 45469 | AH39: 0.010543981 | AI39: 0 | AJ39: 0 | AK39: 0 | AL39: 0 | AM39: 0 | AN39: 0 | AO39: 0 | AP39: 0 | AQ39: 0 | AR39: 0 | AS39: 0 | AT39: 0 | AU39: =AVERAGE(AF39:AF43) -> 10.092 | AW39: 27264 | AX39: 128 | AY39: 4 | AZ39: 4 | BA39: 1277.02 | BB39: 10.581
A40: 1 | B40: WR00L2L2 | C40: 27264 | D40: 32 | E40: 4 | F40: 4 | G40: 1331.47 | H40: 10.148 | I40: 45460 | J40: 0.22634259 | K40: 0 | L40: 0 | M40: 0 | N40: 0 | O40: 0 | P40: 0 | Q40: 0 | R40: 0 | S40: 0 | T40: 0 | U40: 0 | V40: 0 | Y40: 1 | Z40: WR00L2L2 | AA40: 27264 | AB40: 32 | AC40: 4 | AD40: 4 | AE40: 1331.73 | AF40: 10.146 | AG40: 45470 | AH40: 0.06119213 | AI40: 0 | AJ40: 0 | AK40: 0 | AL40: 0 | AM40: 0 | AN40: 0 | AO40: 0 | AP40: 0 | AQ40: 0 | AR40: 0 | AS40: 0 | AT40: 0 | AW40: 27200 | AX40: 160 | AY40: 1 | AZ40: 16 | BA40: 1184.73 | BB40: 11.325
A41: 2 | B41: WR00L2L2 | C41: 27264 | D41: 32 | E41: 4 | F41: 4 | G41: 1331.67 | H41: 10.147 | I41: 45461 | J41: 0.2462963 | K41: 0 | L41: 0 | M41: 0 | N41: 0 | O41: 0 | P41: 0 | Q41: 0 | R41: 0 | S41: 0 | T41: 0 | U41: 0 | V41: 0 | Y41: 2 | Z41: WR00L2L2 | AA41: 27264 | AB41: 32 | AC41: 4 | AD41: 4 | AE41: 1340.16 | AF41: 10.082 | AG41: 45471 | AH41: 0.45409722 | AI41: 0 | AJ41: 0 | AK41: 0 | AL41: 0 | AM41: 0 | AN41: 0 | AO41: 0 | AP41: 0 | AQ41: 0 | AR41: 0 | AS41: 0 | AT41: 0 | AW41: 27200 | AX41: 160 | AY41: 2 | AZ41: 8 | BA41: 1102.8 | BB41: 12.166
A42: 3 | B42: WR00L2L2 | C42: 27264 | D42: 32 | E42: 4 | F42: 4 | G42: 1333.1 | H42: 10.136 | I42: 45462 | J42: 0.57678241 | K42: 0 | L42: 0 | M42: 0 | N42: 0 | O42: 0 | P42: 0 | Q42: 0 | R42: 0 | S42: 0 | T42: 0 | U42: 0 | V42: 0 | Y42: 3 | Z42: WR00L2L2 | AA42: 27264 | AB42: 32 | AC42: 4 | AD42: 4 | AE42: 1338.95 | AF42: 10.091 | AG42: 45472 | AH42: 0.50803241 | AI42: 0 | AJ42: 0 | AK42: 0 | AL42: 0 | AM42: 0 | AN42: 0 | AO42: 0 | AP42: 0 | AQ42: 0 | AR42: 0 | AS42: 0 | AT42: 0 | AW42: 27200 | AX42: 160 | AY42: 4 | AZ42: 4 | BA42: 1309.45 | BB42: 10.246
A43: 4 | B43: WR00L2L2 | C43: 27264 | D43: 32 | E43: 4 | F43: 4 | G43: 1331.88 | H43: 10.145 | I43: 45465 | J43: 0.65300926 | K43: 0 | L43: 0 | M43: 0 | N43: 0 | O43: 0 | P43: 0 | Q43: 0 | R43: 0 | S43: 0 | T43: 0 | U43: 0 | V43: 0 | Y43: 4 | Z43: WR00L2L2 | AA43: 27264 | AB43: 32 | AC43: 4 | AD43: 4 | AE43: 1344.52 | AF43: 10.05 | AG43: 45473 | AH43: 0.56273148 | AI43: 0 | AJ43: 0 | AK43: 0 | AL43: 0 | AM43: 0 | AN43: 0 | AO43: 0 | AP43: 0 | AQ43: 0 | AR43: 0 | AS43: 0 | AT43: 0 | AW43: 27264 | AX43: 192 | AY43: 1 | AZ43: 16 | BA43: 1272.85 | BB43: 10.615
A44: 0 | B44: WR00L2L2 | C44: 28800 | D44: 32 | E44: 4 | F44: 4 | G44: 1530.93 | H44: 10.403 | I44: 45459 | J44: 0.55340278 | K44: 0 | L44: 0 | M44: 0 | N44: 0 | O44: 0 | P44: 0 | Q44: 0 | R44: 0 | S44: 0 | T44: 0 | U44: 0 | V44: 0 | W44: =AVERAGE(H44:H48) -> 10.4034 | Y44: 0 | Z44: WR00L2L2 | AA44: 28800 | AB44: 32 | AC44: 4 | AD44: 4 | AE44: 1539.27 | AF44: 10.347 | AG44: 45469 | AH44: 0.36649306 | AI44: 0 | AJ44: 0 | AK44: 0 | AL44: 0 | AM44: 0 | AN44: 0 | AO44: 0 | AP44: 0 | AQ44: 0 | AR44: 0 | AS44: 0 | AT44: 0 | AU44: =AVERAGE(AF44:AF48) -> 10.4236 | AW44: 27264 | AX44: 192 | AY44: 2 | AZ44: 8 | BA44: 1119.59 | BB44: 12.069
A45: 1 | B45: WR00L2L2 | C45: 28800 | D45: 32 | E45: 4 | F45: 4 | G45: 1529.77 | H45: 10.411 | I45: 45460 | J45: 0.57179398 | K45: 0 | L45: 0 | M45: 0 | N45: 0 | O45: 0 | P45: 0 | Q45: 0 | R45: 0 | S45: 0 | T45: 0 | U45: 0 | V45: 0 | Y45: 1 | Z45: WR00L2L2 | AA45: 28800 | AB45: 32 | AC45: 4 | AD45: 4 | AE45: 1518.74 | AF45: 10.487 | AG45: 45470 | AH45: 0.41621528 | AI45: 0 | AJ45: 0 | AK45: 0 | AL45: 0 | AM45: 0 | AN45: 0 | AO45: 0 | AP45: 0 | AQ45: 0 | AR45: 0 | AS45: 0 | AT45: 0 | AW45: 27264 | AX45: 192 | AY45: 4 | AZ45: 4 | BA45: 1310.97 | BB45: 10.307
A46: 2 | B46: WR00L2L2 | C46: 28800 | D46: 32 | E46: 4 | F46: 4 | G46: 1535.26 | H46: 10.374 | I46: 45461 | J46: 0.90452546 | K46: 0 | L46: 0 | M46: 0 | N46: 0 | O46: 0 | P46: 0 | Q46: 0 | R46: 0 | S46: 0 | T46: 0 | U46: 0 | V46: 0 | Y46: 2 | Z46: WR00L2L2 | AA46: 28800 | AB46: 32 | AC46: 4 | AD46: 4 | AE46: 1522.03 | AF46: 10.464 | AG46: 45471 | AH46: 0.81045139 | AI46: 0 | AJ46: 0 | AK46: 0 | AL46: 0 | AM46: 0 | AN46: 0 | AO46: 0 | AP46: 0 | AQ46: 0 | AR46: 0 | AS46: 0 | AT46: 0 | AW46: 27104 | AX46: 224 | AY46: 1 | AZ46: 16 | BA46: 1215.76 | BB46: 10.919
A47: 3 | B47: WR00L2L2 | C47: 28800 | D47: 32 | E47: 4 | F47: 4 | G47: 1529.72 | H47: 10.411 | I47: 45464 | J47: 0.98104167 | K47: 0 | L47: 0 | M47: 0 | N47: 0 | O47: 0 | P47: 0 | Q47: 0 | R47: 0 | S47: 0 | T47: 0 | U47: 0 | V47: 0 | Y47: 3 | Z47: WR00L2L2 | AA47: 28800 | AB47: 32 | AC47: 4 | AD47: 4 | AE47: 1535.75 | AF47: 10.371 | AG47: 45472 | AH47: 0.86506944 | AI47: 0 | AJ47: 0 | AK47: 0 | AL47: 0 | AM47: 0 | AN47: 0 | AO47: 0 | AP47: 0 | AQ47: 0 | AR47: 0 | AS47: 0 | AT47: 0 | AW47: 27104 | AX47: 224 | AY47: 2 | AZ47: 8 | BA47: 1137.37 | BB47: 11.672
A48: 4 | B48: WR00L2L2 | C48: 28800 | D48: 32 | E48: 4 | F48: 4 | G48: 1528.71 | H48: 10.418 | I48: 45465 | J48: 0.99857639 | K48: 0 | L48: 0 | M48: 0 | N48: 0 | O48: 0 | P48: 0 | Q48: 0 | R48: 0 | S48: 0 | T48: 0 | U48: 0 | V48: 0 | Y48: 4 | Z48: WR00L2L2 | AA48: 28800 | AB48: 32 | AC48: 4 | AD48: 4 | AE48: 1524.22 | AF48: 10.449 | AG48: 45473 | AH48: 0.91876157 | AI48: 0 | AJ48: 0 | AK48: 0 | AL48: 0 | AM48: 0 | AN48: 0 | AO48: 0 | AP48: 0 | AQ48: 0 | AR48: 0 | AS48: 0 | AT48: 0 | AW48: 27104 | AX48: 224 | AY48: 4 | AZ48: 4 | BA48: 1346.27 | BB48: 9.8608
A49: 0 | B49: WR00L2L2 | C49: 25728 | D49: 64 | E49: 1 | F49: 16 | G49: 1040.04 | H49: 10.917 | I49: 45458 | J49: 0.92263889 | K49: 0 | L49: 0 | M49: 0 | N49: 0 | O49: 0 | P49: 0 | Q49: 0 | R49: 0 | S49: 0 | T49: 0 | U49: 0 | V49: 0 | W49: =AVERAGE(H49:H53) -> 10.9424 | Y49: 0 | Z49: WR00L2L2 | AA49: 25728 | AB49: 64 | AC49: 1 | AD49: 16 | AE49: 960.35 | AF49: 11.823 | AG49: 45468 | AH49: 0.71408565 | AI49: 0 | AJ49: 0 | AK49: 0 | AL49: 0 | AM49: 0 | AN49: 0 | AO49: 0 | AP49: 0 | AQ49: 0 | AR49: 0 | AS49: 0 | AT49: 0 | AU49: =AVERAGE(AF49:AF53) -> 11.775 | AW49: 27136 | AX49: 256 | AY49: 1 | AZ49: 16 | BA49: 1200.58 | BB49: 11.097
A50: 1 | B50: WR00L2L2 | C50: 25728 | D50: 64 | E50: 1 | F50: 16 | G50: 1037.25 | H50: 10.947 | I50: 45459 | J50: 0.94287037 | K50: 0 | L50: 0 | M50: 0 | N50: 0 | O50: 0 | P50: 0 | Q50: 0 | R50: 0 | S50: 0 | T50: 0 | U50: 0 | V50: 0 | Y50: 1 | Z50: WR00L2L2 | AA50: 25728 | AB50: 64 | AC50: 1 | AD50: 16 | AE50: 956.02 | AF50: 11.877 | AG50: 45469 | AH50: 0.7655787 | AI50: 0 | AJ50: 0 | AK50: 0 | AL50: 0 | AM50: 0 | AN50: 0 | AO50: 0 | AP50: 0 | AQ50: 0 | AR50: 0 | AS50: 0 | AT50: 0 | AW50: 27136 | AX50: 256 | AY50: 2 | AZ50: 8 | BA50: 1119.67 | BB50: 11.899
A51: 2 | B51: WR00L2L2 | C51: 25728 | D51: 64 | E51: 1 | F51: 16 | G51: 1033.54 | H51: 10.986 | I51: 45460 | J51: 0.96255787 | K51: 0 | L51: 0 | M51: 0 | N51: 0 | O51: 0 | P51: 0 | Q51: 0 | R51: 0 | S51: 0 | T51: 0 | U51: 0 | V51: 0 | Y51: 2 | Z51: WR00L2L2 | AA51: 25728 | AB51: 64 | AC51: 1 | AD51: 16 | AE51: 971.33 | AF51: 11.69 | AG51: 45471 | AH51: 0.15650463 | AI51: 0 | AJ51: 0 | AK51: 0 | AL51: 0 | AM51: 0 | AN51: 0 | AO51: 0 | AP51: 0 | AQ51: 0 | AR51: 0 | AS51: 0 | AT51: 0 | AW51: 27136 | AX51: 256 | AY51: 4 | AZ51: 4 | BA51: 1352.97 | BB51: 9.8468
A52: 3 | B52: WR00L2L2 | C52: 25728 | D52: 64 | E52: 1 | F52: 16 | G52: 1040.55 | H52: 10.912 | I52: 45462 | J52: 0.29289352 | K52: 0 | L52: 0 | M52: 0 | N52: 0 | O52: 0 | P52: 0 | Q52: 0 | R52: 0 | S52: 0 | T52: 0 | U52: 0 | V52: 0 | Y52: 3 | Z52: WR00L2L2 | AA52: 25728 | AB52: 64 | AC52: 1 | AD52: 16 | AE52: 967.16 | AF52: 11.74 | AG52: 45472 | AH52: 0.21118056 | AI52: 0 | AJ52: 0 | AK52: 0 | AL52: 0 | AM52: 0 | AN52: 0 | AO52: 0 | AP52: 0 | AQ52: 0 | AR52: 0 | AS52: 0 | AT52: 0 | AW52: 28800 | AX52: 32 | AY52: 1 | AZ52: 16 | BA52: 1497.63 | BB52: 10.634
A53: 4 | B53: WR00L2L2 | C53: 25728 | D53: 64 | E53: 1 | F53: 16 | G53: 1036.95 | H53: 10.95 | I53: 45465 | J53: 0.36936343 | K53: 0 | L53: 0 | M53: 0 | N53: 0 | O53: 0 | P53: 0 | Q53: 0 | R53: 0 | S53: 0 | T53: 0 | U53: 0 | V53: 0 | Y53: 4 | Z53: WR00L2L2 | AA53: 25728 | AB53: 64 | AC53: 1 | AD53: 16 | AE53: 966.72 | AF53: 11.745 | AG53: 45473 | AH53: 0.2659838 | AI53: 0 | AJ53: 0 | AK53: 0 | AL53: 0 | AM53: 0 | AN53: 0 | AO53: 0 | AP53: 0 | AQ53: 0 | AR53: 0 | AS53: 0 | AT53: 0 | AW53: 28800 | AX53: 32 | AY53: 2 | AZ53: 8 | BA53: 1333.25 | BB53: 11.946
A54: 0 | B54: WR00L2L2 | C54: 27264 | D54: 64 | E54: 1 | F54: 16 | G54: 1229.15 | H54: 10.993 | I54: 45459 | J54: 0.22167824 | K54: 0 | L54: 0 | M54: 0 | N54: 0 | O54: 0 | P54: 0 | Q54: 0 | R54: 0 | S54: 0 | T54: 0 | U54: 0 | V54: 0 | W54: =AVERAGE(H54:H58) -> 11.0048 | Y54: 0 | Z54: WR00L2L2 | AA54: 27264 | AB54: 64 | AC54: 1 | AD54: 16 | AE54: 1118.31 | AF54: 12.082 | AG54: 45469 | AH54: 0.024675926 | AI54: 0 | AJ54: 0 | AK54: 0 | AL54: 0 | AM54: 0 | AN54: 0 | AO54: 0 | AP54: 0 | AQ54: 0 | AR54: 0 | AS54: 0 | AT54: 0 | AU54: =AVERAGE(AF54:AF58) -> 12.1334 | AW54: 28800 | AX54: 32 | AY54: 4 | AZ54: 4 | BA54: 1529.46 | BB54: 10.413
A55: 1 | B55: WR00L2L2 | C55: 27264 | D55: 64 | E55: 1 | F55: 16 | G55: 1225.21 | H55: 11.028 | I55: 45460 | J55: 0.24084491 | K55: 0 | L55: 0 | M55: 0 | N55: 0 | O55: 0 | P55: 0 | Q55: 0 | R55: 0 | S55: 0 | T55: 0 | U55: 0 | V55: 0 | Y55: 1 | Z55: WR00L2L2 | AA55: 27264 | AB55: 64 | AC55: 1 | AD55: 16 | AE55: 1116.35 | AF55: 12.104 | AG55: 45470 | AH55: 0.0753125 | AI55: 0 | AJ55: 0 | AK55: 0 | AL55: 0 | AM55: 0 | AN55: 0 | AO55: 0 | AP55: 0 | AQ55: 0 | AR55: 0 | AS55: 0 | AT55: 0 | AW55: 28800 | AX55: 64 | AY55: 1 | AZ55: 16 | BA55: 1396.61 | BB55: 11.404
A56: 2 | B56: WR00L2L2 | C56: 27264 | D56: 64 | E56: 1 | F56: 16 | G56: 1228.88 | H56: 10.995 | I56: 45461 | J56: 0.26083333 | K56: 0 | L56: 0 | M56: 0 | N56: 0 | O56: 0 | P56: 0 | Q56: 0 | R56: 0 | S56: 0 | T56: 0 | U56: 0 | V56: 0 | Y56: 2 | Z56: WR00L2L2 | AA56: 27264 | AB56: 64 | AC56: 1 | AD56: 16 | AE56: 1114.16 | AF56: 12.127 | AG56: 45471 | AH56: 0.46819444 | AI56: 0 | AJ56: 0 | AK56: 0 | AL56: 0 | AM56: 0 | AN56: 0 | AO56: 0 | AP56: 0 | AQ56: 0 | AR56: 0 | AS56: 0 | AT56: 0 | AW56: 28800 | AX56: 64 | AY56: 2 | AZ56: 8 | BA56: 1251.6 | BB56: 12.725
A57: 3 | B57: WR00L2L2 | C57: 27264 | D57: 64 | E57: 1 | F57: 16 | G57: 1229.46 | H57: 10.99 | I57: 45462 | J57: 0.59134259 | K57: 0 | L57: 0 | M57: 0 | N57: 0 | O57: 0 | P57: 0 | Q57: 0 | R57: 0 | S57: 0 | T57: 0 | U57: 0 | V57: 0 | Y57: 3 | Z57: WR00L2L2 | AA57: 27264 | AB57: 64 | AC57: 1 | AD57: 16 | AE57: 1109.67 | AF57: 12.176 | AG57: 45472 | AH57: 0.52209491 | AI57: 0 | AJ57: 0 | AK57: 0 | AL57: 0 | AM57: 0 | AN57: 0 | AO57: 0 | AP57: 0 | AQ57: 0 | AR57: 0 | AS57: 0 | AT57: 0 | AW57: 28800 | AX57: 64 | AY57: 4 | AZ57: 4 | BA57: 1466.17 | BB57: 10.863
A58: 4 | B58: WR00L2L2 | C58: 27264 | D58: 64 | E58: 1 | F58: 16 | G58: 1226.36 | H58: 11.018 | I58: 45465 | J58: 0.66752315 | K58: 0 | L58: 0 | M58: 0 | N58: 0 | O58: 0 | P58: 0 | Q58: 0 | R58: 0 | S58: 0 | T58: 0 | U58: 0 | V58: 0 | Y58: 4 | Z58: WR00L2L2 | AA58: 27264 | AB58: 64 | AC58: 1 | AD58: 16 | AE58: 1109.48 | AF58: 12.178 | AG58: 45473 | AH58: 0.57678241 | AI58: 0 | AJ58: 0 | AK58: 0 | AL58: 0 | AM58: 0 | AN58: 0 | AO58: 0 | AP58: 0 | AQ58: 0 | AR58: 0 | AS58: 0 | AT58: 0 | AW58: 28800 | AX58: 96 | AY58: 1 | AZ58: 16 | BA58: 1376.44 | BB58: 11.571
A59: 0 | B59: WR00L2L2 | C59: 28800 | D59: 64 | E59: 1 | F59: 16 | G59: 1390.29 | H59: 11.456 | I59: 45459 | J59: 0.56991898 | K59: 0 | L59: 0 | M59: 0 | N59: 0 | O59: 0 | P59: 0 | Q59: 0 | R59: 0 | S59: 0 | T59: 0 | U59: 0 | V59: 0 | W59: =AVERAGE(H59:H63) -> 11.4486 | Y59: 0 | Z59: WR00L2L2 | AA59: 28800 | AB59: 64 | AC59: 1 | AD59: 16 | AE59: 1276.69 | AF59: 12.475 | AG59: 45469 | AH59: 0.38261574 | AI59: 0 | AJ59: 0 | AK59: 0 | AL59: 0 | AM59: 0 | AN59: 0 | AO59: 0 | AP59: 0 | AQ59: 0 | AR59: 0 | AS59: 0 | AT59: 0 | AU59: =AVERAGE(AF59:AF63) -> 12.4724 | AW59: 28800 | AX59: 96 | AY59: 2 | AZ59: 8 | BA59: 1236.22 | BB59: 12.883
A60: 1 | B60: WR00L2L2 | C60: 28800 | D60: 64 | E60: 1 | F60: 16 | G60: 1386.47 | H60: 11.487 | I60: 45460 | J60: 0.58824074 | K60: 0 | L60: 0 | M60: 0 | N60: 0 | O60: 0 | P60: 0 | Q60: 0 | R60: 0 | S60: 0 | T60: 0 | U60: 0 | V60: 0 | Y60: 1 | Z60: WR00L2L2 | AA60: 28800 | AB60: 64 | AC60: 1 | AD60: 16 | AE60: 1273.69 | AF60: 12.504 | AG60: 45470 | AH60: 0.43232639 | AI60: 0 | AJ60: 0 | AK60: 0 | AL60: 0 | AM60: 0 | AN60: 0 | AO60: 0 | AP60: 0 | AQ60: 0 | AR60: 0 | AS60: 0 | AT60: 0 | AW60: 28800 | AX60: 96 | AY60: 4 | AZ60: 4 | BA60: 1440.12 | BB60: 11.059
A61: 2 | B61: WR00L2L2 | C61: 28800 | D61: 64 | E61: 1 | F61: 16 | G61: 1393.73 | H61: 11.427 | I61: 45461 | J61: 0.92104167 | K61: 0 | L61: 0 | M61: 0 | N61: 0 | O61: 0 | P61: 0 | Q61: 0 | R61: 0 | S61: 0 | T61: 0 | U61: 0 | V61: 0 | Y61: 2 | Z61: WR00L2L2 | AA61: 28800 | AB61: 64 | AC61: 1 | AD61: 16 | AE61: 1277.33 | AF61: 12.469 | AG61: 45471 | AH61: 0.8266088 | AI61: 0 | AJ61: 0 | AK61: 0 | AL61: 0 | AM61: 0 | AN61: 0 | AO61: 0 | AP61: 0 | AQ61: 0 | AR61: 0 | AS61: 0 | AT61: 0 | AW61: 28800 | AX61: 128 | AY61: 1 | AZ61: 16 | BA61: 1437.13 | BB61: 11.082
A62: 3 | B62: WR00L2L2 | C62: 28800 | D62: 64 | E62: 1 | F62: 16 | G62: 1391.27 | H62: 11.447 | I62: 45464 | J62: 0.99751157 | K62: 0 | L62: 0 | M62: 0 | N62: 0 | O62: 0 | P62: 0 | Q62: 0 | R62: 0 | S62: 0 | T62: 0 | U62: 0 | V62: 0 | Y62: 3 | Z62: WR00L2L2 | AA62: 28800 | AB62: 64 | AC62: 1 | AD62: 16 | AE62: 1276.51 | AF62: 12.477 | AG62: 45472 | AH62: 0.88119213 | AI62: 0 | AJ62: 0 | AK62: 0 | AL62: 0 | AM62: 0 | AN62: 0 | AO62: 0 | AP62: 0 | AQ62: 0 | AR62: 0 | AS62: 0 | AT62: 0 | AW62: 28800 | AX62: 128 | AY62: 2 | AZ62: 8 | BA62: 1247.87 | BB62: 12.763
A63: 4 | B63: WR00L2L2 | C63: 28800 | D63: 64 | E63: 1 | F63: 16 | G63: 1393.84 | H63: 11.426 | I63: 45466 | J63: 0.01505787 | K63: 0 | L63: 0 | M63: 0 | N63: 0 | O63: 0 | P63: 0 | Q63: 0 | R63: 0 | S63: 0 | T63: 0 | U63: 0 | V63: 0 | Y63: 4 | Z63: WR00L2L2 | AA63: 28800 | AB63: 64 | AC63: 1 | AD63: 16 | AE63: 1280.55 | AF63: 12.437 | AG63: 45473 | AH63: 0.93493056 | AI63: 0 | AJ63: 0 | AK63: 0 | AL63: 0 | AM63: 0 | AN63: 0 | AO63: 0 | AP63: 0 | AQ63: 0 | AR63: 0 | AS63: 0 | AT63: 0 | AW63: 28800 | AX63: 128 | AY63: 4 | AZ63: 4 | BA63: 1471 | BB63: 10.827
A64: 0 | B64: WR00L2L2 | C64: 25728 | D64: 64 | E64: 2 | F64: 8 | G64: 901.92 | H64: 12.589 | I64: 45458 | J64: 0.93335648 | K64: 0 | L64: 0 | M64: 0 | N64: 0 | O64: 0 | P64: 0 | Q64: 0 | R64: 0 | S64: 0 | T64: 0 | U64: 0 | V64: 0 | W64: =AVERAGE(H64:H68) -> 12.7136 | Y64: 0 | Z64: WR00L2L2 | AA64: 25728 | AB64: 64 | AC64: 2 | AD64: 8 | AE64: 924.07 | AF64: 12.287 | AG64: 45468 | AH64: 0.72584491 | AI64: 0 | AJ64: 0 | AK64: 0 | AL64: 0 | AM64: 0 | AN64: 0 | AO64: 0 | AP64: 0 | AQ64: 0 | AR64: 0 | AS64: 0 | AT64: 0 | AU64: =AVERAGE(AF64:AF68) -> 12.3344 | AW64: 28800 | AX64: 160 | AY64: 1 | AZ64: 16 | BA64: 1387.98 | BB64: 11.475
A65: 1 | B65: WR00L2L2 | C65: 25728 | D65: 64 | E65: 2 | F65: 8 | G65: 888.26 | H65: 12.783 | I65: 45459 | J65: 0.9534375 | K65: 0 | L65: 0 | M65: 0 | N65: 0 | O65: 0 | P65: 0 | Q65: 0 | R65: 0 | S65: 0 | T65: 0 | U65: 0 | V65: 0 | Y65: 1 | Z65: WR00L2L2 | AA65: 25728 | AB65: 64 | AC65: 2 | AD65: 8 | AE65: 918.54 | AF65: 12.361 | AG65: 45469 | AH65: 0.77730324 | AI65: 0 | AJ65: 0 | AK65: 0 | AL65: 0 | AM65: 0 | AN65: 0 | AO65: 0 | AP65: 0 | AQ65: 0 | AR65: 0 | AS65: 0 | AT65: 0 | AW65: 28800 | AX65: 160 | AY65: 2 | AZ65: 8 | BA65: 1240.18 | BB65: 12.842
A66: 2 | B66: WR00L2L2 | C66: 25728 | D66: 64 | E66: 2 | F66: 8 | G66: 890.9 | H66: 12.745 | I66: 45460 | J66: 0.97314815 | K66: 0 | L66: 0 | M66: 0 | N66: 0 | O66: 0 | P66: 0 | Q66: 0 | R66: 0 | S66: 0 | T66: 0 | U66: 0 | V66: 0 | Y66: 2 | Z66: WR00L2L2 | AA66: 25728 | AB66: 64 | AC66: 2 | AD66: 8 | AE66: 920.31 | AF66: 12.338 | AG66: 45471 | AH66: 0.16826389 | AI66: 0 | AJ66: 0 | AK66: 0 | AL66: 0 | AM66: 0 | AN66: 0 | AO66: 0 | AP66: 0 | AQ66: 0 | AR66: 0 | AS66: 0 | AT66: 0 | AW66: 28800 | AX66: 160 | AY66: 4 | AZ66: 4 | BA66: 1477.7 | BB66: 10.778
A67: 3 | B67: WR00L2L2 | C67: 25728 | D67: 64 | E67: 2 | F67: 8 | G67: 897.91 | H67: 12.645 | I67: 45462 | J67: 0.30357639 | K67: 0 | L67: 0 | M67: 0 | N67: 0 | O67: 0 | P67: 0 | Q67: 0 | R67: 0 | S67: 0 | T67: 0 | U67: 0 | V67: 0 | Y67: 3 | Z67: WR00L2L2 | AA67: 25728 | AB67: 64 | AC67: 2 | AD67: 8 | AE67: 917.93 | AF67: 12.37 | AG67: 45472 | AH67: 0.22288194 | AI67: 0 | AJ67: 0 | AK67: 0 | AL67: 0 | AM67: 0 | AN67: 0 | AO67: 0 | AP67: 0 | AQ67: 0 | AR67: 0 | AS67: 0 | AT67: 0 | AW67: 28800 | AX67: 192 | AY67: 1 | AZ67: 16 | BA67: 1392.5 | BB67: 11.437
A68: 4 | B68: WR00L2L2 | C68: 25728 | D68: 64 | E68: 2 | F68: 8 | G68: 886.65 | H68: 12.806 | I68: 45465 | J68: 0.37990741 | K68: 0 | L68: 0 | M68: 0 | N68: 0 | O68: 0 | P68: 0 | Q68: 0 | R68: 0 | S68: 0 | T68: 0 | U68: 0 | V68: 0 | Y68: 4 | Z68: WR00L2L2 | AA68: 25728 | AB68: 64 | AC68: 2 | AD68: 8 | AE68: 921.95 | AF68: 12.316 | AG68: 45473 | AH68: 0.2778125 | AI68: 0 | AJ68: 0 | AK68: 0 | AL68: 0 | AM68: 0 | AN68: 0 | AO68: 0 | AP68: 0 | AQ68: 0 | AR68: 0 | AS68: 0 | AT68: 0 | AW68: 28800 | AX68: 192 | AY68: 2 | AZ68: 8 | BA68: 1262.85 | BB68: 12.612
A69: 0 | B69: WR00L2L2 | C69: 27264 | D69: 64 | E69: 2 | F69: 8 | G69: 1062.83 | H69: 12.713 | I69: 45459 | J69: 0.23428241 | K69: 0 | L69: 0 | M69: 0 | N69: 0 | O69: 0 | P69: 0 | Q69: 0 | R69: 0 | S69: 0 | T69: 0 | U69: 0 | V69: 0 | W69: =AVERAGE(H69:H73) -> 12.7376 | Y69: 0 | Z69: WR00L2L2 | AA69: 27264 | AB69: 64 | AC69: 2 | AD69: 8 | AE69: 1068.05 | AF69: 12.651 | AG69: 45469 | AH69: 0.038240741 | AI69: 0 | AJ69: 0 | AK69: 0 | AL69: 0 | AM69: 0 | AN69: 0 | AO69: 0 | AP69: 0 | AQ69: 0 | AR69: 0 | AS69: 0 | AT69: 0 | AU69: =AVERAGE(AF69:AF73) -> 12.6384 | AW69: 28800 | AX69: 192 | AY69: 4 | AZ69: 4 | BA69: 1484.56 | BB69: 10.728
A70: 1 | B70: WR00L2L2 | C70: 27264 | D70: 64 | E70: 2 | F70: 8 | G70: 1065.29 | H70: 12.684 | I70: 45460 | J70: 0.2534838 | K70: 0 | L70: 0 | M70: 0 | N70: 0 | O70: 0 | P70: 0 | Q70: 0 | R70: 0 | S70: 0 | T70: 0 | U70: 0 | V70: 0 | Y70: 1 | Z70: WR00L2L2 | AA70: 27264 | AB70: 64 | AC70: 2 | AD70: 8 | AE70: 1064.03 | AF70: 12.699 | AG70: 45470 | AH70: 0.088831019 | AI70: 0 | AJ70: 0 | AK70: 0 | AL70: 0 | AM70: 0 | AN70: 0 | AO70: 0 | AP70: 0 | AQ70: 0 | AR70: 0 | AS70: 0 | AT70: 0 | AW70: 28672 | AX70: 224 | AY70: 1 | AZ70: 16 | BA70: 1648.69 | BB70: 9.5319
A71: 2 | B71: WR00L2L2 | C71: 27264 | D71: 64 | E71: 2 | F71: 8 | G71: 1061 | H71: 12.735 | I71: 45461 | J71: 0.27342593 | K71: 0 | L71: 0 | M71: 0 | N71: 0 | O71: 0 | P71: 0 | Q71: 0 | R71: 0 | S71: 0 | T71: 0 | U71: 0 | V71: 0 | Y71: 2 | Z71: WR00L2L2 | AA71: 27264 | AB71: 64 | AC71: 2 | AD71: 8 | AE71: 1065.91 | AF71: 12.676 | AG71: 45471 | AH71: 0.48172454 | AI71: 0 | AJ71: 0 | AK71: 0 | AL71: 0 | AM71: 0 | AN71: 0 | AO71: 0 | AP71: 0 | AQ71: 0 | AR71: 0 | AS71: 0 | AT71: 0 | AW71: 28672 | AX71: 224 | AY71: 2 | AZ71: 8 | BA71: 1388.07 | BB71: 11.322
A72: 3 | B72: WR00L2L2 | C72: 27264 | D72: 64 | E72: 2 | F72: 8 | G72: 1058.4 | H72: 12.766 | I72: 45462 | J72: 0.60390046 | K72: 0 | L72: 0 | M72: 0 | N72: 0 | O72: 0 | P72: 0 | Q72: 0 | R72: 0 | S72: 0 | T72: 0 | U72: 0 | V72: 0 | Y72: 3 | Z72: WR00L2L2 | AA72: 27264 | AB72: 64 | AC72: 2 | AD72: 8 | AE72: 1071.66 | AF72: 12.608 | AG72: 45472 | AH72: 0.53568287 | AI72: 0 | AJ72: 0 | AK72: 0 | AL72: 0 | AM72: 0 | AN72: 0 | AO72: 0 | AP72: 0 | AQ72: 0 | AR72: 0 | AS72: 0 | AT72: 0 | AW72: 28672 | AX72: 224 | AY72: 4 | AZ72: 4 | BA72: 1601.52 | BB72: 9.8126
A73: 4 | B73: WR00L2L2 | C73: 27264 | D73: 64 | E73: 2 | F73: 8 | G73: 1056.4 | H73: 12.79 | I73: 45465 | J73: 0.6800463 | K73: 0 | L73: 0 | M73: 0 | N73: 0 | O73: 0 | P73: 0 | Q73: 0 | R73: 0 | S73: 0 | T73: 0 | U73: 0 | V73: 0 | Y73: 4 | Z73: WR00L2L2 | AA73: 27264 | AB73: 64 | AC73: 2 | AD73: 8 | AE73: 1075.92 | AF73: 12.558 | AG73: 45473 | AH73: 0.59045139 | AI73: 0 | AJ73: 0 | AK73: 0 | AL73: 0 | AM73: 0 | AN73: 0 | AO73: 0 | AP73: 0 | AQ73: 0 | AR73: 0 | AS73: 0 | AT73: 0 | AW73: 28672 | AX73: 256 | AY73: 1 | AZ73: 16 | BA73: 7022.41 | BB73: 2.2378
A74: 0 | B74: WR00L2L2 | C74: 28800 | D74: 64 | E74: 2 | F74: 8 | G74: 1216.94 | H74: 13.087 | I74: 45459 | J74: 0.58434028 | K74: 0 | L74: 0 | M74: 0 | N74: 0 | O74: 0 | P74: 0 | Q74: 0 | R74: 0 | S74: 0 | T74: 0 | U74: 0 | V74: 0 | W74: =AVERAGE(H74:H78) -> 13.1262 | Y74: 0 | Z74: WR00L2L2 | AA74: 28800 | AB74: 64 | AC74: 2 | AD74: 8 | AE74: 1228.06 | AF74: 12.969 | AG74: 45469 | AH74: 0.39819444 | AI74: 0 | AJ74: 0 | AK74: 0 | AL74: 0 | AM74: 0 | AN74: 0 | AO74: 0 | AP74: 0 | AQ74: 0 | AR74: 0 | AS74: 0 | AT74: 0 | AU74: =AVERAGE(AF74:AF78) -> 13.024 | AW74: 28672 | AX74: 256 | AY74: 2 | AZ74: 8 | BA74: 1312.68 | BB74: 11.972
A75: 1 | B75: WR00L2L2 | C75: 28800 | D75: 64 | E75: 2 | F75: 8 | G75: 1210.96 | H75: 13.152 | I75: 45460 | J75: 0.60258102 | K75: 0 | L75: 0 | M75: 0 | N75: 0 | O75: 0 | P75: 0 | Q75: 0 | R75: 0 | S75: 0 | T75: 0 | U75: 0 | V75: 0 | Y75: 1 | Z75: WR00L2L2 | AA75: 28800 | AB75: 64 | AC75: 2 | AD75: 8 | AE75: 1213.27 | AF75: 13.127 | AG75: 45470 | AH75: 0.44769676 | AI75: 0 | AJ75: 0 | AK75: 0 | AL75: 0 | AM75: 0 | AN75: 0 | AO75: 0 | AP75: 0 | AQ75: 0 | AR75: 0 | AS75: 0 | AT75: 0 | AW75: 28672 | AX75: 256 | AY75: 4 | AZ75: 4 | BA75: 1561.15 | BB75: 10.066
A76: 2 | B76: WR00L2L2 | C76: 28800 | D76: 64 | E76: 2 | F76: 8 | G76: 1212.36 | H76: 13.137 | I76: 45461 | J76: 0.93542824 | K76: 0 | L76: 0 | M76: 0 | N76: 0 | O76: 0 | P76: 0 | Q76: 0 | R76: 0 | S76: 0 | T76: 0 | U76: 0 | V76: 0 | Y76: 2 | Z76: WR00L2L2 | AA76: 28800 | AB76: 64 | AC76: 2 | AD76: 8 | AE76: 1218.8 | AF76: 13.067 | AG76: 45471 | AH76: 0.84206019 | AI76: 0 | AJ76: 0 | AK76: 0 | AL76: 0 | AM76: 0 | AN76: 0 | AO76: 0 | AP76: 0 | AQ76: 0 | AR76: 0 | AS76: 0 | AT76: 0
A77: 3 | B77: WR00L2L2 | C77: 28800 | D77: 64 | E77: 2 | F77: 8 | G77: 1221.12 | H77: 13.042 | I77: 45465 | J77: 0.011979167 | K77: 0 | L77: 0 | M77: 0 | N77: 0 | O77: 0 | P77: 0 | Q77: 0 | R77: 0 | S77: 0 | T77: 0 | U77: 0 | V77: 0 | Y77: 3 | Z77: WR00L2L2 | AA77: 28800 | AB77: 64 | AC77: 2 | AD77: 8 | AE77: 1224.66 | AF77: 13.005 | AG77: 45472 | AH77: 0.89668981 | AI77: 0 | AJ77: 0 | AK77: 0 | AL77: 0 | AM77: 0 | AN77: 0 | AO77: 0 | AP77: 0 | AQ77: 0 | AR77: 0 | AS77: 0 | AT77: 0
A78: 4 | B78: WR00L2L2 | C78: 28800 | D78: 64 | E78: 2 | F78: 8 | G78: 1205.39 | H78: 13.213 | I78: 45466 | J78: 0.029340278 | K78: 0 | L78: 0 | M78: 0 | N78: 0 | O78: 0 | P78: 0 | Q78: 0 | R78: 0 | S78: 0 | T78: 0 | U78: 0 | V78: 0 | Y78: 4 | Z78: WR00L2L2 | AA78: 28800 | AB78: 64 | AC78: 2 | AD78: 8 | AE78: 1229.61 | AF78: 12.952 | AG78: 45473 | AH78: 0.95049769 | AI78: 0 | AJ78: 0 | AK78: 0 | AL78: 0 | AM78: 0 | AN78: 0 | AO78: 0 | AP78: 0 | AQ78: 0 | AR78: 0 | AS78: 0 | AT78: 0
A79: 0 | B79: WR00L2L2 | C79: 25728 | D79: 64 | E79: 4 | F79: 4 | G79: 1081.42 | H79: 10.5 | I79: 45458 | J79: 0.94614583 | K79: 0 | L79: 0 | M79: 0 | N79: 0 | O79: 0 | P79: 0 | Q79: 0 | R79: 0 | S79: 0 | T79: 0 | U79: 0 | V79: 0 | W79: =AVERAGE(H79:H83) -> 10.5442 | Y79: 0 | Z79: WR00L2L2 | AA79: 25728 | AB79: 64 | AC79: 4 | AD79: 4 | AE79: 1101.53 | AF79: 10.308 | AG79: 45468 | AH79: 0.73966435 | AI79: 0 | AJ79: 0 | AK79: 0 | AL79: 0 | AM79: 0 | AN79: 0 | AO79: 0 | AP79: 0 | AQ79: 0 | AR79: 0 | AS79: 0 | AT79: 0 | AU79: =AVERAGE(AF79:AF83) -> 10.2582
A80: 1 | B80: WR00L2L2 | C80: 25728 | D80: 64 | E80: 4 | F80: 4 | G80: 1074.69 | H80: 10.565 | I80: 45459 | J80: 0.96614583 | K80: 0 | L80: 0 | M80: 0 | N80: 0 | O80: 0 | P80: 0 | Q80: 0 | R80: 0 | S80: 0 | T80: 0 | U80: 0 | V80: 0 | Y80: 1 | Z80: WR00L2L2 | AA80: 25728 | AB80: 64 | AC80: 4 | AD80: 4 | AE80: 1104.8 | AF80: 10.277 | AG80: 45469 | AH80: 0.79116898 | AI80: 0 | AJ80: 0 | AK80: 0 | AL80: 0 | AM80: 0 | AN80: 0 | AO80: 0 | AP80: 0 | AQ80: 0 | AR80: 0 | AS80: 0 | AT80: 0
A81: 2 | B81: WR00L2L2 | C81: 25728 | D81: 64 | E81: 4 | F81: 4 | G81: 1076.81 | H81: 10.544 | I81: 45460 | J81: 0.98587963 | K81: 0 | L81: 0 | M81: 0 | N81: 0 | O81: 0 | P81: 0 | Q81: 0 | R81: 0 | S81: 0 | T81: 0 | U81: 0 | V81: 0 | Y81: 2 | Z81: WR00L2L2 | AA81: 25728 | AB81: 64 | AC81: 4 | AD81: 4 | AE81: 1110.35 | AF81: 10.226 | AG81: 45471 | AH81: 0.18221065 | AI81: 0 | AJ81: 0 | AK81: 0 | AL81: 0 | AM81: 0 | AN81: 0 | AO81: 0 | AP81: 0 | AQ81: 0 | AR81: 0 | AS81: 0 | AT81: 0
A82: 3 | B82: WR00L2L2 | C82: 25728 | D82: 64 | E82: 4 | F82: 4 | G82: 1073.88 | H82: 10.573 | I82: 45462 | J82: 0.31628472 | K82: 0 | L82: 0 | M82: 0 | N82: 0 | O82: 0 | P82: 0 | Q82: 0 | R82: 0 | S82: 0 | T82: 0 | U82: 0 | V82: 0 | Y82: 3 | Z82: WR00L2L2 | AA82: 25728 | AB82: 64 | AC82: 4 | AD82: 4 | AE82: 1107.26 | AF82: 10.254 | AG82: 45472 | AH82: 0.23675926 | AI82: 0 | AJ82: 0 | AK82: 0 | AL82: 0 | AM82: 0 | AN82: 0 | AO82: 0 | AP82: 0 | AQ82: 0 | AR82: 0 | AS82: 0 | AT82: 0
A83: 4 | B83: WR00L2L2 | C83: 25728 | D83: 64 | E83: 4 | F83: 4 | G83: 1077.34 | H83: 10.539 | I83: 45465 | J83: 0.39265046 | K83: 0 | L83: 0 | M83: 0 | N83: 0 | O83: 0 | P83: 0 | Q83: 0 | R83: 0 | S83: 0 | T83: 0 | U83: 0 | V83: 0 | Y83: 4 | Z83: WR00L2L2 | AA83: 25728 | AB83: 64 | AC83: 4 | AD83: 4 | AE83: 1110.34 | AF83: 10.226 | AG83: 45473 | AH83: 0.29175926 | AI83: 0 | AJ83: 0 | AK83: 0 | AL83: 0 | AM83: 0 | AN83: 0 | AO83: 0 | AP83: 0 | AQ83: 0 | AR83: 0 | AS83: 0 | AT83: 0
A84: 0 | B84: WR00L2L2 | C84: 27264 | D84: 64 | E84: 4 | F84: 4 | G84: 1260 | H84: 10.724 | I84: 45459 | J84: 0.24915509 | K84: 0 | L84: 0 | M84: 0 | N84: 0 | O84: 0 | P84: 0 | Q84: 0 | R84: 0 | S84: 0 | T84: 0 | U84: 0 | V84: 0 | W84: =AVERAGE(H84:H88) -> 10.7238 | Y84: 0 | Z84: WR00L2L2 | AA84: 27264 | AB84: 64 | AC84: 4 | AD84: 4 | AE84: 1276.06 | AF84: 10.589 | AG84: 45469 | AH84: 0.054189815 | AI84: 0 | AJ84: 0 | AK84: 0 | AL84: 0 | AM84: 0 | AN84: 0 | AO84: 0 | AP84: 0 | AQ84: 0 | AR84: 0 | AS84: 0 | AT84: 0 | AU84: =AVERAGE(AF84:AF88) -> 10.6408
A85: 1 | B85: WR00L2L2 | C85: 27264 | D85: 64 | E85: 4 | F85: 4 | G85: 1264.64 | H85: 10.684 | I85: 45460 | J85: 0.26840278 | K85: 0 | L85: 0 | M85: 0 | N85: 0 | O85: 0 | P85: 0 | Q85: 0 | R85: 0 | S85: 0 | T85: 0 | U85: 0 | V85: 0 | Y85: 1 | Z85: WR00L2L2 | AA85: 27264 | AB85: 64 | AC85: 4 | AD85: 4 | AE85: 1264.46 | AF85: 10.686 | AG85: 45470 | AH85: 0.10466435 | AI85: 0 | AJ85: 0 | AK85: 0 | AL85: 0 | AM85: 0 | AN85: 0 | AO85: 0 | AP85: 0 | AQ85: 0 | AR85: 0 | AS85: 0 | AT85: 0
A86: 2 | B86: WR00L2L2 | C86: 27264 | D86: 64 | E86: 4 | F86: 4 | G86: 1262 | H86: 10.707 | I86: 45461 | J86: 0.28832176 | K86: 0 | L86: 0 | M86: 0 | N86: 0 | O86: 0 | P86: 0 | Q86: 0 | R86: 0 | S86: 0 | T86: 0 | U86: 0 | V86: 0 | Y86: 2 | Z86: WR00L2L2 | AA86: 27264 | AB86: 64 | AC86: 4 | AD86: 4 | AE86: 1269.3 | AF86: 10.645 | AG86: 45471 | AH86: 0.49759259 | AI86: 0 | AJ86: 0 | AK86: 0 | AL86: 0 | AM86: 0 | AN86: 0 | AO86: 0 | AP86: 0 | AQ86: 0 | AR86: 0 | AS86: 0 | AT86: 0
A87: 3 | B87: WR00L2L2 | C87: 27264 | D87: 64 | E87: 4 | F87: 4 | G87: 1250.57 | H87: 10.805 | I87: 45464 | J87: 0.67688657 | K87: 0 | L87: 0 | M87: 0 | N87: 0 | O87: 0 | P87: 0 | Q87: 0 | R87: 0 | S87: 0 | T87: 0 | U87: 0 | V87: 0 | Y87: 3 | Z87: WR00L2L2 | AA87: 27264 | AB87: 64 | AC87: 4 | AD87: 4 | AE87: 1275.63 | AF87: 10.592 | AG87: 45472 | AH87: 0.55164352 | AI87: 0 | AJ87: 0 | AK87: 0 | AL87: 0 | AM87: 0 | AN87: 0 | AO87: 0 | AP87: 0 | AQ87: 0 | AR87: 0 | AS87: 0 | AT87: 0
A88: 4 | B88: WR00L2L2 | C88: 27264 | D88: 64 | E88: 4 | F88: 4 | G88: 1262.92 | H88: 10.699 | I88: 45465 | J88: 0.6949537 | K88: 0 | L88: 0 | M88: 0 | N88: 0 | O88: 0 | P88: 0 | Q88: 0 | R88: 0 | S88: 0 | T88: 0 | U88: 0 | V88: 0 | Y88: 4 | Z88: WR00L2L2 | AA88: 27264 | AB88: 64 | AC88: 4 | AD88: 4 | AE88: 1263.69 | AF88: 10.692 | AG88: 45473 | AH88: 0.60627315 | AI88: 0 | AJ88: 0 | AK88: 0 | AL88: 0 | AM88: 0 | AN88: 0 | AO88: 0 | AP88: 0 | AQ88: 0 | AR88: 0 | AS88: 0 | AT88: 0
A89: 0 | B89: WR00L2L2 | C89: 28800 | D89: 64 | E89: 4 | F89: 4 | G89: 1454.85 | H89: 10.947 | I89: 45459 | J89: 0.60149306 | K89: 0 | L89: 0 | M89: 0 | N89: 0 | O89: 0 | P89: 0 | Q89: 0 | R89: 0 | S89: 0 | T89: 0 | U89: 0 | V89: 0 | W89: =AVERAGE(H89:H93) -> 10.9432 | Y89: 0 | Z89: WR00L2L2 | AA89: 28800 | AB89: 64 | AC89: 4 | AD89: 4 | AE89: 1437.57 | AF89: 11.079 | AG89: 45469 | AH89: 0.41614583 | AI89: 0 | AJ89: 0 | AK89: 0 | AL89: 0 | AM89: 0 | AN89: 0 | AO89: 0 | AP89: 0 | AQ89: 0 | AR89: 0 | AS89: 0 | AT89: 0 | AU89: =AVERAGE(AF89:AF93) -> 11.0058
A90: 1 | B90: WR00L2L2 | C90: 28800 | D90: 64 | E90: 4 | F90: 4 | G90: 1456.42 | H90: 10.935 | I90: 45460 | J90: 0.61975694 | K90: 0 | L90: 0 | M90: 0 | N90: 0 | O90: 0 | P90: 0 | Q90: 0 | R90: 0 | S90: 0 | T90: 0 | U90: 0 | V90: 0 | Y90: 1 | Z90: WR00L2L2 | AA90: 28800 | AB90: 64 | AC90: 4 | AD90: 4 | AE90: 1451.26 | AF90: 10.974 | AG90: 45470 | AH90: 0.46583333 | AI90: 0 | AJ90: 0 | AK90: 0 | AL90: 0 | AM90: 0 | AN90: 0 | AO90: 0 | AP90: 0 | AQ90: 0 | AR90: 0 | AS90: 0 | AT90: 0
A91: 2 | B91: WR00L2L2 | C91: 28800 | D91: 64 | E91: 4 | F91: 4 | G91: 1453.64 | H91: 10.956 | I91: 45461 | J91: 0.95255787 | K91: 0 | L91: 0 | M91: 0 | N91: 0 | O91: 0 | P91: 0 | Q91: 0 | R91: 0 | S91: 0 | T91: 0 | U91: 0 | V91: 0 | Y91: 2 | Z91: WR00L2L2 | AA91: 28800 | AB91: 64 | AC91: 4 | AD91: 4 | AE91: 1443.19 | AF91: 11.036 | AG91: 45471 | AH91: 0.86008102 | AI91: 0 | AJ91: 0 | AK91: 0 | AL91: 0 | AM91: 0 | AN91: 0 | AO91: 0 | AP91: 0 | AQ91: 0 | AR91: 0 | AS91: 0 | AT91: 0
A92: 3 | B92: WR00L2L2 | C92: 28800 | D92: 64 | E92: 4 | F92: 4 | G92: 1453.99 | H92: 10.954 | I92: 45465 | J92: 0.029131944 | K92: 0 | L92: 0 | M92: 0 | N92: 0 | O92: 0 | P92: 0 | Q92: 0 | R92: 0 | S92: 0 | T92: 0 | U92: 0 | V92: 0 | Y92: 3 | Z92: WR00L2L2 | AA92: 28800 | AB92: 64 | AC92: 4 | AD92: 4 | AE92: 1451.16 | AF92: 10.975 | AG92: 45472 | AH92: 0.91479167 | AI92: 0 | AJ92: 0 | AK92: 0 | AL92: 0 | AM92: 0 | AN92: 0 | AO92: 0 | AP92: 0 | AQ92: 0 | AR92: 0 | AS92: 0 | AT92: 0
A93: 4 | B93: WR00L2L2 | C93: 28800 | D93: 64 | E93: 4 | F93: 4 | G93: 1457.96 | H93: 10.924 | I93: 45466 | J93: 0.046527778 | K93: 0 | L93: 0 | M93: 0 | N93: 0 | O93: 0 | P93: 0 | Q93: 0 | R93: 0 | S93: 0 | T93: 0 | U93: 0 | V93: 0 | Y93: 4 | Z93: WR00L2L2 | AA93: 28800 | AB93: 64 | AC93: 4 | AD93: 4 | AE93: 1452.42 | AF93: 10.965 | AG93: 45473 | AH93: 0.96862269 | AI93: 0 | AJ93: 0 | AK93: 0 | AL93: 0 | AM93: 0 | AN93: 0 | AO93: 0 | AP93: 0 | AQ93: 0 | AR93: 0 | AS93: 0 | AT93: 0
A94: 0 | B94: WR00L2L2 | C94: 25728 | D94: 96 | E94: 1 | F94: 16 | G94: 1010.85 | H94: 11.232 | I94: 45458 | J94: 0.95813657 | K94: 0 | L94: 0 | M94: 0 | N94: 0 | O94: 0 | P94: 0 | Q94: 0 | R94: 0 | S94: 0 | T94: 0 | U94: 0 | V94: 0 | W94: =AVERAGE(H94:H98) -> 11.2666 | Y94: 0 | Z94: WR00L2L2 | AA94: 25728 | AB94: 96 | AC94: 1 | AD94: 16 | AE94: 939 | AF94: 12.092 | AG94: 45468 | AH94: 0.7516088 | AI94: 0 | AJ94: 0 | AK94: 0 | AL94: 0 | AM94: 0 | AN94: 0 | AO94: 0 | AP94: 0 | AQ94: 0 | AR94: 0 | AS94: 0 | AT94: 0 | AU94: =AVERAGE(AF94:AF98) -> 12.0342
A95: 1 | B95: WR00L2L2 | C95: 25728 | D95: 96 | E95: 1 | F95: 16 | G95: 1005.32 | H95: 11.294 | I95: 45459 | J95: 0.97806713 | K95: 0 | L95: 0 | M95: 0 | N95: 0 | O95: 0 | P95: 0 | Q95: 0 | R95: 0 | S95: 0 | T95: 0 | U95: 0 | V95: 0 | Y95: 1 | Z95: WR00L2L2 | AA95: 25728 | AB95: 96 | AC95: 1 | AD95: 16 | AE95: 947.23 | AF95: 11.987 | AG95: 45469 | AH95: 0.80320602 | AI95: 0 | AJ95: 0 | AK95: 0 | AL95: 0 | AM95: 0 | AN95: 0 | AO95: 0 | AP95: 0 | AQ95: 0 | AR95: 0 | AS95: 0 | AT95: 0
A96: 2 | B96: WR00L2L2 | C96: 25728 | D96: 96 | E96: 1 | F96: 16 | G96: 1007.82 | H96: 11.266 | I96: 45460 | J96: 0.99783565 | K96: 0 | L96: 0 | M96: 0 | N96: 0 | O96: 0 | P96: 0 | Q96: 0 | R96: 0 | S96: 0 | T96: 0 | U96: 0 | V96: 0 | Y96: 2 | Z96: WR00L2L2 | AA96: 25728 | AB96: 96 | AC96: 1 | AD96: 16 | AE96: 943.68 | AF96: 12.032 | AG96: 45471 | AH96: 0.19421296 | AI96: 0 | AJ96: 0 | AK96: 0 | AL96: 0 | AM96: 0 | AN96: 0 | AO96: 0 | AP96: 0 | AQ96: 0 | AR96: 0 | AS96: 0 | AT96: 0
A97: 3 | B97: WR00L2L2 | C97: 25728 | D97: 96 | E97: 1 | F97: 16 | G97: 1009.86 | H97: 11.244 | I97: 45462 | J97: 0.32827546 | K97: 0 | L97: 0 | M97: 0 | N97: 0 | O97: 0 | P97: 0 | Q97: 0 | R97: 0 | S97: 0 | T97: 0 | U97: 0 | V97: 0 | Y97: 3 | Z97: WR00L2L2 | AA97: 25728 | AB97: 96 | AC97: 1 | AD97: 16 | AE97: 940.61 | AF97: 12.071 | AG97: 45472 | AH97: 0.24872685 | AI97: 0 | AJ97: 0 | AK97: 0 | AL97: 0 | AM97: 0 | AN97: 0 | AO97: 0 | AP97: 0 | AQ97: 0 | AR97: 0 | AS97: 0 | AT97: 0
A98: 4 | B98: WR00L2L2 | C98: 25728 | D98: 96 | E98: 1 | F98: 16 | G98: 1005.04 | H98: 11.297 | I98: 45465 | J98: 0.40457176 | K98: 0 | L98: 0 | M98: 0 | N98: 0 | O98: 0 | P98: 0 | Q98: 0 | R98: 0 | S98: 0 | T98: 0 | U98: 0 | V98: 0 | Y98: 4 | Z98: WR00L2L2 | AA98: 25728 | AB98: 96 | AC98: 1 | AD98: 16 | AE98: 947.09 | AF98: 11.989 | AG98: 45473 | AH98: 0.30380787 | AI98: 0 | AJ98: 0 | AK98: 0 | AL98: 0 | AM98: 0 | AN98: 0 | AO98: 0 | AP98: 0 | AQ98: 0 | AR98: 0 | AS98: 0 | AT98: 0
A99: 0 | B99: WR00L2L2 | C99: 27264 | D99: 96 | E99: 1 | F99: 16 | G99: 1194.58 | H99: 11.311 | I99: 45459 | J99: 0.26329861 | K99: 0 | L99: 0 | M99: 0 | N99: 0 | O99: 0 | P99: 0 | Q99: 0 | R99: 0 | S99: 0 | T99: 0 | U99: 0 | V99: 0 | W99: =AVERAGE(H99:H103) -> 11.3702 | Y99: 0 | Z99: WR00L2L2 | AA99: 27264 | AB99: 96 | AC99: 1 | AD99: 16 | AE99: 1098.62 | AF99: 12.299 | AG99: 45469 | AH99: 0.068101852 | AI99: 0 | AJ99: 0 | AK99: 0 | AL99: 0 | AM99: 0 | AN99: 0 | AO99: 0 | AP99: 0 | AQ99: 0 | AR99: 0 | AS99: 0 | AT99: 0 | AU99: =AVERAGE(AF99:AF103) -> 12.308
A100: 1 | B100: WR00L2L2 | C100: 27264 | D100: 96 | E100: 1 | F100: 16 | G100: 1186.79 | H100: 11.385 | I100: 45460 | J100: 0.2824537 | K100: 0 | L100: 0 | M100: 0 | N100: 0 | O100: 0 | P100: 0 | Q100: 0 | R100: 0 | S100: 0 | T100: 0 | U100: 0 | V100: 0 | Y100: 1 | Z100: WR00L2L2 | AA100: 27264 | AB100: 96 | AC100: 1 | AD100: 16 | AE100: 1092.73 | AF100: 12.365 | AG100: 45470 | AH100: 0.11850694 | AI100: 0 | AJ100: 0 | AK100: 0 | AL100: 0 | AM100: 0 | AN100: 0 | AO100: 0 | AP100: 0 | AQ100: 0 | AR100: 0 | AS100: 0 | AT100: 0
...

Sheet 1 node, params
A1: ATLAS (cpu-tune-overr-flags) | G1: OpenBLAS
A2: =INDEX(A4:A500,MATCH(MAX(E4:E500),E4:E500,0)) -> 14400 | B2: =INDEX(B4:B500,MATCH(MAX(E4:E500),E4:E500,0)) -> 96 | C2: =INDEX(C4:C500,MATCH(MAX(E4:E500),E4:E500,0)) -> 2 | D2: =INDEX(D4:D500,MATCH(MAX(E4:E500),E4:E500,0)) -> 2 | E2: =MAX(E4:E500) -> 4.4801 | G2: =INDEX(G4:G500,MATCH(MAX(K4:K500),K4:K500,0)) -> 14400 | H2: =INDEX(H4:H500,MATCH(MAX(K4:K500),K4:K500,0)) -> 192 | I2: =INDEX(I4:I500,MATCH(MAX(K4:K500),K4:K500,0)) -> 1 | J2: =INDEX(J4:J500,MATCH(MAX(K4:K500),K4:K500,0)) -> 4 | K2: =MAX(K4:K500) -> 4.4017
A3: N | B3: NB | C3: P | D3: Q | E3: Average GFLOP/s | G3: N | H3: NB | I3: P | J3: Q | K3: Average GFLOP/s | M3: N | O3: NB | P3: P | Q3: Q | R3: Average GFLOP/s | T3: N | V3: NB | W3: P | X3: Q | Y3: Average GFLOP/s
A4: {=_xlfn.CHOOSECOLS(_xlfn._xlws.FILTER('1 node, params, RAW'!A4:N500,'1 node, params, RAW'!A4:A500=0),3,4,5,6,14)} -> 12864 | B4: 32 | C4: 1 | D4: 4 | E4: 3.93302 | G4: {=_xlfn.CHOOSECOLS(_xlfn._xlws.FILTER('1 node, params, RAW'!P4:AC500,'1 node, params, RAW'!P4:P500=0),3,4,5,6,14)} -> 12864 | H4: 32 | I4: 1 | J4: 4 | K4: 3.5624 | M4: 12864 | N4: =CHOOSE(IF(ABS(M4-12864) <= ABS(M4-13632),IF(ABS(M4-12864) <= ABS(M4-14400),1,3),IF(ABS(M4-13632) <= ABS(M4-14400),2,3)),12864,13632,14400) -> 12864 | O4: 32 | P4: 1 | Q4: 4 | R4: 3.93302 | T4: 12864 | U4: =CHOOSE(IF(ABS(T4-12864) <= ABS(T4-13632),IF(ABS(T4-12864) <= ABS(T4-14400),1,3),IF(ABS(T4-13632) <= ABS(T4-14400),2,3)),12864,13632,14400) -> 12864 | V4: 32 | W4: 1 | X4: 4 | Y4: 3.5624
A5: 13632 | B5: 32 | C5: 1 | D5: 4 | E5: 3.8564 | G5: 13632 | H5: 32 | I5: 1 | J5: 4 | K5: 3.62406 | M5: 13632 | N5: =CHOOSE(IF(ABS(M5-12864) <= ABS(M5-13632),IF(ABS(M5-12864) <= ABS(M5-14400),1,3),IF(ABS(M5-13632) <= ABS(M5-14400),2,3)),12864,13632,14400) -> 13632 | O5: 32 | P5: 1 | Q5: 4 | R5: 3.8564 | T5: 13632 | U5: =CHOOSE(IF(ABS(T5-12864) <= ABS(T5-13632),IF(ABS(T5-12864) <= ABS(T5-14400),1,3),IF(ABS(T5-13632) <= ABS(T5-14400),2,3)),12864,13632,14400) -> 13632 | V5: 32 | W5: 1 | X5: 4 | Y5: 3.62406
A6: 14400 | B6: 32 | C6: 1 | D6: 4 | E6: 3.95198 | G6: 14400 | H6: 32 | I6: 1 | J6: 4 | K6: 3.72338 | M6: 14400 | N6: =CHOOSE(IF(ABS(M6-12864) <= ABS(M6-13632),IF(ABS(M6-12864) <= ABS(M6-14400),1,3),IF(ABS(M6-13632) <= ABS(M6-14400),2,3)),12864,13632,14400) -> 14400 | O6: 32 | P6: 1 | Q6: 4 | R6: 3.95198 | T6: 14400 | U6: =CHOOSE(IF(ABS(T6-12864) <= ABS(T6-13632),IF(ABS(T6-12864) <= ABS(T6-14400),1,3),IF(ABS(T6-13632) <= ABS(T6-14400),2,3)),12864,13632,14400) -> 14400 | V6: 32 | W6: 1 | X6: 4 | Y6: 3.72338
A7: 12864 | B7: 32 | C7: 2 | D7: 2 | E7: 3.9397 | G7: 12864 | H7: 32 | I7: 2 | J7: 2 | K7: 3.56798 | M7: 12864 | N7: =CHOOSE(IF(ABS(M7-12864) <= ABS(M7-13632),IF(ABS(M7-12864) <= ABS(M7-14400),1,3),IF(ABS(M7-13632) <= ABS(M7-14400),2,3)),12864,13632,14400) -> 12864 | O7: 32 | P7: 2 | Q7: 2 | R7: 3.9397 | T7: 12864 | U7: =CHOOSE(IF(ABS(T7-12864) <= ABS(T7-13632),IF(ABS(T7-12864) <= ABS(T7-14400),1,3),IF(ABS(T7-13632) <= ABS(T7-14400),2,3)),12864,13632,14400) -> 12864 | V7: 32 | W7: 2 | X7: 2 | Y7: 3.56798
A8: 13632 | B8: 32 | C8: 2 | D8: 2 | E8: 3.89724 | G8: 13632 | H8: 32 | I8: 2 | J8: 2 | K8: 3.6387 | M8: 13632 | N8: =CHOOSE(IF(ABS(M8-12864) <= ABS(M8-13632),IF(ABS(M8-12864) <= ABS(M8-14400),1,3),IF(ABS(M8-13632) <= ABS(M8-14400),2,3)),12864,13632,14400) -> 13632 | O8: 32 | P8: 2 | Q8: 2 | R8: 3.89724 | T8: 13632 | U8: =CHOOSE(IF(ABS(T8-12864) <= ABS(T8-13632),IF(ABS(T8-12864) <= ABS(T8-14400),1,3),IF(ABS(T8-13632) <= ABS(T8-14400),2,3)),12864,13632,14400) -> 13632 | V8: 32 | W8: 2 | X8: 2 | Y8: 3.6387
A9: 14400 | B9: 32 | C9: 2 | D9: 2 | E9: 3.926 | G9: 14400 | H9: 32 | I9: 2 | J9: 2 | K9: 3.71718 | M9: 14400 | N9: =CHOOSE(IF(ABS(M9-12864) <= ABS(M9-13632),IF(ABS(M9-12864) <= ABS(M9-14400),1,3),IF(ABS(M9-13632) <= ABS(M9-14400),2,3)),12864,13632,14400) -> 14400 | O9: 32 | P9: 2 | Q9: 2 | R9: 3.926 | T9: 14400 | U9: =CHOOSE(IF(ABS(T9-12864) <= ABS(T9-13632),IF(ABS(T9-12864) <= ABS(T9-14400),1,3),IF(ABS(T9-13632) <= ABS(T9-14400),2,3)),12864,13632,14400) -> 14400 | V9: 32 | W9: 2 | X9: 2 | Y9: 3.71718
A10: 12864 | B10: 64 | C10: 1 | D10: 4 | E10: 4.31218 | G10: 12864 | H10: 64 | I10: 1 | J10: 4 | K10: 3.9991 | M10: 12864 | N10: =CHOOSE(IF(ABS(M10-12864) <= ABS(M10-13632),IF(ABS(M10-12864) <= ABS(M10-14400),1,3),IF(ABS(M10-13632) <= ABS(M10-14400),2,3)),12864,13632,14400) -> 12864 | O10: 64 | P10: 1 | Q10: 4 | R10: 4.31218 | T10: 12864 | U10: =CHOOSE(IF(ABS(T10-12864) <= ABS(T10-13632),IF(ABS(T10-12864) <= ABS(T10-14400),1,3),IF(ABS(T10-13632) <= ABS(T10-14400),2,3)),12864,13632,14400) -> 12864 | V10: 64 | W10: 1 | X10: 4 | Y10: 3.9991
A11: 13632 | B11: 64 | C11: 1 | D11: 4 | E11: 4.23126 | G11: 13632 | H11: 64 | I11: 1 | J11: 4 | K11: 4.06798 | M11: 13632 | N11: =CHOOSE(IF(ABS(M11-12864) <= ABS(M11-13632),IF(ABS(M11-12864) <= ABS(M11-14400),1,3),IF(ABS(M11-13632) <= ABS(M11-14400),2,3)),12864,13632,14400) -> 13632 | O11: 64 | P11: 1 | Q11: 4 | R11: 4.23126 | T11: 13632 | U11: =CHOOSE(IF(ABS(T11-12864) <= ABS(T11-13632),IF(ABS(T11-12864) <= ABS(T11-14400),1,3),IF(ABS(T11-13632) <= ABS(T11-14400),2,3)),12864,13632,14400) -> 13632 | V11: 64 | W11: 1 | X11: 4 | Y11: 4.06798
A12: 14400 | B12: 64 | C12: 1 | D12: 4 | E12: 4.33982 | G12: 14400 | H12: 64 | I12: 1 | J12: 4 | K12: 4.1592 | M12: 14400 | N12: =CHOOSE(IF(ABS(M12-12864) <= ABS(M12-13632),IF(ABS(M12-12864) <= ABS(M12-14400),1,3),IF(ABS(M12-13632) <= ABS(M12-14400),2,3)),12864,13632,14400) -> 14400 | O12: 64 | P12: 1 | Q12: 4 | R12: 4.33982 | T12: 14400 | U12: =CHOOSE(IF(ABS(T12-12864) <= ABS(T12-13632),IF(ABS(T12-12864) <= ABS(T12-14400),1,3),IF(ABS(T12-13632) <= ABS(T12-14400),2,3)),12864,13632,14400) -> 14400 | V12: 64 | W12: 1 | X12: 4 | Y12: 4.1592
A13: 12864 | B13: 64 | C13: 2 | D13: 2 | E13: 4.31608 | G13: 12864 | H13: 64 | I13: 2 | J13: 2 | K13: 3.90262 | M13: 12864 | N13: =CHOOSE(IF(ABS(M13-12864) <= ABS(M13-13632),IF(ABS(M13-12864) <= ABS(M13-14400),1,3),IF(ABS(M13-13632) <= ABS(M13-14400),2,3)),12864,13632,14400) -> 12864 | O13: 64 | P13: 2 | Q13: 2 | R13: 4.31608 | T13: 12864 | U13: =CHOOSE(IF(ABS(T13-12864) <= ABS(T13-13632),IF(ABS(T13-12864) <= ABS(T13-14400),1,3),IF(ABS(T13-13632) <= ABS(T13-14400),2,3)),12864,13632,14400) -> 12864 | V13: 64 | W13: 2 | X13: 2 | Y13: 3.90262
A14: 13632 | B14: 64 | C14: 2 | D14: 2 | E14: 4.29148 | G14: 13632 | H14: 64 | I14: 2 | J14: 2 | K14: 3.99624 | M14: 13632 | N14: =CHOOSE(IF(ABS(M14-12864) <= ABS(M14-13632),IF(ABS(M14-12864) <= ABS(M14-14400),1,3),IF(ABS(M14-13632) <= ABS(M14-14400),2,3)),12864,13632,14400) -> 13632 | O14: 64 | P14: 2 | Q14: 2 | R14: 4.29148 | T14: 13632 | U14: =CHOOSE(IF(ABS(T14-12864) <= ABS(T14-13632),IF(ABS(T14-12864) <= ABS(T14-14400),1,3),IF(ABS(T14-13632) <= ABS(T14-14400),2,3)),12864,13632,14400) -> 13632 | V14: 64 | W14: 2 | X14: 2 | Y14: 3.99624
A15: 14400 | B15: 64 | C15: 2 | D15: 2 | E15: 4.30104 | G15: 14400 | H15: 64 | I15: 2 | J15: 2 | K15: 4.0763 | M15: 14400 | N15: =CHOOSE(IF(ABS(M15-12864) <= ABS(M15-13632),IF(ABS(M15-12864) <= ABS(M15-14400),1,3),IF(ABS(M15-13632) <= ABS(M15-14400),2,3)),12864,13632,14400) -> 14400 | O15: 64 | P15: 2 | Q15: 2 | R15: 4.30104 | T15: 14400 | U15: =CHOOSE(IF(ABS(T15-12864) <= ABS(T15-13632),IF(ABS(T15-12864) <= ABS(T15-14400),1,3),IF(ABS(T15-13632) <= ABS(T15-14400),2,3)),12864,13632,14400) -> 14400 | V15: 64 | W15: 2 | X15: 2 | Y15: 4.0763
A16: 12864 | B16: 96 | C16: 1 | D16: 4 | E16: 4.42858 | G16: 12864 | H16: 96 | I16: 1 | J16: 4 | K16: 4.14868 | M16: 12864 | N16: =CHOOSE(IF(ABS(M16-12864) <= ABS(M16-13632),IF(ABS(M16-12864) <= ABS(M16-14400),1,3),IF(ABS(M16-13632) <= ABS(M16-14400),2,3)),12864,13632,14400) -> 12864 | O16: 96 | P16: 1 | Q16: 4 | R16: 4.42858 | T16: 12864 | U16: =CHOOSE(IF(ABS(T16-12864) <= ABS(T16-13632),IF(ABS(T16-12864) <= ABS(T16-14400),1,3),IF(ABS(T16-13632) <= ABS(T16-14400),2,3)),12864,13632,14400) -> 12864 | V16: 96 | W16: 1 | X16: 4 | Y16: 4.14868
... A51: 14336 | B51: 256 | C51: 2 | D51: 2 | E51: 4.22562 | G51: 14336 | H51: 256 | I51: 2 | J51: 2 | K51: 4.05244 | M51: 14336 | N51: =CHOOSE(IF(ABS(M51-12864) <= ABS(M51-13632),IF(ABS(M51-12864) <= ABS(M51-14400),1,3),IF(ABS(M51-13632) <= ABS(M51-14400),2,3)),12864,13632,14400) -> 14400 | O51: 256 | P51: 2 | Q51: 2 | R51: 4.22562 | T51: 14336 | U51: =CHOOSE(IF(ABS(T51-12864) <= ABS(T51-13632),IF(ABS(T51-12864) <= ABS(T51-14400),1,3),IF(ABS(T51-13632) <= ABS(T51-14400),2,3)),12864,13632,14400) -> 14400 | V51: 256 | W51: 2 | X51: 2 | Y51: 4.05244
A52: 0 | B52: 0 | C52: 0 | D52: 0 | E52: 0 | G52: 0 | H52: 0 | I52: 0 | J52: 0 | K52: 0
A53: 0 | B53: 0 | C53: 0 | D53: 0 | E53: 0 | G53: 0 | H53: 0 | I53: 0 | J53: 0 | K53: 0
A54: 0 | B54: 0 | C54: 0 | D54: 0 | E54: 0 | G54: 0 | H54: 0 | I54: 0 | J54: 0 | K54: 0
A55: 0 | B55: 0 | C55: 0 | D55: 0 | E55: 0 | G55: 0 | H55: 0 | I55: 0 | J55: 0 | K55: 0
A56: 0 | B56: 0 | C56: 0 | D56: 0 | E56: 0 | G56: 0 | H56: 0 | I56: 0 | J56: 0 | K56: 0
A57: 0 | B57: 0 | C57: 0 | D57: 0 | E57: 0 | G57: 0 | H57: 0 | I57: 0 | J57: 0 | K57: 0
A58: 0 | B58: 0 | C58: 0 | D58: 0 | E58: 0 | G58: 0 | H58: 0 | I58: 0 | J58: 0 | K58: 0
A59: 0 | B59: 0 | C59: 0 | D59: 0 | E59: 0 | G59: 0 | H59: 0 | I59: 0 | J59: 0 | K59: 0
A60: 0 | B60: 0 | C60: 0 | D60: 0 | E60: 0 | G60: 0 | H60: 0 | I60: 0 | J60: 0 | K60: 0
A61: 0 | B61: 0 | C61: 0 | D61: 0 | E61: 0 | G61: 0 | H61: 0 | I61: 0 | J61: 0 | K61: 0
A62: 0 | B62: 0 | C62: 0 | D62: 0 | E62: 0 | G62: 0 | H62: 0 | I62: 0 | J62: 0 | K62: 0
A63: 0 | B63: 0 | C63: 0 | D63: 0 | E63: 0 | G63: 0 | H63: 0 | I63: 0 | J63: 0 | K63: 0
... A308: 0 | B308: 0 | C308: 0 | D308: 0 | E308: 0 | G308: 0 | H308: 0 | I308: 0 | J308: 0 | K308: 0

Sheet 4 node, params
A1: ATLAS (cpu-tune-overr-flags) | G1: OpenBLAS
A2: =INDEX(A4:A500,MATCH(MAX(E4:E500),E4:E500,0)) -> 28800 | B2: =INDEX(B4:B500,MATCH(MAX(E4:E500),E4:E500,0)) -> 96 | C2: =INDEX(C4:C500,MATCH(MAX(E4:E500),E4:E500,0)) -> 2 | D2: =INDEX(D4:D500,MATCH(MAX(E4:E500),E4:E500,0)) -> 8 | E2: =MAX(E4:E500) -> 13.4608 | G2: =INDEX(G4:G500,MATCH(MAX(K4:K500),K4:K500,0)) -> 28800 | H2: =INDEX(H4:H500,MATCH(MAX(K4:K500),K4:K500,0)) -> 160 | I2: =INDEX(I4:I500,MATCH(MAX(K4:K500),K4:K500,0)) -> 2 | J2: =INDEX(J4:J500,MATCH(MAX(K4:K500),K4:K500,0)) -> 8 | K2: =MAX(K4:K500) -> 13.102
A3: N | B3: NB | C3: P | D3: Q | E3: Average GFLOP/s | G3: N | H3: NB | I3: P | J3: Q | K3: Average GFLOP/s | M3: Ponovljeno po jedno mjerenje s OMP modifikacijama - još gore | U3: N | W3: NB | X3: P | Y3: Q | Z3: Average GFLOP/s | AB3: N | AD3: NB | AE3: P | AF3: Q | AG3: Average GFLOP/s
A4: {=_xlfn.CHOOSECOLS(_xlfn._xlws.FILTER('4 node, params, RAW'!A4:W500,'4 node, params, RAW'!A4:A500=0),3,4,5,6,23)} -> 25728 | B4: 32 | C4: 1 | D4: 16 | E4: 10.3756 | G4: {=_xlfn.CHOOSECOLS(_xlfn._xlws.FILTER('4 node, params, RAW'!Y4:AU500,'4 node, params, RAW'!Y4:Y500=0),3,4,5,6,23)} -> 25728 | H4: 32 | I4: 1 | J4: 16 | K4: 10.3794 | M4: 25728 | N4: 32 | O4: 1 | P4: 16 | Q4: 1052.7 | R4: 10.786 | S4: =(R4-K4)/K4 -> 0.039173748 | U4: 25728 | V4: =IF(ABS(U4-25728)<ABS(U4-27264),IF(ABS(U4-25728)<ABS(U4-28800),25728,28800),IF(ABS(U4-27264)<ABS(U4-28800),27264,28800)) -> 25728 | W4: 32 | X4: 1 | Y4: 16 | Z4: 10.3756 | AB4: 25728 | AC4: =IF(ABS(AB4-25728)<ABS(AB4-27264),IF(ABS(AB4-25728)<ABS(AB4-28800),25728,28800),IF(ABS(AB4-27264)<ABS(AB4-28800),27264,28800)) -> 25728 | AD4: 32 | AE4: 1 | AF4: 16 | AG4: 10.3794
A5: 27264 | B5: 32 | C5: 1 | D5: 16 | E5: 10.3598 | G5: 27264 | H5: 32 | I5: 1 | J5: 16 | K5: 10.7022 | M5: 27264 | N5: 32 | O5: 1 | P5: 16 | Q5: 1276.6 | R5: 10.584 | S5: =(R5-K5)/K5 -> -0.011044458 | U5: 27264 | V5: =IF(ABS(U5-25728)<ABS(U5-27264),IF(ABS(U5-25728)<ABS(U5-28800),25728,28800),IF(ABS(U5-27264)<ABS(U5-28800),27264,28800)) -> 27264 | W5: 32 | X5: 1 | Y5: 16 | Z5: 10.3598 | AB5: 27264 | AC5: =IF(ABS(AB5-25728)<ABS(AB5-27264),IF(ABS(AB5-25728)<ABS(AB5-28800),25728,28800),IF(ABS(AB5-27264)<ABS(AB5-28800),27264,28800)) -> 27264 | AD5: 32 | AE5: 1 | AF5: 16 | AG5: 10.7022
A6: 28800 | B6: 32 | C6: 1 | D6: 16 | E6: 10.8156 | G6: 28800 | H6: 32 | I6: 1 | J6: 16 | K6: 11.0576 | M6: 28800 | N6: 32 | O6: 1 | P6: 16 | Q6: 1497.63 | R6: 10.634 | S6: =(R6-K6)/K6 -> -0.038308494 | U6: 28800 | V6: =IF(ABS(U6-25728)<ABS(U6-27264),IF(ABS(U6-25728)<ABS(U6-28800),25728,28800),IF(ABS(U6-27264)<ABS(U6-28800),27264,28800)) -> 28800 | W6: 32 | X6: 1 | Y6: 16 | Z6: 10.8156 | AB6: 28800 | AC6: =IF(ABS(AB6-25728)<ABS(AB6-27264),IF(ABS(AB6-25728)<ABS(AB6-28800),25728,28800),IF(ABS(AB6-27264)<ABS(AB6-28800),27264,28800)) -> 28800 | AD6: 32 | AE6: 1 | AF6: 16 | AG6: 11.0576
A7: 25728 | B7: 32 | C7: 2 | D7: 8 | E7: 11.886 | G7: 25728 | H7: 32 | I7: 2 | J7: 8 | K7: 11.3548 | M7: 25728 | N7: 32 | O7: 2 | P7: 8 | Q7: 922.22 | R7: 12.312 | S7: =(R7-K7)/K7 -> 0.084299151 | U7: 25728 | V7: =IF(ABS(U7-25728)<ABS(U7-27264),IF(ABS(U7-25728)<ABS(U7-28800),25728,28800),IF(ABS(U7-27264)<ABS(U7-28800),27264,28800)) -> 25728 | W7: 32 | X7: 2 | Y7: 8 | Z7: 11.886 | AB7: 25728 | AC7: =IF(ABS(AB7-25728)<ABS(AB7-27264),IF(ABS(AB7-25728)<ABS(AB7-28800),25728,28800),IF(ABS(AB7-27264)<ABS(AB7-28800),27264,28800)) -> 25728 | AD7: 32 | AE7: 2 | AF7: 8 | AG7: 11.3548
A8: 27264 | B8: 32 | C8: 2 | D8: 8 | E8: 11.8946 | G8: 27264 | H8: 32 | I8: 2 | J8: 8 | K8: 11.6762 | M8: 27264 | N8: 32 | O8: 2 | P8: 8 | Q8: 1144.16 | R8: 11.809 | S8: =(R8-K8)/K8 -> 0.011373563 | U8: 27264 | V8: =IF(ABS(U8-25728)<ABS(U8-27264),IF(ABS(U8-25728)<ABS(U8-28800),25728,28800),IF(ABS(U8-27264)<ABS(U8-28800),27264,28800)) -> 27264 | W8: 32 | X8: 2 | Y8: 8 | Z8: 11.8946 | AB8: 27264 | AC8: =IF(ABS(AB8-25728)<ABS(AB8-27264),IF(ABS(AB8-25728)<ABS(AB8-28800),25728,28800),IF(ABS(AB8-27264)<ABS(AB8-28800),27264,28800)) -> 27264 | AD8: 32 | AE8: 2 | AF8: 8 | AG8: 11.6762
A9: 28800 | B9: 32 | C9: 2 | D9: 8 | E9: 12.2092 | G9: 28800 | H9: 32 | I9: 2 | J9: 8 | K9: 12.0282 | M9: 28800 | N9: 32 | O9: 2 | P9: 8 | Q9: 1333.25 | R9: 11.946 | S9: =(R9-K9)/K9 -> -0.0068339402 | U9: 28800 | V9: =IF(ABS(U9-25728)<ABS(U9-27264),IF(ABS(U9-25728)<ABS(U9-28800),25728,28800),IF(ABS(U9-27264)<ABS(U9-28800),27264,28800)) -> 28800 | W9: 32 | X9: 2 | Y9: 8 | Z9: 12.2092 | AB9: 28800 | AC9: =IF(ABS(AB9-25728)<ABS(AB9-27264),IF(ABS(AB9-25728)<ABS(AB9-28800),25728,28800),IF(ABS(AB9-27264)<ABS(AB9-28800),27264,28800)) -> 28800 | AD9: 32 | AE9: 2 | AF9: 8 | AG9: 12.0282
A10: 25728 | B10: 32 | C10: 4 | D10: 4 | E10: 9.97542 | G10: 25728 | H10: 32 | I10: 4 | J10: 4 | K10: 9.78898 | M10: 25728 | N10: 32 | O10: 4 | P10: 4 | Q10: 1080.93 | R10: 10.504 | S10: =(R10-K10)/K10 -> 0.073043361 | U10: 25728 | V10: =IF(ABS(U10-25728)<ABS(U10-27264),IF(ABS(U10-25728)<ABS(U10-28800),25728,28800),IF(ABS(U10-27264)<ABS(U10-28800),27264,28800)) -> 25728 | W10: 32 | X10: 4 | Y10: 4 | Z10: 9.97542 | AB10: 25728 | AC10: =IF(ABS(AB10-25728)<ABS(AB10-27264),IF(ABS(AB10-25728)<ABS(AB10-28800),25728,28800),IF(ABS(AB10-27264)<ABS(AB10-28800),27264,28800)) -> 25728 | AD10: 32 | AE10: 4 | AF10: 4 | AG10: 9.78898
A11: 27264 | B11: 32 | C11: 4 | D11: 4 | E11: 10.1324 | G11: 27264 | H11: 32 | I11: 4 | J11: 4 | K11: 10.092 | M11: 27264 | N11: 32 | O11: 4 | P11: 4 | Q11: 1345.29 | R11: 10.044 | S11: =(R11-K11)/K11 -> -0.0047562426 | U11: 27264 | V11: =IF(ABS(U11-25728)<ABS(U11-27264),IF(ABS(U11-25728)<ABS(U11-28800),25728,28800),IF(ABS(U11-27264)<ABS(U11-28800),27264,28800)) -> 27264 | W11: 32 | X11: 4 | Y11: 4 | Z11: 10.1324 | AB11: 27264 | AC11: =IF(ABS(AB11-25728)<ABS(AB11-27264),IF(ABS(AB11-25728)<ABS(AB11-28800),25728,28800),IF(ABS(AB11-27264)<ABS(AB11-28800),27264,28800)) -> 27264 | AD11: 32 | AE11: 4 | AF11: 4 | AG11: 10.092
A12: 28800 | B12: 32 | C12: 4 | D12: 4 | E12: 10.4034 | G12: 28800 | H12: 32 | I12: 4 | J12: 4 | K12: 10.4236 | M12: 28800 | N12: 32 | O12: 4 | P12: 4 | Q12: 1529.46 | R12: 10.413 | S12: =(R12-K12)/K12 -> -0.0010169231 | U12: 28800 | V12: =IF(ABS(U12-25728)<ABS(U12-27264),IF(ABS(U12-25728)<ABS(U12-28800),25728,28800),IF(ABS(U12-27264)<ABS(U12-28800),27264,28800)) -> 28800 | W12: 32 | X12: 4 | Y12: 4 | Z12: 10.4034 | AB12: 28800 | AC12: =IF(ABS(AB12-25728)<ABS(AB12-27264),IF(ABS(AB12-25728)<ABS(AB12-28800),25728,28800),IF(ABS(AB12-27264)<ABS(AB12-28800),27264,28800)) -> 28800 | AD12: 32 | AE12: 4 | AF12: 4 | AG12: 10.4236
A13: 25728 | B13: 64 | C13: 1 | D13: 16 | E13: 10.9424 | G13: 25728 | H13: 64 | I13: 1 | J13: 16 | K13: 11.775 | M13: 25728 | N13: 64 | O13: 1 | P13: 16 | Q13: 984.54 | R13: 11.533 | S13: =(R13-K13)/K13 -> -0.020552017 | U13: 25728 | V13: =IF(ABS(U13-25728)<ABS(U13-27264),IF(ABS(U13-25728)<ABS(U13-28800),25728,28800),IF(ABS(U13-27264)<ABS(U13-28800),27264,28800)) -> 25728 | W13: 64 | X13: 1 | Y13: 16 | Z13: 10.9424 | AB13: 25728 | AC13: =IF(ABS(AB13-25728)<ABS(AB13-27264),IF(ABS(AB13-25728)<ABS(AB13-28800),25728,28800),IF(ABS(AB13-27264)<ABS(AB13-28800),27264,28800)) -> 25728 | AD13: 64 | AE13: 1 | AF13: 16 | AG13: 11.775
A14: 27264 | B14: 64 | C14: 1 | D14: 16 | E14: 11.0048 | G14: 27264 | H14: 64 | I14: 1 | J14: 16 | K14: 12.1334 | M14: 27264 | N14: 64 | O14: 1 | P14: 16 | Q14: 1195.63 | R14: 11.301 | S14: =(R14-K14)/K14 -> -0.068604019 | U14: 27264 | V14: =IF(ABS(U14-25728)<ABS(U14-27264),IF(ABS(U14-25728)<ABS(U14-28800),25728,28800),IF(ABS(U14-27264)<ABS(U14-28800),27264,28800)) -> 27264 | W14: 64 | X14: 1 | Y14: 16 | Z14: 11.0048 | AB14: 27264 | AC14: =IF(ABS(AB14-25728)<ABS(AB14-27264),IF(ABS(AB14-25728)<ABS(AB14-28800),25728,28800),IF(ABS(AB14-27264)<ABS(AB14-28800),27264,28800)) -> 27264 | AD14: 64 | AE14: 1 | AF14: 16 | AG14: 12.1334
A15: 28800 | B15: 64 | C15: 1 | D15: 16 | E15: 11.4486 | G15: 28800 | H15: 64 | I15: 1 | J15: 16 | K15: 12.4724 | M15: 28800 | N15: 64 | O15: 1 | P15: 16 | Q15: 1396.61 | R15: 11.404 | S15: =(R15-K15)/K15 -> -0.08566114 | U15: 28800 | V15: =IF(ABS(U15-25728)<ABS(U15-27264),IF(ABS(U15-25728)<ABS(U15-28800),25728,28800),IF(ABS(U15-27264)<ABS(U15-28800),27264,28800)) -> 28800 | W15: 64 | X15: 1 | Y15: 16 | Z15: 11.4486 | AB15: 28800 | AC15: =IF(ABS(AB15-25728)<ABS(AB15-27264),IF(ABS(AB15-25728)<ABS(AB15-28800),25728,28800),IF(ABS(AB15-27264)<ABS(AB15-28800),27264,28800)) -> 28800 | AD15: 64 | AE15: 1 | AF15: 16 | AG15: 12.4724
A16: 25728 | B16: 64 | C16: 2 | D16: 8 | E16: 12.7136 | G16: 25728 | H16: 64 | I16: 2 | J16: 8 | K16: 12.3344 | M16: 25728 | N16: 64 | O16: 2 | P16: 8 | Q16: 864.46 | R16: 13.135 | S16: =(R16-K16)/K16 -> 0.0649079 | U16: 25728 | V16: =IF(ABS(U16-25728)<ABS(U16-27264),IF(ABS(U16-25728)<ABS(U16-28800),25728,28800),IF(ABS(U16-27264)<ABS(U16-28800),27264,28800)) -> 25728 | W16: 64 | X16: 2 | Y16: 8 | Z16: 12.7136 | AB16: 25728 | AC16: =IF(ABS(AB16-25728)<ABS(AB16-27264),IF(ABS(AB16-25728)<ABS(AB16-28800),25728,28800),IF(ABS(AB16-27264)<ABS(AB16-28800),27264,28800)) -> 25728 | AD16: 64 | AE16: 2 | AF16: 8 | AG16: 12.3344
... A75: 28672 | B75: 256 | C75: 4 | D75: 4 | E75: 10.7508 | G75: 28672 | H75: 256 | I75: 4 | J75: 4 | K75: 10.8138 | M75: 28672 | N75: 256 | O75: 4 | P75: 4 | Q75: 1561.15 | R75: 10.066 | S75: =(R75-K75)/K75 -> -0.069152379 | U75: 28672 | V75: =IF(ABS(U75-25728)<ABS(U75-27264),IF(ABS(U75-25728)<ABS(U75-28800),25728,28800),IF(ABS(U75-27264)<ABS(U75-28800),27264,28800)) -> 28800 | W75: 256 | X75: 4 | Y75: 4 | Z75: 10.7508 | AB75: 28672 | AC75: =IF(ABS(AB75-25728)<ABS(AB75-27264),IF(ABS(AB75-25728)<ABS(AB75-28800),25728,28800),IF(ABS(AB75-27264)<ABS(AB75-28800),27264,28800)) -> 28800 | AD75: 256 | AE75: 4 | AF75: 4 | AG75: 10.8138
A76: 0 | B76: 0 | C76: 0 | D76: 0 | E76: 0 | G76: 0 | H76: 0 | I76: 0 | J76: 0 | K76: 0 | S76: =AVERAGE(S4:S75) -> -0.049370118
A77: 0 | B77: 0 | C77: 0 | D77: 0 | E77: 0 | G77: 0 | H77: 0 | I77: 0 | J77: 0 | K77: 0
A78: 0 | B78: 0 | C78: 0 | D78: 0 | E78: 0 | G78: 0 | H78: 0 | I78: 0 | J78: 0 | K78: 0
A79: 0 | B79: 0 | C79: 0 | D79: 0 | E79: 0 | G79: 0 | H79: 0 | I79: 0 | J79: 0 | K79: 0
A80: 0 | B80: 0 | C80: 0 | D80: 0 | E80: 0 | G80: 0 | H80: 0 | I80: 0 | J80: 0 | K80: 0
A81: 0 | B81: 0 | C81: 0 | D81: 0 | E81: 0 | G81: 0 | H81: 0 | I81: 0 | J81: 0 | K81: 0
A82: 0 | B82: 0 | C82: 0 | D82: 0 | E82: 0 | G82: 0 | H82: 0 | I82: 0 | J82: 0 | K82: 0
A83: 0 | B83: 0 | C83: 0 | D83: 0 | E83: 0 | G83: 0 | H83: 0 | I83: 0 | J83: 0 | K83: 0
A84: 0 | B84: 0 | C84: 0 | D84: 0 | E84: 0 | G84: 0 | H84: 0 | I84: 0 | J84: 0 | K84: 0
A85: 0 | B85: 0 | C85: 0 | D85: 0 | E85: 0 | G85: 0 | H85: 0 | I85: 0 | J85: 0 | K85: 0
A86: 0 | B86: 0 | C86: 0 | D86: 0 | E86: 0 | G86: 0 | H86: 0 | I86: 0 | J86: 0 | K86: 0
A87: 0 | B87: 0 | C87: 0 | D87: 0 | E87: 0 | G87: 0 | H87: 0 | I87: 0 | J87: 0 | K87: 0
A88: 0 | B88: 0 | C88: 0 | D88: 0 | E88: 0 | G88: 0 | H88: 0 | I88: 0 | J88: 0 | K88: 0
... A212: 0 | B212: 0 | C212: 0 | D212: 0 | E212: 0 | G212: 0 | H212: 0 | I212: 0 | J212: 0 | K212: 0

Sheet Scalability analysis
A2: N (rounded) | B2: NB | C2: P | D2: Q | E2: Average GFLOP/s | G2: N (rounded) | H2: NB | I2: P | J2: Q | K2: Average GFLOP/s | M2: Column1 | N2: NB | O2: P | P2: Q | Q2: Average GFLOP/s | S2: Column1 | T2: NB | U2: P | V2: Q | W2: Average GFLOP/s | AY2: ATLAS speedup | BA2: OpenBLAS speedup
A3: 28800 | B3: 32 | C3: 1 | D3: 16 | E3: 10.8156 | G3: 28800 | H3: 32 | I3: 1 | J3: 16 | K3: 11.0576 | M3: 14400 | N3: 32 | O3: 1 | P3: 4 | Q3: 3.95198 | S3: 14400 | T3: 32 | U3: 1 | V3: 4 | W3: 3.72338 | Y3: 28800 | Z3: 32 | AA3: 2 | AB3: 8 | AC3: 12.2092 | AE3: 28800 | AF3: 32 | AG3: 2 | AH3: 8 | AI3: 12.0282 | AK3: 14400 | AL3: 32 | AM3: 2 | AN3: 2 | AO3: 3.926 | AQ3: 14400 | AR3: 32 | AS3: 1 | AT3: 4 | AU3: 3.72338 | AW3: N(beta) | AX3: 32 | AY3: =AC3/AO3 -> 3.1098319 | BA3: =AI3/AU3 -> 3.2304519
A4: 28800 | B4: 64 | C4: 1 | D4: 16 | E4: 11.4486 | G4: 28800 | H4: 64 | I4: 1 | J4: 16 | K4: 12.4724 | M4: 14400 | N4: 64 | O4: 1 | P4: 4 | Q4: 4.33982 | S4: 14400 | T4: 64 | U4: 1 | V4: 4 | W4: 4.1592 | Y4: 28800 | Z4: 64 | AA4: 2 | AB4: 8 | AC4: 13.1262 | AE4: 28800 | AF4: 64 | AG4: 2 | AH4: 8 | AI4: 13.024 | AK4: 14400 | AL4: 64 | AM4: 2 | AN4: 2 | AO4: 4.30104 | AQ4: 14400 | AR4: 64 | AS4: 1 | AT4: 4 | AU4: 4.1592 | AW4: N(beta) | AX4: 64 | AY4: =AC4/AO4 -> 3.0518665 | BA4: =AI4/AU4 -> 3.1313714
A5: 28800 | B5: 96 | C5: 1 | D5: 16 | E5: 11.7898 | G5: 28800 | H5: 96 | I5: 1 | J5: 16 | K5: 12.6654 | M5: 14400 | N5: 96 | O5: 1 | P5: 4 | Q5: 4.45964 | S5: 14400 | T5: 96 | U5: 1 | V5: 4 | W5: 4.28786 | Y5: 28800 | Z5: 96 | AA5: 2 | AB5: 8 | AC5: 13.4608 | AE5: 28800 | AF5: 96 | AG5: 2 | AH5: 8 | AI5: 13.1008 | AK5: 14400 | AL5: 96 | AM5: 2 | AN5: 2 | AO5: 4.4801 | AQ5: 14400 | AR5: 96 | AS5: 1 | AT5: 4 | AU5: 4.28786 | AW5: N(beta) | AX5: 96 | AY5: =AC5/AO5 -> 3.0045758 | BA5: =AI5/AU5 -> 3.0553236
A6: 28800 | B6: 128 | C6: 1 | D6: 16 | E6: 11.3976 | G6: 28800 | H6: 128 | I6: 1 | J6: 16 | K6: 12.7308 | M6: 14400 | N6: 128 | O6: 1 | P6: 4 | Q6: 4.22368 | S6: 14400 | T6: 128 | U6: 1 | V6: 4 | W6: 4.28024 | Y6: 28800 | Z6: 128 | AA6: 2 | AB6: 8 | AC6: 12.8884 | AE6: 28800 | AF6: 128 | AG6: 2 | AH6: 8 | AI6: 13.0392 | AK6: 14400 | AL6: 128 | AM6: 2 | AN6: 2 | AO6: 4.32372 | AQ6: 14400 | AR6: 128 | AS6: 1 | AT6: 4 | AU6: 4.28024 | AW6: N(beta) | AX6: 128 | AY6: =AC6/AO6 -> 2.9808591 | BA6: =AI6/AU6 -> 3.0463712
A7: 28800 | B7: 160 | C7: 1 | D7: 16 | E7: 11.1488 | G7: 28800 | H7: 160 | I7: 1 | J7: 16 | K7: 12.8468 | M7: 14400 | N7: 160 | O7: 1 | P7: 4 | Q7: 4.00216 | S7: 14400 | T7: 160 | U7: 1 | V7: 4 | W7: 4.32276 | Y7: 28800 | Z7: 160 | AA7: 2 | AB7: 8 | AC7: 12.3622 | AE7: 28800 | AF7: 160 | AG7: 2 | AH7: 8 | AI7: 13.102 | AK7: 14400 | AL7: 160 | AM7: 2 | AN7: 2 | AO7: 4.20362 | AQ7: 14400 | AR7: 160 | AS7: 1 | AT7: 4 | AU7: 4.32276 | AW7: N(beta) | AX7: 160 | AY7: =AC7/AO7 -> 2.9408462 | BA7: =AI7/AU7 -> 3.0309339
A8: 28800 | B8: 192 | C8: 1 | D8: 16 | E8: 11.01238 | G8: 28800 | H8: 192 | I8: 1 | J8: 16 | K8: 12.6662 | M8: 14400 | N8: 192 | O8: 1 | P8: 4 | Q8: 4.16768 | S8: 14400 | T8: 192 | U8: 1 | V8: 4 | W8: 4.4017 | Y8: 28800 | Z8: 192 | AA8: 2 | AB8: 8 | AC8: 12.6652 | AE8: 28800 | AF8: 192 | AG8: 2 | AH8: 8 | AI8: 13.0482 | AK8: 14400 | AL8: 192 | AM8: 2 | AN8: 2 | AO8: 4.33346 | AQ8: 14400 | AR8: 192 | AS8: 1 | AT8: 4 | AU8: 4.4017 | AW8: N(beta) | AX8: 192 | AY8: =AC8/AO8 -> 2.922653 | BA8: =AI8/AU8 -> 2.9643547
A9: 28800 | B9: 224 | C9: 1 | D9: 16 | E9: 11.2686 | G9: 28800 | H9: 224 | I9: 1 | J9: 16 | K9: 12.4124 | M9: 14400 | N9: 224 | O9: 1 | P9: 4 | Q9: 4.11026 | S9: 14400 | T9: 224 | U9: 1 | V9: 4 | W9: 4.379 | Y9: 28800 | Z9: 224 | AA9: 2 | AB9: 8 | AC9: 12.5558 | AE9: 28800 | AF9: 224 | AG9: 2 | AH9: 8 | AI9: 12.7566 | AK9: 14400 | AL9: 224 | AM9: 2 | AN9: 2 | AO9: 4.25624 | AQ9: 14400 | AR9: 224 | AS9: 1 | AT9: 4 | AU9: 4.379 | AW9: N(beta) | AX9: 224 | AY9: =AC9/AO9 -> 2.9499746 | BA9: =AI9/AU9 -> 2.9131309
A10: 28800 | B10: 256 | C10: 1 | D10: 16 | E10: 11.2176 | G10: 28800 | H10: 256 | I10: 1 | J10: 16 | K10: 12.2792 | M10: 14400 | N10: 256 | O10: 1 | P10: 4 | Q10: 4.0876 | S10: 14400 | T10: 256 | U10: 1 | V10: 4 | W10: 4.34106 | Y10: 28800 | Z10: 256 | AA10: 2 | AB10: 8 | AC10: 12.563 | AE10: 28800 | AF10: 256 | AG10: 2 | AH10: 8 | AI10: 12.6668 | AK10: 14400 | AL10: 256 | AM10: 2 | AN10: 2 | AO10: 4.22562 | AQ10: 14400 | AR10: 256 | AS10: 1 | AT10: 4 | AU10: 4.34106 | AW10: N(beta) | AX10: 256 | AY10: =AC10/AO10 -> 2.9730548 | BA10: =AI10/AU10 -> 2.9179048
A11: 27264 | B11: 32 | C11: 1 | D11: 16 | E11: 10.3598 | G11: 27264 | H11: 32 | I11: 1 | J11: 16 | K11: 10.7022 | M11: 13632 | N11: 32 | O11: 1 | P11: 4 | Q11: 3.8564 | S11: 13632 | T11: 32 | U11: 1 | V11: 4 | W11: 3.62406 | Y11: 27264 | Z11: 32 | AA11: 2 | AB11: 8 | AC11: 11.8946 | AE11: 27264 | AF11: 32 | AG11: 2 | AH11: 8 | AI11: 11.6762 | AK11: 13632 | AL11: 32 | AM11: 2 | AN11: 2 | AO11: 3.89724 | AQ11: 13632 | AR11: 32 | AS11: 1 | AT11: 4 | AU11: 3.62406 | AW11: N(mid) | AX11: 32 | AY11: =AC11/AO11 -> 3.0520574 | BA11: =AI11/AU11 -> 3.2218562
A12: 27264 | B12: 64 | C12: 1 | D12: 16 | E12: 11.0048 | G12: 27264 | H12: 64 | I12: 1 | J12: 16 | K12: 12.1334 | M12: 13632 | N12: 64 | O12: 1 | P12: 4 | Q12: 4.23126 | S12: 13632 | T12: 64 | U12: 1 | V12: 4 | W12: 4.06798 | Y12: 27264 | Z12: 64 | AA12: 2 | AB12: 8 | AC12: 12.7376 | AE12: 27264 | AF12: 64 | AG12: 2 | AH12: 8 | AI12: 12.6384 | AK12: 13632 | AL12: 64 | AM12: 2 | AN12: 2 | AO12: 4.29148 | AQ12: 13632 | AR12: 64 | AS12: 1 | AT12: 4 | AU12: 4.06798 | AW12: N(mid) | AX12: 64 | AY12: =AC12/AO12 -> 2.9681136 | BA12: =AI12/AU12 -> 3.1067999
A13: 27264 | B13: 96 | C13: 1 | D13: 16 | E13: 11.3702 | G13: 27264 | H13: 96 | I13: 1 | J13: 16 | K13: 12.308 | M13: 13632 | N13: 96 | O13: 1 | P13: 4 | Q13: 4.38828 | S13: 13632 | T13: 96 | U13: 1 | V13: 4 | W13: 4.25072 | Y13: 27264 | Z13: 96 | AA13: 2 | AB13: 8 | AC13: 13.1134 | AE13: 27264 | AF13: 96 | AG13: 2 | AH13: 8 | AI13: 12.7328 | AK13: 13632 | AL13: 96 | AM13: 2 | AN13: 2 | AO13: 4.43704 | AQ13: 13632 | AR13: 96 | AS13: 1 | AT13: 4 | AU13: 4.25072 | AW13: N(mid) | AX13: 96 | AY13: =AC13/AO13 -> 2.9554388 | BA13: =AI13/AU13 -> 2.9954455
A14: 27264 | B14: 128 | C14: 1 | D14: 16 | E14: 11.0012 | G14: 27264 | H14: 128 | I14: 1 | J14: 16 | K14: 12.4168 | M14: 13632 | N14: 128 | O14: 1 | P14: 4 | Q14: 4.1646 | S14: 13632 | T14: 128 | U14: 1 | V14: 4 | W14: 4.22986 | Y14: 27264 | Z14: 128 | AA14: 2 | AB14: 8 | AC14: 12.5906 | AE14: 27264 | AF14: 128 | AG14: 2 | AH14: 8 | AI14: 12.6352 | AK14: 13632 | AL14: 128 | AM14: 2 | AN14: 2 | AO14: 4.33866 | AQ14: 13632 | AR14: 128 | AS14: 1 | AT14: 4 | AU14: 4.22986 | AW14: N(mid) | AX14: 128 | AY14: =AC14/AO14 -> 2.9019559 | BA14: =AI14/AU14 -> 2.9871438
... A26: 25728 | B26: 256 | C26: 1 | D26: 16 | E26: 10.6852 | G26: 25728 | H26: 256 | I26: 1 | J26: 16 | K26: 11.9488 | M26: 12864 | N26: 256 | O26: 1 | P26: 4 | Q26: 4.05216 | S26: 12864 | T26: 256 | U26: 1 | V26: 4 | W26: 4.20456 | Y26: 25728 | Z26: 256 | AA26: 2 | AB26: 8 | AC26: 12.0466 | AE26: 25728 | AF26: 256 | AG26: 2 | AH26: 8 | AI26: 12.028 | AK26: 12864 | AL26: 256 | AM26: 2 | AN26: 2 | AO26: 4.2356 | AQ26: 12864 | AR26: 256 | AS26: 1 | AT26: 4 | AU26: 4.20456 | AW26: N(alpha) | AX26: 256 | AY26: =AC26/AO26 -> 2.8441307 | BA26: =AI26/AU26 -> 2.8607036
A27: 28800 | B27: 32 | C27: 2 | D27: 8 | E27: 12.2092 | G27: 28800 | H27: 32 | I27: 2 | J27: 8 | K27: 12.0282 | M27: 14400 | N27: 32 | O27: 2 | P27: 2 | Q27: 3.926 | S27: 14400 | T27: 32 | U27: 2 | V27: 2 | W27: 3.71718
A28: 28800 | B28: 64 | C28: 2 | D28: 8 | E28: 13.1262 | G28: 28800 | H28: 64 | I28: 2 | J28: 8 | K28: 13.024 | M28: 14400 | N28: 64 | O28: 2 | P28: 2 | Q28: 4.30104 | S28: 14400 | T28: 64 | U28: 2 | V28: 2 | W28: 4.0763
A29: 28800 | B29: 96 | C29: 2 | D29: 8 | E29: 13.4608 | G29: 28800 | H29: 96 | I29: 2 | J29: 8 | K29: 13.1008 | M29: 14400 | N29: 96 | O29: 2 | P29: 2 | Q29: 4.4801 | S29: 14400 | T29: 96 | U29: 2 | V29: 2 | W29: 4.13498
A30: 28800 | B30: 128 | C30: 2 | D30: 8 | E30: 12.8884 | G30: 28800 | H30: 128 | I30: 2 | J30: 8 | K30: 13.0392 | M30: 14400 | N30: 128 | O30: 2 | P30: 2 | Q30: 4.32372 | S30: 14400 | T30: 128 | U30: 2 | V30: 2 | W30: 4.1041
A31: 28800 | B31: 160 | C31: 2 | D31: 8 | E31: 12.3622 | G31: 28800 | H31: 160 | I31: 2 | J31: 8 | K31: 13.102 | M31: 14400 | N31: 160 | O31: 2 | P31: 2 | Q31: 4.20362 | S31: 14400 | T31: 160 | U31: 2 | V31: 2 | W31: 4.15946
A32: 28800 | B32: 192 | C32: 2 | D32: 8 | E32: 12.6652 | G32: 28800 | H32: 192 | I32: 2 | J32: 8 | K32: 13.0482 | M32: 14400 | N32: 192 | O32: 2 | P32: 2 | Q32: 4.33346 | S32: 14400 | T32: 192 | U32: 2 | V32: 2 | W32: 4.13988
A33: 28800 | B33: 224 | C33: 2 | D33: 8 | E33: 12.5558 | G33: 28800 | H33: 224 | I33: 2 | J33: 8 | K33: 12.7566 | M33: 14400 | N33: 224 | O33: 2 | P33: 2 | Q33: 4.25624 | S33: 14400 | T33: 224 | U33: 2 | V33: 2 | W33: 4.09672
A34: 28800 | B34: 256 | C34: 2 | D34: 8 | E34: 12.563 | G34: 28800 | H34: 256 | I34: 2 | J34: 8 | K34: 12.6668 | M34: 14400 | N34: 256 | O34: 2 | P34: 2 | Q34: 4.22562 | S34: 14400 | T34: 256 | U34: 2 | V34: 2 | W34: 4.05244
A35: 27264 | B35: 32 | C35: 2 | D35: 8 | E35: 11.8946 | G35: 27264 | H35: 32 | I35: 2 | J35: 8 | K35: 11.6762 | M35: 13632 | N35: 32 | O35: 2 | P35: 2 | Q35: 3.89724 | S35: 13632 | T35: 32 | U35: 2 | V35: 2 | W35: 3.6387
A36: 27264 | B36: 64 | C36: 2 | D36: 8 | E36: 12.7376 | G36: 27264 | H36: 64 | I36: 2 | J36: 8 | K36: 12.6384 | M36: 13632 | N36: 64 | O36: 2 | P36: 2 | Q36: 4.29148 | S36: 13632 | T36: 64 | U36: 2 | V36: 2 | W36: 3.99624
A37: 27264 | B37: 96 | C37: 2 | D37: 8 | E37: 13.1134 | G37: 27264 | H37: 96 | I37: 2 | J37: 8 | K37: 12.7328 | M37: 13632 | N37: 96 | O37: 2 | P37: 2 | Q37: 4.43704 | S37: 13632 | T37: 96 | U37: 2 | V37: 2 | W37: 4.06058
A38: 27264 | B38: 128 | C38: 2 | D38: 8 | E38: 12.5906 | G38: 27264 | H38: 128 | I38: 2 | J38: 8 | K38: 12.6352 | M38: 13632 | N38: 128 | O38: 2 | P38: 2 | Q38: 4.33866 | S38: 13632 | T38: 128 | U38: 2 | V38: 2 | W38: 4.0389
... A50: 25728 | B50: 256 | C50: 2 | D50: 8 | E50: 12.0466 | G50: 25728 | H50: 256 | I50: 2 | J50: 8 | K50: 12.028 | M50: 12864 | N50: 256 | O50: 2 | P50: 2 | Q50: 4.2356 | S50: 12864 | T50: 256 | U50: 2 | V50: 2 | W50: 3.87876
A51: 28800 | B51: 32 | C51: 4 | D51: 4 | E51: 10.4034 | G51: 28800 | H51: 32 | I51: 4 | J51: 4 | K51: 10.4236
A52: 28800 | B52: 64 | C52: 4 | D52: 4 | E52: 10.9432 | G52: 28800 | H52: 64 | I52: 4 | J52: 4 | K52: 11.0058
A53: 28800 | B53: 96 | C53: 4 | D53: 4 | E53: 11.3306 | G53: 28800 | H53: 96 | I53: 4 | J53: 4 | K53: 11.0926
A54: 28800 | B54: 128 | C54: 4 | D54: 4 | E54: 11.0824 | G54: 28800 | H54: 128 | I54: 4 | J54: 4 | K54: 11.0824
A55: 28800 | B55: 160 | C55: 4 | D55: 4 | E55: 10.8582 | G55: 28800 | H55: 160 | I55: 4 | J55: 4 | K55: 11.0774
A56: 28800 | B56: 192 | C56: 4 | D56: 4 | E56: 10.9736 | G56: 28800 | H56: 192 | I56: 4 | J56: 4 | K56: 11.0338
A57: 28800 | B57: 224 | C57: 4 | D57: 4 | E57: 10.8236 | G57: 28800 | H57: 224 | I57: 4 | J57: 4 | K57: 10.86
A58: 28800 | B58: 256 | C58: 4 | D58: 4 | E58: 10.7508 | G58: 28800 | H58: 256 | I58: 4 | J58: 4 | K58: 10.8138
A59: 27264 | B59: 32 | C59: 4 | D59: 4 | E59: 10.1324 | G59: 27264 | H59: 32 | I59: 4 | J59: 4 | K59: 10.092
A60: 27264 | B60: 64 | C60: 4 | D60: 4 | E60: 10.7238 | G60: 27264 | H60: 64 | I60: 4 | J60: 4 | K60: 10.6408
A61: 27264 | B61: 96 | C61: 4 | D61: 4 | E61: 11.0088 | G61: 27264 | H61: 96 | I61: 4 | J61: 4 | K61: 10.7628
A62: 27264 | B62: 128 | C62: 4 | D62: 4 | E62: 10.8546 | G62: 27264 | H62: 128 | I62: 4 | J62: 4 | K62: 10.7572
... A74: 25728 | B74: 256 | C74: 4 | D74: 4 | E74: 10.2238 | G74: 25728 | H74: 256 | I74: 4 | J74: 4 | K74: 10.1158
